Date,AXISBANK.NS,BAJAJFINSV.NS,BAJFINANCE.NS,CL=F,DLF.NS,DRREDDY.NS,GC=F,GODREJPROP.NS,HCLTECH.NS,HDFCBANK.NS,HINDUNILVR.NS,ICICIBANK.NS,INFY.NS,INR=X,ITC.NS,M&M.NS,MARUTI.NS,ONGC.NS,RELIANCE.NS,SBIN.NS,SUNPHARMA.NS,TCS.NS,TMPV.NS,WIPRO.NS,^NSEBANK,^NSEI
2021-01-04,621.6231079101562,887.1205444335938,507.8380126953125,47.619998931884766,232.9305877685547,1015.383056640625,1944.699951171875,1400.4306640625,775.3732299804688,659.6895141601562,2208.9541015625,509.9544982910156,1110.0518798828125,73.09200286865234,159.3805389404297,707.212158203125,7308.7724609375,69.76237487792969,898.5591430664062,254.7378387451172,568.7921142578125,2616.81201171875,186.3705596923828,180.64295959472656,31212.0859375,14132.900390625
2021-01-05,661.1773071289062,879.3546752929688,498.3748474121094,49.93000030517578,230.49925231933597,1018.2044067382812,1952.699951171875,1399.8336181640625,784.0333251953125,664.67431640625,2230.84814453125,515.2774047851562,1114.8341064453125,73.31999969482422,157.92413330078125,698.71533203125,7264.31591796875,68.32322692871094,887.3883056640625,255.37228393554688,567.8981323242188,2662.915283203125,188.2216033935547,185.15451049804688,31721.880859375,14199.5
2021-01-06,651.0275268554688,875.915283203125,489.7392272949219,50.630001068115234,229.83184814453125,1018.4743041992188,1906.9000244140625,1453.5738525390625,773.6332397460938,661.8091430664062,2200.57861328125,524.3410034179688,1104.752685546875,73.37480163574219,153.40562438964844,694.9390258789062,7238.83740234375,69.76237487792969,863.986083984375,258.3633728027344,569.63916015625,2627.186279296875,190.36489868164065,185.2000732421875,31797.53125,14146.25
2021-01-07,667.7944946289062,896.0177612304688,494.6753234863281,50.83000183105469,233.97938537597656,1015.1231079101562,1912.300048828125,1445.8114013671875,761.2559814453125,659.8058471679688,2156.472412109375,518.969970703125,1087.56201171875,73.36000061035156,151.46377563476562,702.7749633789062,7179.48291015625,70.44595336914062,862.5869750976562,260.7652893066406,566.4393920898438,2611.086181640625,191.6801300048828,185.35955810546875,31955.62890625,14137.349609375
2021-01-08,669.38671875,914.321044921875,494.7726440429688,52.2400016784668,236.7444305419922,1028.09423828125,1834.0999755859373,1456.111572265625,786.6431274414062,666.9805297851562,2176.81884765625,519.8811645507812,1130.6025390625,73.44599914550781,150.4928741455078,727.41552734375,7605.400390625,72.42478942871094,872.7647094726562,259.22442626953125,584.2259521484375,2686.935546875,193.04405212402344,196.0459442138672,32083.826171875,14347.25
2021-01-11,663.6649780273438,895.8284301757812,485.2558898925781,52.25,235.457275390625,1043.221923828125,1849.5999755859373,1465.764892578125,834.4515380859375,676.2049560546875,2211.321044921875,522.4227905273438,1185.8359375,73.37339782714844,151.2397003173828,744.9754638671875,7812.1201171875,73.79196166992188,856.3131713867188,256.0520935058594,584.4141235351562,2734.761474609375,214.96424865722656,203.6107177734375,31998.529296875,14484.75
2021-01-12,672.3718872070312,893.1268310546875,490.8977661132813,53.209999084472656,255.0985870361328,1031.098388671875,1842.9000244140625,1466.909423828125,839.9876708984375,689.9717407226562,2162.890625,525.5878295898438,1182.0015869140625,73.51349639892578,154.1898193359375,736.2427368164062,7769.7041015625,74.4395751953125,883.3035888671875,265.1158752441406,573.7327880859375,2733.384521484375,231.6723480224609,208.5779266357422,32338.625,14563.4501953125
2021-01-13,684.4122924804688,876.6430053710938,477.3358459472656,52.90999984741211,267.39825439453125,1018.8015747070312,1853.5999755859373,1421.777587890625,835.1236572265625,685.1499633789062,2159.6591796875,533.740234375,1195.2713623046875,73.16500091552734,157.7747802734375,782.0307006835938,7723.966796875,75.73480987548828,875.0665893554688,278.0770874023437,566.8157958984375,2719.69482421875,236.34864807128903,209.1703643798828,32574.271484375,14564.849609375
2021-01-14,672.67041015625,872.0274047851562,474.8483276367188,53.56999969482422,268.4947204589844,1022.4415283203124,1850.300048828125,1421.080810546875,812.7814331054688,684.2647705078125,2183.510009765625,530.6710815429688,1180.9244384765625,73.1698989868164,159.94065856933594,783.4940795898438,7733.07666015625,75.59089660644531,884.906005859375,278.48492431640625,571.2860107421875,2804.012451171875,238.78424072265625,207.0513153076172,32519.37109375,14595.599609375
2021-01-15,671.5260009765625,860.936767578125,475.456787109375,52.36000061035156,266.4447631835937,1003.93359375,1829.300048828125,1375.6505126953125,782.8075561523438,683.2864379882812,2140.359375,520.7923583984375,1158.9085693359375,73.08760070800781,162.70404052734375,773.817138671875,7614.7470703125,72.96446228027344,874.4573364257812,275.4033203125,568.697998046875,2789.046875,253.592529296875,199.8511199951172,32246.42578125,14433.7001953125
2021-01-18,653.7639770507812,832.8739624023438,459.5144653320313,52.36000061035156,264.2518005371094,972.984375,1829.300048828125,1347.23779296875,776.2429809570312,690.9501953125,2123.47265625,511.3451232910156,1130.559814453125,73.15899658203125,164.1230926513672,763.7626953125,7430.564453125,69.5465087890625,895.4447631835938,266.8833312988281,547.1943359375,2779.041015625,239.61231994628903,196.66114807128903,31811.380859375,14281.2998046875
2021-01-19,665.4561767578125,889.652587890625,482.8122253417969,52.97999954223633,275.5503234863281,980.07177734375,1839.5,1399.8834228515625,778.1015014648438,700.6171875,2151.28369140625,524.1012573242188,1134.5234375,73.1886978149414,163.450927734375,762.8657836914062,7517.81689453125,70.58987426757812,910.0908813476562,270.644775390625,561.4046020507812,2812.639404296875,251.9850616455078,196.06874084472656,32424.47265625,14521.150390625
2021-01-20,672.4216918945312,891.0582885742188,485.0320129394531,53.2400016784668,276.932861328125,978.48291015625,1865.9000244140625,1412.2237548828125,790.2811889648438,695.0964965820312,2144.72900390625,528.4652099609375,1154.16943359375,73.19190216064453,162.55470275878906,778.3958740234375,7728.80615234375,71.12955474853516,927.3773803710938,274.2249755859375,559.6636962890625,2854.128662109375,267.8163146972656,202.76763916015625,32543.3203125,14644.7001953125
2021-01-21,672.5210571289062,902.4778442382812,498.3066711425781,53.130001068115234,269.5434875488281,973.0036010742188,1865.300048828125,1368.73388671875,788.7327270507812,687.0834350585938,2155.3798828125,530.0955810546875,1154.385009765625,72.91089630126953,159.60459899902344,763.0546264648438,7664.0908203125,68.1433334350586,947.5524291992188,267.2458801269531,548.5587768554688,2823.982177734375,283.1117858886719,203.15499877929688,32186.525390625,14590.349609375
2021-01-22,641.3255004882812,904.2921142578124,484.1168823242188,52.27000045776367,256.8624572753906,970.05712890625,1855.699951171875,1343.8541259765625,782.7774658203125,672.5245361328125,2193.341796875,511.9685363769531,1155.3759765625,72.95490264892578,157.364013671875,753.7554321289062,7637.61572265625,66.74016571044922,925.0755615234376,257.1397705078125,541.3125610351562,2849.21240234375,281.8939819335937,203.1321563720703,31166.888671875,14371.900390625
2021-01-25,655.1571044921875,917.0426025390624,477.9005126953125,52.77000045776367,257.3868713378906,978.81982421875,1854.9000244140625,1320.8155517578125,752.364990234375,681.5159912109375,2184.465576171875,516.0447998046875,1141.8043212890625,72.99590301513672,155.19810485839844,750.1206665039062,7573.70751953125,65.73278045654297,876.0595092773438,254.647216796875,551.8527221679688,2839.034423828125,271.95684814453125,199.70664978027344,31198.037109375,14238.900390625
2021-01-27,628.9866333007812,909.78515625,471.6988220214844,52.84999847412109,246.7081298828125,945.4825439453124,1844.9000244140625,1290.91015625,758.7174682617188,656.7078247070312,2176.909912109375,500.9867858886719,1121.038330078125,72.91999816894531,157.32664489746094,726.8963012695312,7468.75830078125,64.54548645019531,855.2976684570312,249.84336853027344,536.2305908203125,2812.941162109375,260.6070251464844,203.9086151123047,30284.19921875,13967.5
2021-01-28,667.3965454101562,892.7581176757812,468.3156433105469,52.34000015258789,248.85337829589844,938.2603149414062,1837.9000244140625,1236.8216552734375,741.605712890625,638.9344482421875,2094.159423828125,506.64556884765625,1099.668701171875,73.03710174560547,154.30184936523438,722.2230834960938,7200.78662109375,65.22909545898438,846.970458984375,255.9161376953125,531.1016845703125,2757.303955078125,259.925048828125,197.2631378173828,30357.947265625,13817.5498046875
2021-01-29,659.6349487304688,869.574951171875,460.9456176757813,52.20000076293945,243.56167602539065,886.4344482421875,1847.300048828125,1251.1522216796875,725.7643432617188,647.8094482421875,2060.931884765625,515.0376586914062,1067.6573486328125,72.93879699707031,151.79986572265625,707.6842041015625,6838.4462890625,63.5380859375,831.3538818359375,255.6895294189453,551.6644287109375,2683.810791015625,255.9307098388672,190.8688507080078,30565.14453125,13634.599609375
2021-02-01,705.8561401367188,969.170654296875,492.4944763183594,53.54999923706055,268.5423583984375,852.81787109375,1860.800048828125,1315.4913330078125,737.1589965820312,687.9918212890625,2047.003173828125,579.1056518554688,1086.485107421875,72.90660095214844,161.28501892089844,750.6871337890625,7021.7265625,65.37299346923828,855.4331665039062,281.61199951171875,555.3816528320312,2707.964111328125,272.3952331542969,192.51312255859372,33088.66796875,14281.2001953125
2021-02-02,710.6822509765625,944.69677734375,503.6516723632813,54.7599983215332,280.7943420410156,863.2850952148438,1830.5,1392.767822265625,758.042724609375,727.0327758789062,2030.48095703125,592.1015625,1095.4033203125,73.11979675292969,162.96548461914062,771.1737060546875,7263.60400390625,66.81214141845703,869.1991577148438,301.9148864746094,573.5447387695312,2763.255615234375,313.7026672363281,195.64175415039065,34267.5,14647.849609375
2021-02-03,730.1856689453125,950.6531982421876,510.6517028808594,55.68999862670898,276.45611572265625,895.457275390625,1832.199951171875,1382.21875,762.2114868164062,733.6715087890625,2032.6651611328125,596.8970947265625,1106.94970703125,72.91629791259766,161.8825225830078,786.6094360351562,7201.451171875,67.17191314697266,871.38818359375,304.498046875,592.1310424804688,2760.32275390625,322.47076416015625,197.993896484375,34758.046875,14789.9501953125
2021-02-04,740.2359619140625,967.0523071289062,535.9403686523438,56.22999954223633,290.5672912597656,899.0010375976562,1788.9000244140625,1333.90234375,760.4248046875,735.6747436523438,2044.27294921875,602.6036376953125,1102.3828125,72.85800170898438,171.74110412597656,818.0474243164062,7249.6552734375,70.26605987548828,868.5221557617188,321.8551940917969,594.2955932617188,2750.31640625,317.7456970214844,196.34967041015625,35344.390625,14895.650390625
2021-02-05,716.0556640625,969.2105102539062,539.2213134765625,56.84999847412109,291.0917358398437,924.6057739257812,1810.9000244140625,1390.4290771484375,751.293212890625,744.2936401367188,2066.0751953125,589.0324096679688,1096.1356201171875,72.9457015991211,175.02731323242188,817.1033935546875,7111.2568359375,70.26605987548828,868.2738647460938,356.297607421875,597.3541259765625,2724.00830078125,307.75982666015625,194.36289978027344,35654.0859375,14924.25
2021-02-08,732.524169921875,999.0030517578124,535.2443237304688,57.970001220703125,298.4810485839844,935.9493408203124,1831.9000244140625,1417.348876953125,760.504150390625,747.8577270507812,2036.124755859375,603.8505249023438,1123.2353515625,72.78479766845703,174.0937042236328,876.486083984375,7187.59716796875,71.70521545410156,880.776123046875,359.8778076171875,597.260009765625,2772.4423828125,327.2931823730469,198.81602478027344,35983.23046875,15115.7998046875
2021-02-09,738.8429565429688,991.087646484375,525.7616577148438,58.36000061035156,292.7126159667969,932.9256591796876,1835.300048828125,1417.7469482421875,755.6207275390625,750.9326171875,2017.55419921875,607.4471435546875,1124.9588623046875,72.92990112304688,171.03158569335938,844.9537963867188,7237.3671875,72.67664337158203,882.8973999023438,357.8384704589844,591.9912719726562,2740.354248046875,316.674072265625,200.66580200195312,36056.08203125,15109.2998046875
2021-02-10,731.1808471679688,1019.6290283203124,533.1219482421875,58.68000030517578,296.9078063964844,929.064208984375,1840.5999755859373,1457.703857421875,761.8541259765625,736.9094848632812,2035.077880859375,606.2962646484375,1117.16064453125,72.85489654541016,169.94862365722656,863.032958984375,7232.29052734375,71.95706176757812,891.0892333984375,355.52716064453125,595.3139038085938,2771.753173828125,320.42486572265625,200.5059509277344,35782.6875,15106.5
2021-02-11,736.4547119140625,1018.5025634765624,541.99609375,58.2400016784668,295.2392578125,929.2568969726562,1824.9000244140625,1474.4727783203125,770.5488891601562,732.5301513671875,2060.112548828125,604.8576049804688,1113.8431396484375,72.80729675292969,169.1270751953125,863.080078125,7275.6083984375,71.56130981445312,927.8287353515624,353.6238098144531,611.0250244140625,2765.455322265625,316.6253662109375,199.5924835205078,35751.6875,15173.2998046875
2021-02-12,746.7039794921875,1024.6983642578125,543.0086059570312,59.470001220703125,297.24151611328125,922.8917846679688,1821.5999755859373,1481.2401123046875,762.6083984375,737.0025634765625,2040.5859375,621.1143188476562,1128.6209716796875,72.70950317382812,162.4053192138672,857.74609375,7181.8076171875,69.79835510253906,921.4647827148438,356.3429260253906,595.361328125,2752.34423828125,317.0150451660156,201.8761749267578,36108.48046875,15163.2998046875
2021-02-15,790.0892333984375,1050.50830078125,562.7138671875,59.470001220703125,302.48553466796875,907.0704345703124,1821.5999755859373,1502.63671875,758.042724609375,753.1453857421875,2016.59814453125,646.38671875,1128.4915771484375,72.59480285644531,163.2642364501953,860.861572265625,7208.52001953125,70.84173583984375,917.4026489257812,368.8509521484375,595.6937255859375,2708.3955078125,324.7601928710937,200.8256683349609,37305.81640625,15314.7001953125
2021-02-16,771.2325439453125,1042.8221435546875,560.8055419921875,60.04999923706055,304.1541442871094,904.5186157226562,1797.199951171875,1515.4747314453125,756.1766357421875,757.8275756835938,1999.21044921875,631.4246826171875,1111.9044189453125,72.63870239257812,163.00282287597656,861.1919555664062,7303.7900390625,74.65544891357422,929.5438842773438,364.681640625,599.1586303710938,2681.61181640625,320.7171630859375,199.8436737060547,37097.96875,15313.4501953125
2021-02-17,773.9192504882812,1015.412109375,555.4412231445312,61.13999938964844,300.24493408203125,886.0203247070312,1771.0999755859375,1498.058837890625,748.9507446289062,739.1224975585938,1969.8974609375,630.4655151367188,1104.063232421875,72.93499755859375,162.62936401367188,863.7882080078125,7119.8447265625,74.83843231201172,940.2633056640624,373.2016296386719,589.760498046875,2650.817138671875,321.64263916015625,196.48670959472656,36910.51953125,15208.900390625
2021-02-18,773.1729736328125,1016.738037109375,541.6359252929688,60.52000045776367,291.9974975585937,889.178955078125,1773.4000244140625,1498.058837890625,752.841552734375,724.12109375,1954.3758544921875,618.2850341796875,1113.6705322265625,72.79730224609375,163.450927734375,844.4344482421875,7114.48291015625,81.02310943603516,933.2449340820312,376.3285827636719,584.8240356445312,2637.23095703125,315.5050048828125,197.7427215576172,36586.57421875,15118.9501953125
2021-02-19,745.9577026367188,1021.8721923828124,535.2685546875,59.2400016784668,286.6104736328125,901.6009521484376,1775.800048828125,1515.9224853515625,754.46923828125,717.0396118164062,1985.5550537109373,598.5274658203125,1112.6798095703125,72.60540008544922,161.28501892089844,830.08447265625,6948.8515625,76.92439270019531,938.9318237304688,362.1437377929688,576.5174560546875,2649.7392578125,303.814208984375,196.3725128173828,35841.18359375,14981.75
2021-02-22,715.9064331054688,996.9644165039062,523.4786376953125,61.4900016784668,280.4129638671875,860.7332763671875,1806.699951171875,1437.6507568359375,730.647705078125,721.1859130859375,1973.265380859375,584.9082641601562,1090.1900634765625,72.5530014038086,158.44786071777344,790.2913208007812,6724.3876953125,77.80269622802734,906.3447265625,353.0346374511719,565.1257934570312,2551.921630859375,296.6535949707031,191.2342529296875,35256.7890625,14675.7001953125
2021-02-23,712.4237060546875,997.7670288085938,524.1455078125,61.66999816894531,291.18707275390625,865.721435546875,1804.4000244140625,1489.0523681640625,722.54833984375,712.4041137695312,1983.871337890625,591.0944213867188,1091.1810302734375,72.44400024414062,159.55747985839844,793.9260864257812,6614.361328125,82.12098693847656,913.2728881835938,358.5635986328125,573.4322509765625,2570.682861328125,315.651123046875,189.772705078125,35116.54296875,14707.7998046875
2021-02-24,745.7089233398438,1016.8027954101562,541.5919189453125,63.220001220703125,298.6240539550781,854.2429809570312,1796.4000244140625,1486.9127197265625,727.3524780273438,748.416748046875,1983.5069580078125,614.880126953125,1098.0313720703125,72.37699890136719,159.8253173828125,802.0924072265625,6597.70849609375,83.14566802978516,930.2208862304688,368.2164916992188,570.9639892578125,2542.994384765625,313.3616638183594,193.243896484375,36451.87890625,14982.0
2021-02-25,766.854248046875,1023.2677612304688,538.384033203125,63.52999877929688,300.0542907714844,862.8325805664062,1774.4000244140625,1542.89208984375,737.8735961914062,748.3934326171875,1969.3511962890625,602.31591796875,1098.246826171875,72.4000015258789,160.0548858642578,810.966796875,6576.2626953125,87.13463592529297,967.8404541015624,369.1228942871094,578.6535034179688,2583.708740234375,324.5653381347656,192.4217529296875,36548.57421875,15097.349609375
2021-02-26,721.22998046875,961.8733520507812,512.5794067382812,61.5,288.4220275878906,852.5096435546875,1728.0999755859375,1533.1392822265625,722.1514282226562,714.8499145507812,1940.90283203125,573.3031616210938,1079.9364013671875,73.1509017944336,155.99900817871094,761.30810546875,6515.3427734375,81.24270629882812,941.4142456054688,353.6238098144531,564.4613037109375,2496.5869140625,314.6282043457031,187.39768981933597,34803.1953125,14529.150390625
2021-03-01,724.9615478515625,974.379638671875,512.764404296875,60.63999938964844,292.9986572265625,857.6807250976562,1722.5,1532.5421142578125,738.7471313476562,726.2640380859375,1951.2349853515625,583.4696044921875,1091.7410888671875,73.59590148925781,158.33309936523438,773.6283569335938,6656.58740234375,85.6707992553711,948.5905151367188,357.97442626953125,573.81201171875,2522.3779296875,319.8403015136719,189.2703094482422,35295.58984375,14761.5498046875
2021-03-02,727.6482543945312,984.6427001953124,517.5835571289062,59.75,299.0054626464844,848.3016357421875,1733.0999755859375,1501.193603515625,757.3278198242188,730.5967407226562,1982.6876220703125,585.5316772460938,1124.0540771484375,73.30940246582031,160.62887573242188,811.9581298828125,6845.51513671875,83.07249450683594,950.5313110351562,357.2946472167969,583.0678100585938,2593.23974609375,336.8406677246094,196.57801818847656,35419.2890625,14919.099609375
2021-03-03,750.2364501953125,1036.34228515625,539.6448364257812,61.27999877929688,309.1121520996094,867.1465454101562,1715.300048828125,1517.16650390625,766.45947265625,739.2855224609375,1996.8436279296875,606.2483520507812,1157.7025146484375,73.27749633789062,160.66714477539062,804.4054565429688,6760.68359375,83.43844604492188,993.9056396484376,367.12884521484375,592.7031860351562,2638.7412109375,339.51983642578125,198.9073944091797,36367.62890625,15245.599609375
2021-03-04,733.1708984375,1009.8594360351562,534.095458984375,63.83000183105469,311.20977783203125,881.1093139648438,1700.199951171875,1518.2611083984375,760.7025146484375,723.07275390625,1999.93896484375,595.3624877929688,1146.3282470703125,72.88069915771484,160.475830078125,797.9856567382812,6767.23046875,82.4869384765625,982.0577392578124,358.6088562011719,587.576904296875,2630.6328125,330.4594421386719,200.4145965576172,35802.08203125,15080.75
2021-03-05,727.1506958007812,992.7275390625,530.1038208007812,66.08999633789062,303.29608154296875,865.2109985351562,1698.0,1490.4456787109375,747.6007080078125,712.800048828125,2003.76220703125,584.5245971679688,1134.56640625,73.13179779052734,159.59579467773438,793.4068603515625,6878.63232421875,84.13375091552734,983.3440551757812,347.7323303222656,580.2197875976562,2594.705078125,316.7715148925781,192.2162322998047,35227.73828125,14938.099609375
2021-03-08,739.638916015625,980.8643798828124,518.0070190429688,65.05000305175781,301.5321350097656,865.1629028320312,1677.699951171875,1476.3636474609375,763.7994995117188,707.9082641601562,1979.59228515625,583.181884765625,1150.9814453125,73.1333999633789,159.1748504638672,803.4140625,6888.595703125,86.54907989501953,988.9408569335938,353.12530517578125,583.6373291015625,2593.75732421875,312.97198486328125,190.41213989257807,35275.33984375,14956.2001953125
2021-03-09,741.7783203125,993.8291625976562,527.1976318359375,64.01000213623047,296.9078063964844,856.698486328125,1716.5999755859375,1456.0120849609375,772.7326049804688,727.9412231445312,2001.3953857421875,599.5345458984375,1159.4259033203125,73.33000183105469,159.02182006835938,804.3582153320312,6928.4970703125,85.45121765136719,988.918212890625,351.3125305175781,581.5488891601562,2631.7109375,307.077880859375,191.46263122558597,35865.23046875,15098.400390625
2021-03-10,757.0029907226562,996.0523681640624,539.8541870117188,64.44000244140625,299.62518310546875,866.732421875,1721.5,1456.310546875,784.9213256835938,724.7965087890625,2028.1138916015625,600.0140991210938,1178.8995361328125,72.7759017944336,158.02696228027344,815.4984130859375,6900.55224609375,83.73120880126953,984.8109741210938,351.4031982421875,594.2696533203125,2648.962890625,313.1668395996094,194.8881378173828,35937.8828125,15174.7998046875
2021-03-12,746.9029541015625,990.3349609375,541.1002807617188,65.61000061035156,294.1427917480469,852.5,1719.5,1443.07470703125,777.5763549804688,723.0261840820312,2007.0845947265625,587.7855224609375,1184.672607421875,72.63899993896484,157.03213500976562,807.9457397460938,6733.63916015625,84.20696258544922,964.7938842773438,345.4210510253906,582.4981079101562,2637.74951171875,309.3673400878906,194.20301818847656,35496.234375,15030.9501953125
2021-03-15,740.7335815429688,965.9058837890624,529.5343627929688,65.38999938964844,290.09063720703125,836.2742919921875,1728.9000244140625,1422.4244384765625,787.978271484375,712.1710815429688,2012.6383056640625,578.8179931640625,1183.5958251953125,72.68299865722656,157.22344970703125,797.1832275390625,6727.09228515625,83.69461822509766,951.8402099609376,347.9588928222656,574.8087158203125,2644.822265625,310.341552734375,194.7282867431641,35182.140625,14929.5
2021-03-16,734.1163330078125,958.354248046875,531.1795654296875,64.80000305175781,290.0429077148437,856.9682006835938,1730.5999755859375,1414.4630126953125,799.8096313476562,704.4840698242188,2042.8616943359373,570.6176147460938,1192.55712890625,72.51529693603516,159.06005859375,795.7198486328125,6784.974609375,84.24354553222656,948.0941162109376,343.1097412109375,571.7708740234375,2682.689697265625,311.7055053710937,196.07562255859372,34804.1953125,14910.4501953125
2021-03-17,724.3148193359375,949.5615234375,521.818603515625,64.5999984741211,277.6002502441406,838.8934936523438,1726.800048828125,1383.2139892578125,784.0874633789062,696.6572265625,2026.702880859375,565.3905639648438,1195.14208984375,72.5156021118164,161.16456604003906,790.1497802734375,6703.701171875,80.03504180908203,927.6707763671876,333.68341064453125,555.110595703125,2685.191650390625,297.9200744628906,191.6681671142578,34228.8515625,14721.2998046875
2021-03-18,715.2098388671875,940.0960693359376,522.9918212890625,60.0,274.7875061035156,811.3339233398438,1732.199951171875,1339.574951171875,752.5635986328125,694.6305541992188,2016.59814453125,554.9363403320312,1152.1446533203125,72.29560089111328,166.55966186523438,798.36328125,6750.29248046875,80.65715789794922,906.796142578125,332.73175048828125,545.4275512695312,2619.247314453125,299.0892028808594,187.3291931152344,33856.40625,14557.849609375
2021-03-19,722.6728515625,941.142822265625,530.9168090820312,61.41999816894531,274.0247802734375,823.2167358398438,1741.4000244140625,1311.4110107421875,762.6480102539062,697.6588745117188,2104.765380859375,562.6571044921875,1158.477783203125,72.6688003540039,170.61553955078125,802.753173828125,6750.1025390625,80.87673950195312,939.6990966796876,336.4025573730469,548.9874267578125,2631.064453125,300.98895263671875,187.48904418945312,34161.203125,14744.0
2021-03-22,712.6724243164062,937.673583984375,524.695556640625,61.54999923706055,278.6967163085937,838.5276489257812,1737.800048828125,1405.2076416015625,777.1792602539062,684.4511108398438,2142.2255859375,549.9970092773438,1181.1829833984375,72.40499877929688,172.94960021972656,805.349609375,6738.431640625,80.218017578125,930.8526611328124,332.6411437988281,561.043701171875,2699.596923828125,295.240966796875,189.29318237304688,33603.05859375,14736.400390625
2021-03-23,726.9517211914062,937.6087646484376,523.66845703125,57.7599983215332,284.08380126953125,842.0520629882812,1724.699951171875,1432.8739013671875,778.8467407226562,698.8934936523438,2127.7509765625,562.4173583984375,1181.8292236328125,72.38050079345703,170.04159545898438,797.4191284179688,6819.087890625,78.42481994628906,942.1814575195312,337.8074645996094,558.0534057617188,2710.76708984375,299.4788818359375,189.772705078125,34184.0,14814.75
2021-03-24,702.9207153320312,917.3565673828124,513.105224609375,61.18000030517578,270.9259948730469,837.8632202148438,1732.9000244140625,1387.1947021484375,774.7178344726562,688.9469604492188,2110.728515625,544.2903442382812,1166.4913330078125,72.61219787597656,165.25869750976562,766.0285034179688,6705.17236328125,76.70481872558594,924.0374145507812,326.1605224609375,555.632568359375,2692.2216796875,286.8625793457031,187.7174224853516,33292.86328125,14549.400390625
2021-03-25,691.1787719726562,902.9513549804688,498.6863708496094,58.560001373291016,264.1087341308594,843.6504516601562,1724.9000244140625,1325.6920166015625,759.9483642578125,681.7489624023438,2036.4892578125,548.1746215820312,1149.3011474609375,72.64559936523438,161.92982482910156,747.4299926757812,6440.0947265625,74.65544891357422,898.8297729492188,321.94586181640625,546.5667114257812,2643.701416015625,278.19189453125,182.53347778320312,33006.06640625,14324.900390625
2021-03-26,694.7610473632812,943.814453125,504.6106567382813,60.970001220703125,266.2063903808594,848.5519409179688,1732.199951171875,1360.2747802734375,761.1394653320312,694.7704467773438,2110.09033203125,554.8883666992188,1151.3690185546875,72.61280059814453,161.39413452148438,754.6522827148438,6437.81689453125,74.9482192993164,900.274169921875,323.75860595703125,557.4363403320312,2645.383056640625,288.7622985839844,184.474609375,33317.8125,14507.2998046875
2021-03-30,691.9251098632812,947.2936401367188,505.6328430175781,60.54999923706055,266.3016967773437,870.16064453125,1683.9000244140625,1345.6953125,790.7177734375,723.8414916992188,2183.692138671875,567.2608032226562,1193.67724609375,72.74189758300781,164.1873321533203,750.5454711914062,6501.72607421875,75.75332641601562,915.913330078125,327.02154541015625,567.4042358398438,2724.525390625,289.39556884765625,190.960205078125,33874.70703125,14845.099609375
2021-03-31,694.0147705078125,963.8672485351562,501.3783874511719,59.15999984741211,273.6910400390625,869.7368774414062,1713.800048828125,1399.98291015625,780.2760620117188,695.865234375,2213.505859375,558.2931518554688,1178.8133544921875,73.44529724121094,167.21014404296875,750.781494140625,6508.748046875,74.76522827148438,904.0880126953124,330.1938781738281,567.4990844726562,2741.174072265625,294.023193359375,189.15611267089844,33303.51171875,14690.7001953125
2021-04-01,709.4881591796875,975.9197998046876,513.2852783203125,61.45000076293945,278.2200012207031,883.5360107421875,1726.5,1384.656982421875,796.1173095703125,692.6505737304688,2184.010986328125,570.0902709960938,1193.591064453125,73.20349884033203,168.3962860107422,762.4408569335938,6570.14208984375,76.37545013427734,912.5507202148438,335.9493713378906,579.7926635742188,2730.08935546875,299.8198547363281,190.18377685546875,33857.60546875,14867.349609375
2021-04-05,681.8748168945312,945.2300415039062,483.1383666992188,58.650001525878906,263.87042236328125,877.5559692382812,1727.0,1345.595703125,820.6536254882812,675.3430786132812,2160.432373046875,547.8869018554688,1214.874755859375,73.3759994506836,162.6568145751953,731.1447143554688,6422.72900390625,75.71672058105469,899.3489379882812,320.4503173828125,577.9414672851562,2793.834228515625,297.1894226074219,194.3172149658203,32678.470703125,14637.7998046875
2021-04-06,674.56103515625,949.0033569335938,486.1175537109375,59.33000183105469,265.82501220703125,889.6217041015625,1741.5,1364.4049072265625,816.6041259765625,670.987060546875,2192.38623046875,542.7556762695312,1215.865478515625,73.27950286865234,162.7333221435547,737.4227905273438,6406.36083984375,76.08269500732422,895.602783203125,317.73114013671875,589.0009155273438,2816.08984375,299.8198547363281,195.09364318847656,32500.97265625,14683.5
2021-04-07,684.8600463867188,951.0072631835938,494.2955322265625,59.77000045776367,269.9248962402344,903.7579345703124,1740.0999755859375,1362.066162109375,823.591552734375,674.2249755859375,2189.609619140625,554.0252075195312,1232.3663330078125,73.48999786376953,163.6134033203125,751.7728271484375,6514.251953125,76.59503173828125,903.9752197265624,324.9822082519531,589.570556640625,2821.86865234375,299.8685607910156,200.0492248535156,32990.81640625,14819.0498046875
2021-04-08,678.2427978515625,962.4915161132812,489.661376953125,59.59999847412109,267.39825439453125,903.0646362304688,1756.800048828125,1378.8848876953125,823.829833984375,667.5162963867188,2193.84228515625,553.1140747070312,1240.6817626953125,74.40149688720703,163.1925048828125,750.6871337890625,6478.05126953125,75.82650756835938,905.103515625,322.308349609375,583.115234375,2861.504150390625,305.8600769042969,201.9218292236328,32782.46875,14873.7998046875
2021-04-09,664.9088745117188,959.9244384765624,474.356689453125,59.31999969482422,266.5401306152344,916.7866821289062,1743.300048828125,1355.547607421875,830.1029052734375,662.3682861328125,2254.015869140625,543.0435180664062,1241.71533203125,74.54450225830078,163.07769775390625,746.9108276367188,6478.28759765625,75.97290802001953,894.5872192382812,319.9518127441406,604.4747924804688,2865.731201171875,310.0005798339844,205.57571411132807,32447.673828125,14834.849609375
2021-04-12,632.4693603515625,913.4786987304688,439.1812744140625,59.70000076293945,235.12355041503903,962.363037109375,1731.199951171875,1263.34326171875,801.5170288085938,636.884521484375,2241.271728515625,516.5242309570312,1228.5322265625,74.72949981689453,157.108642578125,709.4779052734375,6187.44775390625,71.76438903808594,862.5869750976562,298.062744140625,587.9566650390625,2800.43310546875,279.1661071777344,197.58285522460935,30791.642578125,14310.7998046875
2021-04-13,657.7442626953125,977.634521484375,460.3809509277344,60.18000030517578,243.800048828125,920.0606689453124,1746.199951171875,1297.7271728515625,780.87158203125,652.3984375,2234.35302734375,537.6724243164062,1203.8883056640625,74.99099731445312,159.71055603027344,765.8868408203125,6467.56494140625,74.69205474853516,871.9071655273438,309.07525634765625,595.5512084960938,2677.51513671875,295.0461120605469,191.3484344482422,31771.23046875,14504.7998046875
2021-04-15,665.5556030273438,970.9551391601562,453.71685791015625,63.459999084472656,236.45838928222656,933.2049560546876,1765.4000244140625,1341.2667236328125,787.6209106445312,666.2584228515625,2240.04248046875,551.6753540039062,1172.523193359375,75.0261001586914,158.1800079345703,760.0807495117188,6304.7802734375,76.92439270019531,877.5489501953125,310.6160888671875,601.1522216796875,2776.625732421875,295.67938232421875,196.71507263183597,32112.4765625,14581.4501953125
2021-04-16,665.9039306640625,979.433837890625,449.4622802734375,63.130001068115234,240.7012939453125,942.3914794921876,1779.0,1330.4688720703125,804.1770629882812,665.5828247070312,2238.449462890625,543.7627563476562,1166.4913330078125,74.72740173339844,159.13658142089844,775.705322265625,6308.43359375,78.53459930419922,872.0425415039062,308.07818603515625,613.3034057617188,2756.095947265625,302.0118713378906,214.29931640625,31977.078125,14617.849609375
2021-04-19,644.9576416015625,944.0587768554688,436.124267578125,63.380001068115234,225.77963256835935,956.8068237304688,1769.4000244140625,1296.68212890625,789.7649536132812,658.0122680664062,2218.19384765625,536.8572998046875,1174.07421875,74.56320190429688,157.3382568359375,750.4983520507812,6179.05029296875,75.4239730834961,858.3217163085938,300.1473999023437,608.1770629882812,2727.32958984375,293.63348388671875,215.9207000732422,31208.037109375,14359.4501953125
2021-04-20,648.5398559570312,978.9005737304688,449.175048828125,62.43999862670898,223.49131774902344,993.138916015625,1777.300048828125,1321.1639404296875,763.3230590820312,648.2288208007812,2182.508544921875,536.2338256835938,1164.42333984375,74.8781967163086,155.7694549560547,765.79248046875,6307.05712890625,75.27759552001953,858.073486328125,298.65191650390625,612.4490356445312,2712.44921875,290.3697814941406,214.71034240722656,31112.337890625,14296.400390625
2021-04-22,655.45556640625,982.3348999023438,456.4817504882813,61.43000030517578,235.5049285888672,1001.4395751953124,1781.199951171875,1323.8509521484375,763.7994995117188,662.7177124023438,2138.766357421875,555.5119018554688,1164.2078857421875,75.42949676513672,157.56781005859375,754.9827880859375,6310.33203125,75.46056365966797,860.4430541992188,305.13250732421875,607.5126342773438,2690.238525390625,286.9599914550781,222.269287109375,31782.23046875,14406.150390625
2021-04-23,668.0432739257812,988.5953979492188,454.4470520019531,62.13999938964844,230.68997192382807,975.7962646484376,1777.0,1306.634033203125,758.8367309570312,658.8275146484375,2100.850341796875,546.6400756835938,1149.3011474609375,75.0916976928711,157.14691162109375,734.4017333984375,6335.0029296875,74.9482192993164,859.5177612304688,304.9512634277344,605.614013671875,2682.2158203125,286.4241638183594,217.2680511474609,31721.931640625,14341.349609375
2021-04-26,696.9999389648438,997.0790405273438,461.1403503417969,61.90999984741211,235.31423950195312,975.7962646484376,1779.199951171875,1359.677734375,737.5162963867188,654.4715576171875,2149.008056640625,566.9251098632812,1157.7025146484375,74.86810302734375,157.108642578125,736.8563232421875,6299.703125,75.24099731445312,874.6377563476562,312.0662841796875,602.5287475585938,2674.71142578125,287.7881164550781,219.36900329589844,32274.775390625,14485.0
2021-04-27,696.1044311523438,1006.0114135742188,473.6508483886719,62.93999862670898,241.8931427001953,973.9762573242188,1778.0,1360.473876953125,737.5559692382812,670.2650146484375,2166.486572265625,574.26220703125,1161.9677734375,74.81490325927734,157.1851806640625,734.873779296875,6233.13818359375,75.53375244140625,897.566162109375,319.99713134765625,606.8480834960938,2701.62353515625,293.7308959960937,221.5384979248047,32734.96875,14653.0498046875
2021-04-28,704.662109375,1045.6832275390625,514.1370849609375,63.86000061035156,239.22341918945312,971.5111694335938,1773.199951171875,1349.178466796875,733.5460815429688,688.01513671875,2190.79248046875,595.9379272460938,1168.4302978515625,74.57499694824219,157.26171875,738.3668823242188,6237.93017578125,76.04608917236328,901.4701538085938,329.378173828125,610.787841796875,2694.81005859375,298.0175170898437,223.4796142578125,33722.41015625,14864.5498046875
2021-04-29,715.856689453125,1114.195556640625,533.9931640625,65.01000213623047,237.6978912353516,982.6524658203124,1768.0999755859375,1373.11279296875,734.9601440429688,686.0117797851562,2191.748779296875,596.0338134765625,1168.731689453125,74.31179809570312,156.34339904785156,731.2862548828125,6230.19580078125,76.15587615966797,913.543701171875,325.7526550292969,611.8319702148438,2687.175537109375,294.12060546875,223.7308349609375,33714.109375,14894.900390625
2021-04-30,711.3787841796875,1100.747314453125,530.7852783203125,63.58000183105469,235.7909698486328,994.3619995117188,1767.300048828125,1361.767578125,726.3948974609375,657.9657592773438,2142.726318359375,575.940673828125,1167.0084228515625,74.10579681396484,155.0424346923828,710.4691772460938,6125.81591796875,79.15673065185547,900.2064819335938,320.405029296875,621.2776489257812,2618.513427734375,286.2780456542969,225.0553436279297,32781.41796875,14631.099609375
2021-05-03,699.28857421875,1100.7523193359375,540.447998046875,64.48999786376953,236.3153839111328,998.7625732421876,1791.4000244140625,1303.399658203125,733.4652099609375,658.9673461914062,2192.11279296875,572.3441162109375,1165.026611328125,74.09480285644531,153.77975463867188,710.8468017578125,6260.7509765625,78.82737731933594,884.206298828125,317.7764892578125,625.786865234375,2619.67822265625,285.449951171875,222.5890045166016,32465.373046875,14634.150390625
2021-05-04,696.9004516601562,1095.2442626953125,546.7374267578125,65.69000244140625,234.45611572265625,975.902099609375,1775.800048828125,1277.674072265625,728.0108642578125,646.8078002929688,2191.7939453125,567.356689453125,1145.509765625,73.8375015258789,152.74664306640625,699.7067260742188,6175.728515625,80.2546157836914,865.0466918945312,318.5922241210937,612.4490356445312,2630.67578125,281.9914245605469,220.12266540527344,32269.974609375,14496.5
2021-05-05,713.66748046875,1108.004638671875,536.943115234375,65.62999725341797,236.887451171875,993.9478149414062,1784.0999755859375,1217.514892578125,734.8389892578125,653.4466552734375,2179.95947265625,578.1465454101562,1155.935791015625,73.77890014648438,154.12411499023438,705.748779296875,6253.39697265625,81.3158950805664,866.62646484375,322.1271057128906,648.7601318359375,2670.312255859375,283.98858642578125,224.07339477539065,32783.31640625,14617.849609375
2021-05-06,712.2246704101562,1099.38134765625,538.2720947265625,64.70999908447266,238.842041015625,995.3921508789062,1815.5,1248.46533203125,740.1719360351562,652.6546020507812,2175.726318359375,583.3257446289062,1173.2554931640625,73.79940032958984,155.15719604492188,705.6072387695312,6326.03662109375,80.6937484741211,871.5460815429688,322.2630615234375,644.9630126953125,2683.897705078125,293.48736572265625,233.9844970703125,32827.41796875,14724.7998046875
2021-05-07,713.2196655273438,1128.3416748046875,534.8646240234375,64.9000015258789,245.9453582763672,996.5958862304688,1831.0999755859373,1240.404296875,740.4952392578125,659.1070556640625,2195.02587890625,582.2706909179688,1165.4573974609375,73.61519622802734,157.14691162109375,724.4888305664062,6360.576171875,81.57205963134766,871.884521484375,324.71026611328125,645.010498046875,2702.40087890625,294.9486999511719,235.33187866210935,32904.1171875,14823.150390625
2021-05-10,711.72705078125,1129.6922607421875,535.224853515625,64.91999816894531,253.71603393554688,1026.033447265625,1837.5,1236.3736572265625,738.5155029296875,661.4830932617188,2214.7802734375,588.1693115234375,1154.255859375,73.29029846191406,157.2999725341797,736.8091430664062,6418.412109375,83.36524963378906,869.379638671875,327.8373107910156,662.8099975585938,2713.2685546875,306.7369079589844,240.2189178466797,33142.01171875,14942.349609375
2021-05-11,703.865966796875,1115.840576171875,528.1371459960938,65.27999877929688,253.14398193359372,1019.947509765625,1835.9000244140625,1252.993408203125,733.1419677734375,653.8892822265625,2186.74169921875,584.9082641601562,1146.5867919921875,73.5,156.1138153076172,732.60791015625,6392.45947265625,86.43930053710938,872.5164794921875,330.5111389160156,672.2081909179688,2693.51611328125,307.4188537597656,236.77056884765625,32871.81640625,14850.75
2021-05-12,687.8950805664062,1105.3629150390625,521.682373046875,66.08000183105469,252.9532623291016,1021.0067749023438,1822.5999755859373,1234.38330078125,732.1724853515625,652.00244140625,2120.149658203125,570.42578125,1143.441650390625,73.3750991821289,155.53985595703125,717.219482421875,6469.22607421875,84.24354553222656,863.4895629882812,333.2755432128906,667.2243041992188,2663.3251953125,317.599609375,231.83786010742188,32451.923828125,14696.5
2021-05-14,681.6260986328125,1093.7540283203125,518.9514770507812,65.37000274658203,238.8897399902344,1000.86181640625,1837.9000244140625,1215.325439453125,735.6065673828125,646.1089477539062,2163.755615234375,572.8714599609375,1134.3079833984375,73.44490051269531,162.42723083496094,700.037109375,6392.22216796875,82.6699447631836,874.3895874023438,326.7043151855469,656.4022827148438,2632.185791015625,304.203857421875,227.65875244140625,32169.177734375,14677.7998046875
2021-05-17,705.7566528320312,1121.452880859375,528.6629638671875,66.2699966430664,247.18484497070312,1011.1558837890624,1867.5,1242.99169921875,745.1414794921875,670.987060546875,2163.209228515625,598.0958862304688,1145.509765625,73.27890014648438,162.695068359375,711.4132690429688,6374.62060546875,83.62142944335938,884.7930297851562,347.2337951660156,652.3201293945312,2647.92822265625,312.8258972167969,228.2753143310547,33458.859375,14923.150390625
2021-05-18,708.144775390625,1136.15234375,553.844482421875,65.48999786376953,249.71148681640625,1004.4439086914062,1867.800048828125,1246.9725341796875,752.7775268554688,687.968505859375,2161.388427734375,607.3033447265625,1154.6434326171875,73.26969909667969,160.74365234375,753.0946044921875,6463.1064453125,84.9754638671875,897.2501831054688,346.4634094238281,655.78515625,2664.35986328125,323.8833923339844,232.0433654785156,33922.00390625,15108.099609375
2021-05-19,713.2694091796875,1118.04345703125,548.2415771484375,63.36000061035156,252.7149353027344,1008.7484130859376,1881.300048828125,1274.8875732421875,752.615966796875,679.349609375,2148.1884765625,599.8703002929688,1152.0584716796875,73.1281967163086,158.98355102539062,740.9159545898438,6429.70458984375,84.09716033935547,901.357421875,348.4121398925781,667.7464599609375,2658.494873046875,306.3471984863281,233.6876220703125,33684.80859375,15030.150390625
2021-05-20,702.4232177734375,1119.314697265625,544.1087036132812,62.04999923706055,254.90786743164065,1008.45947265625,1881.800048828125,1282.4510498046875,746.9595947265625,667.5162963867188,2133.98681640625,593.3004150390625,1154.0404052734375,73.222900390625,158.40960693359375,758.3342895507812,6393.59814453125,81.82823181152344,896.0991821289062,348.5480651855469,652.035400390625,2639.517578125,299.7711486816406,232.1347503662109,33334.1640625,14906.0498046875
2021-05-21,727.300048828125,1123.028076171875,548.2951049804688,63.58000183105469,255.9089813232422,1004.6366577148438,1876.699951171875,1298.97119140625,752.010009765625,697.5657348632812,2150.46435546875,616.1749877929688,1167.1378173828125,73.02189636230469,159.9783935546875,773.1563110351562,6466.47412109375,82.52355194091797,903.8397216796876,363.6393127441406,655.4054565429688,2657.201171875,305.031982421875,234.1671905517578,34606.49609375,15175.2998046875
2021-05-24,737.4995727539062,1113.223388671875,545.486328125,66.05000305175781,264.15643310546875,1015.364013671875,1884.5999755859373,1345.8446044921875,753.7472534179688,703.4591064453125,2127.068603515625,620.87451171875,1161.579833984375,72.90979766845703,161.85330200195312,764.7067260742188,6520.51416015625,82.74312591552734,896.2120361328125,373.4735107421875,655.9275512695312,2658.0634765625,303.814208984375,235.1720123291016,34943.1953125,15197.7001953125
2021-05-25,727.94677734375,1134.063720703125,547.0195922851562,66.06999969482422,266.0157165527344,1022.8843994140624,1898.0999755859373,1336.53955078125,760.0501098632812,689.0167236328125,2133.896240234375,623.703857421875,1173.2554931640625,72.83660125732422,161.39413452148438,765.8868408203125,6558.66064453125,83.8775863647461,886.056884765625,373.7454223632813,660.81640625,2699.236328125,307.1265869140625,236.3823699951172,34661.59765625,15208.4501953125
2021-05-26,731.4793090820312,1186.9544677734375,561.8667602539062,66.20999908447266,277.64794921875,1017.8772583007812,1901.300048828125,1342.0628662109375,764.251953125,688.1316528320312,2142.9541015625,625.81396484375,1203.9742431640625,72.80490112304688,161.16456604003906,775.2804565429688,6674.90185546875,82.96269989013672,889.1710815429688,374.8330078125,668.1260986328125,2737.80908203125,307.3701477050781,240.81265258789065,34683.796875,15301.4501953125
2021-05-27,746.6542358398438,1185.199951171875,553.2067260742188,66.8499984741211,270.2109069824219,1014.7283935546876,1895.699951171875,1355.099853515625,761.50439453125,690.7405395507812,2117.828125,625.5741577148438,1208.2828369140625,72.67250061035156,161.58543395996094,782.2667236328125,6612.84326171875,81.86482238769531,891.9016723632812,385.3923950195313,664.0441284179688,2756.4453125,310.39031982421875,247.047119140625,35094.64453125,15337.849609375
2021-05-28,736.2059326171875,1167.6943359375,546.2506103515625,66.31999969482422,272.9759521484375,1000.4189453125,1902.5,1353.3084716796875,761.625732421875,700.4308471679688,2113.549560546875,616.7503662109375,1210.6951904296875,72.68299865722656,162.92465209960938,798.5520629882812,6613.8876953125,82.23077392578125,945.476318359375,382.5372924804688,635.802001953125,2724.89404296875,310.53643798828125,246.042236328125,35141.0390625,15435.650390625
2021-05-31,747.00244140625,1176.9754638671875,547.9251708984375,66.31999969482422,275.02593994140625,1022.4895629882812,1902.5,1363.111083984375,763.7670288085938,706.207763671875,2130.254638671875,635.644775390625,1213.9180908203125,72.39350128173828,165.75613403320312,762.7713623046875,6724.2451171875,83.1822738647461,975.039306640625,384.6219177246094,634.4255981445312,2738.373291015625,310.53643798828125,246.20211791992188,35526.234375,15582.7998046875
2021-06-01,741.4797973632812,1179.3282470703125,563.1956176757812,67.72000122070312,273.929443359375,1023.9052734375,1902.9000244140625,1354.552490234375,768.2113647460938,704.2744750976562,2146.86865234375,623.5120849609375,1208.212890625,72.48719787597656,164.7230224609375,761.2135620117188,6728.84765625,86.0733413696289,978.9210205078124,392.0542297363281,637.0361938476562,2733.0419921875,309.9031677246094,247.9148712158203,35336.7890625,15574.849609375
2021-06-02,733.3699340820312,1178.7000732421875,565.5177001953125,68.83000183105469,277.36187744140625,1023.1060180664062,1907.5,1383.9603271484375,762.5953369140625,700.6870727539062,2147.323974609375,621.8336181640625,1200.76611328125,72.8550033569336,159.9401092529297,761.1192016601562,6817.6181640625,86.1831283569336,993.5219116210938,396.3142395019531,643.1116943359375,2712.628662109375,314.6769104003906,248.00624084472656,35373.33984375,15576.2001953125
2021-06-03,746.9527587890625,1178.3262939453125,574.5574340820312,68.80999755859375,283.7977294921875,1017.3667602539062,1871.199951171875,1399.8336181640625,759.1207275390625,708.3974609375,2151.375,623.656005859375,1210.34716796875,72.96510314941406,159.9783935546875,757.2012939453125,6841.150390625,89.65972900390625,997.313232421875,402.1686401367188,641.2606201171875,2722.8564453125,317.25860595703125,246.20211791992188,35648.5859375,15690.349609375
2021-06-04,738.39501953125,1211.8023681640625,583.5094604492188,69.62000274658203,283.1303405761719,1012.06103515625,1889.800048828125,1402.1722412109375,756.7774658203125,699.2661743164062,2132.075439453125,616.4147338867188,1206.863037109375,73.04419708251953,159.7488250732422,759.6087036132812,6846.0849609375,91.81887817382812,988.669921875,396.6343994140625,639.7892456054688,2725.023681640625,326.3189697265625,247.18411254882807,35291.23828125,15670.25
2021-06-07,747.4004516601562,1179.1937255859375,557.8362426757812,69.2300033569336,284.7511901855469,1005.166015625,1896.800048828125,1397.047119140625,767.322265625,698.753662109375,2129.57177734375,621.6898803710938,1210.34716796875,72.90969848632812,161.8150177001953,758.900634765625,6903.9208984375,91.59931182861328,1005.3245849609376,395.3995056152344,641.1182861328125,2759.219482421875,336.5971374511719,250.4040679931641,35443.23828125,15751.650390625
2021-06-08,742.673828125,1169.67822265625,560.3333740234375,70.05000305175781,290.28131103515625,1015.8646850585938,1892.199951171875,1400.4306640625,781.5440063476562,690.9269409179688,2147.505859375,616.1270141601562,1230.6405029296875,72.80940246582031,163.49859619140625,762.677001953125,6961.89892578125,91.34314727783205,999.54736328125,390.780029296875,644.3458862304688,2773.911865234375,343.6603088378906,251.47738647460935,35084.89453125,15740.099609375
2021-06-09,733.1211547851562,1152.30712890625,552.4571533203125,69.95999908447266,283.9884338378906,1005.8595581054688,1893.199951171875,1396.74853515625,784.85693359375,689.6456298828125,2144.7744140625,610.0846557617188,1232.6876220703125,72.97530364990234,162.61856079101562,759.4671020507812,6869.1435546875,90.79420471191406,981.6741333007812,385.5202331542969,638.7449340820312,2773.99853515625,334.5025329589844,248.5543212890625,34800.09375,15635.349609375
2021-06-10,740.584228515625,1195.5977783203125,592.5588989257812,70.29000091552734,299.0531005859375,1019.1964111328124,1894.199951171875,1432.0279541015625,782.6348266601562,689.9951782226562,2165.53076171875,614.2088623046875,1240.5262451171875,72.98529815673828,164.80078125,761.8272705078125,6832.041015625,90.72101593017578,985.2848510742188,395.3995056152344,641.7827758789062,2788.344482421875,335.866455078125,253.14442443847656,35130.7890625,15737.75
2021-06-11,734.8128662109375,1187.064208984375,595.830078125,70.91000366210938,295.6206359863281,1050.1937255859375,1877.4000244140625,1414.9107666015625,794.59423828125,692.4642944335938,2154.333251953125,609.7011108398438,1260.2100830078125,73.01229858398438,163.6984405517578,763.7626953125,6854.7197265625,90.4282455444336,1002.375244140625,392.9754028320313,646.7667236328125,2837.75244140625,341.7118225097656,253.1673126220703,35046.9921875,15799.349609375
2021-06-14,732.6237182617188,1188.92333984375,603.0491333007812,70.87999725341797,285.2756042480469,1051.8017578125,1864.0,1403.416259765625,795.2808837890625,689.2496948242188,2168.17919921875,609.1735229492188,1273.1873779296875,73.23159790039062,163.2259979248047,762.29931640625,6811.11767578125,91.34314727783205,1016.75537109375,393.6614685058594,642.7794799804688,2839.96240234375,346.7778625488281,256.50146484375,34950.1953125,15811.849609375
2021-06-15,747.2015991210938,1176.2178955078125,599.8363647460938,72.12000274658203,294.4288330078125,1042.076171875,1854.5,1425.459716796875,796.2909545898438,694.2811889648438,2193.2568359375,618.9083862304688,1283.726318359375,73.18080139160156,163.0291290283203,763.3849487304688,6800.1103515625,91.74569702148438,1019.0652465820312,392.8839111328125,639.0772705078125,2828.174072265625,343.6116027832031,254.81155395507807,35247.33984375,15869.25
2021-06-16,746.1068725585938,1181.9449462890625,592.0914306640625,72.1500015258789,291.8544921875,1041.161376953125,1859.5,1403.8641357421875,791.40234375,691.64892578125,2207.882080078125,613.9210205078125,1289.561767578125,73.3447036743164,163.65904235839844,761.0721435546875,6750.7666015625,92.73377227783205,1001.6732788085938,389.6365966796875,634.6629028320312,2838.22900390625,340.3479309082031,253.6011657714844,35003.09375,15767.5498046875
2021-06-17,734.9620971679688,1178.19677734375,589.0393676757812,71.04000091552734,283.0826110839844,1018.1273803710938,1773.800048828125,1385.3536376953125,797.05859375,683.0302124023438,2216.8681640625,607.1115112304688,1302.365234375,73.8240966796875,161.92678833007812,760.6472778320312,6613.27099609375,91.56271362304688,1003.5075073242188,384.4225158691406,631.3403930664062,2875.848388671875,336.74322509765625,255.17691040039065,34604.99609375,15691.400390625
2021-06-18,732.6734008789062,1196.2208251953125,592.6221313476562,71.63999938964844,281.1280517578125,1017.6267700195312,1767.9000244140625,1380.4273681640625,788.0488891601562,689.4127807617188,2276.65185546875,604.6178588867188,1309.3330078125,74.25389862060547,161.06065368652344,737.8475952148438,6603.78076171875,88.01290893554688,1008.0367431640624,377.6991271972656,634.6155395507812,2858.122314453125,328.705810546875,251.11199951171875,34557.59765625,15683.349609375
2021-06-21,735.9074096679688,1211.877197265625,595.4406127929688,73.66000366210938,288.51739501953125,1017.2608642578124,1781.800048828125,1412.7711181640625,793.5032958984375,693.55908203125,2305.490234375,605.4330444335938,1306.719970703125,74.1438980102539,160.98194885253906,733.4104614257812,6547.3681640625,88.52526092529297,1013.29052734375,383.9651489257813,637.321044921875,2837.145263671875,325.6856689453125,247.6179962158203,34870.89453125,15746.5
2021-06-22,735.708251953125,1209.4097900390625,585.78271484375,73.05999755859375,282.9873046875,1022.3356323242188,1776.300048828125,1395.15625,791.9679565429688,691.2763061523438,2283.3916015625,605.0493774414062,1316.77978515625,74.13520050048828,161.49374389648438,731.8527221679688,6894.19482421875,89.33036041259766,1008.08203125,382.95892333984375,633.0015869140625,2861.50244140625,329.19293212890625,254.19493103027344,34744.59765625,15772.75
2021-06-23,728.742919921875,1224.423095703125,585.6659545898438,73.08000183105469,279.41180419921875,1020.6022338867188,1782.300048828125,1398.5399169921875,786.1500854492188,692.068359375,2274.451171875,599.15087890625,1309.2022705078125,74.33219909667969,160.58827209472656,738.2252807617188,7052.94677734375,90.28187561035156,998.842529296875,383.141845703125,631.5302124023438,2827.00341796875,326.6112365722656,246.7045745849609,34573.59765625,15686.9501953125
2021-06-24,735.5093383789062,1229.5074462890625,588.3919677734375,73.30000305175781,276.7421264648437,1016.4231567382812,1775.5999755859375,1376.89453125,799.7251586914062,701.7352905273438,2283.2998046875,608.1185913085938,1358.020263671875,74.24690246582031,160.0370330810547,747.5244140625,7142.85546875,89.29377746582031,975.3587036132812,381.632568359375,631.1030883789062,2924.259765625,326.0267028808594,250.7694549560547,34826.59375,15790.4501953125
2021-06-25,757.6000366210938,1244.7950439453125,591.52685546875,74.05000305175781,280.2222595214844,1022.5185546875,1776.5999755859375,1394.3104248046875,804.5330200195312,705.8584594726562,2245.247314453125,622.4570922851562,1371.0848388671875,74.19029998779297,161.45436096191406,749.8375244140625,7258.19580078125,88.4886703491211,953.14306640625,392.2436218261719,638.1753540039062,2930.50048828125,330.8978271484375,250.06149291992188,35364.23828125,15860.349609375
2021-06-28,758.6448364257812,1233.9586181640625,587.7542114257812,72.91000366210938,279.8885498046875,1040.804931640625,1779.5999755859375,1395.2557373046875,796.1697387695312,702.7136840820312,2255.83740234375,623.703857421875,1368.99462890625,74.21299743652344,160.3126220703125,749.12939453125,7208.140625,89.54993438720703,944.7868041992188,390.3683776855469,642.0202026367188,2892.318115234375,333.9667053222656,250.015869140625,35359.0390625,15814.7001953125
2021-06-29,748.246337890625,1226.1826171875,589.2487182617188,72.9800033569336,273.8341064453125,1046.3612060546875,1762.800048828125,1399.2862548828125,794.7960205078125,702.8073120117188,2285.500732421875,613.9210205078125,1361.3739013671875,74.285400390625,160.07643127441406,737.894775390625,7104.94677734375,87.39080047607422,945.60205078125,385.5659484863281,643.2542724609375,2895.871337890625,332.7489013671875,247.82351684570312,35009.89453125,15748.4501953125
2021-06-30,744.6143188476562,1207.15673828125,585.6903076171875,73.47000122070312,268.0179748535156,1044.42578125,1770.800048828125,1391.0760498046875,794.7152709960938,700.8655395507812,2266.01611328125,605.097412109375,1376.8333740234375,74.28759765625,159.60398864746094,734.2129516601562,7131.8955078125,86.14653778076172,955.951171875,383.4620361328125,641.2131958007812,2900.118896484375,330.84912109375,249.216552734375,34771.796875,15721.5
2021-07-01,742.7734985351562,1177.9873046875,580.948974609375,75.2300033569336,267.2075500488281,1070.5120849609375,1775.9000244140625,1379.1336669921875,796.331298828125,695.6484375,2272.1591796875,605.0493774414062,1359.0655517578125,74.37100219726562,159.84019470214844,735.864990234375,7196.8955078125,86.98823547363281,950.1991577148438,384.5596923828125,649.4722290039062,2896.43505859375,335.3793334960937,246.339111328125,34683.59765625,15680.0
2021-07-02,746.9527587890625,1171.4078369140625,583.9281616210938,75.16000366210938,270.63995361328125,1073.82470703125,1782.5999755859375,1381.72119140625,795.6444702148438,692.6773071289062,2280.68701171875,614.0650024414062,1365.5107421875,74.54499816894531,159.3677978515625,738.8388671875,7186.884765625,86.69547271728516,964.2848510742188,388.2187194824219,646.71923828125,2882.52294921875,336.0125732421875,245.9965667724609,34809.4921875,15722.2001953125
2021-07-05,756.6049194335938,1188.6195068359375,591.2250366210938,75.16000366210938,280.0315856933594,1066.544677734375,1782.5999755859375,1436.6556396484375,791.685302734375,699.7191162109375,2291.46044921875,621.3541259765625,1375.2220458984375,74.48179626464844,160.3520050048828,747.477294921875,7211.177734375,88.52526092529297,973.8640747070312,395.7654113769531,645.722412109375,2878.66552734375,337.181640625,244.96890258789065,35211.58984375,15834.349609375
2021-07-06,754.6148071289062,1205.33740234375,603.8524169921875,73.37000274658203,277.36187744140625,1066.8431396484375,1793.5,1426.85302734375,785.4630737304688,718.084228515625,2267.1162109375,623.703857421875,1360.633056640625,74.31780242919922,159.4464874267578,738.1780395507812,7130.99462890625,88.92781066894531,962.3599243164062,393.1125793457031,639.124755859375,2827.783935546875,308.7341003417969,243.2561798095703,35578.734375,15818.25
2021-07-07,759.1423950195312,1233.5848388671875,603.4823608398438,72.19999694824219,281.1757202148437,1071.2054443359375,1801.5,1474.970458984375,788.1296997070312,720.3301391601562,2275.505859375,627.2526245117188,1362.723388671875,74.76290130615234,160.43075561523438,735.3458251953125,7068.79345703125,87.75675201416016,955.679443359375,395.9483337402344,645.6275634765625,2838.749267578125,308.928955078125,243.0507049560547,35770.88671875,15879.650390625
2021-07-08,750.6842651367188,1229.8702392578125,596.5783081054688,72.94000244140625,274.453857421875,1052.841796875,1799.5999755859375,1447.6524658203125,789.3013305664062,711.4165649414062,2244.23876953125,615.6475219726562,1359.3702392578125,74.8218994140625,159.0528106689453,732.8438720703125,7023.056640625,85.6707992553711,947.7759399414062,388.2644348144531,633.0964965820312,2824.490478515625,298.4559326171875,242.52542114257807,35273.69140625,15727.900390625
2021-07-09,743.6689453125,1281.806640625,598.3677368164062,74.55999755859375,286.3720703125,1056.430908203125,1810.0,1473.328369140625,789.3418579101562,702.7838134765625,2247.814208984375,612.4344482421875,1361.2430419921875,74.72139739990234,158.54100036621094,728.4067993164062,7046.3046875,86.29293060302734,938.0835571289062,387.6241455078125,634.0458984375,2780.845947265625,298.4071960449219,240.15040588378903,35071.54296875,15689.7998046875
2021-07-12,749.88818359375,1287.2064208984375,599.6743774414062,74.0999984741211,296.4787902832031,1063.009033203125,1805.5,1506.7169189453125,791.4426879882812,695.7655029296875,2241.121337890625,619.819580078125,1348.135009765625,74.4905014038086,158.34417724609375,729.6340942382812,7088.43505859375,86.76866912841797,943.92626953125,391.00872802734375,634.6629028320312,2767.801025390625,299.527587890625,240.1732177734375,35198.48828125,15692.599609375
2021-07-13,766.9537353515625,1287.256103515625,600.1375732421875,75.25,299.5775146484375,1051.9422607421875,1809.4000244140625,1506.8663330078125,782.1502075195312,702.7136840820312,2234.289794921875,637.7548217773438,1345.609130859375,74.54170227050781,158.93470764160156,737.4700317382812,7050.71728515625,88.12271118164062,950.9917602539062,392.5180358886719,648.3804931640625,2762.990478515625,302.9374084472656,239.71649169921875,35672.984375,15812.349609375
2021-07-14,766.2572021484375,1295.412841796875,598.1483154296875,73.12999725341797,297.2892150878906,1042.9940185546875,1824.300048828125,1494.0283203125,799.523193359375,701.4503784179688,2214.25537109375,637.1793212890625,1373.4365234375,74.65910339355469,160.70632934570312,742.1903686523438,6952.41015625,88.41546630859375,944.7868041992188,394.3017883300781,651.1809692382812,2786.39404296875,301.5734558105469,256.5471496582031,35667.8359375,15853.9501953125
2021-07-15,770.3370361328125,1292.197021484375,597.7387084960938,71.6500015258789,307.58660888671875,1043.5357666015625,1828.4000244140625,1546.3255615234375,840.16796875,711.5336303710938,2211.96240234375,640.1526489257812,1376.8333740234375,74.46910095214844,162.39923095703125,744.5772094726562,6933.66845703125,85.56099700927734,943.1336669921876,394.8963928222656,648.3804931640625,2782.3974609375,302.25543212890625,263.0327453613281,35907.23046875,15924.2001953125
2021-07-16,767.351806640625,1270.932861328125,597.32421875,71.80999755859375,315.4049987792969,1046.03173828125,1814.5,1570.2100830078125,812.0883178710938,712.3056640625,2216.593017578125,633.294921875,1354.7542724609375,74.53700256347656,163.6984405517578,744.481689453125,6930.3955078125,85.48780059814453,956.7438354492188,393.34130859375,653.6966552734375,2775.31787109375,303.22967529296875,263.8776550292969,35751.38671875,15923.400390625
2021-07-19,751.4803466796875,1268.4798583984375,586.5927124023438,66.41999816894531,315.83404541015625,1048.508056640625,1808.699951171875,1561.402587890625,808.209716796875,688.279052734375,2208.569580078125,629.074951171875,1342.7781982421875,74.63179779052734,163.580322265625,740.6629028320312,6799.44580078125,83.8775863647461,950.652099609375,391.42034912109375,654.313720703125,2766.45751953125,300.8915405273437,262.0736389160156,35078.79296875,15752.400390625
2021-07-20,742.0768432617188,1256.120361328125,579.4205322265625,67.41999816894531,307.3959045410156,1033.939453125,1810.9000244140625,1538.4635009765625,789.6246337890625,675.248046875,2232.63916015625,615.6475219726562,1350.051025390625,74.99340057373047,162.83229064941406,725.7694702148438,6863.16552734375,82.41375732421875,948.3194580078124,385.0171203613281,642.1625366210938,2784.873291015625,294.3641357421875,259.47021484375,34415.05078125,15632.099609375
2021-07-22,743.0718994140625,1302.731689453125,604.1600952148438,71.91000366210938,315.11895751953125,1041.7655029296875,1805.0,1547.818359375,790.755859375,677.8448486328125,2180.603515625,629.1228637695312,1385.0203857421875,74.44020080566406,162.98977661132812,724.0986938476562,6926.60009765625,84.53631591796875,960.5029907226562,386.0690612792969,652.4625244140625,2794.0390625,294.7538146972656,266.8236999511719,34676.8984375,15824.0498046875
2021-07-23,751.6793823242188,1316.3529052734375,602.7315673828125,72.06999969482422,318.5990600585937,1049.0499267578125,1801.4000244140625,1554.038330078125,803.1997680664062,675.0609130859375,2162.218994140625,648.976318359375,1385.238037109375,74.4520034790039,167.24166870117188,729.5882568359375,6921.1904296875,84.38993835449219,953.7093505859376,392.3350830078125,658.8229370117188,2790.998046875,287.9342041015625,273.6517944335937,35033.9921875,15856.0498046875
2021-07-26,752.5748901367188,1348.6453857421875,600.932373046875,71.91000366210938,318.4084167480469,1046.9407958984375,1798.699951171875,1533.6866455078125,808.2904052734375,671.22412109375,2153.599853515625,649.0722045898438,1396.95263671875,74.44889831542969,166.25743103027344,720.1366577148438,6866.10693359375,83.84099578857422,940.6426391601562,387.2124633789063,667.7464599609375,2777.707275390625,285.5960693359375,269.67822265625,34949.29296875,15824.4501953125
2021-07-27,728.0960693359375,1376.8447265625,607.6610107421875,71.6500015258789,321.3164367675781,937.0665283203124,1799.5,1525.3768310546875,806.420654296875,673.6571655273438,2147.82275390625,649.7435302734375,1395.777099609375,74.28949737548828,164.2889862060547,711.782958984375,6870.32958984375,83.91419219970703,930.7462768554688,393.2955932617188,653.4118041992188,2765.023681640625,283.89117431640625,270.13494873046875,34797.04296875,15746.4501953125
2021-07-28,719.3394775390625,1393.0682373046875,610.6400146484375,72.38999938964844,316.5968017578125,915.4746704101562,1799.5,1534.4329833984375,799.1857299804688,663.1528930664062,2165.244873046875,657.03271484375,1398.4334716796875,74.5022964477539,164.64328002929688,695.6961669921875,6798.97216796875,83.69461822509766,922.7523193359376,389.2249450683594,652.937255859375,2777.924072265625,277.1202697753906,270.36334228515625,34532.49609375,15709.400390625
2021-07-29,713.7172241210938,1455.739013671875,624.10693359375,73.62000274658203,324.2244567871094,904.0404052734376,1831.199951171875,1556.5262451171875,819.1024780273438,663.5973510742188,2140.808349609375,661.3132934570312,1408.3624267578125,74.38999938964844,162.24176025390625,698.3215942382812,6636.1865234375,83.98739624023438,929.9537353515624,403.9066162109375,667.3667602539062,2776.1865234375,285.3525390625,269.67822265625,34691.09765625,15778.4501953125
2021-07-30,705.4083862304688,1418.161376953125,607.3343505859375,73.94999694824219,321.93621826171875,911.4987182617188,1812.5999755859373,1594.6419677734375,833.2066650390625,667.4341430664062,2139.47900390625,656.503662109375,1402.701171875,74.25199890136719,161.3756561279297,709.44384765625,6621.193359375,84.38993835449219,921.8238525390624,394.9878540039063,734.720458984375,2751.55908203125,286.37548828125,268.17095947265625,34583.94921875,15763.0498046875
2021-08-02,717.5980224609375,1408.484130859375,604.642822265625,71.26000213623047,335.475341796875,909.6318359375,1818.0999755859373,1649.7257080078125,841.7017211914062,665.6561279296875,2139.020751953125,655.4456176757812,1421.0352783203125,74.37909698486328,163.2259979248047,723.3826293945312,6715.37353515625,85.70738983154297,938.6724243164062,397.8235778808594,735.7172241210938,2796.687744140625,289.20074462890625,270.50030517578125,34709.59765625,15885.150390625
2021-08-03,734.9620971679688,1425.4207763671875,617.4563598632812,70.55999755859375,338.62176513671875,913.5303344726562,1810.0999755859373,1651.56689453125,844.993896484375,671.2943115234375,2188.58056640625,664.102783203125,1441.6336669921875,74.33200073242188,165.27320861816406,735.93701171875,6831.56689453125,86.29293060302734,945.579345703125,408.43463134765625,754.5136108398438,2853.587890625,295.87420654296875,273.7659912109375,35207.0390625,16130.75
2021-08-04,750.087158203125,1414.67138671875,620.1136474609375,68.1500015258789,334.1405334472656,922.6429443359376,1810.5,1629.4736328125,845.4004516601562,685.6119995117188,2179.640625,687.4290771484375,1436.451416015625,74.21440124511719,164.2495880126953,731.54541015625,6739.99658203125,85.89036560058594,952.8261108398438,417.9937438964844,745.92236328125,2844.07568359375,290.4672546386719,272.5784606933594,36027.6328125,16258.7998046875
2021-08-05,745.609375,1395.496337890625,609.2992553710938,69.08999633789062,334.7125244140625,925.2548828125,1805.0999755859373,1596.9805908203125,862.6346435546875,694.7593994140625,2161.852294921875,675.69384765625,1440.196533203125,74.18399810791016,169.48574829101562,724.9579467773438,6711.013671875,85.5243911743164,966.6400756835938,404.1810302734375,746.3021240234375,2852.762451171875,291.9773254394531,274.4511108398437,35834.33203125,16294.599609375
2021-08-06,737.2009887695312,1396.5682373046875,606.9636840820312,68.27999877929688,326.8465270996094,926.0288696289062,1760.0,1574.9869384765625,853.5296020507812,698.4091186523438,2174.505615234375,671.07666015625,1437.2789306640625,74.08200073242188,168.6983642578125,723.90771484375,6780.96435546875,85.3780288696289,946.168212890625,398.5096130371094,745.400146484375,2875.21875,292.3182373046875,273.1265563964844,35808.83203125,16238.2001953125
2021-08-09,751.77880859375,1420.2255859375,603.9260864257812,66.4800033569336,326.3221435546875,932.2586669921876,1723.4000244140625,1555.431396484375,854.0176391601562,703.6728515625,2186.42626953125,676.0784912109375,1448.688720703125,74.49140167236328,168.34402465820312,739.8513793945312,6762.7724609375,84.17036437988281,940.7783813476562,396.4514770507813,748.8178100585938,2886.424072265625,290.41851806640625,272.5784606933594,36028.53125,16258.25
2021-08-10,757.7990112304688,1399.6444091796875,601.6784057617188,68.29000091552734,318.6944274902344,922.8267211914062,1728.800048828125,1541.25,864.7073364257812,705.4276123046875,2183.9501953125,674.202880859375,1460.8385009765625,74.46620178222656,165.23382568359375,750.687255859375,6686.5673828125,84.06057739257812,945.7151489257812,390.0939636230469,753.1370849609375,2896.15380859375,286.6190185546875,275.7984313964844,36033.68359375,16280.099609375
2021-08-11,757.052734375,1416.56591796875,601.4541015625,69.25,316.1200866699219,918.00927734375,1750.4000244140625,1538.56298828125,867.3492431640625,699.4851684570312,2191.882080078125,667.1327514648438,1461.099853515625,74.43550109863281,164.2889862060547,743.4315185546875,6705.236328125,85.63418579101562,958.963134765625,391.55755615234375,740.03662109375,2905.1015625,287.8368225097656,274.6109619140625,35805.98046875,16282.25
2021-08-12,753.6196899414062,1429.9775390625,604.5453491210938,69.08999633789062,318.5037536621094,912.5049438476562,1749.0,1549.5101318359375,891.3714599609375,702.503173828125,2193.578125,674.6357421875,1471.59521484375,74.10299682617188,164.48580932617188,741.0447998046875,6696.16455078125,85.08525085449219,955.88330078125,390.7342529296875,739.1822509765625,2911.66015625,298.11492919921875,276.7118835449219,35936.6328125,16364.400390625
2021-08-13,756.1571655273438,1427.6641845703125,600.3571166992188,68.44000244140625,317.1212463378906,900.0838623046875,1775.199951171875,1539.0108642578125,910.0280151367188,714.1070556640625,2204.76513671875,677.9542846679688,1491.279052734375,74.26010131835938,166.49365234375,743.3837890625,6686.806640625,84.9754638671875,971.8032836914062,394.4389953613281,738.8500366210938,3008.650634765625,299.3327331542969,281.119384765625,36168.9296875,16529.099609375
2021-08-16,758.246826171875,1450.7783203125,621.868896484375,67.29000091552734,314.3085327148437,901.8154296875,1786.9000244140625,1539.3094482421875,913.4420166015624,716.1657104492188,2224.84521484375,675.88623046875,1484.4857177734375,74.216796875,166.0605926513672,763.0985107421875,6519.35400390625,84.53631591796875,984.4171752929688,388.6303405761719,741.2233276367188,3016.94677734375,295.87420654296875,280.4571228027344,36094.08203125,16563.05078125
2021-08-17,753.0226440429688,1469.51953125,625.0820922851562,66.58999633789062,310.2086486816406,909.4287109375,1785.0,1515.6239013671875,929.1315307617188,708.7028198242188,2277.47705078125,674.4913330078125,1516.9290771484375,74.13500213623047,164.72203063964844,754.84033203125,6575.26611328125,83.32865905761719,980.2276000976562,385.5659484863281,744.4034423828125,3086.52880859375,290.0288391113281,289.97998046875,35867.03125,16614.599609375
2021-08-18,750.6842651367188,1496.3526611328125,638.1489868164062,65.45999908447266,311.877197265625,906.826416015625,1781.5999755859375,1499.85009765625,922.0592041015624,707.9307861328125,2279.54052734375,662.0827026367188,1509.787353515625,74.364501953125,164.5251922607422,755.5086059570312,6532.00732421875,82.85291290283203,984.0321044921876,383.9194030761719,743.2168579101562,3093.04443359375,285.7909545898437,287.468017578125,35554.0859375,16568.849609375
2021-08-20,736.6039428710938,1493.58056640625,649.5582275390625,62.31999969482422,294.6195373535156,881.4714965820312,1781.0,1477.806640625,908.32080078125,708.7495727539062,2401.813720703125,654.7723388671875,1509.35205078125,74.4292984008789,164.48580932617188,750.0668334960938,6542.32080078125,80.65715789794922,972.98095703125,372.0277099609375,722.5692138671875,3092.1328125,275.8050537109375,283.1974792480469,35033.4453125,16450.5
2021-08-23,732.474365234375,1522.831787109375,658.44189453125,65.63999938964844,294.23565673828125,873.5100708007812,1803.199951171875,1468.75048828125,945.51220703125,713.3583984375,2415.33837890625,656.696044921875,1514.4034423828125,74.30149841308594,162.43861389160156,731.2113037109375,6518.44677734375,81.79163360595703,979.3671264648438,374.5889892578125,722.7596435546875,3159.803955078125,269.8135681152344,287.2167663574219,35123.98828125,16496.44921875
2021-08-24,742.673828125,1641.4722900390625,680.6656494140625,67.54000091552734,302.4888610839844,887.546630859375,1805.5999755859373,1452.0313720703125,937.2205810546876,729.3839111328125,2414.283935546875,667.99853515625,1498.81298828125,74.10590362548828,162.00552368164062,742.906494140625,6496.76904296875,82.85291290283203,989.0369873046876,381.99847412109375,734.1813354492188,3138.781005859375,272.5900573730469,289.3633728027344,35711.6875,16624.599609375
2021-08-25,735.4098510742188,1585.9012451171875,677.238037109375,68.36000061035156,294.90740966796875,880.1074829101562,1788.199951171875,1433.570556640625,938.3992309570312,728.7055053710938,2425.287109375,664.7279052734375,1511.6162109375,74.1447982788086,162.517333984375,737.0827026367188,6409.15185546875,84.64610290527344,997.5969848632812,380.7635498046875,731.9921264648438,3178.568115234375,277.0715026855469,288.4956359863281,35585.8359375,16634.650390625
2021-08-26,742.673828125,1591.325927734375,675.9703369140625,67.41999816894531,295.1473388671875,871.3140869140625,1792.199951171875,1458.2015380859375,949.0482177734376,727.4889526367188,2444.909423828125,672.1828002929688,1504.779052734375,74.0999984741211,161.1000518798828,746.0092163085938,6310.9345703125,84.57291412353516,1010.2107543945312,375.732421875,723.9017333984375,3189.73046875,276.9740905761719,287.262451171875,35617.13671875,16636.900390625
2021-08-27,748.6942138671875,1614.9383544921875,679.3491821289062,68.73999786376953,299.2259521484375,890.0908203125,1816.5999755859373,1466.61083984375,945.3900146484376,724.5177612304688,2455.499755859375,673.0966186523438,1488.3177490234375,74.15599822998047,162.12364196777344,740.0423583984375,6326.45263671875,85.3780288696289,1008.829345703125,377.2875061035156,734.6097412109375,3231.688232421875,278.3867492675781,290.0028381347656,35627.38671875,16705.19921875
2021-08-30,780.188232421875,1651.3143310546875,698.7449951171875,69.20999908447266,306.9033203125,905.0464477539062,1809.0,1487.1614990234375,945.7559204101562,733.7822265625,2464.43994140625,686.4672241210938,1478.954833984375,73.49659729003906,163.7771453857422,755.6995239257812,6490.75244140625,87.93972778320312,1028.23681640625,386.6636657714844,749.2677001953125,3215.314208984375,284.4270324707031,288.8610534667969,36347.2265625,16931.05078125
2021-08-31,782.6261596679688,1709.9814453125,733.7529296875,68.5,307.6230773925781,910.115478515625,1815.0,1481.8372802734375,961.120361328125,739.93505859375,2497.81640625,691.6614379882812,1486.2708740234375,73.41120147705078,166.37554931640625,757.3702392578125,6537.73681640625,88.23249053955078,1022.7566528320312,389.72802734375,755.7875366210938,3289.283447265625,279.8968200683594,292.7432556152344,36424.1796875,17132.19921875
2021-09-01,794.965087890625,1673.83984375,733.2750854492188,68.58999633789062,319.4270935058594,921.60791015625,1813.0999755859373,1553.0430908203125,946.772216796875,738.85888671875,2505.885009765625,692.4791259765625,1461.27392578125,72.99669647216797,164.95826721191406,735.0300903320312,6479.29296875,87.61036682128906,1026.8101806640625,393.2497863769531,750.5050659179688,3227.1708984375,287.6419677734375,293.2456970214844,36573.875,17076.25
2021-09-02,798.746337890625,1665.5584716796875,731.2125854492188,69.98999786376953,325.2330322265625,940.2298583984376,1808.699951171875,1587.7254638671875,953.3567504882812,743.4910888671875,2568.374267578125,697.5292358398438,1471.1597900390625,72.98509979248047,165.15509033203125,718.3705444335938,6486.9326171875,86.84186553955078,1039.175048828125,393.1125793457031,751.8851318359375,3332.97900390625,285.5960693359375,297.5389709472656,36830.87109375,17234.150390625
2021-09-03,794.0694580078125,1668.65966796875,733.6456298828125,69.29000091552734,329.83953857421875,947.7463989257812,1830.9000244140625,1572.797607421875,954.982666015625,737.4318237304688,2536.877685546875,696.7115478515625,1481.219482421875,73.0542984008789,165.82440185546875,715.9359130859375,6553.9716796875,90.09886932373048,1081.79443359375,394.6219177246094,751.3616943359375,3337.583251953125,287.9342041015625,299.2059936523437,36760.72265625,17323.599609375
2021-09-06,796.8556518554688,1669.9208984375,731.9830322265625,69.29000091552734,331.5669250488281,951.1128540039062,1830.9000244140625,1597.528076171875,975.630859375,732.5889892578125,2549.623291015625,693.6815795898438,1507.130859375,72.99449920654297,164.80078125,720.5663452148438,6538.5009765625,89.03761291503906,1098.5977783203125,394.3017883300781,746.459716796875,3346.22705078125,289.7852783203125,313.52459716796875,36591.92578125,17377.80078125
2021-09-07,783.969482421875,1673.3311767578125,727.1998291015625,68.3499984741211,322.4980163574219,947.5335083007812,1795.9000244140625,1569.7125244140625,961.0390014648438,734.2500610351562,2546.963623046875,689.5934448242188,1486.4453125,73.11000061035156,166.72987365722656,718.990966796875,6567.3876953125,87.7933349609375,1105.5274658203125,392.5180358886719,732.80126953125,3314.8662109375,287.0087280273437,307.9524841308594,36468.375,17362.099609375
2021-09-08,790.7857055664062,1651.34912109375,727.7752685546875,69.30000305175781,321.20245361328125,950.2131958007812,1790.699951171875,1575.5343017578125,966.4041748046876,737.5955200195312,2568.23681640625,693.4891357421875,1474.774169921875,73.3904037475586,166.33616638183594,720.5663452148438,6475.80712890625,88.42523193359375,1101.201904296875,394.57623291015625,739.9874877929688,3278.59814453125,287.6419677734375,302.4488220214844,36767.7734375,17353.5
2021-09-09,786.2581787109375,1670.27001953125,724.6011962890625,68.13999938964844,319.5230712890625,950.3582153320312,1797.4000244140625,1573.9420166015625,974.330322265625,733.9459228515625,2577.1767578125,692.8157958984375,1473.3370361328125,73.78900146484375,167.43853759765625,716.7474975585938,6495.86181640625,90.80403137207033,1098.5977783203125,395.44525146484375,738.8927612304688,3293.58349609375,291.24664306640625,302.5173034667969,36682.7734375,17369.25
2021-09-13,784.4669799804688,1688.986328125,726.0540771484375,70.44999694824219,325.9528503417969,954.10205078125,1792.0,1598.1749267578125,982.337646484375,727.83984375,2554.89501953125,680.4552612304688,1473.5986328125,73.52429962158203,168.61959838867188,711.782958984375,6564.09375,91.47308349609376,1074.1175537109375,395.9483337402344,742.7001342773438,3340.449951171875,293.43865966796875,306.3539123535156,36471.375,17355.30078125
2021-09-14,790.4872436523438,1678.322021484375,723.3236694335938,70.45999908447266,328.4959411621094,953.976318359375,1804.699951171875,1608.02734375,1006.9285888671876,724.5645751953125,2533.072265625,680.5033569335938,1468.5904541015625,73.54080200195312,170.155029296875,716.2223510742188,6583.9091796875,92.1421356201172,1072.71337890625,396.0855407714844,743.7471313476562,3375.675537109375,298.2123718261719,307.58709716796875,36612.625,17380.0
2021-09-15,787.5020141601562,1678.087646484375,722.9921264648438,72.61000061035156,328.6399230957031,960.1383666992188,1792.4000244140625,1625.343505859375,1035.0557861328125,723.7457885742188,2544.90087890625,687.1404418945312,1490.6258544921875,73.65080261230469,170.07627868652344,720.900390625,6597.8037109375,95.48734283447266,1077.1746826171875,406.0105590820313,743.0331420898438,3435.311767578125,303.91162109375,307.8611755371094,36851.8203125,17519.44921875
2021-09-16,798.6468505859375,1668.5250244140625,722.7337036132812,72.61000061035156,328.5919189453125,954.2083740234376,1754.5999755859375,1632.55859375,1026.80419921875,729.8986206054688,2538.298828125,699.5010986328125,1482.6129150390625,73.43800354003906,181.69027709960935,722.6666259765625,6618.7646484375,95.67318725585938,1099.7752685546875,424.1683044433594,743.4140625,3390.790771484375,303.6193542480469,305.0293884277344,37668.1640625,17629.5
2021-09-17,803.3734130859375,1679.2142333984375,724.4207763671875,71.97000122070312,321.2503967285156,945.0376586914062,1749.4000244140625,1621.711181640625,1026.967041015625,740.2859497070312,2496.119873046875,692.7196655273438,1473.0758056640625,73.56490325927734,182.00523376464844,719.993408203125,6698.50439453125,94.96697998046876,1082.722900390625,415.3867492675781,732.80126953125,3325.247314453125,300.6479187011719,303.8418273925781,37811.5078125,17585.150390625
2021-09-20,791.9301147460938,1697.03857421875,725.7517700195312,70.29000091552734,309.97430419921875,923.8328247070312,1761.800048828125,1637.0369873046875,1037.413330078125,729.8518676757812,2567.73291015625,682.9562377929688,1470.0709228515625,73.69609832763672,184.0524444580078,704.6226196289062,6637.33935546875,95.52452087402344,1084.444091796875,400.15618896484375,720.0469360351562,3321.46826171875,291.24664306640625,302.5858154296875,37145.265625,17396.900390625
2021-09-21,791.4325561523438,1753.7060546875,761.9690551757812,70.55999755859375,317.36376953125,939.059326171875,1776.0,1715.3585205078125,1056.39501953125,726.1553955078125,2578.8271484375,684.735595703125,1496.7225341796875,73.65899658203125,190.1547393798828,705.0045166015625,6471.74951171875,100.5051727294922,1089.1318359375,401.3910827636719,727.6614990234375,3355.738525390625,294.1693115234375,304.9151611328125,37235.41796875,17562.0
2021-09-22,784.4669799804688,1756.4482421875,759.9991455078125,72.2300033569336,354.1672058105469,937.6469116210938,1776.699951171875,1941.71435546875,1069.4017333984375,717.6162719726562,2553.198974609375,676.5595092773438,1495.372802734375,73.7927017211914,191.72952270507807,718.4180908203125,6523.31689453125,99.35292053222656,1100.8170166015625,401.4368286132813,732.9915771484375,3355.043212890625,302.1092834472656,305.1664123535156,36944.21875,17546.650390625
2021-09-23,808.1498413085938,1845.104736328125,770.2772827148438,73.30000305175781,385.64447021484375,928.1570434570312,1747.699951171875,2188.720458984375,1079.80712890625,734.6009521484375,2551.18212890625,689.6896362304688,1517.7135009765625,73.8749008178711,190.94212341308597,724.0986938476562,6538.31005859375,102.40078735351562,1127.7203369140625,411.4532775878906,732.753662109375,3361.2119140625,313.215576171875,307.97528076171875,37771.26171875,17822.94921875
2021-09-24,794.1193237304688,1847.313232421875,759.9747314453125,73.9800033569336,393.897705078125,926.8123168945312,1749.699951171875,2180.908203125,1104.1136474609375,749.3632202148438,2518.4931640625,695.4129028320312,1536.264892578125,73.83999633789062,187.7531890869141,744.1475219726562,6639.1064453125,101.1742172241211,1124.459228515625,403.1748352050781,733.3248291015625,3362.992431640625,309.7570495605469,308.9801330566406,37829.859375,17853.19921875
2021-09-27,793.0247192382812,1797.9644775390625,760.1746215820312,75.44999694824219,403.0625305175781,927.06396484375,1750.0,2274.70458984375,1052.8994140625,760.3822021484375,2484.428955078125,702.1943969726562,1499.074462890625,73.81289672851562,187.9500274658203,774.6027221679688,7069.9833984375,104.07341003417967,1143.3685302734375,408.526123046875,726.2814331054688,3333.152587890625,323.1039733886719,298.657958984375,38170.8046875,17855.099609375
2021-09-28,785.3128662109375,1750.0267333984375,735.586181640625,75.29000091552734,393.5138244628906,935.0931396484376,1735.800048828125,2223.452392578125,1031.6007080078125,755.6798095703125,2497.587158203125,689.8338623046875,1469.4176025390625,73.82530212402344,187.2020263671875,769.5427856445312,7089.46337890625,105.70882415771484,1154.057373046875,406.9710388183594,737.7506713867188,3282.94140625,320.8145446777344,292.12664794921875,37944.55859375,17748.599609375
2021-09-29,778.2975463867188,1738.4000244140625,732.8655395507812,74.83000183105469,394.2815551757813,944.3508911132812,1721.5,2298.390380859375,1041.5185546875,745.7603149414062,2462.239501953125,682.4752197265625,1473.9033203125,74.16329956054688,187.4776306152344,775.3187866210938,7051.4560546875,107.6044692993164,1144.90869140625,420.7837219238281,772.2063598632812,3294.017822265625,321.74005126953125,292.65191650390625,37742.5625,17711.30078125
2021-09-30,762.7744140625,1773.599365234375,747.7560424804688,75.02999877929688,400.3754577636719,944.2928466796876,1755.300048828125,2300.778564453125,1040.177001953125,746.2750244140625,2477.368408203125,674.1547241210938,1459.0531005859375,74.3219985961914,185.9421844482422,766.6787109375,7007.5283203125,107.41861724853516,1141.01318359375,414.3804931640625,778.8214721679688,3279.814697265625,324.7601928710937,289.6146240234375,37424.66796875,17618.150390625
2021-10-01,764.3665771484375,1712.878173828125,733.5823364257812,75.87999725341797,400.3754577636719,958.83251953125,1757.0,2222.556884765625,1035.462158203125,740.543212890625,2479.431884765625,665.9783935546875,1450.2998046875,74.25440216064453,185.3122711181641,790.3554077148438,6839.69384765625,108.71953582763672,1143.0289306640625,413.14556884765625,786.76904296875,3240.419189453125,324.71148681640625,290.5965576171875,37225.46484375,17532.05078125
2021-10-04,775.1631469726562,1775.5386962890625,750.3840942382812,77.62000274658203,407.28509521484375,975.6356811523438,1766.199951171875,2326.305419921875,1039.445556640625,741.9703369140625,2463.064697265625,673.529541015625,1462.14501953125,74.152099609375,186.2965087890625,803.0531005859375,6847.33447265625,109.7231216430664,1157.72607421875,423.6651611328125,791.9088134765625,3277.8603515625,333.1872863769531,292.7889404296875,37579.2109375,17691.25
2021-10-05,778.745361328125,1779.6571044921875,753.2266235351562,78.93000030517578,398.887939453125,974.0685424804688,1759.5999755859375,2274.455810546875,1060.9879150390625,746.5089721679688,2483.64990234375,670.5475463867188,1474.3822021484375,74.57279968261719,184.8004913330078,804.8670043945312,6931.32275390625,121.6543426513672,1181.7532958984375,425.0830383300781,780.9629516601562,3329.982421875,336.0613098144531,295.4379577636719,37740.5625,17822.30078125
2021-10-06,775.1134033203125,1756.6329345703125,754.2945556640625,77.43000030517578,391.6424560546875,958.9776000976562,1760.5,2276.04833984375,1036.843994140625,755.6096801757812,2462.927001953125,663.237060546875,1457.6160888671875,74.56320190429688,182.08399963378903,796.3223266601562,6874.98095703125,124.96243286132812,1159.4019775390625,418.2224426269531,762.0219116210938,3310.52294921875,327.3905944824219,290.3682556152344,37521.11328125,17646.0
2021-10-07,773.2723999023438,1742.0396728515625,755.5377807617188,78.30000305175781,405.5577087402344,946.3049926757812,1757.9000244140625,2464.885498046875,1061.9228515625,753.5509643554688,2447.66015625,675.453369140625,1472.814453125,74.76000213623047,183.4225311279297,838.4727783203125,7155.02197265625,119.23841094970705,1165.0860595703125,418.86273193359375,783.5806274414062,3381.7568359375,366.7983093261719,293.65673828125,37752.76171875,17790.349609375
2021-10-08,778.0985717773438,1749.9368896484375,754.0067749023438,79.3499984741211,399.0798950195313,938.1984252929688,1756.300048828125,2348.149658203125,1074.8077392578125,749.8779296875,2420.747802734375,676.607666015625,1501.4259033203125,74.83000183105469,182.4383087158203,838.0431518554688,7095.3369140625,119.6472625732422,1209.857177734375,418.9542236328125,781.8196411132812,3418.893310546875,373.0821228027344,301.96923828125,37774.8125,17895.19921875
2021-10-11,783.27294921875,1766.340087890625,762.285888671875,80.5199966430664,407.7169494628906,946.9337768554688,1754.5999755859375,2357.55419921875,1059.15869140625,764.4529418945312,2425.37841796875,686.1305541992188,1472.77099609375,75.30580139160156,187.438232421875,855.0369262695312,7353.93896484375,122.65792846679688,1201.4327392578125,429.2451477050781,792.432373046875,3201.67529296875,405.036865234375,298.15557861328125,38293.35546875,17945.94921875
2021-10-12,793.2236938476562,1817.0648193359373,766.0548706054688,80.63999938964844,411.6995849609375,950.0197143554688,1758.300048828125,2423.8837890625,1016.4395141601562,762.4877319335938,2453.849365234375,681.6094970703125,1467.7193603515625,75.40260314941406,189.99725341796875,849.7860717773438,7347.25439453125,121.58004760742188,1208.29443359375,441.8229064941406,789.7196655273438,3173.225830078125,410.0055236816406,301.032958984375,38521.05078125,17991.94921875
2021-10-13,790.6862182617188,1813.634765625,773.2271118164062,80.44000244140625,410.2600708007813,953.5311889648438,1793.699951171875,2446.225830078125,1028.633544921875,767.0732421875,2426.8916015625,682.908203125,1488.6661376953125,75.48390197753906,196.21763610839844,892.9866333007812,7145.1376953125,118.9410400390625,1220.5911865234375,440.6337585449219,801.9505004882812,3175.266845703125,493.838134765625,307.1988220214844,38635.30078125,18161.75
2021-10-14,798.0995483398438,1843.6138916015625,766.7520141601562,81.30999755859375,417.3616638183594,959.3839111328124,1796.699951171875,2490.710693359375,1017.0900268554688,789.5323486328125,2429.458740234375,699.5972290039062,1494.3712158203125,75.3062973022461,202.0049743652344,889.2155151367188,7159.2236328125,118.23482513427734,1223.0595703125,448.7749938964844,800.7606811523438,3143.281005859375,484.7778015136719,323.4813842773437,39340.44140625,18338.55078125
2021-10-18,809.2941284179688,1862.4649658203125,767.010498046875,82.44000244140625,423.9354248046875,943.6736450195312,1764.800048828125,2490.760498046875,992.9057006835938,781.53125,2433.539306640625,717.0559692382812,1560.91357421875,75.00589752197266,206.72927856445312,869.6917114257812,7312.1123046875,120.50213623046876,1226.320556640625,455.4984130859375,795.6209106445312,3174.353271484375,496.4685668945313,324.16650390625,39684.33984375,18477.05078125
2021-10-19,797.7015380859375,1902.2113037109373,754.6991577148438,82.95999908447266,397.73638916015625,929.0276489257812,1769.699951171875,2378.851318359375,1001.6035766601562,790.1405639648438,2335.244140625,718.979736328125,1587.0426025390625,75.2354965209961,193.6586151123047,875.9450073242188,7310.82373046875,117.90028381347656,1237.3037109375,446.57958984375,787.4828491210938,3163.038330078125,469.4823303222656,324.9886169433594,39540.0390625,18418.75
2021-10-20,800.8360595703125,1855.0111083984373,756.8494262695312,83.87000274658203,396.2969055175781,919.76025390625,1784.0999755859375,2298.58935546875,1002.2542114257812,783.1923217773438,2272.75537109375,717.4406127929688,1569.7972412109375,75.12010192871094,194.17044067382807,858.6170654296875,7248.84619140625,115.14978790283205,1223.0595703125,457.28216552734375,775.6328735351562,3141.01806640625,474.3534851074219,320.6040344238281,39517.73828125,18266.599609375
2021-10-21,803.8212280273438,1852.6580810546875,754.5040893554688,82.5,390.6828002929688,899.9774169921875,1781.199951171875,2271.918212890625,992.2554931640624,784.338623046875,2242.587646484375,726.72314453125,1527.3809814453125,74.80919647216797,192.6743927001953,856.3735961914062,7234.044921875,115.2241439819336,1187.7772216796875,460.0721435546875,778.9642333984375,3074.56591796875,494.9097900390625,318.0234375,40029.734375,18178.099609375
2021-10-22,812.6774291992188,1860.490478515625,751.861572265625,83.76000213623047,396.9686279296875,897.2301025390625,1795.5,2339.591064453125,978.5686645507812,786.4207763671875,2250.244384765625,730.37841796875,1497.8985595703125,74.86540222167969,186.2965087890625,847.637939453125,7075.18701171875,116.7480697631836,1189.9964599609375,460.0721435546875,773.3961181640625,3045.277587890625,478.2503967285156,311.6748352050781,40323.1796875,18114.900390625
2021-10-25,840.9374389648438,1803.553466796875,745.6643676757812,83.76000213623047,384.9726867675781,904.7174682617188,1806.0,2268.43505859375,955.1290283203124,775.3081665039062,2251.849365234375,809.6398315429688,1487.2291259765625,74.99369812011719,183.77687072753903,850.3589477539062,6933.56689453125,119.98175811767578,1178.4017333984375,463.3194580078125,774.0148315429688,3040.142578125,467.5338745117188,304.9608764648437,41191.91796875,18125.400390625
2021-10-26,837.7533569335938,1830.0975341796875,766.0450439453125,84.6500015258789,399.0798950195313,902.7924194335938,1792.699951171875,2333.96826171875,956.276123046875,773.3196411132812,2248.15869140625,797.8082885742188,1497.0263671875,75.08989715576172,186.37530517578125,854.0345458984375,6968.66259765625,121.2455062866211,1205.237060546875,468.8536682128906,774.3002319335938,3031.134521484375,495.54302978515625,305.1664123535156,41237.8203125,18268.400390625
2021-10-27,783.6212158203125,1796.0599365234375,729.6231689453125,82.66000366210938,397.6883544921875,902.1152954101562,1797.9000244140625,2371.9345703125,964.7589111328124,768.6640625,2211.02587890625,803.1949462890625,1519.2135009765625,74.88890075683594,187.7531890869141,846.6355590820312,7024.90869140625,117.3799285888672,1189.9964599609375,474.8910217285156,785.34130859375,3037.357666015625,485.070068359375,306.51373291015625,40873.875,18210.94921875
2021-10-28,754.6148071289062,1793.636962890625,729.827880859375,82.80999755859375,380.5582275390625,884.1704711914062,1801.5999755859373,2259.528076171875,944.1466064453124,745.6433715820312,2204.61328125,768.2776489257812,1497.2022705078125,75.05000305175781,177.24151611328125,843.819091796875,7037.7529296875,111.65589141845705,1176.9522705078125,458.6085205078125,768.6846313476562,2978.085205078125,468.65423583984375,300.0281677246094,39508.48828125,17857.25
2021-10-29,738.3453369140625,1777.0294189453125,721.6318359375,83.56999969482422,382.5255432128906,901.4381713867188,1783.0,2222.556884765625,937.3851928710938,740.613525390625,2207.8427734375,771.5000610351562,1465.4376220703125,74.79720306396484,175.74546813964844,844.2010498046875,7145.37646484375,110.80101013183594,1148.713134765625,459.34033203125,756.6917724609375,2957.28369140625,471.2359619140625,295.39227294921875,39115.1484375,17671.650390625
2021-11-01,748.6443481445312,1751.5572509765625,722.9727172851562,84.05000305175781,392.3621826171875,928.9599609375,1795.0999755859375,2334.01806640625,974.6346435546876,751.1177978515625,2220.712890625,773.2796020507812,1493.8192138671875,74.92829895019531,178.61944580078125,830.9305419921875,7272.529296875,113.84886932373048,1149.4151611328125,471.7351684570313,772.6821899414062,3025.738037109375,473.1844482421875,299.36590576171875,39763.2890625,17929.650390625
2021-11-02,752.1271362304688,1749.25390625,727.0097045898438,83.91000366210938,412.7072448730469,918.2510986328124,1788.699951171875,2338.546142578125,959.431640625,751.7962646484375,2231.598876953125,770.44189453125,1491.9302978515625,74.82990264892578,177.63523864746094,822.4814453125,7440.79296875,113.70018768310548,1132.6572265625,477.2236633300781,776.1087646484375,3032.52685546875,475.2790222167969,298.6122741699219,39937.984375,17888.94921875
2021-11-03,746.9029541015625,1745.9481201171875,732.948486328125,80.86000061035156,412.3233947753906,923.1943969726562,1763.5999755859375,2416.76806640625,964.1031494140624,739.9584350585938,2224.6337890625,756.0133056640625,1495.97216796875,74.71199798583984,175.15493774414062,810.5475463867188,7385.8828125,112.99397277832033,1124.8670654296875,482.6664123535156,749.9815673828125,3039.53369140625,472.405029296875,298.0185546875,39401.59375,17829.19921875
2021-11-04,749.241455078125,1754.37939453125,733.8115234375,78.80999755859375,412.3233947753906,922.1303100585938,1793.0,2418.2109375,969.6351928710938,745.8071899414062,2235.24267578125,752.3098754882812,1501.4200439453125,74.43550109863281,178.3832550048828,833.3173217773438,7398.43994140625,113.03115844726562,1131.7738037109375,485.2276611328125,757.1201782226562,3053.807373046875,477.0813598632813,298.56658935546875,39573.23828125,17916.80078125
2021-11-08,747.3507080078125,1826.7471923828125,748.2973022460938,81.93000030517578,424.3673095703125,926.5027465820312,1827.4000244140625,2435.02978515625,969.4302368164062,748.7549438476562,2243.591796875,750.4342041015625,1526.726318359375,74.19110107421875,180.9422607421875,820.572021484375,7338.4697265625,115.14978790283205,1133.1781005859375,478.6414489746094,761.4508666992188,3048.671875,488.4798889160156,300.6903991699219,39437.79296875,18068.55078125
2021-11-09,741.3803100585938,1812.064208984375,738.9213256835938,84.1500015258789,419.7608642578125,927.1992797851562,1830.199951171875,2409.30419921875,961.193359375,735.6536865234375,2242.900146484375,756.5904541015625,1531.1199951171875,73.91850280761719,180.11550903320312,851.7432250976562,7236.24072265625,116.4507064819336,1142.1231689453125,484.0385437011719,762.7357177734375,3051.2392578125,496.5172729492188,300.7360534667969,39368.34375,18044.25
2021-11-10,745.6591186523438,1827.3853759765625,739.306396484375,81.33999633789062,416.977783203125,934.3578491210938,1847.5999755859373,2358.250732421875,958.2020263671876,727.6995239257812,2214.300537109375,751.1557006835938,1529.0548095703125,74.17479705810547,181.76904296875,877.9976806640625,7173.30908203125,117.2312469482422,1154.8955078125,479.6934814453125,772.0159912109375,3032.614013671875,497.58892822265625,298.0641784667969,39022.796875,18017.19921875
2021-11-11,734.4148559570312,1782.03515625,726.7514038085938,81.58999633789062,399.2238464355469,931.5718994140624,1863.199951171875,2281.770751953125,951.276611328125,724.4475708007812,2192.204833984375,742.0655517578125,1523.0360107421875,74.40489959716797,181.09976196289065,882.86669921875,7117.73095703125,114.10905456542967,1157.0015869140625,466.1551818847656,756.5490112304688,3036.008056640625,490.47705078125,293.1314697265625,38559.75,17873.599609375
2021-11-12,732.424560546875,1822.165283203125,739.0772094726562,80.79000091552734,411.0758056640625,937.0472412109376,1867.9000244140625,2280.924560546875,960.82470703125,726.6466674804688,2218.72900390625,747.0194091796875,1564.246337890625,74.32209777832031,183.3831787109375,895.32568359375,7142.94140625,114.96395111083984,1174.46142578125,467.7559814453125,767.6377563476562,3068.951171875,493.9842224121094,301.46685791015625,38732.90234375,18102.75
2021-11-15,729.638427734375,1807.8763427734373,734.7036743164062,80.87999725341797,406.94921875,942.9288940429688,1866.0999755859373,2326.50439453125,959.5953979492188,728.6353149414062,2236.99609375,743.8451538085938,1570.3533935546875,74.33999633789062,187.4776306152344,886.3513793945312,7165.14404296875,117.30558776855467,1167.53173828125,463.36517333984375,771.63525390625,3092.66943359375,492.425537109375,300.941650390625,38701.90234375,18109.44921875
2021-11-16,722.5734252929688,1815.778564453125,736.79541015625,80.76000213623047,406.7093200683594,932.0845336914062,1853.5999755859373,2310.8798828125,953.4896850585938,724.3072509765625,2220.297119140625,734.9474487304688,1574.8787841796875,74.43509674072266,185.39105224609372,916.8065795898438,7687.74560546875,116.82240295410156,1140.402099609375,452.8913269042969,759.9755249023438,3095.36669921875,505.6750183105469,302.10626220703125,38306.65625,17999.19921875
2021-11-17,708.8413696289062,1820.33056640625,741.861328125,78.36000061035156,401.09521484375,922.546142578125,1869.699951171875,2211.51025390625,944.515380859375,716.2593383789062,2205.99755859375,732.3021240234375,1570.616943359375,74.45860290527344,188.57997131347656,911.2214965820312,7902.037109375,117.00823974609376,1115.9896240234375,455.6813354492188,753.2177124023438,3065.33984375,516.489013671875,302.2661437988281,38041.109375,17898.650390625
2021-11-18,702.870849609375,1787.0108642578125,729.8961791992188,79.01000213623047,399.1278381347656,903.8082275390624,1861.0,2166.925537109375,918.0840454101562,720.2833862304688,2213.608642578125,733.84130859375,1563.54345703125,74.25980377197266,187.0051727294922,881.8642578125,7751.53564453125,114.70376586914062,1120.201904296875,460.8496398925781,752.5513305664062,3025.12841796875,496.5660095214844,297.5389709472656,37975.80859375,17764.80078125
2021-11-22,683.0191650390625,1702.502685546875,688.2913818359375,76.75,384.3009643554688,891.454833984375,1806.0,2106.02001953125,909.8064575195312,709.0302734375,2203.59912109375,723.3564453125,1545.9696044921875,74.30259704589844,181.8083953857422,860.0491943359375,7510.1708984375,112.96932220458984,1070.5848388671875,444.9330749511719,733.6102294921875,3010.0712890625,473.5740966796875,294.1591186523437,37128.37109375,17416.55078125
2021-11-23,682.27294921875,1731.853759765625,693.7521362304688,78.5,391.4985046386719,896.166015625,1783.5,2166.8759765625,911.8553466796876,709.1239624023438,2208.81103515625,723.2120971679688,1526.19921875,74.42980194091797,182.3595733642578,860.5264892578125,7500.2392578125,113.08494567871094,1080.59423828125,451.0161437988281,747.3639526367188,3015.1630859375,482.7319030761719,293.5882263183594,37272.3671875,17503.349609375
2021-11-24,681.775390625,1735.9022216796875,699.8956298828125,78.38999938964844,387.2279357910156,889.6071166992188,1784.0999755859375,2172.001220703125,917.469482421875,710.293701171875,2190.8671875,731.2440795898438,1490.2606201171875,74.4469985961914,179.28875732421875,852.74560546875,7324.001953125,118.2882308959961,1064.9912109375,451.1076049804688,741.4151611328125,2996.92919921875,476.0583801269531,290.7108154296875,37441.515625,17415.05078125
2021-11-25,676.55126953125,1731.928466796875,694.8736572265625,78.38999938964844,390.8267211914063,888.3592529296875,1784.0999755859375,2228.577880859375,921.854248046875,713.9900512695312,2167.157470703125,722.442626953125,1513.4580078125,74.625,182.12335205078125,850.8362426757812,7231.41796875,119.56016540527344,1129.1016845703125,448.7292785644531,745.1747436523438,2999.191650390625,480.052734375,290.8021850585937,37364.31640625,17536.25
2021-11-26,658.4906005859375,1663.4942626953125,663.7906494140625,68.1500015258789,361.6526794433594,919.1797485351562,1785.300048828125,2085.66845703125,909.7654418945312,697.122314453125,2154.28759765625,694.6915283203125,1486.438232421875,74.50579833984375,176.37538146972656,815.0824584960938,6847.525390625,113.393310546875,1092.709716796875,430.38861083984375,730.3265380859375,3000.0185546875,448.3414916992188,283.8369445800781,36025.08203125,17026.44921875
2021-11-29,647.8930053710938,1684.2200927734375,673.4154052734375,69.94999694824219,359.7333374023437,908.8675537109376,1782.300048828125,2052.180419921875,928.6976928710938,702.432861328125,2149.02880859375,691.0362548828125,1490.5682373046875,74.98159790039062,174.40695190429688,812.2659912109375,6827.47119140625,111.08071899414062,1105.799072265625,425.4489440917969,714.8595581054688,3048.01953125,449.5592651367188,288.0160217285156,35976.03125,17053.94921875
2021-11-30,652.4207153320312,1718.8160400390625,682.3380737304688,66.18000030517578,359.6853332519531,904.659423828125,1773.5999755859375,1987.094970703125,933.2052612304688,698.8301391601562,2138.096435546875,687.1404418945312,1504.890869140625,75.05490112304688,174.13133239746094,797.658935546875,6749.45068359375,109.53902435302734,1089.44873046875,421.2868347167969,717.2866821289062,3071.64990234375,446.7827453613281,291.0533447265625,35694.88671875,16983.19921875
2021-12-01,676.2526245117188,1733.334716796875,686.3800659179688,65.56999969482422,367.650634765625,891.2130126953125,1781.5999755859375,1957.040283203125,947.9983520507812,704.0237426757812,2163.28271484375,699.9819946289062,1506.8680419921875,75.0509033203125,174.72189331054688,796.8952026367188,6945.6474609375,109.65462493896484,1117.3486328125,434.7793273925781,709.4342041015625,3113.993408203125,463.0036926269531,289.934326171875,36364.4765625,17166.900390625
2021-12-02,672.7698974609375,1770.747314453125,700.2077026367188,66.5,369.52197265625,902.1249389648438,1760.699951171875,2011.029296875,970.9464111328124,713.896484375,2198.75537109375,694.8839111328125,1536.1722412109375,75.01789855957031,177.51710510253906,811.0726318359375,6995.01904296875,111.00363159179688,1124.5272216796875,436.3344421386719,729.3270874023438,3170.65380859375,466.7544860839844,295.4151611328125,36507.82421875,17401.650390625
2021-12-03,669.6851806640625,1743.87939453125,689.359130859375,66.26000213623047,370.6256103515625,889.3071899414062,1782.0,2010.38232421875,960.04638671875,708.188232421875,2162.17529296875,689.0162963867188,1525.0126953125,74.9834976196289,174.5250244140625,799.0432739257812,6884.00439453125,112.46826171875,1090.7396240234375,432.8126525878906,715.5734252929688,3168.521728515625,467.7287292480469,292.65191650390625,36196.7265625,17196.69921875
2021-12-06,659.833984375,1684.524169921875,677.901123046875,69.48999786376953,361.3168029785156,870.3853759765625,1777.5,1952.0145263671875,931.4842529296876,703.6260986328125,2127.90234375,682.5233154296875,1489.6456298828125,75.23400115966797,171.57232666015625,784.9136352539062,6725.625,110.50257873535156,1070.06396484375,425.63189697265625,701.62939453125,3077.959716796875,455.1611022949219,285.22998046875,35735.484375,16912.25
2021-12-07,683.6162719726562,1706.0177001953125,692.6649169921875,72.05000305175781,375.4239807128906,874.641845703125,1782.5999755859375,1990.5284423828125,942.2205200195312,713.8729858398438,2141.832763671875,706.667236328125,1504.01220703125,75.39129638671875,173.73764038085938,788.54150390625,6862.89990234375,112.46826171875,1078.782470703125,436.05999755859375,707.86376953125,3119.823974609375,469.3848876953125,288.83819580078125,36617.97265625,17176.69921875
2021-12-08,693.66650390625,1757.1363525390625,717.8580322265625,72.36000061035156,381.661865234375,884.3156127929688,1783.4000244140625,2032.9732666015625,960.210205078125,727.0210571289062,2159.36181640625,724.703125,1540.653564453125,75.40859985351562,177.1234130859375,802.6712036132812,7100.015625,114.3954086303711,1095.2008056640625,449.6440124511719,721.0463256835938,3156.72802734375,481.1731262207031,293.0857849121094,37284.265625,17469.75
2021-12-09,690.531982421875,1754.638671875,725.5421752929688,70.94000244140625,382.5255432128906,888.8719482421875,1774.5999755859375,2034.5157470703125,957.7105712890624,714.4111328125,2158.57763671875,726.2421264648438,1549.5281982421875,75.38330078125,185.35166931152344,812.5523681640625,7087.45849609375,113.58601379394533,1112.5701904296875,446.9912109375,723.1403198242188,3134.838623046875,481.2218627929688,293.7709045410156,37082.01953125,17516.849609375
2021-12-10,684.6610717773438,1766.055908203125,726.7318725585938,71.66999816894531,402.1988220214844,888.6881713867188,1782.9000244140625,2089.101806640625,952.5059814453124,712.399169921875,2152.165771484375,729.1278686523438,1545.8377685546875,75.59919738769531,185.9028167724609,820.762939453125,7091.18310546875,113.7401885986328,1113.70263671875,452.52545166015625,724.6632080078125,3165.344970703125,481.7089538574219,291.51007080078125,37105.21875,17511.30078125
2021-12-13,700.5325317382812,1727.456298828125,703.9376831054688,71.29000091552734,397.4964294433594,889.94580078125,1786.300048828125,2056.409912109375,949.9653930664062,707.065185546875,2125.91845703125,725.2802734375,1533.009033203125,75.70999908447266,184.7217559814453,804.9147338867188,7177.8447265625,112.50680541992188,1091.3736572265625,446.2137145996094,725.8529052734375,3141.7138671875,482.5858154296875,294.77569580078125,36924.8203125,17368.25
2021-12-14,707.3985595703125,1707.463623046875,689.0325317382812,70.7300033569336,400.18353271484375,898.9906616210938,1770.4000244140625,2072.482177734375,952.6290893554688,702.9944458007812,2138.788818359375,729.7531127929688,1539.5989990234375,75.82689666748047,179.99742126464844,798.9478149414062,7155.64208984375,113.2391357421875,1078.0125732421875,446.8997497558594,719.6187133789062,3154.029541015625,476.7890930175781,295.4608459472656,36893.51953125,17324.900390625
2021-12-15,708.9906616210938,1661.315673828125,667.710693359375,70.87000274658203,394.4255065917969,890.04248046875,1762.5999755859375,2003.217041015625,941.6058349609376,701.8482055664062,2141.2333984375,723.5969848632812,1523.8265380859375,76.04720306396484,176.41476440429688,807.8743896484375,7227.0732421875,110.965087890625,1074.864990234375,443.4694519042969,737.7506713867188,3107.509033203125,478.9810791015625,290.6651306152344,36789.125,17221.400390625
2021-12-16,706.1546630859375,1665.5684814453125,685.4195556640625,72.37999725341797,388.8114013671875,889.4716796875,1796.5999755859375,1988.98583984375,950.498291015625,701.8949584960938,2130.670166015625,712.919677734375,1556.689697265625,76.2114028930664,175.50927734375,814.6527709960938,7115.19970703125,112.04432678222656,1088.7691650390625,440.1306457519531,727.6138305664062,3117.300048828125,479.27337646484375,294.2733154296875,36548.22265625,17248.400390625
2021-12-17,685.5068969726562,1615.7958984375,672.9619750976562,70.86000061035156,374.46429443359375,874.1098022460938,1803.800048828125,1875.6336669921875,960.04638671875,689.2382202148438,2057.556640625,700.55908203125,1599.965087890625,76.1675033569336,171.61167907714844,796.7997436523438,6967.9453125,107.45767974853516,1060.0318603515625,427.9187316894531,731.89697265625,3119.69384765625,458.0838623046875,306.3767395019531,35618.234375,16985.19921875
2021-12-20,671.0285034179688,1578.1038818359375,646.9302368164062,68.2300033569336,351.9119567871094,882.380859375,1793.699951171875,1797.461669921875,950.6211547851562,667.059814453125,2093.398193359375,682.908203125,1580.677978515625,76.00599670410156,167.24166870117188,777.419189453125,6958.396484375,103.29503631591795,1031.45263671875,410.9044799804688,727.1380615234375,3095.802001953125,435.53033447265625,304.16162109375,34439.453125,16614.19921875
2021-12-21,662.5703735351562,1578.6771240234375,641.410888671875,71.12000274658203,357.8619384765625,894.028076171875,1787.9000244140625,1809.50341796875,987.5839233398438,674.6163940429688,2096.85791015625,692.9119262695312,1591.83740234375,75.75869750976562,167.3204345703125,775.414306640625,6985.66015625,104.87530517578124,1046.8065185546875,407.9772644042969,741.034423828125,3140.53955078125,441.91162109375,315.5114440917969,34607.44921875,16770.849609375
2021-12-22,666.0531616210938,1590.03955078125,660.2947387695312,72.76000213623047,362.0365295410156,899.3679809570312,1801.5999755859373,1843.4891357421875,1002.1722412109376,676.207275390625,2101.285888671875,704.8877563476562,1603.34814453125,75.6864013671875,166.92674255371094,781.6199340820312,7089.3681640625,105.45343780517578,1071.6490478515625,416.987548828125,759.0712890625,3160.0791015625,458.3761291503906,313.1592102050781,35029.09375,16955.44921875
2021-12-23,675.4566040039062,1612.3756103515625,674.5856323242188,73.79000091552734,368.2264099121094,908.3258666992188,1811.199951171875,1866.8760986328125,1005.9829711914062,675.6925659179688,2122.505126953125,703.44482421875,1632.2572021484375,75.45850372314453,171.0999298095703,789.4006958007812,7054.41650390625,108.30562591552734,1071.2640380859375,422.4302673339844,754.2646484375,3187.88720703125,460.1784362792969,317.2241516113281,35190.73828125,17072.599609375
2021-12-24,664.2122192382812,1587.5118408203125,668.1739501953125,73.79000091552734,364.2917785644531,897.4622192382812,1811.199951171875,1819.903076171875,1036.922119140625,673.2594604492188,2119.091796875,699.4048461914062,1637.4412841796875,75.06739807128906,171.6510772705078,775.8438720703125,6987.52197265625,106.76390075683594,1074.6837158203125,417.9937438964844,747.5545043945312,3195.02392578125,455.5508728027344,319.0054626464844,34856.64453125,17003.75
2021-12-27,668.8394165039062,1596.740478515625,671.9527587890625,75.56999969482422,367.1708068847656,916.47119140625,1808.0999755859373,1830.9498291015625,1038.5609130859375,678.8275146484375,2123.197265625,707.9659423828125,1639.7698974609375,75.31500244140625,171.29672241210938,781.4766845703125,6961.1650390625,105.87744903564452,1073.5286865234375,418.99993896484375,755.8351440429688,3216.957275390625,459.0093688964844,319.5306396484375,35057.4921875,17086.25
2021-12-28,672.1231079101562,1605.4903564453125,673.5031127929688,75.9800033569336,370.2417297363281,917.8060913085938,1810.199951171875,1846.822998046875,1052.248291015625,683.5064697265625,2130.301025390625,707.7734985351562,1658.9693603515625,74.98030090332031,173.2652130126953,800.7140502929688,6968.7578125,107.5347671508789,1086.2783203125,421.8814697265625,775.8232421875,3226.052734375,467.826171875,322.2026062011719,35183.390625,17233.25
2021-12-29,667.197509765625,1620.26806640625,673.9907836914062,76.55999755859375,370.1457824707031,935.0931396484376,1805.0999755859373,1849.4105224609373,1058.8046875,680.2545166015625,2128.224853515625,707.67724609375,1656.8165283203125,74.74500274658203,170.6668243408203,794.9857177734375,7018.9873046875,107.07225036621094,1088.13525390625,415.6611328125,798.3812255859375,3215.739013671875,463.734375,321.4032592773437,35044.9921875,17213.599609375
2021-12-30,665.5556030273438,1612.1412353515625,670.03662109375,76.98999786376953,363.9078979492188,948.9362182617188,1812.699951171875,1831.5965576171875,1079.416748046875,683.833984375,2145.523193359375,707.67724609375,1663.2308349609375,74.57029724121094,170.07627868652344,791.7398071289062,6954.24169921875,108.30562591552734,1068.4786376953125,413.19134521484375,794.2408447265625,3249.726318359375,458.2786865234375,326.1532897949219,35063.1953125,17203.94921875
2021-12-31,675.2078247070312,1635.9381103515625,680.392578125,75.20999908447266,374.7042236328125,949.3812255859376,1827.5,1862.7958984375,1081.096923828125,692.2094116210938,2177.397705078125,711.9578247070312,1658.749755859375,74.43119812011719,171.6904296875,799.2342529296875,7091.947265625,109.7702407836914,1072.57763671875,421.1954040527344,804.94873046875,3253.73046875,469.9694519042969,326.7242126464844,35481.28515625,17354.05078125
2022-01-03,692.920166015625,1693.2841796875,704.0205688476562,76.08000183105469,378.8307800292969,938.962646484375,1799.4000244140625,1894.4427490234373,1086.875,711.0422973632812,2178.458984375,735.57275390625,1668.151611328125,74.51380157470703,172.51718139648438,792.2171020507812,7185.00732421875,110.27130889892578,1088.7467041015625,430.6629638671875,808.0420532226562,3322.83740234375,484.7778015136719,328.2543029785156,36421.4765625,17625.69921875
2022-01-04,705.6571655273438,1708.655029296875,716.0538940429688,76.98999786376953,378.54290771484375,935.5380859375,1814.0,1881.2069091796875,1092.8577880859375,715.2066650390625,2215.315673828125,743.4122314453125,1668.766845703125,74.4032974243164,173.42266845703125,794.17431640625,7286.423828125,113.93289947509766,1113.3175048828125,442.2802734375,797.3341064453125,3381.1513671875,476.9839477539063,329.5331420898437,36839.71875,17805.25
2022-01-05,723.3197021484375,1793.70654296875,748.0194091796875,77.8499984741211,385.83636474609375,926.822021484375,1824.5999755859373,1911.4605712890625,1074.2535400390625,732.1912841796875,2228.738525390625,758.0332641601562,1620.8780517578125,74.53489685058594,173.65892028808594,801.477783203125,7425.13134765625,115.89857482910156,1118.5260009765625,450.4215087890625,794.8594970703125,3360.43701171875,477.1300354003906,325.8792724609375,37695.4609375,17925.25
2022-01-06,726.7030029296875,1793.517333984375,755.5719604492188,79.45999908447266,382.8614807128906,916.9644775390624,1788.699951171875,1894.39306640625,1053.0675048828125,720.4470825195312,2206.228271484375,755.1475219726562,1597.28515625,74.43009948730469,172.2022705078125,801.8119506835938,7527.07373046875,116.2454605102539,1094.4761962890625,449.7812194824219,789.6244506835938,3313.87255859375,476.2532348632813,322.339599609375,37489.8125,17745.900390625
2022-01-07,727.00146484375,1770.622802734375,746.9027709960938,78.9000015258789,384.4449157714844,910.9570922851562,1797.0,1882.4010009765625,1057.6983642578125,725.5003662109375,2229.061767578125,763.0352172851562,1594.2098388671875,74.41929626464844,171.9660186767578,791.453369140625,7549.89697265625,121.06333923339844,1103.30810546875,449.36956787109375,789.005859375,3353.952880859375,477.9581298828125,324.9657592773437,37739.1640625,17812.69921875
2022-01-10,739.1414184570312,1774.8009033203125,753.9191284179688,78.2300033569336,391.4985046386719,909.1481323242188,1798.4000244140625,1912.2567138671875,1055.68994140625,729.5242919921875,2220.666748046875,779.86865234375,1626.238037109375,74.2699966430664,175.82423400878906,803.8168334960938,7759.60595703125,122.06546783447266,1104.2139892578125,460.7124633789063,786.8642578125,3376.886474609375,490.72064208984375,316.7445678710937,38347.453125,18003.30078125
2022-01-11,739.589111328125,1774.87060546875,747.9267578125,81.22000122070312,392.3621826171875,903.382568359375,1818.5999755859373,1904.04638671875,1101.2174072265625,732.6826171875,2217.529296875,779.7725219726562,1630.5,74.05699920654297,174.76124572753906,803.291748046875,7777.033203125,124.0696792602539,1112.16259765625,462.8163757324219,792.2896728515625,3408.262939453125,488.3824462890625,317.0414733886719,38441.75390625,18055.75
2022-01-12,743.1714477539062,1788.411865234375,758.1317138671875,82.63999938964844,400.7113342285156,908.0549926757812,1827.199951171875,1946.6903076171875,1108.183837890625,728.3545532226562,2226.2939453125,792.3734130859375,1649.6990966796875,73.81529998779297,175.3911590576172,840.6685791015625,7802.7216796875,127.15314483642578,1141.8514404296875,466.749755859375,795.906494140625,3359.523681640625,494.17913818359375,315.7625732421875,38727.1015625,18212.349609375
2022-01-13,737.0517578125,1817.2991943359373,761.4326171875,82.12000274658203,394.2335510253906,914.3526000976562,1821.199951171875,1920.6163330078125,1093.513427734375,714.94921875,2227.2626953125,793.2872924804688,1666.7017822265625,73.79910278320312,176.33604431152344,855.4189453125,7713.2421875,126.38225555419922,1148.2828369140625,467.7559814453125,823.7946166992188,3392.596923828125,498.7579956054688,296.76251220703125,38469.50390625,18257.80078125
2022-01-14,718.1453247070312,1815.7735595703125,763.7583618164062,83.81999969482422,400.5194396972656,907.242431640625,1816.5,1954.9005126953125,1095.9310302734375,722.9737548828125,2180.672607421875,788.7662963867188,1695.30322265625,73.97229766845703,175.2730712890625,841.2891235351562,7720.0703125,124.14678955078124,1149.9586181640625,465.01177978515625,818.3216552734375,3453.739990234375,496.7608337402344,292.218017578125,38369.953125,18255.75
2022-01-17,709.1399536132812,1831.81787109375,765.7476806640625,83.81999969482422,406.7093200683594,903.991943359375,1816.5,1968.43505859375,1031.635986328125,711.907958984375,2204.521484375,788.0929565429688,1704.221923828125,74.37899780273438,176.8478240966797,860.0014038085938,7893.20458984375,127.84689331054688,1155.9595947265625,470.1800842285156,812.0874633789062,3498.128662109375,511.4716796875,295.3466491699219,38215.703125,18308.099609375
2022-01-18,721.6281127929688,1810.1746826171875,755.1575317382812,85.43000030517578,387.6117858886719,908.0840454101562,1812.300048828125,1893.8955078125,999.6725463867188,715.5341186523438,2186.0244140625,791.7482299804688,1687.7464599609375,74.25509643554688,173.8163604736328,851.7432250976562,7558.63427734375,126.30516815185548,1142.1683349609375,463.5938720703125,805.9005737304688,3473.27978515625,497.63763427734375,289.2492370605469,38209.85546875,18113.05078125
2022-01-19,726.00634765625,1802.5712890625,738.3653564453125,86.95999908447266,391.786376953125,906.4201049804688,1843.0999755859373,1842.2947998046875,982.8302001953124,710.4807739257812,2131.038818359375,777.8004760742188,1640.560791015625,74.61969757080078,173.50143432617188,853.8912963867188,7654.65625,131.23867797851562,1142.0777587890625,471.8265686035156,798.095703125,3413.16259765625,507.42864990234375,283.6999816894531,38040.91015625,17938.400390625
2022-01-20,725.3098754882812,1720.9698486328125,734.3136596679688,86.9000015258789,391.4025268554688,888.3495483398438,1842.5,1858.0189208984373,971.3837280273438,706.0592041015625,2086.66357421875,779.3876342773438,1602.4697265625,74.44920349121094,172.24160766601562,840.6209106445312,7674.37548828125,128.6177520751953,1122.0816650390625,467.8017272949219,780.4871215820312,3336.348876953125,502.4114074707031,280.9823913574219,37850.41015625,17757.0
2022-01-21,708.9906616210938,1628.858642578125,719.0525512695312,85.13999938964844,379.1666870117188,869.89208984375,1831.800048828125,1790.1966552734375,965.267822265625,711.9547119140625,2145.338623046875,773.8566284179688,1569.0791015625,74.45220184326172,170.90306091308594,835.5609130859375,7820.72314453125,126.15099334716795,1122.2626953125,459.8434448242188,769.779296875,3342.408447265625,488.9182739257813,276.7964782714844,37573.86328125,17617.150390625
2022-01-24,701.1295776367188,1566.232666015625,675.9507446289062,83.30999755859375,356.9982604980469,844.39208984375,1841.699951171875,1647.9344482421875,929.6887817382812,695.6016845703125,2107.6982421875,768.0372314453125,1526.1114501953125,74.41320037841797,166.7692413330078,815.9893798828125,7689.60693359375,127.73127746582033,1076.993408203125,452.0223388671875,762.2598876953125,3288.22021484375,466.1212768554688,262.0199584960937,36947.12109375,17149.099609375
2022-01-25,748.4950561523438,1548.4635009765625,679.0713500976562,85.5999984741211,364.9155578613281,851.8408203125,1852.699951171875,1631.06591796875,928.6968994140624,696.2567138671875,2147.04541015625,771.115234375,1513.2384033203125,74.6447982788086,168.7377166748047,815.7984008789062,8215.1201171875,127.30730438232422,1074.887451171875,470.774658203125,769.1128540039062,3286.95556640625,477.909423828125,257.4223022460937,37706.3125,17277.94921875
2022-01-27,770.0385131835938,1531.601806640625,666.7112426757812,86.61000061035156,359.06158447265625,823.496826171875,1793.300048828125,1602.205322265625,890.7210083007812,690.127197265625,2117.61572265625,764.3818969726562,1474.971435546875,74.8949966430664,168.97393798828125,819.1876220703125,8422.9189453125,127.73127746582033,1058.96728515625,483.8555603027344,772.9678344726562,3181.76171875,481.6602478027344,249.2105865478516,37981.66015625,17110.150390625
2022-01-28,760.9335327148438,1515.537841796875,669.6610107421875,86.81999969482422,363.0921936035156,816.1930541992188,1784.9000244140625,1624.248779296875,892.9522094726562,684.6527709960938,2106.729248046875,751.3961181640625,1481.649658203125,75.20929718017578,171.3361053466797,830.2622680664062,8165.796875,130.1209259033203,1057.9483642578125,478.8244323730469,787.4828491210938,3217.3349609375,484.4855346679688,252.59588623046875,37688.9609375,17101.94921875
2022-01-31,769.242431640625,1564.4776611328125,682.630615234375,88.1500015258789,375.1360473632813,832.4837036132812,1795.0,1706.8994140625,908.6138916015624,695.1571655273438,2097.68798828125,758.7547607421875,1525.5841064453125,75.03900146484375,173.38333129882812,845.6807861328125,8210.0595703125,133.0501708984375,1080.93408203125,492.4084167480469,794.2883911132812,3257.61669921875,504.4085388183594,261.9513244628906,37974.91015625,17339.849609375
2022-02-01,778.0488891601562,1585.8468017578125,684.0299682617188,88.19999694824219,388.4754943847656,833.7703247070312,1800.300048828125,1713.21875,936.2178344726562,700.4443359375,2127.1181640625,779.435791015625,1557.0850830078125,74.55580139160156,179.32810974121094,830.3099975585938,8173.8671875,131.77828979492188,1077.35595703125,486.919921875,848.77978515625,3313.7666015625,491.30511474609375,263.8041687011719,38505.05078125,17576.849609375
2022-02-02,800.139404296875,1665.8326416015625,706.7364501953125,88.26000213623047,383.4371948242188,854.25927734375,1809.199951171875,1773.626708984375,967.7472534179688,716.4465942382812,2147.64501953125,782.75439453125,1570.3094482421875,74.74549865722656,182.79263305664065,829.975830078125,8131.705078125,132.04806518554688,1079.552490234375,493.7804870605469,847.7327270507812,3362.200439453125,493.35101318359375,268.9964599609375,39330.04296875,17780.0
2022-02-03,795.6118774414062,1630.144775390625,693.3963012695312,90.2699966430664,386.988037109375,846.3848266601562,1803.0,1659.826904296875,956.0116577148438,709.0302734375,2120.198486328125,778.13720703125,1527.6490478515625,74.82240295410156,184.6036376953125,817.4214477539062,8206.57421875,129.11883544921875,1065.6025390625,494.054931640625,840.9747924804688,3334.648193359375,491.4999694824219,264.5360412597656,39009.546875,17560.19921875
2022-02-04,794.6168212890625,1615.950439453125,698.0526123046875,92.30999755859376,383.3892517089844,841.9930419921875,1806.5999755859373,1499.651123046875,961.838134765625,713.07763671875,2127.99462890625,774.3857421875,1529.8895263671875,74.6438980102539,184.4855194091797,803.5781860351562,8165.4140625,130.7375946044922,1055.887451171875,485.0904235839844,850.873779296875,3326.19140625,487.7004699707031,261.5624694824219,38788.90234375,17516.30078125
2022-02-07,785.7108154296875,1566.6514892578125,675.8386840820312,91.31999969482422,371.5372619628906,833.721923828125,1820.5999755859373,1554.038330078125,956.507568359375,686.945556640625,2082.788818359375,756.4461669921875,1506.955810546875,74.64219665527344,181.2572326660156,791.9307250976562,8128.267578125,132.66476440429688,1049.4561767578125,487.7890319824219,844.3062133789062,3294.89013671875,481.8551025390625,254.814697265625,37995.0078125,17213.599609375
2022-02-08,794.6168212890625,1594.3524169921875,687.969482421875,89.36000061035156,369.0420837402344,836.188720703125,1826.5999755859373,1543.738037109375,960.3092041015624,683.9976806640625,2089.01611328125,762.3137817382812,1508.976806640625,74.6583023071289,182.08399963378903,794.365234375,8212.1123046875,128.69483947753906,1067.09716796875,486.0509338378906,851.0164184570312,3263.894775390625,480.052734375,256.3014831542969,38028.0078125,17266.75
2022-02-09,799.8906860351562,1621.140625,694.0496215820312,89.66000366210938,370.76959228515625,845.2433471679688,1835.199951171875,1539.70751953125,975.9707641601562,700.7251586914062,2101.285888671875,772.2214965820312,1526.550537109375,74.69519805908203,181.2178649902344,802.1461181640625,8546.3486328125,126.38225555419922,1079.52978515625,489.6184692382813,850.3929443359375,3278.8037109375,488.333740234375,260.2815246582031,38609.80078125,17463.80078125
2022-02-10,805.8113403320312,1634.681884765625,695.9658203125,89.87999725341797,375.3759765625,845.6207275390625,1836.199951171875,1569.1153564453125,983.7808227539062,713.59228515625,2106.3603515625,774.818603515625,1554.9322509765625,74.80889892578125,182.8713836669922,814.4141845703125,8408.833984375,130.3521728515625,1078.4202880859375,494.4665832519531,857.9236450195312,3287.34814453125,494.3739929199219,262.4316711425781,39010.49609375,17605.849609375
2022-02-11,799.8408813476562,1606.7119140625,683.7373657226562,93.0999984741211,363.3321228027344,836.856201171875,1840.800048828125,1552.9434814453125,961.7551879882812,710.6680297851562,2083.157958984375,760.6785278320312,1512.535400390625,75.53839874267578,183.02886962890625,814.9869384765625,8343.6103515625,129.61988830566406,1076.314208984375,484.4501037597656,844.3012084960938,3221.607177734375,485.9955749511719,256.8504638671875,38516.80078125,17374.75
2022-02-14,769.5408935546875,1562.942138671875,661.7330932617188,95.45999908447266,340.7317810058594,813.484375,1868.0,1465.1180419921875,947.4989013671876,689.5423583984375,2055.98828125,724.9916381835938,1478.134765625,75.34100341796875,176.9430389404297,787.6823120117188,7989.55908203125,128.11671447753906,1059.171142578125,458.6542663574219,829.6714477539062,3255.4365234375,459.3016662597656,247.8152618408203,36908.12109375,16842.80078125
2022-02-15,793.0247192382812,1632.8521728515625,696.4583129882812,92.06999969482422,356.5663757324219,827.5984497070312,1854.800048828125,1546.8231201171875,965.7640380859376,710.1766967773438,2112.77197265625,746.4903564453125,1527.38525390625,75.6854019165039,179.805419921875,815.8938598632812,8234.3154296875,126.5364227294922,1095.1326904296875,480.0593566894531,841.1354370117188,3328.7197265625,491.0128784179688,257.7196655273437,38169.65625,17352.44921875
2022-02-16,793.1242065429688,1622.6014404296875,689.2957763671875,93.66000366210938,353.015625,835.1245727539062,1870.199951171875,1579.266357421875,965.14404296875,709.217529296875,2109.450927734375,734.9474487304688,1523.0360107421875,75.17479705810547,179.60382080078125,825.1068725585938,8196.35546875,129.92820739746094,1092.8682861328125,472.6499328613281,833.5088500976562,3324.621826171875,485.60589599609375,257.9713134765625,37953.359375,17322.19921875
2022-02-17,778.9443969726562,1613.5023193359375,690.6463012695312,91.76000213623048,350.8563537597656,832.1354370117188,1900.699951171875,1598.523193359375,961.2183837890624,704.889404296875,2128.87109375,721.769287109375,1515.5670166015625,75.04199981689453,179.52320861816406,823.1973876953125,8167.2294921875,132.39492797851562,1106.7049560546875,469.2196350097656,827.465087890625,3299.424072265625,487.0672302246094,258.4288024902344,37531.2109375,17304.599609375
2022-02-18,783.521728515625,1605.0616455078125,685.5414428710938,91.06999969482422,345.1462707519531,836.0339965820312,1898.5999755859373,1561.452392578125,962.829833984375,707.6266479492188,2133.483642578125,720.3745727539062,1499.8822021484375,75.06300354003906,178.91847229003906,813.4116821289062,8183.12841796875,129.42715454101562,1098.0543212890625,471.3692321777344,827.8009643554688,3307.881103515625,480.44244384765625,257.30792236328125,37598.7109375,17276.30078125
2022-02-21,784.964599609375,1596.6556396484375,683.2254638671875,91.06999969482422,332.526611328125,831.6033935546875,1898.5999755859373,1579.5648193359375,962.623291015625,712.1886596679688,2117.108642578125,725.713134765625,1520.751220703125,74.68240356445312,175.77391052246094,803.0053100585938,8224.7666015625,127.2849578857422,1086.957763671875,468.2134094238281,809.5256958007812,3242.925537109375,481.7089538574219,261.1278686523437,37685.1640625,17206.650390625
2022-02-22,775.3123779296875,1614.3250732421875,683.7130737304688,92.3499984741211,311.2698669433594,816.173828125,1906.0999755859373,1548.9627685546875,950.0612182617188,706.8546142578125,2094.18212890625,722.68310546875,1523.9583740234375,74.51699829101562,173.2340545654297,814.6050415039062,8234.41015625,128.49240112304688,1082.0208740234375,455.9100341796875,811.3963623046875,3126.963134765625,465.9263916015625,258.085693359375,37371.21484375,17092.19921875
2022-02-23,773.3720092773438,1608.7559814453125,686.9506225585938,92.0999984741211,330.3193664550781,812.7782592773438,1909.199951171875,1589.16845703125,952.912353515625,702.2692260742188,2085.371826171875,716.23828125,1531.4273681640625,74.62300109863281,174.1209716796875,811.78857421875,8307.0341796875,125.2206573486328,1075.249755859375,456.1844482421875,806.0722045898438,3107.2587890625,464.7085876464844,259.43524169921875,37391.6171875,17063.25
2022-02-24,726.7030029296875,1520.1695556640625,646.3110961914062,92.80999755859376,307.5750732421875,791.7958984375,1925.0999755859373,1444.318603515625,907.911376953125,664.1354370117188,2003.2633056640625,680.4552612304688,1474.576171875,74.63300323486328,168.114013671875,759.7570190429688,7840.34716796875,122.02685546875,1021.6695556640624,432.3552551269531,784.967041015625,2965.88037109375,416.9225769042969,245.7337951660156,35227.69140625,16247.9501953125
2022-02-25,754.3162841796875,1572.714111328125,679.6221923828125,91.58999633789062,334.7338256835937,808.067138671875,1886.5,1464.37158203125,933.6555786132812,681.3073120117188,2002.617431640625,702.2424926757812,1489.0303955078125,75.4083023071289,172.5083770751953,771.0225219726562,7979.72314453125,124.24695587158205,1034.4420166015625,441.7771911621094,797.72607421875,3069.72314453125,447.9031066894531,254.0141143798828,36430.328125,16658.400390625
2022-02-28,738.7433471679688,1596.685546875,682.83056640625,95.72000122070312,336.6051940917969,786.1658325195312,1899.4000244140625,1494.9239501953125,931.383056640625,667.3406372070312,2003.9090576171875,714.4107666015625,1507.4830322265625,75.06800079345703,174.04034423828125,755.0311279296875,7939.6630859375,125.14278411865234,1068.6824951171875,442.005859375,809.57373046875,3098.88818359375,442.3499755859375,254.2657012939453,36204.87890625,16793.900390625
2022-03-02,746.5547485351562,1600.7191162109375,666.1798095703125,110.5999984741211,332.86248779296875,745.4877319335938,1920.9000244140625,1497.461669921875,921.9612426757812,643.0098876953125,1982.6900634765625,687.6213989257812,1496.23583984375,75.80120086669922,173.5968780517578,743.0973510742188,7462.23193359375,126.93440246582033,1086.3463134765625,433.8188781738281,787.50927734375,3091.869384765625,436.0661926269531,253.99124145507807,35372.390625,16605.94921875
2022-03-03,734.0167846679688,1565.9287109375,658.0665283203125,107.66999816894533,325.3770446777344,719.5040893554688,1934.4000244140625,1532.19384765625,941.9203491210938,641.4891357421875,1929.0887451171875,671.7018432617188,1512.0960693359375,75.63099670410156,176.90272521972656,727.53564453125,7253.4296875,132.659912109375,1077.1746826171875,427.5528564453125,787.50927734375,3090.343505859375,425.8367614746094,260.5559997558594,34943.89453125,16498.05078125
2022-03-04,711.478271484375,1528.9443359375,637.54443359375,115.68000030517578,314.3887939453125,740.74755859375,1965.0999755859373,1459.2464599609375,940.88720703125,639.3836059570312,1863.1253662109373,661.8422241210938,1514.248779296875,75.8917007446289,181.8211669921875,699.1331176757812,6920.86572265625,128.72608947753906,1053.283203125,422.5675048828125,795.9033813476562,3072.862060546875,406.4982604980469,263.1864929199219,34407.40234375,16245.349609375
2022-03-07,664.2620849609375,1433.21826171875,597.2803955078125,119.4000015258789,300.953369140625,729.2841796875,1993.9000244140625,1368.1866455078125,953.904052734375,619.8722534179688,1793.42529296875,628.8486938476562,1528.7911376953125,76.41799926757812,181.3777008056641,659.27392578125,6464.1572265625,145.62989807128906,1014.3324584960938,402.7631530761719,789.1881713867188,3038.4658203125,383.8473510742188,261.6082458496094,32870.8671875,15863.150390625
2022-03-08,667.0980224609375,1440.9461669921875,600.8739013671875,123.6999969482422,316.3081359863281,748.46728515625,2040.0999755859373,1417.398681640625,971.3424682617188,621.2759399414062,1798.0843505859375,639.6702270507812,1562.4888916015625,77.08080291748047,182.9499664306641,668.9165649414062,6499.72998046875,139.51490783691406,1012.4979248046876,402.7631530761719,820.2222900390625,3138.777587890625,381.65533447265625,268.7448425292969,33157.71484375,16013.4501953125
2022-03-09,670.8792724609375,1497.2353515625,631.1670532226562,108.6999969482422,325.5210266113281,760.4434204101562,1985.9000244140625,1460.24169921875,977.4581298828124,641.5592651367188,1843.1978759765625,642.0269775390625,1593.375,76.91449737548828,184.84478759765625,701.567626953125,6710.345703125,136.63270568847656,1066.214111328125,413.19134521484375,832.9332885742188,3167.2451171875,395.4407043457031,267.852783203125,33815.0546875,16345.349609375
2022-03-10,691.5270385742188,1542.3311767578125,642.1276245117188,106.0199966430664,340.3479309082031,753.1009521484375,1998.0999755859373,1476.861328125,985.2683715820312,651.6425170898438,1939.1910400390625,650.8284301757812,1604.4027099609375,76.13490295410156,187.0621490478516,705.3864135742188,6886.96484375,135.81475830078125,1083.4927978515625,428.7420349121094,834.1803588867188,3157.087158203125,408.7877197265625,269.1107788085937,34475.19921875,16594.900390625
2022-03-11,687.4472045898438,1552.457275390625,646.33056640625,109.33000183105467,339.4842224121094,769.1787109375,1982.699951171875,1485.6190185546875,986.3427124023438,653.5609741210938,1932.225341796875,652.0789184570312,1600.975830078125,76.310302734375,190.56954956054688,701.5198364257812,6782.6357421875,136.8664093017578,1086.6180419921875,430.2513732910156,865.310546875,3138.079833984375,407.37506103515625,268.1730041503906,34545.84765625,16630.44921875
2022-03-14,706.5526733398438,1563.3758544921875,649.9825439453125,103.01000213623048,329.5516357421875,765.6381225585938,1959.5999755859373,1480.1951904296875,994.1116333007812,674.9673461914062,1899.8436279296875,669.6337890625,1661.3419189453125,76.75370025634766,192.7062530517578,709.5393676757812,6987.1875,133.82838439941406,1095.5404052734375,443.7896118164063,855.95703125,3176.31298828125,401.09124755859375,273.6398620605469,35311.73828125,16871.30078125
2022-03-15,694.7113647460938,1566.4071044921875,650.0897827148438,96.44000244140624,327.392333984375,754.52294921875,1928.5,1463.8740234375,972.6234130859376,666.287841796875,1880.3770751953125,670.7879638671875,1616.1771240234375,76.49009704589844,191.7790069580078,726.7241821289062,7085.8828125,127.55762481689452,1070.4488525390625,444.429931640625,855.3815307617188,3133.502197265625,402.9909973144531,268.8592224121094,35022.2421875,16663.0
2022-03-16,720.28466796875,1607.88330078125,667.0623168945312,95.04000091552734,341.16363525390625,763.0261840820312,1908.0,1519.007568359375,991.3429565429688,677.5875854492188,1911.6982421875,681.0324096679688,1660.199462890625,76.26589965820312,195.6089324951172,738.6102905273438,7148.62255859375,130.32296752929688,1088.520263671875,450.7417297363281,853.0310668945312,3187.56005859375,413.9511413574219,273.6856384277344,35747.8359375,16975.349609375
2022-03-17,735.6089477539062,1632.4083251953125,682.0601806640625,102.9800033569336,348.4091491699219,782.054443359375,1942.0999755859373,1588.7205810546875,989.1942138671876,692.5134887695312,1939.283447265625,692.6714477539062,1629.62109375,76.02420043945312,197.46343994140625,758.4205322265625,7346.490234375,132.659912109375,1124.0064697265625,459.1116333007813,874.5198974609375,3202.25146484375,422.6217651367188,275.0351867675781,36428.12890625,17287.05078125
2022-03-21,722.3246459960938,1613.4625244140625,669.9682006835938,112.12000274658205,339.628173828125,774.857177734375,1928.5999755859373,1600.0657958984375,965.350830078125,695.5314331054688,1892.37060546875,683.6776123046875,1628.2591552734375,75.94640350341797,197.14089965820312,748.01416015625,7358.4755859375,134.41261291503906,1117.5296630859375,448.7749938964844,876.6304931640625,3162.100830078125,416.9225769042969,274.4862060546875,36018.08203125,17117.599609375
2022-03-22,727.7975463867188,1644.7528076171875,681.2214965820312,111.76000213623048,344.1866149902344,779.771484375,1920.699951171875,1571.3544921875,972.251708984375,699.11083984375,1839.138427734375,690.8439331054688,1658.442138671875,76.30709838867188,201.3740081787109,750.0189819335938,7416.8232421875,136.67164611816406,1146.4033203125,451.6107177734375,876.9183349609375,3226.838623046875,429.0030212402344,279.08380126953125,36348.12890625,17315.5
2022-03-23,723.1704711914062,1636.052978515625,683.0743408203125,114.93000030517578,342.55517578125,798.5289306640625,1936.5999755859373,1551.0029296875,975.80517578125,692.1392211914062,1825.34619140625,690.9400024414062,1645.2618408203125,76.10189819335938,203.1881866455078,739.039794921875,7300.509765625,136.78848266601562,1150.049072265625,448.8207092285156,864.1593017578125,3236.822509765625,424.5702209472656,279.60992431640625,36146.9296875,17245.650390625
2022-03-24,718.6926879882812,1633.1959228515625,682.3672485351562,112.33999633789062,342.2192687988281,837.4560546875,1961.5999755859373,1562.0992431640625,985.22705078125,675.0140991210938,1813.6756591796875,677.3770751953125,1657.8270263671875,76.55239868164062,205.4861297607422,730.97265625,7216.56884765625,138.2296142578125,1167.916748046875,445.5733947753906,871.8818969726562,3269.47509765625,422.0372314453125,279.31256103515625,35526.6875,17222.75
2022-03-25,717.697509765625,1628.6690673828125,680.0220336914062,113.9000015258789,350.3764953613281,843.8309936523438,1953.800048828125,1615.142822265625,974.6896362304688,669.5162353515625,1801.7742919921875,672.6156616210938,1648.9083251953125,76.32350158691406,204.27667236328125,730.1133422851562,7081.44287109375,136.94430541992188,1175.7069091796875,448.866455078125,865.646240234375,3232.50634765625,420.9656066894531,276.0187072753906,35409.69140625,17153.0
2022-03-28,732.3749389648438,1647.1810302734375,682.7427978515625,105.95999908447266,349.1289367675781,829.126953125,1939.5999755859373,1621.114013671875,961.9619750976562,670.4052734375,1822.163330078125,683.2928466796875,1646.579833984375,76.27850341796875,207.260009765625,734.4095458984375,7140.55419921875,137.3727264404297,1187.5281982421875,455.0867309570313,869.0519409179688,3232.7236328125,421.5501403808594,274.5777282714844,35710.0859375,17222.0
2022-03-29,734.166015625,1645.4609375,686.4434204101562,104.23999786376952,357.909912109375,836.4983520507812,1912.0,1624.447998046875,965.0612182617188,679.2953491210938,1833.18798828125,688.0542602539062,1657.212158203125,76.03410339355469,205.2845458984375,738.3237915039062,7104.07421875,133.2052001953125,1187.7998046875,452.79986572265625,881.9547119140625,3230.6748046875,422.52435302734375,275.6298828125,35846.98046875,17325.30078125
2022-03-30,746.7537231445312,1708.001953125,707.1654052734375,107.81999969482422,367.4107055664063,842.4669189453125,1933.5,1657.587646484375,962.9949951171876,691.06298828125,1859.80419921875,703.0601806640625,1672.9844970703125,75.66670227050781,200.93052673339844,757.4180297851562,7256.34326171875,126.19439697265624,1210.6270751953125,452.1595764160156,883.15380859375,3253.519287109375,424.4241027832031,274.8521728515625,36333.87890625,17498.25
2022-03-31,757.4010620117188,1701.1766357421875,707.955322265625,100.27999877929688,365.10748291015625,831.0617065429688,1949.199951171875,1664.1558837890625,961.7967529296876,687.974853515625,1890.0181884765625,702.48291015625,1675.53271484375,75.82779693603516,202.0996551513672,770.0202026367188,7220.72265625,127.67445373535156,1193.325439453125,451.4735107421875,877.5418090820312,3260.842529296875,422.5730895996094,270.7806701660156,36373.1796875,17464.75
2022-04-01,770.7350463867188,1709.0291748046875,722.4022827148438,99.2699966430664,370.3857116699219,827.966064453125,1919.0999755859373,1684.010009765625,966.6729125976562,704.655517578125,1917.2340087890625,708.2063598632812,1672.6329345703125,75.9092025756836,204.2363739013672,789.1143798828125,7353.22314453125,130.82931518554688,1202.882080078125,464.8745727539063,871.7379150390625,3277.23388671875,429.7823486328125,275.30963134765625,37148.06640625,17670.44921875
2022-04-04,780.2379760742188,1714.727783203125,730.4520263671875,103.27999877929688,371.6812438964844,835.2599487304688,1929.199951171875,1673.6600341796875,981.0534057617188,775.2147216796875,1963.63916015625,718.162109375,1654.5321044921875,75.99479675292969,205.96990966796875,795.9404907226562,7424.6064453125,130.90719604492188,1206.4375,468.7164916992188,888.3821411132812,3287.34814453125,435.2380981445313,277.04803466796875,38634.75,18053.400390625
2022-04-05,779.242919921875,1677.0855712890625,720.4859619140625,101.95999908447266,378.3030090332031,837.726806640625,1922.9000244140625,1664.0067138671875,987.9957885742188,752.498046875,1974.1102294921875,713.544921875,1635.3326416015625,75.47799682617188,209.1951446533203,798.6614379882812,7412.23974609375,133.86734008789062,1189.385009765625,465.9721984863281,891.3081665039062,3326.10400390625,446.2468872070313,276.37921142578125,38067.45703125,17957.400390625
2022-04-06,769.8892211914062,1667.2286376953125,716.4390869140625,96.2300033569336,381.9976806640625,827.4436645507812,1918.4000244140625,1673.560546875,967.37548828125,725.6406860351562,1976.18603515625,713.3525390625,1606.9947509765625,75.45069885253906,209.3160552978516,790.3554077148438,7395.384765625,134.60736083984375,1186.2147216796875,470.1343688964844,890.3487548828125,3274.270263671875,444.3958740234375,273.7960205078125,37632.36328125,17807.650390625
2022-04-07,788.1985473632812,1650.6661376953125,710.9050903320312,96.02999877929688,385.0686645507813,835.308349609375,1933.800048828125,1658.8316650390625,969.6896362304688,709.6854248046875,1997.17431640625,720.0379028320312,1591.3101806640625,75.94509887695312,206.93751525878903,796.5133666992188,7296.35595703125,131.53042602539062,1165.2899169921875,471.0491027832031,893.0829467773438,3212.19091796875,437.9172058105469,267.9376525878906,37556.9140625,17639.55078125
2022-04-08,790.9848022460938,1670.1204833984375,718.355224609375,98.26000213623048,380.1263732910156,857.1614379882812,1941.5999755859373,1657.2393798828125,963.1190795898438,708.7028198242188,2014.0113525390625,725.56884765625,1594.4735107421875,75.91320037841797,215.92776489257807,818.567138671875,7217.52392578125,133.12728881835938,1184.6748046875,472.1010437011719,886.9910888671875,3213.49853515625,440.4015197753906,269.2292785644531,37751.61328125,17784.349609375
2022-04-11,782.1782836914062,1653.05419921875,715.4346923828125,94.29000091552734,386.9400939941406,847.5166625976562,1944.300048828125,1680.4273681640625,936.796142578125,700.0467529296875,1995.56005859375,730.6668701171875,1552.2523193359375,75.91729736328125,215.68588256835935,818.0419311523438,7224.63818359375,133.3610076904297,1182.206298828125,471.00335693359375,887.7586669921875,3222.87158203125,440.4015197753906,263.4400939941406,37613.36328125,17674.94921875
2022-04-12,794.517333984375,1627.1484375,709.3742065429688,100.5999984741211,377.67919921875,845.9398803710938,1972.0999755859373,1603.2005615234375,934.8541259765624,698.8067626953125,1967.144775390625,734.7550048828125,1531.0758056640625,75.83699798583984,213.50885009765625,821.8131103515625,7275.20361328125,131.5693359375,1159.9454345703125,469.1281127929688,883.8253784179688,3218.250244140625,427.00579833984375,257.7201843261719,37746.9609375,17530.30078125
2022-04-13,789.1438598632812,1604.413330078125,714.635009765625,104.25,375.5198974609375,831.7871704101562,1981.0,1595.53759765625,929.8538818359376,685.4481811523438,1985.503662109375,733.2160034179688,1536.43603515625,76.1498031616211,217.33876037597656,826.873046875,7133.0576171875,135.7368927001953,1155.68798828125,473.5646362304688,898.64697265625,3192.835205078125,419.942626953125,257.9508361816406,37462.96484375,17475.650390625
2022-04-18,794.915283203125,1578.20849609375,708.1015625,108.20999908447266,373.1687622070313,829.0301513671875,1982.9000244140625,1597.1298828125,910.5560302734376,652.9292602539062,2009.0291748046875,728.9354858398438,1424.710205078125,76.3313980102539,217.78224182128903,834.5107421875,7232.373046875,136.94430541992188,1152.1551513671875,466.0636901855469,889.7732543945312,3076.088134765625,422.6217651367188,248.44834899902344,36728.57421875,17173.650390625
2022-04-19,793.8704833984375,1567.56884765625,707.9163208007812,102.55999755859376,362.5643615722656,814.47119140625,1955.699951171875,1558.4169921875,884.5225219726562,628.0136108398438,1949.431396484375,737.1116943359375,1372.5159912109375,76.28019714355469,210.88836669921875,832.9832763671875,7100.20751953125,137.99591064453125,1196.065673828125,468.1676025390625,884.4968872070312,3027.131591796875,413.9998474121094,244.6888885498047,36341.1796875,16958.650390625
2022-04-20,790.7857055664062,1546.504150390625,685.7754516601562,102.75,362.4683837890625,830.6650390625,1952.300048828125,1568.0704345703125,900.3493041992188,633.67529296875,1997.3126220703125,726.7711791992188,1395.0982666015625,76.44539642333984,209.2757568359375,841.3368530273438,7321.37548828125,136.71058654785156,1231.234619140625,465.8807678222656,885.9359130859375,3101.15478515625,429.1978454589844,247.4796600341797,36314.4765625,17136.55078125
2022-04-21,797.8507080078125,1579.0560302734375,696.0730590820312,103.79000091552734,374.12841796875,835.8695068359375,1944.9000244140625,1586.232666015625,908.4485473632812,643.0565795898438,2027.7574462890625,733.3121337890625,1422.42578125,76.27619934082031,209.96112060546875,869.739501953125,7524.3037109375,135.65896606445312,1260.0628662109375,472.2839660644531,905.6979370117188,3163.801025390625,436.5046081542969,248.72515869140625,36815.671875,17392.599609375
2022-04-22,776.7551879882812,1541.0098876953125,693.4060668945312,102.06999969482422,364.3877258300781,811.1917114257812,1931.0,1566.826416015625,910.8040161132812,634.2835083007812,1962.2550048828125,719.172119140625,1393.121337890625,76.28520202636719,210.5255279541016,878.952392578125,7548.46435546875,135.54214477539062,1249.5098876953125,457.9224548339844,887.1830444335938,3149.762939453125,427.5416564941406,248.0331878662109,36044.33203125,17171.94921875
2022-04-25,776.8546752929688,1522.1588134765625,683.1425170898438,98.54000091552734,349.3208923339844,796.236083984375,1893.199951171875,1503.532470703125,900.7212524414062,639.03271484375,1938.083740234375,723.548828125,1371.725341796875,76.4635009765625,205.80865478515625,863.0564575195312,7555.96044921875,132.15357971191406,1220.61376953125,452.5711669921875,863.391845703125,3093.656982421875,414.1946716308594,244.1814422607422,36081.93359375,16953.94921875
2022-04-26,771.1827392578125,1539.0306396484375,706.0635375976562,101.6999969482422,363.5240173339844,803.801025390625,1901.4000244140625,1575.2855224609375,904.39892578125,641.98046875,1981.998046875,725.0397338867188,1389.2110595703125,76.52780151367188,208.7919921875,897.5692749023438,7550.61279296875,130.05035400390625,1257.1416015625,462.4047546386719,880.7077026367188,3092.000244140625,423.69342041015625,244.1353454589844,36404.37890625,17200.80078125
2022-04-27,762.127685546875,1478.408935546875,654.7266235351562,102.0199966430664,360.5970458984375,788.8067016601562,1885.9000244140625,1562.845703125,905.4734497070312,642.2144775390625,1978.9996337890625,708.6392211914062,1364.4320068359375,76.79409790039062,207.62283325195312,884.87158203125,7437.59326171875,128.4144744873047,1258.364501953125,454.8580627441406,869.24365234375,3104.9912109375,419.1632690429688,239.3841094970703,36028.43359375,17038.400390625
2022-04-28,775.9591674804688,1496.9012451171875,656.0479736328125,105.36000061035156,364.3397521972656,797.532470703125,1888.699951171875,1581.2069091796875,917.993408203125,641.6528930664062,2068.258056640625,718.691162109375,1390.6168212890625,76.47219848632812,210.5255279541016,881.1005249023438,7532.8505859375,128.37551879882812,1277.1607666015625,464.2342224121094,883.5376586914062,3125.13232421875,424.8138122558594,241.0447235107422,36421.77734375,17245.05078125
2022-04-29,725.0112915039062,1486.8597412109375,650.6017456054688,104.69000244140624,356.85430908203125,799.4285888671875,1909.300048828125,1565.8809814453125,906.8599243164062,647.8525390625,2061.80029296875,714.98779296875,1377.3927001953125,76.58899688720703,209.2757568359375,880.336669921875,7370.17333984375,124.98697662353516,1263.7542724609375,453.9890441894531,890.8765869140625,3092.34912109375,426.3238525390625,234.70204162597656,36087.73046875,17102.55078125
2022-05-02,723.7675170898438,1491.4766845703125,646.1502075195312,105.16999816894533,352.72772216796875,797.87109375,1861.800048828125,1607.9775390625,896.4823608398438,656.7894287109375,2057.787109375,712.775390625,1354.0633544921875,76.52310180664062,212.17845153808597,879.6206665039062,7290.86474609375,121.79317474365234,1259.315673828125,449.140869140625,885.8400268554688,3088.60009765625,421.6962890625,228.33631896972656,36163.328125,17069.099609375
2022-05-04,703.7166748046875,1428.1578369140625,618.2218017578125,107.80999755859376,334.3499755859375,772.4193725585938,1867.0,1539.5084228515625,878.03857421875,634.470703125,2003.40185546875,696.6633911132812,1349.274658203125,76.46730041503906,209.43702697753903,855.5142822265625,7064.68212890625,126.38914489746094,1220.0023193359375,438.7585144042969,864.2551879882812,3033.975830078125,412.5871887207031,226.83712768554688,35264.140625,16677.599609375
2022-05-05,698.8905639648438,1409.8902587890625,615.26708984375,108.26000213623048,326.2887268066406,766.8956909179688,1874.0,1453.2255859375,900.8098754882812,633.0435791015625,1998.8350830078125,701.0401000976562,1392.8577880859375,76.00160217285156,211.29150390625,858.3306884765625,7073.99365234375,128.4144744873047,1196.11083984375,439.0787048339844,842.4306030273438,3063.31494140625,415.3150329589844,231.1732177734375,35232.44140625,16682.650390625
2022-05-06,670.0831909179688,1360.1575927734375,585.120361328125,109.7699966430664,315.87628173828125,760.4820556640625,1881.199951171875,1410.432373046875,882.4500732421875,616.5033569335938,1982.7823486328125,691.8538208007812,1355.68896484375,76.54180145263672,215.00050354003903,853.3662109375,6951.37646484375,130.05035400390625,1186.9393310546875,442.6919250488281,847.37109375,2992.86572265625,398.02239990234375,223.7695770263672,34590.796875,16411.25
2022-05-09,660.4310302734375,1374.45166015625,588.6942749023438,103.08999633789062,314.00494384765625,755.6741943359375,1857.0999755859373,1389.2347412109375,904.2130126953124,617.5560913085938,1952.7528076171875,683.2928466796875,1379.8529052734375,76.9574966430664,212.0171813964844,854.7505493164062,7028.7763671875,128.33660888671875,1140.583251953125,435.32818603515625,849.3857421875,3003.7646484375,393.541015625,222.8700714111328,34275.0,16301.849609375
2022-05-10,656.5004272460938,1359.120361328125,578.11376953125,99.76000213623048,305.3678894042969,757.2606201171875,1839.9000244140625,1353.955322265625,901.2301635742188,627.4755859375,2011.566162109375,684.2067260742188,1364.60791015625,77.3655014038086,209.43702697753903,848.1152954101562,7177.3671875,120.31312561035156,1120.8133544921875,434.6878967285156,826.7936401367188,2998.227783203125,381.65533447265625,220.3330078125,34482.24609375,16240.0498046875
2022-05-11,669.038330078125,1329.1761474609375,566.2706909179688,105.70999908447266,313.0932312011719,751.4661254882812,1852.5999755859373,1373.16259765625,891.4408569335938,631.0082397460938,1995.9752197265625,686.9962158203125,1341.542236328125,77.27140045166016,206.13119506835935,846.8742065429688,7063.29833984375,123.5458755493164,1109.331787109375,435.92279052734375,820.0304565429688,2974.904052734375,378.1481018066406,217.6806182861328,34692.74609375,16167.099609375
2022-05-12,646.4501953125,1281.4029541015625,545.4414672851562,106.12999725341795,309.2065734863281,750.6824951171875,1823.800048828125,1314.5955810546875,890.180419921875,616.7843017578125,1973.1873779296875,669.2970581054688,1325.7698974609375,77.41840362548828,203.9138641357422,826.0616455078125,6926.93017578125,121.91001892089844,1086.731201171875,423.2077941894531,815.4256591796875,2971.984130859375,362.70654296875,218.55706787109372,33531.7578125,15808.0
2022-05-13,632.8176879882812,1257.23193359375,537.8693237304688,110.48999786376952,306.0396423339844,759.25341796875,1807.4000244140625,1334.44970703125,884.0885009765625,611.2462768554688,2024.2059326171875,651.5498046875,1321.903564453125,77.44380187988281,208.50978088378903,849.2131958007812,6782.06298828125,119.6120376586914,1099.050537109375,406.7423706054688,846.6036987304688,2977.432861328125,393.8819274902344,216.18145751953125,33120.96484375,15782.150390625
2022-05-16,635.8029174804688,1261.9136962890625,550.5121459960938,114.1999969482422,314.1488647460937,752.3076782226562,1813.5,1374.506103515625,877.7025756835938,617.754638671875,2045.5626220703125,656.9846801757812,1308.459228515625,77.48629760742188,204.8814239501953,862.4359130859375,6921.15234375,119.5730972290039,1099.3223876953125,416.2099914550781,849.5775146484375,2944.214111328125,394.9048767089844,215.881591796875,33597.2109375,15842.2998046875
2022-05-17,651.7240600585938,1293.5081787109375,569.2252807617188,112.4000015258789,320.62664794921875,755.325927734375,1818.199951171875,1410.0343017578125,909.9268188476562,621.9674682617188,2071.1640625,682.9562377929688,1334.2489013671875,77.8053970336914,213.42823791503903,869.5484619140625,7193.505859375,127.09024810791016,1145.497314453125,427.4613342285156,855.4773559570312,3009.431640625,413.220458984375,224.48458862304688,34301.5,16259.2998046875
2022-05-18,656.201904296875,1272.572998046875,567.0701904296875,109.58999633789062,311.845703125,755.6741943359375,1815.9000244140625,1354.5028076171875,902.1962890625,621.920166015625,2113.970947265625,680.4071655273438,1326.1209716796875,77.37239837646484,215.12147521972656,871.9353637695312,7225.736328125,127.12915802001952,1149.6641845703125,418.9542236328125,862.5763549804688,3006.99072265625,404.4523315429688,221.99362182617188,34163.30078125,16240.2998046875
2022-05-19,646.9974975585938,1237.8424072265625,556.5191040039062,112.20999908447266,307.67108154296875,760.2498779296875,1841.199951171875,1295.985595703125,848.1670532226562,609.2109985351562,2089.20068359375,664.0065307617188,1254.0244140625,77.81999969482422,222.25721740722656,842.5780639648438,7071.03271484375,124.63644409179688,1123.1685791015625,409.3493957519531,848.6181640625,2844.077392578125,388.3775329589844,208.1089324951172,33315.26171875,15809.400390625
2022-05-20,669.7847290039062,1252.5853271484375,562.6236572265625,113.2300033569336,318.1315002441406,822.0941162109375,1841.800048828125,1338.5797119140625,864.5103149414062,625.2570190429688,2145.84619140625,682.5233154296875,1278.627685546875,77.42109680175781,225.7646331787109,862.8655395507812,7244.88330078125,126.11648559570312,1188.660400390625,422.9790649414063,878.4052734375,2871.149169921875,407.22894287109375,212.00680541992188,34276.0,16266.150390625
2022-05-23,672.0236206054688,1253.7021484375,565.0029296875,110.29000091552734,317.5556640625,827.095458984375,1847.800048828125,1309.8187255859375,855.6453857421875,617.2340698242188,2195.526123046875,683.9662475585938,1290.2703857421875,77.81839752197266,221.32997131347656,899.239990234375,7541.73193359375,120.81945037841795,1180.7117919921875,421.6069946289063,884.544921875,2896.21630859375,410.5900268554688,214.95901489257807,34247.203125,16214.7001953125
2022-05-24,660.779296875,1232.2034912109375,565.470947265625,109.7699966430664,311.41375732421875,841.0546264648438,1865.0999755859373,1291.955078125,833.3362426757812,624.3104858398438,2130.80810546875,681.1766357421875,1266.1942138671875,77.52680206298828,218.38702392578125,903.9656982421876,7451.20166015625,117.3529815673828,1184.765380859375,422.658935546875,872.8890991210938,2866.789794921875,414.77923583984375,212.1682586669922,34289.75,16125.150390625
2022-05-25,661.7245483398438,1237.064697265625,568.2598876953125,110.33000183105467,299.4179382324219,833.38330078125,1846.199951171875,1262.646728515625,818.7996215820312,628.972900390625,2120.7060546875,686.1785888671875,1239.350341796875,77.47879791259766,219.87864685058597,886.3513793945312,7436.4951171875,118.87200927734376,1183.0216064453125,421.8692932128906,874.1362915039062,2780.461181640625,406.2546997070313,205.20285034179688,34339.1015625,16025.7998046875
2022-05-26,679.8846435546875,1244.2142333984375,567.3237915039062,114.08999633789062,306.95135498046875,832.7449340820312,1847.4000244140625,1282.9486083984375,824.0513305664062,646.912353515625,2103.638916015625,700.7515258789062,1251.212646484375,77.49729919433594,220.283935546875,887.6879272460938,7453.44580078125,118.32671356201172,1171.743896484375,435.6188354492188,863.3438720703125,2832.51318359375,409.8106384277344,209.12376403808597,35094.4921875,16170.150390625
2022-05-27,684.9097900390625,1272.19921875,584.4571533203125,115.06999969482422,311.46173095703125,849.4514770507812,1851.300048828125,1299.46875,843.5455322265625,658.9114990234375,2150.13623046875,711.6210327148438,1284.075439453125,77.63020324707031,222.34884643554688,909.6939086914062,7585.1826171875,112.01700592041016,1166.308837890625,435.665283203125,867.1332397460938,2862.6640625,418.5299987792969,215.3972625732422,35612.88671875,16352.4501953125
2022-05-30,690.2334594726562,1288.7169189453125,595.9346923828125,115.06999969482422,332.86248779296875,845.543212890625,1851.300048828125,1350.3228759765625,873.7952880859375,663.4082641601562,2167.064697265625,719.9896850585938,1341.586181640625,77.69200134277344,222.22496032714844,953.1331787109376,7652.9365234375,112.21174621582033,1206.9356689453125,440.9142761230469,852.167724609375,2962.685546875,431.0001831054688,219.6872100830078,35826.53125,16661.400390625
2022-05-31,681.8251342773438,1289.709228515625,593.1019897460938,114.66999816894533,331.6148986816406,845.41748046875,1842.699951171875,1392.767822265625,874.5094604492188,657.4441528320312,2171.0322265625,724.174072265625,1335.192626953125,77.5208969116211,223.54649353027344,987.5027465820312,7607.5283203125,117.82039642333984,1192.374267578125,434.8756103515625,825.5944213867188,2953.1181640625,432.12054443359375,220.5175018310547,35486.984375,16584.55078125
2022-06-01,682.6709594726562,1256.0654296875,586.0808715820312,115.26000213623048,323.4096984863281,835.6179809570312,1843.300048828125,1361.071044921875,855.3092651367188,660.2369384765625,2129.701171875,723.981689453125,1312.9482421875,77.5989990234375,224.5376434326172,999.9140014648438,7581.79248046875,116.65193176269533,1192.7593994140625,435.0613708496094,805.1129150390625,2945.0869140625,433.1435241699219,217.15013122558597,35620.38671875,16522.75
2022-06-02,688.143798828125,1289.9085693359375,590.7322387695312,116.87000274658205,326.52862548828125,838.355712890625,1866.5,1384.5574951171875,873.6270751953125,655.621826171875,2107.88232421875,721.192138671875,1339.0997314453125,77.58409881591797,225.9004669189453,997.2409057617188,7568.4228515625,118.7551727294922,1233.884521484375,436.50140380859375,824.587158203125,3004.599365234375,427.8338928222656,218.718505859375,35613.234375,16628.0
2022-06-03,673.9639282226562,1265.538330078125,587.841064453125,118.87000274658205,317.3157653808594,839.6810302734375,1845.4000244140625,1348.5316162109375,876.4000244140625,653.349853515625,2114.478759765625,715.9497680664062,1351.26513671875,77.3604965209961,225.23971557617188,982.0609741210938,7357.9970703125,118.09303283691406,1258.88525390625,431.5311279296875,829.9113159179688,3019.653076171875,420.770751953125,219.3412322998047,35274.640625,16584.30078125
2022-06-06,668.8890991210938,1248.0682373046875,587.138916015625,118.5,313.6690368652344,833.0545043945312,1839.199951171875,1357.5380859375,871.610595703125,652.47412109375,2103.91552734375,718.306396484375,1358.6800537109375,77.69419860839844,226.97422790527344,989.0302734375,7363.25,119.92363739013672,1253.4730224609375,430.7879028320313,824.8269653320312,3011.577392578125,421.2091369628906,218.28028869628903,35309.7890625,16569.55078125
2022-06-07,662.5703735351562,1230.3489990234375,573.252685546875,119.41000366210938,305.8956604003906,801.7501831054688,1847.5,1318.7255859375,859.5108032226562,644.9716796875,2040.3505859375,707.244384765625,1337.9451904296875,77.82099914550781,226.2308654785156,995.3314208984376,7457.6474609375,126.07755279541016,1255.828125,430.50921630859375,813.7467041015625,2951.669921875,424.6189880371094,215.7201690673828,34995.59375,16416.349609375
2022-06-08,655.356201171875,1242.9429931640625,580.6346435546875,122.11000061035156,313.0452575683594,812.4300537109375,1851.9000244140625,1338.5797119140625,865.64453125,647.2437133789062,2026.9268798828125,701.7135009765625,1331.9957275390625,77.67060089111328,221.2751007080078,997.67041015625,7536.95654296875,127.2849578857422,1233.7711181640625,437.8485107421875,812.7874145507812,2988.05322265625,424.4241027832031,216.9886779785156,34945.7421875,16356.25
2022-06-09,658.0428466796875,1243.541259765625,575.1981201171875,121.51000213623048,311.7496643066406,836.3726196289062,1848.800048828125,1365.001953125,864.3423461914062,652.119140625,2027.5267333984373,704.8396606445312,1345.3155517578125,77.72429656982422,223.71170043945312,997.765869140625,7572.6728515625,128.95974731445312,1267.6041259765625,433.8072204589844,823.9155883789062,3008.1982421875,417.4583435058594,219.13365173339844,35085.04296875,16478.099609375
2022-06-10,657.4457397460938,1221.853271484375,552.6672973632812,120.66999816894533,309.110595703125,841.9155883789062,1871.5,1307.08203125,853.1665649414062,639.5283203125,2029.556396484375,692.5753784179688,1311.394287109375,77.8187026977539,223.13351440429688,989.5553588867188,7577.68603515625,128.25868225097656,1229.33251953125,429.0692138671875,811.300537109375,2949.21240234375,417.01995849609375,212.6295623779297,34483.3984375,16201.7998046875
2022-06-13,645.753662109375,1135.355712890625,522.5107421875,120.93000030517578,295.29132080078125,825.5960083007812,1828.0,1237.0704345703125,833.3782958984375,627.9315185546875,2026.788330078125,661.7941284179688,1264.951904296875,78.17759704589844,218.5907287597656,958.8137817382812,7545.69482421875,124.2859115600586,1206.0750732421875,414.204833984375,795.7594604492188,2826.061767578125,396.2201232910156,205.7794342041016,33405.46484375,15774.400390625
2022-06-14,647.5447387695312,1130.4150390625,524.2171630859375,118.93000030517578,301.1932678222656,834.079833984375,1809.5,1233.5374755859375,837.6637573242188,621.0206909179688,2002.8939208984373,659.389404296875,1279.2042236328125,78.16059875488281,219.25146484375,973.086669921875,7459.79638671875,121.48157501220705,1190.3135986328125,416.2951354980469,791.490478515625,2818.11767578125,394.71002197265625,205.68719482421875,33310.96484375,15732.099609375
2022-06-15,647.2959594726562,1177.599853515625,534.8658447265625,115.30999755859376,304.3601989746094,838.810302734375,1815.300048828125,1238.3641357421875,831.78173828125,618.8670654296875,1997.8218994140625,661.07275390625,1262.9093017578125,77.9854965209961,217.5582733154297,979.0535888671876,7499.71435546875,117.9372100830078,1175.910888671875,419.314453125,788.852294921875,2814.386962890625,403.4294128417969,203.01174926757807,33338.61328125,15692.150390625
2022-06-16,631.7728271484375,1143.916259765625,515.2604370117188,117.58999633789062,291.7884826660156,829.5234985351562,1845.699951171875,1191.789306640625,810.817138671875,606.4892578125,1997.9613037109373,652.656005859375,1240.70947265625,77.90019989013672,215.3281707763672,959.720703125,7480.7578125,111.82225799560548,1159.4698486328125,410.2565307617188,781.4655151367188,2757.946533203125,382.8244323730469,194.80084228515625,32616.720703125,15360.599609375
2022-06-17,632.0713500976562,1172.130615234375,528.4884033203125,109.55999755859376,289.8211669921875,802.2822875976562,1835.5999755859373,1179.05078125,805.6073608398438,610.4889526367188,1964.22314453125,660.68798828125,1231.9183349609375,77.97769927978516,217.4756622314453,952.4649658203124,7341.85888671875,110.18639373779295,1173.0574951171875,409.6990966796875,761.1278686523438,2711.3369140625,378.927490234375,186.9128875732422,32742.669921875,15293.5
2022-06-20,625.2053833007812,1167.62353515625,533.4518432617188,109.55999755859376,286.4623413085937,803.26904296875,1835.5999755859373,1145.3636474609375,806.69970703125,625.8251342773438,2043.7525634765625,659.8223266601562,1255.7611083984375,77.9614028930664,218.13644409179688,938.192138671875,7315.88427734375,104.6946029663086,1151.79296875,403.8462219238281,772.543701171875,2731.96435546875,372.8385314941406,191.2720184326172,32684.419921875,15350.150390625
2022-06-21,633.3650512695312,1171.6370849609375,541.1262817382812,110.6500015258789,302.3929138183594,825.87646484375,1834.5999755859373,1204.079833984375,829.0089111328125,632.6411743164062,2052.22216796875,669.585693359375,1287.507080078125,77.93399810791016,222.92703247070312,952.7514038085938,7430.1455078125,108.3558120727539,1170.38525390625,418.7570495605469,784.1995239257812,2819.3466796875,387.3545837402344,196.1154937744141,33191.36328125,15638.7998046875
2022-06-22,623.7127685546875,1140.2916259765625,530.443603515625,106.19000244140624,292.0284118652344,824.3771362304688,1834.300048828125,1164.7200927734375,807.75,629.6591796875,2050.22119140625,660.447509765625,1276.27392578125,78.13490295410156,219.1275634765625,939.2422485351562,7432.19775390625,105.0451431274414,1134.8310546875,415.8771057128906,776.381103515625,2829.002197265625,382.9705810546875,189.70364379882807,32844.91796875,15413.2998046875
2022-06-23,626.2501220703125,1151.98828125,531.2772216796875,104.2699966430664,300.76141357421875,830.9552001953125,1825.699951171875,1180.941650390625,816.1106567382812,631.9785766601562,2096.524169921875,672.5194702148438,1289.771484375,78.19309997558594,219.2927703857422,981.1538696289062,7898.45703125,105.00619506835938,1116.419921875,419.3609313964844,791.3465576171875,2904.357666015625,396.7072143554688,193.3016815185547,33134.61328125,15556.650390625
2022-06-24,630.8772583007812,1154.9896240234375,544.8904418945312,107.62000274658205,303.06463623046875,833.8089599609375,1826.5,1194.4761962890625,812.28759765625,640.806396484375,2144.26953125,686.2747802734375,1279.6927490234375,78.14240264892578,219.5818634033203,1023.4953002929688,7986.50439453125,106.99259948730467,1132.3175048828125,422.0086669921875,791.0587158203125,2890.57763671875,398.7530822753906,193.16331481933597,33627.05859375,15699.25
2022-06-27,633.9619750976562,1156.2061767578125,550.1026611328125,109.56999969482422,305.223876953125,835.9178466796875,1820.9000244140625,1205.47314453125,833.8403930664062,641.966064453125,2159.859130859375,690.0261840820312,1309.440673828125,78.2522964477539,222.9683074951172,1033.662841796875,8068.20068359375,110.22534942626952,1128.9658203125,428.4653930664063,801.6593017578125,2909.53662109375,403.819091796875,196.0001983642578,33810.85546875,15832.0498046875
2022-06-28,639.1860961914062,1133.201904296875,543.7689208984375,111.76000213623048,306.5194702148437,846.3751831054688,1817.5,1200.9947509765625,841.9070434570312,637.0669555664062,2157.066650390625,683.2447509765625,1314.368896484375,78.44110107421875,224.5376434326172,1061.6358642578125,8107.30615234375,116.34034729003906,1144.840576171875,431.29888916015625,794.8961791992188,2912.565185546875,406.3521423339844,197.084228515625,33642.05859375,15850.2001953125
2022-06-29,622.4688720703125,1107.8045654296875,537.5816040039062,109.77999877929688,305.7037353515625,844.39208984375,1813.699951171875,1205.5228271484375,829.8070678710938,636.1439208984375,2078.700927734375,675.9823608398438,1299.36181640625,79.07319641113281,226.3547821044922,1061.3970947265625,8125.64208984375,120.07941436767578,1168.59619140625,426.514404296875,804.5852661132812,2888.294677734375,406.20599365234375,194.0858612060547,33269.51171875,15799.099609375
2022-06-30,633.6634521484375,1090.4481201171875,528.5482177734375,105.76000213623048,300.0896911621094,850.0899047851562,1804.0999755859373,1177.2593994140625,817.791259765625,638.06103515625,2076.048095703125,680.2628173828125,1298.1630859375,78.89830017089844,225.9004669189453,1043.6396484375,8089.208984375,118.05409240722656,1175.616455078125,432.8317565917969,796.814697265625,2867.7548828125,401.1886291503906,191.91781616210935,33424.71484375,15780.25
2022-07-01,640.7783203125,1129.4306640625,549.4826049804688,108.43000030517578,310.1181945800781,848.5614013671875,1798.9000244140625,1221.893798828125,819.5558471679688,640.7826538085938,2124.212890625,677.0885620117188,1313.7030029296875,78.96299743652344,234.86216735839844,1057.1964111328125,8024.12939453125,102.08503723144533,1090.943359375,433.7143249511719,795.5195922851562,2909.887939453125,402.0655212402344,194.66249084472656,33539.05859375,15752.0498046875
2022-07-04,651.126953125,1135.9892578125,551.038818359375,108.43000030517578,311.6537170410156,842.4766845703125,1798.9000244140625,1230.6016845703125,827.3284301757812,641.6820678710938,2210.629638671875,692.6714477539062,1321.339599609375,78.95069885253906,241.0981903076172,1041.7779541015625,8063.04296875,98.15119934082033,1093.2078857421875,439.8459167480469,795.66357421875,2839.623046875,397.9250183105469,193.87828063964844,33940.50390625,15835.349609375
2022-07-05,645.3058471679688,1149.5950927734375,554.05322265625,99.5,309.110595703125,850.1673583984375,1761.800048828125,1227.7652587890625,825.2697143554688,640.2383422851562,2235.10693359375,692.0462036132812,1310.63916015625,78.93949890136719,236.9683532714844,1032.9468994140625,7972.65673828125,99.24177551269533,1102.0625,438.6381530761719,801.8031616210938,2823.165283203125,401.3835144042969,190.7876739501953,33815.50390625,15810.849609375
2022-07-06,654.7093505859375,1199.8494873046875,579.06884765625,98.52999877929688,316.3081359863281,849.354736328125,1734.9000244140625,1271.7528076171875,829.0089111328125,649.066162109375,2325.293212890625,698.298583984375,1324.5809326171875,79.36840057373047,238.9506072998047,1054.5233154296875,8241.3330078125,94.21735382080078,1092.3701171875,445.8845520019531,803.6259155273438,2862.180908203125,405.6214599609375,191.91781616210935,34323.8515625,15989.7998046875
2022-07-07,655.9052124023438,1193.749755859375,573.5880737304688,102.7300033569336,323.3137512207031,838.994140625,1737.9000244140625,1301.857177734375,831.73974609375,660.6865844726562,2301.6064453125,713.7373657226562,1330.84130859375,79.04389953613281,241.1394500732422,1081.9713134765625,8218.75,96.2037582397461,1081.61328125,452.2018737792969,814.8980712890625,2885.968994140625,419.747802734375,194.1089324951172,34919.89453125,16132.900390625
2022-07-08,666.86767578125,1197.31591796875,574.8114624023438,104.79000091552734,326.6725769042969,852.489013671875,1740.5999755859375,1296.2841796875,826.4461669921875,661.3018798828125,2323.8505859375,726.9154663085938,1344.8272705078125,79.22160339355469,242.0480194091797,1082.2574462890625,8094.17431640625,94.64578247070312,1083.1080322265625,453.8741149902344,822.8123779296875,2866.30712890625,430.1720275878906,193.3247528076172,35123.640625,16220.599609375
2022-07-11,677.5311889648438,1190.8370361328125,573.6663818359375,104.08999633789062,332.19073486328125,876.8001708984375,1730.0,1296.2841796875,792.8353271484375,665.5856323242188,2318.033935546875,740.1898803710938,1308.15283203125,79.3313980102539,243.65866088867188,1112.283203125,8124.447265625,97.76171112060548,1097.82763671875,453.5489501953125,822.3807373046875,2733.19384765625,425.7879943847656,189.6805725097656,35469.234375,16216.0
2022-07-12,673.8936157226562,1183.515380859375,574.845703125,95.83999633789062,332.81451416015625,873.4300537109375,1723.300048828125,1294.7415771484375,779.6010131835938,658.7932739257812,2279.828125,730.95556640625,1277.47265625,79.47779846191406,241.7589569091797,1094.716552734375,8040.458984375,96.67113494873048,1096.2650146484375,450.5296630859375,816.9605102539062,2707.650146484375,419.4555358886719,188.7349548339844,35131.83984375,16058.2998046875
2022-07-13,677.5810546875,1174.083984375,575.369384765625,96.3000030517578,333.4383239746094,876.9171142578125,1734.199951171875,1315.5908203125,771.1564331054688,642.7232666015625,2324.6884765625,724.5107421875,1282.6673583984375,79.47640228271484,242.8739776611328,1088.701904296875,8060.0361328125,96.94378662109376,1076.8349609375,451.9696350097656,825.1627197265625,2667.317138671875,416.0944519042969,187.6048126220703,34827.39453125,15966.650390625
2022-07-14,665.9707641601562,1169.6998291015625,570.6666870117188,95.77999877929688,334.4939270019531,891.2933959960938,1704.5,1311.1124267578125,758.762451171875,639.5046997070312,2324.735107421875,723.7412109375,1268.8145751953125,79.80750274658203,240.2309112548828,1102.0599365234375,8181.8408203125,99.04700469970705,1085.7120361328125,445.3271179199219,844.1094360351562,2639.155029296875,417.01995849609375,185.1830596923828,34650.796875,15938.650390625
2022-07-15,659.94140625,1181.071533203125,578.922119140625,97.58999633789062,339.3882751464844,885.5662231445312,1702.4000244140625,1337.0869140625,742.0830688476562,644.71142578125,2390.536376953125,722.5869750976562,1270.146728515625,79.87830352783203,242.4609832763672,1130.8494873046875,8382.6669921875,98.57964324951172,1087.818115234375,445.0948791503906,842.67041015625,2635.501708984375,428.85687255859375,181.6772918701172,34682.24609375,16049.2001953125
2022-07-18,682.1653442382812,1221.9443359375,593.0740356445312,102.5999984741211,338.9563903808594,870.0015869140625,1709.199951171875,1346.441650390625,756.4937133789062,637.8479614257812,2376.57568359375,742.5947265625,1323.0269775390625,79.72049713134766,243.90643310546875,1122.0728759765625,8312.7177734375,101.18920135498048,1097.0804443359375,455.4999084472656,846.8914794921875,2696.139892578125,439.2811584472656,186.70530700683597,35358.2890625,16278.5
2022-07-19,698.21044921875,1241.375732421875,593.6758422851562,104.22000122070312,345.33819580078125,866.4562377929688,1710.0,1379.183349609375,755.9838256835938,638.0846557617188,2390.024169921875,750.9152221679688,1317.9208984375,80.0302963256836,243.3282623291016,1144.111083984375,8323.2685546875,99.6312484741211,1103.8062744140625,462.6069641113281,839.6964721679688,2705.6005859375,437.4787902832031,187.12042236328125,35719.9375,16340.5498046875
2022-07-20,703.2930297851562,1238.9766845703125,594.5030517578125,102.26000213623048,342.02734375,868.56982421875,1699.5,1406.0037841796875,779.520751953125,646.13134765625,2424.041748046875,753.2718505859375,1345.5821533203125,79.85590362548828,246.30172729492188,1124.242919921875,8354.97265625,103.25350952148438,1133.653564453125,472.5010681152344,832.2138061523438,2785.292236328125,441.7654418945313,190.0957489013672,35971.68359375,16520.849609375
2022-07-21,713.109375,1268.472900390625,613.343017578125,96.3499984741211,346.0579833984375,851.4954223632812,1712.699951171875,1434.665283203125,785.5111694335938,644.0960693359375,2426.787841796875,756.0613403320312,1361.2109375,80.00340270996094,247.41680908203125,1133.4053955078125,8400.763671875,103.68194580078124,1126.0897216796875,475.7061462402344,834.2763671875,2796.293701171875,443.1293640136719,190.97219848632807,36200.578125,16605.25
2022-07-22,728.2576293945312,1272.243408203125,612.4963989257812,94.6999969482422,345.62615966796875,851.9630737304688,1727.0999755859375,1441.9798583984375,781.9423828125,659.12451171875,2457.640869140625,769.5762329101562,1337.5902099609375,79.7759017944336,248.2427215576172,1139.14404296875,8433.1845703125,103.17559814453124,1133.6988525390625,477.2390747070313,838.9290161132812,2790.749267578125,443.1780700683594,189.51914978027344,36738.5234375,16719.44921875
2022-07-25,724.869140625,1258.8070068359375,609.43798828125,96.6999969482422,342.9390563964844,843.5963134765625,1719.0,1425.5592041015625,790.7794799804688,661.0652465820312,2441.818603515625,770.3938598632812,1335.192626953125,79.87680053710938,248.6969757080078,1095.5013427734375,8233.2646484375,101.11131286621094,1096.2425537109375,481.0480346679688,833.0291748046875,2787.0087890625,437.9659423828125,191.3412170410156,36725.97265625,16631.0
2022-07-26,704.0404663085938,1327.9791259765625,613.1032104492188,94.9800033569336,346.2499084472656,820.502685546875,1717.699951171875,1399.98291015625,776.2068481445312,659.7162475585938,2370.618896484375,765.9691162109375,1288.616943359375,79.72250366210938,249.81207275390625,1095.6461181640625,8141.8271484375,99.8649444580078,1096.7406005859375,477.70361328125,832.3577270507812,2742.256103515625,429.7823486328125,186.9128875732422,36408.078125,16483.849609375
2022-07-27,716.497802734375,1327.385498046875,626.0123291015625,97.26000213623048,353.7833557128906,834.927734375,1719.0999755859375,1434.36669921875,788.9100952148438,664.75732421875,2403.05419921875,770.0090942382812,1306.2879638671875,79.84120178222656,251.21620178222656,1097.6715087890625,8268.1201171875,100.1765365600586,1095.6990966796875,490.70989990234375,857.6358032226562,2806.458740234375,432.607666015625,187.58175659179688,36783.32421875,16641.80078125
2022-07-28,723.4241333007812,1460.552490234375,692.5885009765625,96.41999816894533,366.5950012207031,829.86279296875,1750.300048828125,1452.9766845703125,803.9074096679688,670.650390625,2438.561279296875,783.572021484375,1347.4468994140625,79.84739685058594,250.6379852294922,1108.3289794921875,8328.234375,101.46186065673828,1112.8646240234375,494.65826416015625,858.4512329101562,2869.516357421875,430.8540649414063,191.89474487304688,37377.71484375,16929.599609375
2022-07-29,722.278076171875,1501.0064697265625,705.5563354492188,98.62000274658205,370.3857116699219,796.8051147460938,1762.9000244140625,1500.3477783203125,805.8616943359375,678.8627319335938,2454.66259765625,787.4196166992188,1376.129150390625,79.57150268554688,250.30763244628903,1123.08544921875,8378.3701171875,104.4998779296875,1136.574951171875,490.8492126464844,904.8346557617188,2905.951904296875,438.0146789550781,195.4466552734375,37490.9609375,17158.25
2022-08-01,728.3074340820312,1503.5501708984375,710.6358032226562,93.88999938964844,368.7542724609375,800.7206420898438,1769.0,1504.975341796875,809.0480346679688,684.5191650390625,2413.3388671875,792.0368041992188,1377.327880859375,79.1948013305664,253.9831695556641,1193.7816162109375,8597.8681640625,107.81051635742188,1166.1956787109375,495.8659362792969,881.3311157226562,2903.223876953125,466.8518981933594,197.8914794921875,37902.7578125,17340.05078125
2022-08-02,727.9586181640625,1518.6175537109375,718.5535278320312,94.41999816894533,364.3050231933594,795.8408203125,1771.0999755859375,1457.0570068359375,808.1134033203125,676.9930419921875,2452.66162109375,786.6019897460938,1370.7122802734375,78.95570373535156,256.0067749023437,1209.936767578125,8759.8759765625,106.48625183105467,1170.6343994140625,503.6233215332031,879.940185546875,2897.0634765625,463.9779357910156,198.16824340820312,38023.55859375,17345.44921875
2022-08-03,728.0084228515625,1520.58740234375,714.095458984375,90.66000366210938,360.0008850097656,797.9641723632812,1758.0,1418.8416748046875,813.339111328125,678.5787963867188,2444.3779296875,793.3834838867188,1390.6923828125,78.60449981689453,254.52001953125,1209.1651611328125,8612.2294921875,105.66832733154295,1180.4625244140625,502.4620056152344,860.5137939453125,2939.043212890625,455.7456970214844,199.436767578125,37988.80859375,17388.150390625
2022-08-04,719.1387329101562,1514.7421875,716.0822143554688,88.54000091552734,355.5516357421875,808.0255737304688,1788.5,1384.706787109375,814.1038208007812,677.7741088867188,2445.867431640625,789.0067749023438,1420.70654296875,79.11830139160156,255.6350555419922,1216.977294921875,8619.197265625,106.1357192993164,1164.859619140625,495.4015197753906,881.1393432617188,2952.64013671875,456.81732177734375,200.8898162841797,37755.11328125,17382.0
2022-08-05,726.0152587890625,1504.82177734375,714.9127197265625,89.01000213623047,355.7450866699219,809.75927734375,1772.9000244140625,1367.2410888671875,813.8065185546875,675.4784545898438,2462.108154296875,806.2730712890625,1435.5806884765625,79.15489959716797,256.7501220703125,1191.9974365234375,8498.5625,106.33047485351562,1147.69384765625,493.3576049804688,878.6929931640625,2961.529541015625,453.2613525390625,202.9656219482422,37920.16015625,17397.5
2022-08-08,743.007080078125,1549.1907958984375,718.5828247070312,90.76000213623048,358.16314697265625,822.7135620117188,1786.800048828125,1360.12548828125,820.8590698242188,692.0452880859375,2466.71484375,809.9019165039062,1438.0225830078125,79.41059875488281,258.6498107910156,1231.3480224609375,8576.1826171875,106.33047485351562,1162.708251953125,483.4635314941406,873.3688354492188,2969.802001953125,456.18408203125,201.05128479003903,38236.953125,17525.099609375
2022-08-10,736.4794921875,1560.4176025390625,699.7135009765625,91.93000030517578,356.4221496582031,826.599853515625,1795.5999755859375,1340.669677734375,808.963134765625,694.0570068359375,2459.6884765625,821.320556640625,1422.970947265625,79.57839965820312,257.0392150878906,1223.0054931640625,8535.5693359375,104.22723388671876,1169.6605224609375,478.1680908203125,882.2904052734375,2952.024658203125,463.29595947265625,198.4219512939453,38287.40625,17534.75
2022-08-11,756.26171875,1569.7694091796875,716.3073120117188,94.33999633789062,360.33935546875,829.5219116210938,1789.699951171875,1354.5028076171875,817.715087890625,703.2398071289062,2432.604248046875,831.9166259765625,1438.5108642578125,79.0978012084961,252.95068359375,1221.220947265625,8472.2724609375,103.44825744628906,1173.5556640625,487.5047607421875,883.5855712890625,3012.09033203125,464.36761474609375,202.2506256103516,38879.3984375,17659.0
2022-08-12,757.9559936523438,1572.6124267578125,715.3726806640625,92.08999633789062,360.6779174804688,830.0089111328125,1798.5999755859375,1348.0340576171875,812.6592407226562,702.9794311523438,2415.1533203125,846.1416625976562,1415.55615234375,79.61399841308594,254.8503875732422,1214.710693359375,8362.0654296875,108.43370056152344,1192.5328369140625,493.032470703125,876.2947387695312,2993.65283203125,465.2444152832031,201.1665954589844,39041.84765625,17698.150390625
2022-08-16,762.0419921875,1587.604736328125,713.09228515625,86.52999877929688,366.72308349609375,837.216552734375,1773.199951171875,1356.5428466796875,814.1887817382812,711.0261840820312,2461.2705078125,850.8348999023438,1417.6431884765625,79.55290222167969,256.5024108886719,1242.5361328125,8654.763671875,109.01792907714844,1200.8211669921875,488.61956787109375,877.3978881835938,2985.86376953125,477.22747802734375,201.6278839111328,39239.19140625,17825.25
2022-08-17,769.466552734375,1679.8292236328125,736.6791381835938,88.11000061035156,367.88372802734375,840.7424926757812,1760.300048828125,1383.562255859375,833.2222290039062,714.6945190429688,2498.638427734375,854.7056884765625,1426.3453369140625,79.14600372314453,258.154296875,1228.985107421875,8597.7138671875,108.78424072265624,1207.09423828125,490.6634521484375,883.3457641601562,2993.256103515625,472.8921508789063,204.37252807617188,39461.2421875,17944.25
2022-08-18,762.4406127929688,1676.3978271484375,732.8767700195312,90.5,376.3953247070313,823.0545654296875,1755.300048828125,1400.48046875,827.1893310546875,715.5465698242188,2496.21875,856.4957885742188,1405.6549072265625,79.35970306396484,260.7147827148437,1216.3504638671875,8600.9345703125,108.10633850097656,1209.2833251953125,494.5653381347656,879.46044921875,2975.78662109375,472.3075866699219,200.6822204589844,39655.6875,17956.5
2022-08-19,754.9163818359375,1624.6971435546875,714.6190795898438,90.7699966430664,361.4517211914063,818.9442138671875,1747.5999755859375,1358.03564453125,824.2578735351562,706.71875,2452.009765625,842.2709350585938,1418.2203369140625,79.7667007446289,257.70001220703125,1195.373046875,8438.724609375,107.3486785888672,1187.7220458984375,483.4169921875,867.5258178710938,2979.747314453125,458.86322021484375,199.48291015625,38985.49609375,17758.44921875
2022-08-22,739.3197631835938,1583.2108154296875,695.093994140625,90.2300033569336,352.8433837890625,815.6228637695312,1734.0,1296.234375,815.2509155273438,695.9739379882812,2444.703857421875,824.7074584960938,1399.1727294921875,79.91790008544922,259.6822814941406,1183.1241455078125,8293.6240234375,105.19532775878906,1184.427734375,475.0093688964844,847.5062255859375,2952.288330078125,442.88580322265625,193.7399139404297,38297.3046875,17490.69921875
2022-08-23,744.501953125,1626.322998046875,705.4193725585938,93.73999786376952,356.1319580078125,823.0643310546875,1746.800048828125,1316.685546875,804.5870971679688,693.8203125,2413.105712890625,835.9810180664062,1369.6466064453125,79.88379669189453,260.9212341308594,1227.8759765625,8382.5400390625,106.67076110839844,1202.6944580078125,484.8570556640625,855.0618286132812,2890.7265625,448.5850830078125,192.1945953369141,38697.19921875,17577.5
2022-08-24,747.5914306640625,1629.3106689453125,702.4048461914062,94.88999938964844,359.85577392578125,821.68115234375,1747.800048828125,1339.6744384765625,806.4990234375,697.1572875976562,2408.917724609375,845.0771484375,1365.2955322265625,79.85449981689453,259.4345397949219,1223.2464599609375,8366.6787109375,108.46522521972656,1199.4910888671875,482.4415588378906,847.939453125,2864.984375,451.2641906738281,191.9639587402344,39038.046875,17604.94921875
2022-08-25,740.8146362304688,1620.5775146484375,689.7062377929688,92.5199966430664,364.3533935546875,825.5480346679688,1757.699951171875,1375.9989013671875,801.9530029296875,693.37060546875,2395.841552734375,844.1578369140625,1348.11279296875,79.79679870605469,257.9891052246094,1214.9036865234375,8397.3427734375,108.90386962890624,1195.9921875,483.4635314941406,844.3782958984375,2832.2890625,447.3672790527344,191.52574157714844,38950.296875,17522.44921875
2022-08-26,742.3593139648438,1624.5374755859375,691.16943359375,93.05999755859376,367.5452270507813,822.703857421875,1736.0999755859375,1377.8897705078125,803.5248413085938,693.4889526367188,2393.375,842.706298828125,1351.1319580078125,79.88289642333984,258.4433898925781,1229.370849609375,8382.6357421875,108.98362731933594,1189.6077880859375,486.6221618652344,847.121337890625,2835.8095703125,453.0664978027344,192.47137451171875,38986.6953125,17558.900390625
2022-08-29,726.214599609375,1604.627197265625,681.6026611328125,97.01000213623048,357.7762451171875,820.1422729492188,1736.5999755859375,1341.5653076171875,779.605712890625,681.32421875,2397.330810546875,828.1910400390625,1298.02978515625,79.95909881591797,258.9802551269531,1231.444580078125,8491.8330078125,108.38546752929688,1180.36083984375,478.3074035644531,846.255126953125,2756.90966796875,441.6679992675781,186.52078247070312,38276.25390625,17312.900390625
2022-08-30,748.9368286132812,1691.9837646484375,715.0643920898438,91.63999938964844,377.2174682617188,826.9407958984375,1723.199951171875,1400.92822265625,797.8319091796875,703.4290161132812,2475.556884765625,858.6246948242188,1325.7353515625,79.96790313720703,264.7206726074219,1262.2113037109375,8730.2685546875,110.53883361816406,1198.6729736328125,493.5434265136719,859.5372314453125,2826.083984375,458.9606323242188,190.76461791992188,39536.2890625,17759.30078125
2022-09-01,741.6119384765625,1736.298095703125,702.8355102539062,86.61000061035156,385.2453918457031,818.5740356445312,1696.5999755859375,1418.493408203125,786.8707885742188,696.8260498046875,2425.43798828125,846.0932006835938,1300.205322265625,79.54879760742188,262.32537841796875,1265.4423828125,8674.7578125,107.42842864990234,1163.4346923828125,495.4478759765625,839.1328735351562,2756.16162109375,454.8688354492188,189.3346405029297,39300.79296875,17542.80078125
2022-09-02,747.6411743164062,1728.6021728515625,703.72119140625,86.87000274658203,382.0535888671875,816.2072143554688,1709.800048828125,1412.024658203125,785.5111694335938,703.14501953125,2423.20458984375,844.206298828125,1290.2598876953125,79.716796875,266.90948486328125,1269.203857421875,8573.9228515625,105.87321472167967,1149.8482666015625,498.6065979003906,836.9191284179688,2755.017578125,449.8515930175781,188.0660858154297,39420.54296875,17539.44921875
2022-09-05,753.5211181640625,1733.2755126953125,704.293701171875,86.87000274658203,381.18310546875,820.9408569335938,1709.800048828125,1421.727783203125,795.3252563476562,707.6654663085938,2420.412109375,853.9314575195312,1297.63037109375,79.72450256347656,271.6174621582031,1273.6405029296875,8603.1923828125,106.3916244506836,1167.7059326171875,500.650390625,851.4043579101562,2757.657470703125,447.1724243164063,187.0512542724609,39805.2890625,17665.80078125
2022-09-06,747.4419555664062,1692.6619873046875,696.7725219726562,86.87999725341797,382.29541015625,825.80126953125,1700.4000244140625,1414.5126953125,796.8546752929688,704.9674072265625,2394.81787109375,855.0927124023438,1292.124755859375,79.78299713134766,270.2133178710937,1259.9931640625,8544.267578125,105.35485076904295,1179.9974365234375,499.6285400390625,854.4361572265625,2752.0693359375,445.9546508789063,186.56690979003903,39666.0390625,17655.599609375
2022-09-07,752.8236083984375,1701.3055419921875,701.3871459960938,81.94000244140625,386.3093872070313,827.7687377929688,1715.300048828125,1429.191650390625,791.6715698242188,701.6304931640625,2386.906494140625,847.8834838867188,1294.3890380859375,79.89510345458984,269.3460388183594,1243.8863525390625,8444.443359375,105.67384338378906,1173.1361083984375,495.0298156738281,860.2109985351562,2771.915283203125,434.3612976074219,187.9507598876953,39455.44140625,17624.400390625
2022-09-08,777.0904541015625,1733.948974609375,710.3079223632812,83.54000091552734,384.1814880371094,832.1224975585938,1708.0,1411.7261962890625,791.1192016601562,708.8724975585938,2398.5869140625,869.7530517578125,1310.5950927734375,79.6498031616211,272.4846496582031,1274.9425048828125,8449.9716796875,105.15544891357422,1174.79443359375,505.9922790527344,860.7402954101562,2789.560546875,430.8053588867188,190.4186553955078,40208.48046875,17798.75
2022-09-09,782.173095703125,1716.27294921875,702.79638671875,86.79000091552734,383.8913269042969,828.8985595703125,1716.199951171875,1402.7197265625,805.9465942382812,709.3457641601562,2409.33642578125,872.1238403320312,1342.3408203125,79.706298828125,272.98028564453125,1255.0260009765625,8599.2998046875,106.87014770507812,1167.4788818359375,514.0748291015625,856.6016235351562,2831.804931640625,434.4100341796875,192.42523193359372,40415.23046875,17833.349609375
2022-09-12,798.2679443359375,1709.5301513671875,713.170654296875,87.77999877929688,383.8913269042969,830.0770874023438,1728.0999755859375,1452.57861328125,811.9370727539062,706.9555053710938,2401.61181640625,877.881591796875,1364.14111328125,79.65579986572266,273.3106689453125,1250.9752197265625,8581.662109375,106.87014770507812,1180.5426025390625,515.5148315429688,854.3880615234375,2854.070556640625,439.3785705566406,194.66249084472656,40573.52734375,17936.349609375
2022-09-13,802.8024291992188,1780.298095703125,724.5773315429688,87.30999755859375,395.3529052734375,828.4700317382812,1705.0,1435.0633544921875,811.8096313476562,716.209228515625,2407.38232421875,880.5911865234375,1371.9111328125,79.35530090332031,276.2015380859375,1253.67578125,8580.5546875,106.79039764404295,1190.403076171875,518.3948364257812,856.7461547851562,2842.101806640625,445.0291137695313,194.96229553222656,40872.625,18070.05078125
2022-09-14,800.31103515625,1800.8465576171875,732.406982421875,88.4800033569336,393.853759765625,820.9214477539062,1696.5,1410.18359375,791.9264526367188,723.5696411132812,2393.2353515625,888.4292602539062,1310.1510009765625,79.60240173339844,276.9862060546875,1251.939697265625,8619.6787109375,106.2321319580078,1176.135009765625,531.1688232421875,850.5863037109375,2746.217041015625,438.5992126464844,192.0331573486328,41404.91796875,18003.75
2022-09-15,787.3055419921875,1767.779296875,722.89892578125,85.0999984741211,397.5292053222656,812.1261596679688,1665.4000244140625,1384.010009765625,781.6448974609375,719.806640625,2382.997314453125,887.9454345703125,1272.3223876953125,79.45369720458984,275.9537353515625,1250.9752197265625,8852.828125,105.75360107421876,1164.4798583984375,531.5404663085938,841.4909057617188,2732.091552734375,435.7252197265625,191.4565277099609,41208.71875,17877.400390625
2022-09-16,786.6078491210938,1730.572265625,711.9179077148438,85.11000061035156,376.3469848632813,794.2725830078125,1671.699951171875,1324.5972900390625,762.101806640625,706.5767822265625,2352.98193359375,879.7201538085938,1222.8165283203125,79.8490982055664,273.6410522460937,1205.6929931640625,8833.5078125,104.67692565917967,1135.625732421875,521.925048828125,835.475341796875,2647.9111328125,421.3552856445313,185.2752990722656,40776.328125,17530.849609375
2022-09-19,795.3778686523438,1761.544921875,733.6450805664062,85.7300033569336,372.52642822265625,798.519287109375,1666.199951171875,1302.3050537109375,762.8665771484375,711.2391967773438,2400.54150390625,870.14013671875,1234.5823974609375,79.68949890136719,277.1926574707031,1242.8736572265625,8921.171875,104.11864471435548,1137.1025390625,531.6333618164062,842.0202026367188,2665.601318359375,414.4869384765625,185.4136962890625,40903.921875,17622.25
2022-09-20,809.9779052734375,1795.11083984375,747.2783813476562,84.44999694824219,379.1035461425781,821.2818603515625,1659.699951171875,1305.041748046875,776.6317749023438,719.806640625,2404.543701171875,887.1229248046875,1233.0284423828125,79.7074966430664,277.5230712890625,1256.66552734375,8940.3974609375,106.2321319580078,1137.2841796875,533.3056030273438,877.72802734375,2675.721923828125,423.0601806640625,186.7745056152344,41467.8203125,17816.25
2022-09-21,803.7990112304688,1797.5050048828125,752.6857299804688,82.94000244140625,367.3034057617188,808.9606323242188,1664.5999755859375,1276.031982421875,765.5430908203125,718.6942749023438,2441.818603515625,885.6715087890625,1222.994140625,79.76270294189453,281.611572265625,1260.2342529296875,8889.5,104.39778137207033,1140.4195556640625,529.2643432617188,871.3275756835938,2641.31103515625,416.6302185058594,184.8601531982422,41202.96875,17718.349609375
2022-09-22,786.5082397460938,1767.9288330078125,755.51416015625,83.48999786376953,368.2222900390625,814.7365112304688,1670.800048828125,1249.709228515625,762.7391357421875,703.3817138671875,2506.177490234375,874.2044067382812,1214.735595703125,80.05069732666016,284.9980163574219,1263.8509521484375,9037.4833984375,102.6033172607422,1129.673095703125,527.0347290039062,873.92626953125,2646.76708984375,421.0630493164063,183.56854248046875,40630.12890625,17629.80078125
2022-09-23,765.978515625,1717.604736328125,734.7266235351562,78.73999786376953,357.8246459960937,806.3211059570312,1645.300048828125,1222.04296875,761.2095336914062,684.5191650390625,2496.21875,853.7379150390625,1212.5157470703125,81.06220245361328,286.113037109375,1227.1043701171875,8981.34765625,102.56344604492188,1108.498291015625,511.5199279785156,886.5347290039062,2624.457275390625,412.197509765625,181.90792846679688,39545.7890625,17327.349609375
2022-09-26,740.0670776367188,1672.6173095703125,710.489013671875,76.70999908447266,340.5112609863281,804.110107421875,1623.300048828125,1159.6944580078125,770.4287719726562,675.2890625,2476.208740234375,833.2230224609375,1225.6580810546875,81.25479888916016,274.7147827148437,1192.479736328125,8492.5537109375,98.45611572265624,1080.2576904296875,504.7380981445313,866.900146484375,2635.32568359375,387.2571716308594,182.11550903320312,38615.80078125,17016.30078125
2022-09-27,734.984619140625,1675.3603515625,708.8594360351562,78.5,339.25390625,814.5806274414062,1626.699951171875,1149.0457763671875,780.6679077148438,669.2303466796875,2493.6123046875,824.997802734375,1237.468505859375,81.61579895019531,276.5731811523437,1191.852783203125,8434.013671875,99.253662109375,1088.8455810546875,498.42083740234375,863.4835205078125,2655.61181640625,388.523681640625,183.776123046875,38358.703125,17007.400390625
2022-09-28,714.00634765625,1648.0784912109375,704.9103393554688,82.1500015258789,337.3194580078125,831.74267578125,1660.4000244140625,1149.6927490234375,782.4098510742188,657.7281494140625,2514.879638671875,822.0462646484375,1238.4896240234375,81.72460174560547,268.39617919921875,1198.2666015625,8388.5478515625,97.7383270263672,1059.8551025390625,487.5976257324219,883.4066162109375,2671.62939453125,388.8159484863281,183.61468505859372,37759.4140625,16858.599609375
2022-09-29,716.5477294921875,1631.8193359375,695.343505859375,81.2300033569336,339.1088256835937,849.4696044921875,1658.5,1156.4102783203125,784.3215942382812,654.3201293945312,2513.436767578125,816.6272583007812,1241.9971923828125,81.42870330810547,275.08648681640625,1213.6500244140625,8290.5966796875,101.00824737548828,1056.606201171875,484.71771240234375,895.7744750976562,2637.878173828125,391.8847961425781,181.19293212890625,37647.3125,16818.099609375
2022-09-30,730.6992797851562,1674.163330078125,717.9515991210938,79.48999786376953,345.0089111328125,844.5995483398438,1662.4000244140625,1188.1568603515625,792.223876953125,672.7803955078125,2509.62109375,834.142333984375,1255.1395263671875,81.48059844970703,274.3844299316406,1223.14990234375,8486.017578125,101.12787628173828,1080.439453125,492.93951416015625,913.0509033203124,2644.2587890625,394.1742248535156,181.86178588867188,38631.5,17094.349609375
2022-10-03,720.2848510742188,1642.492431640625,701.90576171875,83.62999725341797,336.4489440917969,860.9531860351562,1692.9000244140625,1158.7489013671875,790.4395141601562,668.9226684570312,2440.794921875,820.9334106445312,1237.64599609375,81.52130126953125,267.94189453125,1206.898681640625,8215.7626953125,105.5940933227539,1076.690673828125,482.8596496582031,909.056640625,2627.00927734375,387.4032897949219,181.97711181640625,38029.20703125,16887.349609375
2022-10-04,740.2665405273438,1696.906494140625,732.9208984375,86.5199966430664,347.3302307128906,859.8427734375,1721.0999755859375,1202.2884521484375,803.8223876953125,687.7615356445312,2483.095703125,839.6097412109375,1269.3031005859375,81.49500274658203,274.9213256835937,1215.578857421875,8353.7021484375,106.79039764404295,1096.5477294921875,494.8905029296875,909.104736328125,2720.473876953125,397.38916015625,187.0512542724609,39109.59765625,17274.30078125
2022-10-06,752.5244750976562,1706.2830810546875,724.6459350585938,88.44999694824219,355.3098449707031,856.6480102539062,1711.699951171875,1224.481201171875,819.5843505859375,680.1881713867188,2432.883544921875,856.83447265625,1292.1690673828125,81.6488037109375,278.0599365234375,1212.25146484375,8365.7177734375,105.79345703125,1100.591552734375,499.16400146484375,918.1038208007812,2729.978515625,403.4294128417969,189.19622802734372,39282.39453125,17331.80078125
2022-10-07,753.12255859375,1694.761962890625,718.8716430664062,92.63999938964844,356.8090209960937,852.57666015625,1700.5,1221.0477294921875,813.7638549804688,677.2533569335938,2419.57470703125,854.0282592773438,1288.661376953125,82.3489990234375,275.9537353515625,1194.8426513671875,8438.8671875,106.9100341796875,1105.2493896484375,492.5679321289063,919.3069458007812,2697.372314453125,401.5296630859375,188.2506103515625,39177.59375,17314.650390625
2022-10-10,774.2003173828125,1680.1983642578125,713.8068237304688,91.12999725341795,354.245849609375,853.229248046875,1667.300048828125,1212.98681640625,818.4799194335938,669.774658203125,2425.066162109375,853.2540283203125,1298.8291015625,82.8322982788086,270.79150390625,1198.8450927734375,8518.939453125,106.2719955444336,1093.1851806640625,493.0789184570313,910.54833984375,2744.588134765625,385.7471008300781,189.7266998291016,39092.6484375,17241.0
2022-10-11,782.8706665039062,1668.477783203125,704.9398193359375,89.3499984741211,346.7498779296875,834.2847900390625,1678.699951171875,1169.8453369140625,797.5344848632812,662.9822998046875,2373.9228515625,842.46435546875,1264.330322265625,82.42070007324219,269.5112609863281,1185.873046875,8347.599609375,104.55730438232422,1071.4195556640625,489.96673583984375,909.2971801757812,2701.464599609375,383.214111328125,186.54383850097656,38712.0,16983.55078125
2022-10-12,805.9417114257812,1690.4227294921875,707.22998046875,87.2699966430664,354.82623291015625,826.18115234375,1670.300048828125,1193.1328125,808.9207153320312,667.3133544921875,2411.802978515625,840.2870483398438,1268.6815185546875,82.2739028930664,272.6498718261719,1203.5711669921875,8349.9521484375,104.75668334960938,1079.3033447265625,495.9124145507813,919.69189453125,2728.9228515625,386.3316345214844,188.1814117431641,39118.09765625,17123.599609375
2022-10-13,799.2646484375,1677.554931640625,699.9336547851562,89.11000061035156,350.66717529296875,828.8108520507812,1670.0,1175.119873046875,834.4967651367188,659.6452026367188,2388.581298828125,826.0137939453125,1260.8671875,82.19999694824219,271.4522705078125,1203.8604736328125,8314.337890625,103.56037902832033,1082.7340087890625,484.4390258789063,932.0596923828124,2731.167236328125,388.7185363769531,174.8733367919922,38623.55078125,17014.349609375
2022-10-14,797.7697143554688,1684.0885009765625,711.7613525390625,85.61000061035156,346.943359375,839.7490234375,1641.699951171875,1173.2786865234375,851.8733520507812,681.134765625,2397.330810546875,842.125732421875,1309.1298828125,82.19210052490234,274.30181884765625,1186.596435546875,8283.3388671875,101.76590728759766,1077.2357177734375,489.7808837890625,939.6631469726562,2727.51513671875,386.0393981933594,174.0430145263672,39305.14453125,17185.69921875
2022-10-17,811.3731079101562,1714.96142578125,719.8551635742188,85.45999908447266,347.6203918457031,844.5021362304688,1657.0,1181.240234375,845.1181030273438,684.70849609375,2411.058349609375,856.5925903320312,1323.0712890625,82.41280364990234,274.4256896972656,1186.3070068359375,8385.7109375,101.9254150390625,1094.525634765625,505.0633239746094,943.224365234375,2745.69140625,385.8932800292969,173.02818298339844,39919.984375,17311.80078125
2022-10-18,813.5656127929688,1721.9439697265625,723.3001708984375,82.81999969482422,353.6655578613281,848.6611938476562,1649.0,1198.8052978515625,857.5238037109375,683.4304809570312,2421.94775390625,867.91455078125,1335.2811279296875,82.1947021484375,281.0746765136719,1209.26171875,8466.0224609375,102.6431884765625,1113.83740234375,522.5289916992188,941.6361694335938,2774.76513671875,393.833251953125,174.965576171875,40318.28125,17486.94921875
2022-10-19,827.01953125,1694.5623779296875,722.3214111328125,85.55000305175781,358.16314697265625,840.9373168945312,1627.5,1210.1007080078125,854.4772338867188,690.4359130859375,2404.03173828125,863.2695922851562,1319.0751953125,82.2863998413086,286.0718078613281,1204.0533447265625,8381.43359375,101.9254150390625,1133.2174072265625,514.1212768554688,940.2407836914062,2754.603515625,388.7672424316406,174.38897705078125,40372.73046875,17512.25
2022-10-20,823.0332641601562,1721.395263671875,727.4107055664062,85.9800033569336,361.1615295410156,847.2001342773438,1630.800048828125,1200.8951416015625,873.1433715820312,685.7736206054688,2420.691162109375,859.93115234375,1332.794921875,82.99700164794922,288.8387756347656,1205.5965576171875,8369.947265625,103.3609848022461,1136.2618408203125,515.9793701171875,943.5612182617188,2785.883544921875,387.84173583984375,175.98040771484375,40099.0859375,17563.94921875
2022-10-21,897.3289794921875,1680.2481689453125,703.9561157226562,85.05000305175781,357.6795349121094,843.6449584960938,1651.0,1197.3623046875,881.5536499023438,680.9454345703125,2470.01904296875,877.833251953125,1332.439697265625,82.82569885253906,285.4522705078125,1212.106689453125,8366.0068359375,104.91617584228516,1123.0843505859375,521.0424194335938,941.0107421875,2768.32470703125,387.7929992675781,176.4647674560547,40783.578125,17576.30078125
2022-10-24,906.3480834960938,1697.5548095703125,705.3018798828125,84.58000183105469,357.6795349121094,852.7421875,1648.699951171875,1198.755615234375,885.3298950195312,691.5719604492188,2394.81787109375,896.3643188476562,1347.846435546875,82.54129791259766,287.18682861328125,1225.8023681640625,8425.7470703125,105.91311645507812,1126.833251953125,530.007568359375,949.9617309570312,2789.765869140625,391.2515258789063,177.45652770996094,41304.41796875,17730.75
2022-10-25,899.7705688476562,1654.4129638671875,695.1624145507812,85.31999969482422,357.6311950683594,865.3750610351562,1652.800048828125,1206.219482421875,880.9529418945312,686.767578125,2331.80810546875,895.1547241210938,1355.3499755859375,82.7614974975586,286.03045654296875,1235.881103515625,8656.013671875,104.27816009521484,1109.4298095703125,537.4861450195312,954.3408813476562,2790.118896484375,394.1255187988281,177.43344116210938,41122.2734375,17656.349609375
2022-10-27,912.0286865234376,1626.881591796875,682.2632446289062,89.08000183105469,370.9305114746094,874.89111328125,1660.699951171875,1235.4283447265625,885.7159423828125,688.4241943359375,2344.466064453125,894.5257568359375,1368.0523681640625,82.04959869384766,285.61749267578125,1248.1781005859375,8691.53125,105.11556243896484,1113.7918701171875,538.5081787109375,973.6867065429688,2785.970947265625,397.1943359375,176.51087951660156,41298.8203125,17736.94921875
2022-10-28,899.9698486328125,1649.275634765625,685.7620849609375,87.9000015258789,371.9944763183594,868.8035888671875,1639.5999755859375,1240.105712890625,883.956787109375,690.4595947265625,2349.352294921875,878.5105590820312,1358.447021484375,82.44249725341797,285.61749267578125,1265.0565185546875,9124.66796875,106.63089752197266,1147.871826171875,530.23974609375,952.84912109375,2791.133056640625,399.337646484375,176.78762817382812,40990.375,17786.80078125
2022-10-31,902.9098510742188,1683.29052734375,699.1947021484375,86.52999877929688,372.8649597167969,863.6900634765625,1635.9000244140625,1256.9244384765625,893.5256958007812,708.4464721679688,2373.9697265625,879.3331909179688,1380.3511962890625,82.23919677734375,288.0127868652344,1300.6939697265625,9158.3603515625,106.9100341796875,1158.5272216796875,533.0733642578125,978.7396850585938,2817.515625,402.11419677734375,178.3098907470703,41307.41796875,18012.19921875
2022-11-01,868.7766723632812,1704.786865234375,705.595458984375,88.37000274658203,376.8789367675781,883.4818725585938,1645.0,1262.0496826171875,909.7459106445312,716.2802734375,2390.928466796875,879.236328125,1412.084716796875,82.72899627685547,288.67352294921875,1305.9503173828125,9088.1904296875,107.78731536865234,1149.5528564453125,535.9533081054688,997.700439453125,2876.237060546875,410.49261474609375,181.0084228515625,41289.0703125,18145.400390625
2022-11-02,860.6046142578125,1706.1334228515625,700.37890625,90.0,372.52642822265625,887.446044921875,1645.699951171875,1234.8809814453125,897.0015258789062,716.7299194335938,2359.540283203125,875.46240234375,1394.4000244140625,82.68450164794922,292.92724609375,1304.3106689453125,8871.716796875,108.82411193847656,1156.7322998046875,533.1197509765625,1012.4742431640624,2860.354248046875,411.2720031738281,181.72341918945312,41146.171875,18082.849609375
2022-11-03,861.1029663085938,1719.2008056640625,696.9925537109375,88.16999816894531,372.1395263671875,894.117919921875,1627.300048828125,1244.335205078125,896.9585571289062,713.582275390625,2385.822265625,879.2847900390625,1374.15673828125,82.88839721679688,292.142578125,1287.962890625,8881.041015625,108.78423309326172,1161.0491943359375,543.385498046875,1005.0151977539062,2829.515869140625,405.5240173339844,179.2093963623047,41297.87109375,18052.69921875
2022-11-04,865.1390991210938,1796.2080078125,705.8401489257812,92.61000061035156,374.60595703125,881.494873046875,1672.5,1252.74462890625,897.130126953125,708.6595458984375,2361.461181640625,876.04296875,1359.1204833984375,82.68180084228516,292.0599670410156,1290.7598876953125,8871.8125,109.94066619873048,1178.1343994140625,551.793212890625,1000.8765869140624,2838.913330078125,414.3895263671875,180.1550445556641,41257.96875,18117.150390625
2022-11-07,869.9725341796875,1773.6146240234375,703.6918334960938,91.79000091552734,384.76177978515625,873.7710571289062,1676.5,1254.1876220703125,898.675048828125,714.1738891601562,2373.126220703125,887.8486938476562,1353.240234375,81.9749984741211,291.97735595703125,1303.298095703125,8971.58984375,110.49896240234376,1184.427734375,570.5594482421875,989.760009765625,2853.295654296875,423.7908630371094,180.59326171875,41686.21484375,18202.80078125
2022-11-09,870.7200317382812,1748.3277587890625,699.1849975585938,85.83000183105469,384.0364074707031,883.4039916992188,1710.0999755859375,1164.0731201171875,904.0816040039062,713.9608154296875,2350.639404296875,881.074951171875,1356.606689453125,81.40519714355469,297.9243469238281,1290.03662109375,8894.8818359375,110.57870483398438,1183.246337890625,571.8599853515625,975.515380859375,2837.722412109375,421.988525390625,180.33956909179688,41782.71484375,18157.0
2022-11-10,840.8223876953125,1696.1085205078125,682.6547241210938,86.47000122070312,378.3297729492188,886.2383422851562,1750.300048828125,1229.4073486328125,903.2235717773438,721.7236328125,2355.136474609375,881.2684936523438,1348.3028564453125,81.34380340576172,294.0422668457031,1252.0843505859375,8744.6875,111.53575134277344,1168.9329833984375,562.7556762695312,972.7243041992188,2828.545166015625,401.578369140625,179.39390563964844,41603.265625,18028.19921875
2022-11-11,847.7984619140625,1714.96142578125,690.1270751953125,88.95999908447266,387.4216918945313,884.2903442382812,1766.0,1286.5810546875,936.00732421875,762.6201782226562,2345.251953125,877.2525634765625,1409.4814453125,80.48290252685547,294.3313903808594,1241.378662109375,8735.3642578125,112.0142593383789,1195.8785400390625,558.6214599609375,975.515380859375,2925.869873046875,412.5871887207031,184.3758087158203,42136.5625,18349.69921875
2022-11-14,848.0974731445312,1714.0635986328125,687.6167602539062,85.87000274658203,393.1766662597656,850.044189453125,1773.5999755859375,1303.3499755859375,943.1732788085938,764.4661254882812,2302.854248046875,866.0275268554688,1423.12646484375,80.49700164794922,286.7738952636719,1232.7467041015625,8797.6533203125,111.05722045898438,1190.0850830078125,550.4924926757812,978.7396850585938,2943.120361328125,422.52435302734375,182.92274475097656,42076.26171875,18329.150390625
2022-11-15,855.7213745117188,1704.23828125,687.61181640625,86.91999816894531,392.16107177734375,863.6900634765625,1773.800048828125,1304.8427734375,947.37841796875,766.3358154296875,2302.5732421875,882.2362060546875,1430.9364013671875,80.99199676513672,285.1632080078125,1245.8153076171875,8807.12109375,113.52960968017578,1184.745849609375,558.203369140625,977.9215698242188,2940.5615234375,425.8854370117188,183.19952392578125,42372.20703125,18403.400390625
2022-11-16,852.482421875,1681.4453125,674.8201904296875,85.58999633789062,388.0987548828125,872.9041748046875,1773.0,1289.6661376953125,948.4940185546876,772.915283203125,2321.640625,884.0747680664062,1438.8363037109375,81.07140350341797,284.2133483886719,1240.9927978515625,8780.9267578125,113.9682388305664,1177.95263671875,557.181396484375,980.4240112304688,2960.635498046875,420.42974853515625,183.7069549560547,42534.8046875,18409.650390625
2022-11-17,855.2728881835938,1660.4476318359375,674.8201904296875,81.63999938964844,389.6946411132813,861.2745361328125,1760.800048828125,1283.4959716796875,937.6377563476562,765.9335327148438,2304.91552734375,890.0744018554688,1425.0118408203125,81.49530029296875,283.8829650878906,1214.6143798828125,8638.1826171875,114.20751190185548,1180.9970703125,556.5311279296875,975.3228759765624,2955.0322265625,412.2462158203125,183.0150146484375,42457.55859375,18343.900390625
2022-11-18,856.2694702148438,1650.2730712890625,664.6857299804688,80.08000183105469,387.276611328125,858.88818359375,1751.9000244140625,1267.8216552734375,946.7349243164062,763.921875,2327.121826171875,890.6065673828125,1430.3978271484375,81.52490234375,281.69415283203125,1183.5582275390625,8505.1455078125,113.05106353759766,1180.36083984375,559.9220581054688,971.7135009765624,2950.134765625,412.8794555664063,181.6772918701172,42436.95703125,18307.650390625
2022-11-21,867.0824584960938,1631.769287109375,653.6851196289062,79.7300033569336,381.763427734375,847.3558959960938,1737.4000244140625,1251.69970703125,940.1695556640624,756.0880737304688,2343.705810546875,891.6227416992188,1407.7757568359375,81.5198974609375,278.51416015625,1174.9744873046875,8521.630859375,113.42790985107422,1159.1180419921875,555.6485595703125,965.5056762695312,2897.2373046875,410.2490539550781,179.27859497070312,42346.05859375,18159.94921875
2022-11-22,867.0824584960938,1639.2506103515625,654.2673950195312,80.94999694824219,377.8945617675781,849.8201904296875,1738.300048828125,1258.3177490234375,946.9494018554688,754.9757080078125,2357.10400390625,893.848388671875,1422.9019775390625,81.72769927978516,281.0334167480469,1184.8121337890625,8529.8505859375,113.21855926513672,1165.547607421875,556.5775756835938,972.19482421875,2924.98779296875,413.7563171386719,179.34779357910156,42456.55859375,18244.19921875
2022-11-23,871.7166137695312,1632.1185302734375,663.5651245117188,77.94000244140625,378.7650451660156,858.2258911132812,1744.9000244140625,1259.909912109375,946.9494018554688,756.9401245117188,2349.280517578125,897.4772338867188,1421.196533203125,81.71499633789062,280.6617431640625,1191.8045654296875,8588.24609375,114.30719757080078,1161.9124755859375,564.5208129882812,979.4615478515624,2919.119873046875,413.123046875,179.32472229003906,42728.60546875,18267.25
2022-11-24,875.553466796875,1629.9239501953125,662.7135620117188,77.94000244140625,379.2969665527344,859.8233032226562,1744.9000244140625,1263.54248046875,969.4343872070312,769.2468872070312,2388.445556640625,908.5087280273438,1463.07421875,81.63289642333984,281.4463806152344,1209.5028076171875,8619.58203125,116.77757263183594,1171.931884765625,566.1000366210938,996.2566528320312,2982.51806640625,412.4897766113281,183.7069549560547,43074.8984375,18484.099609375
2022-11-25,884.7221069335938,1629.624755859375,660.37939453125,76.27999877929688,383.6011657714844,860.6511840820312,1753.300048828125,1281.2567138671875,968.2329711914062,765.6968383789062,2377.48291015625,900.235107421875,1468.32568359375,81.65540313720703,281.0746765136719,1216.012939453125,8669.951171875,117.69874572753906,1189.4261474609375,564.2885131835938,995.0535278320312,2990.900146484375,422.0372314453125,185.8057861328125,42983.44921875,18512.75
2022-11-28,888.65869140625,1648.72705078125,663.3106079101562,77.23999786376953,382.2470397949219,857.5148315429688,1740.0999755859375,1285.735107421875,960.1655883789062,757.4607543945312,2366.00537109375,907.1056518554688,1457.3291015625,81.6697006225586,280.86822509765625,1206.271484375,8637.173828125,116.9031982421875,1230.2991943359375,565.4032592773438,995.9197998046876,2995.8408203125,422.0859680175781,187.12042236328125,43019.94921875,18562.75
2022-11-29,889.5056762695312,1627.9290771484375,659.0728759765625,78.19999694824219,379.6838684082031,867.5178833007812,1748.4000244140625,1272.399658203125,968.876708984375,756.3246459960938,2468.1337890625,916.1534423828124,1462.4010009765625,81.65029907226562,282.72662353515625,1212.4442138671875,8564.8876953125,117.44750213623048,1232.4119873046875,565.3568725585938,1010.4532470703124,2997.694580078125,421.988525390625,186.88980102539065,43052.94921875,18618.05078125
2022-11-30,898.1760864257812,1622.44287109375,657.7808837890625,80.55000305175781,389.4528198242188,874.1021728515625,1746.0,1298.8717041015625,961.88232421875,761.3421630859375,2515.122314453125,922.104736328125,1467.697265625,81.63089752197266,280.8268737792969,1259.221435546875,8626.3583984375,118.15930938720705,1241.1136474609375,559.6898193359375,1006.7959594726562,2991.914794921875,428.0774536132813,187.69705200195312,43230.49609375,18758.349609375
2022-12-01,900.7671508789062,1634.7122802734375,660.4039306640625,81.22000122070312,399.1734619140625,871.608642578125,1801.0999755859375,1320.118896484375,975.2703247070312,766.5724487304688,2494.977783203125,909.8151245117188,1487.58154296875,81.3052978515625,280.45526123046875,1247.5029296875,8610.9794921875,117.28002166748048,1237.455810546875,564.9388427734375,1007.1807250976562,3066.783203125,426.9571228027344,190.83380126953125,43260.14453125,18812.5
2022-12-02,902.062744140625,1638.552490234375,653.3572387695312,79.9800033569336,397.287353515625,878.63134765625,1795.9000244140625,1327.184814453125,974.5408325195312,760.703125,2450.23779296875,900.5253295898438,1470.3458251953125,81.16220092773438,278.4729309082031,1219.677978515625,8474.193359375,117.99180603027344,1236.93310546875,564.4279174804688,1000.9727783203124,3034.576904296875,424.1805419921875,190.2341461181641,43103.25,18696.099609375
2022-12-05,896.133056640625,1630.1234130859375,651.8597412109375,76.93000030517578,403.5743408203125,872.5924682617188,1767.4000244140625,1348.8798828125,970.507080078125,763.4721069335938,2454.6884765625,903.4283447265624,1472.0062255859375,81.42250061035156,278.142578125,1215.04833984375,8451.31640625,120.37844848632812,1218.893798828125,573.4857788085938,1000.3953857421876,3022.885498046875,417.7019348144531,190.2110748291016,43332.4453125,18701.05078125
2022-12-06,901.5645141601562,1631.1710205078125,655.588623046875,74.25,400.8177185058594,852.0994262695312,1769.300048828125,1337.2860107421875,962.0108642578124,762.6201782226562,2487.200927734375,892.832275390625,1447.903076171875,81.89900207519531,278.5968322753906,1218.1829833984375,8379.5107421875,119.289794921875,1222.4151611328125,565.728515625,994.7649536132812,2987.1064453125,416.0944519042969,189.7497711181641,43138.05078125,18642.75
2022-12-07,911.5304565429688,1602.692138671875,648.409912109375,72.01000213623047,395.1111145019531,849.62548828125,1785.5,1305.29052734375,949.0947875976562,762.2886962890625,2536.672119140625,892.348388671875,1441.260009765625,82.37220001220703,280.9095458984375,1221.60693359375,8323.56640625,117.78246307373048,1204.375732421875,563.96337890625,979.5578002929688,2982.914794921875,409.27484130859375,187.4202880859375,43098.19921875,18560.5
2022-12-08,936.1461181640624,1614.5625,644.1770629882812,71.45999908447266,391.677490234375,848.5929565429688,1788.699951171875,1294.393310546875,945.18994140625,766.5724487304688,2534.891845703125,901.7833862304688,1454.4114990234375,82.25350189208984,279.50537109375,1229.0814208984375,8346.2041015625,119.45730590820312,1203.8077392578125,568.2368774414062,943.9943237304688,2956.399658203125,406.4495849609375,186.22093200683597,43596.34375,18609.349609375
2022-12-09,930.515380859375,1594.6123046875,637.8643798828125,71.0199966430664,389.0660095214844,858.5083618164062,1798.0999755859375,1271.50390625,881.8111572265625,772.0396118164062,2550.6328125,899.8479614257812,1408.76318359375,82.2791976928711,281.9832763671875,1220.4495849609375,8279.5419921875,117.8243408203125,1185.563720703125,572.7426147460938,955.5921630859376,2905.399658203125,402.6499938964844,181.76954650878903,43632.94140625,18496.599609375
2022-12-12,935.4485473632812,1588.128662109375,636.792724609375,73.16999816894531,389.501220703125,867.3036499023438,1780.5,1292.751220703125,882.58349609375,778.0509643554688,2545.947998046875,900.235107421875,1388.923828125,82.41300201416016,283.469970703125,1219.09912109375,8324.14453125,119.2061004638672,1187.38134765625,569.5374145507812,950.3466796875,2899.840087890625,403.4781188964844,182.83050537109372,43708.2421875,18497.150390625
2022-12-13,941.378173828125,1607.4302978515625,647.9107666015625,75.38999938964844,387.228271484375,868.4529418945312,1813.9000244140625,1301.7576904296875,896.572265625,780.2046508789062,2539.43603515625,902.7994384765624,1411.32177734375,82.64469909667969,285.4522705078125,1237.76171875,8286.607421875,120.88089752197266,1192.7886962890625,572.9749145507812,957.32470703125,2940.120361328125,407.716064453125,183.47630310058597,43946.0390625,18608.0
2022-12-14,939.1856689453124,1619.0013427734375,651.3460693359375,77.27999877929688,393.853759765625,877.49169921875,1807.5,1325.84130859375,906.4417724609376,786.8078002929688,2515.4033203125,891.9613647460938,1417.830078125,82.40249633789062,285.2870788574219,1240.751708984375,8306.6962890625,123.6025161743164,1188.471923828125,581.103759765625,962.7144165039062,2969.458740234375,407.1315307617188,184.53726196289065,44048.58984375,18660.30078125
2022-12-15,934.9502563476562,1600.896728515625,648.4293823242188,76.11000061035156,386.59954833984375,870.5568237304688,1777.199951171875,1304.4945068359375,894.5556640625,772.3945922851562,2495.35205078125,879.4298706054688,1382.909423828125,82.50800323486328,279.8770446777344,1241.2340087890625,8251.4736328125,123.47689819335938,1171.591064453125,572.231689453125,964.5912475585938,2916.296630859375,405.96240234375,182.30003356933597,43497.6953125,18414.900390625
2022-12-16,931.9105834960938,1583.1409912109375,645.6400756835938,74.29000091552734,380.747802734375,839.4178466796875,1790.0,1287.0289306640625,883.6563720703125,776.1102905273438,2502.895263671875,872.849609375,1366.4814453125,82.85790252685547,276.7797241210937,1207.1397705078125,8156.9345703125,123.26754760742188,1165.797607421875,560.5259399414062,956.3621826171876,2859.0751953125,410.7361450195313,179.7860107421875,43218.99609375,18269.0
2022-12-19,942.9727783203124,1615.011474609375,654.4583740234375,75.19000244140625,383.6011657714844,856.3557739257812,1787.699951171875,1307.281005859375,886.745849609375,778.5243530273438,2546.74462890625,877.1558837890625,1353.150634765625,82.72599792480469,281.2398681640625,1244.8026123046875,8270.4091796875,122.09518432617188,1181.1107177734375,561.5479125976562,950.8760375976562,2825.369384765625,407.22894287109375,179.46311950683594,43413.24609375,18420.44921875
2022-12-20,946.5106811523438,1611.6197509765625,650.1372680664062,76.08999633789062,376.5887756347656,851.2325439453125,1815.9000244140625,1269.662841796875,883.6991577148438,773.1519165039062,2505.93994140625,880.3008422851562,1353.105712890625,82.58190155029297,280.9508361816406,1229.9495849609375,8193.9892578125,122.13703155517578,1191.334716796875,561.5479125976562,951.260986328125,2862.34033203125,399.9221801757813,179.41697692871094,43358.99609375,18385.30078125
2022-12-21,929.1201782226562,1577.854248046875,638.7697143554688,78.29000091552734,367.9804992675781,858.5960693359375,1815.9000244140625,1248.3658447265625,892.8392333984375,765.6731567382812,2498.1162109375,863.4147338867188,1355.1256103515625,82.63690185546875,276.82098388671875,1220.73876953125,8026.78271484375,120.16909790039062,1174.3856201171875,551.2822265625,967.8636474609376,2884.0458984375,392.2257385253906,179.67068481445312,42617.453125,18199.099609375
2022-12-22,916.4136352539062,1540.4478759765625,635.241455078125,77.48999786376953,365.4656677246094,847.2391357421875,1787.0,1221.54541015625,891.7664184570312,763.046142578125,2478.580810546875,861.8665161132812,1366.3470458984375,82.87860107421875,274.5909118652344,1190.11669921875,8011.35400390625,119.12234497070312,1171.3411865234375,551.2822265625,972.7243041992188,2876.237060546875,384.2857971191406,179.32472229003906,42408.30859375,18127.349609375
2022-12-23,903.5077514648438,1493.3157958984375,623.8836059570312,79.55999755859375,345.2990417480469,839.680908203125,1795.9000244140625,1167.456787109375,884.4716796875,756.22998046875,2455.859619140625,850.4961547851562,1343.9490966796875,82.8749008178711,269.8415832519531,1181.0987548828125,7826.07470703125,117.07067108154295,1136.9888916015625,533.2591552734375,963.9656982421876,2848.574951171875,368.60064697265625,174.2044677734375,41667.56640625,17806.80078125
2022-12-26,925.532470703125,1531.1710205078125,629.6677856445312,79.55999755859375,358.5984191894531,827.63232421875,1795.9000244140625,1201.2933349609375,885.4155883789062,771.2821655273438,2452.439453125,864.3341064453125,1348.70703125,82.6041030883789,276.36669921875,1193.1065673828125,7936.81005859375,118.32679748535156,1146.9173583984375,554.719482421875,962.5219116210938,2870.23681640625,374.8843994140625,175.5191192626953,42629.65234375,18014.599609375
2022-12-27,929.0205078125,1533.8642578125,636.6165161132812,79.52999877929688,359.0820007324219,828.070556640625,1814.800048828125,1227.1185302734375,889.4063110351562,772.0632934570312,2429.765380859375,871.5432739257812,1359.8834228515625,82.90290069580078,275.1690673828125,1190.406005859375,7983.57470703125,121.25775909423828,1156.3006591796875,559.1788940429688,962.6182250976562,2876.06005859375,383.9934997558594,178.33297729492188,42859.0,18132.30078125
2022-12-28,921.5460815429688,1518.901611328125,633.8173828125,78.95999908447266,359.9525146484375,828.4407348632812,1807.9000244140625,1226.8697509765625,888.6338500976562,771.4478759765625,2420.7236328125,869.8982543945312,1355.6641845703125,82.7761001586914,276.2015380859375,1207.8631591796875,8094.693359375,120.50406646728516,1156.1871337890625,558.38916015625,957.6614379882812,2873.942626953125,381.2169189453125,178.88650512695312,42827.203125,18122.5
2022-12-29,931.3624267578124,1507.9290771484375,637.2233276367188,78.4000015258789,361.20989990234375,829.969970703125,1819.5,1210.498779296875,896.3577270507812,776.8912963867188,2406.154052734375,878.7041625976562,1362.30712890625,82.85199737548828,276.9862060546875,1217.5078125,8108.87255859375,121.13211822509766,1155.66455078125,568.376220703125,963.0032958984376,2884.222412109375,375.9560546875,180.24728393554688,43251.84765625,18191.0
2022-12-30,930.565185546875,1543.98876953125,643.5164184570312,80.26000213623047,362.7090759277344,825.4797973632812,1819.699951171875,1218.80859375,891.9381103515625,770.6668701171875,2399.595458984375,862.0599365234375,1353.91357421875,82.83509826660156,273.8475646972656,1204.8250732421875,8069.26904296875,122.89070129394533,1157.4365234375,570.1412963867188,963.8213500976562,2873.58984375,377.9532470703125,181.16986083984372,42985.94921875,18105.30078125
2023-01-02,938.388427734375,1548.6273193359375,641.4171142578125,80.26000213623047,367.6903076171875,824.9928588867188,1819.699951171875,1230.402587890625,892.0667114257812,770.9271240234375,2397.112060546875,873.2850952148438,1368.097412109375,82.74980163574219,274.9213256835937,1217.989990234375,8077.63232421875,125.9891586303711,1170.477783203125,568.7478637695312,959.5863647460938,2877.78125,384.6267395019531,181.30825805664065,43203.1015625,18197.44921875
2023-01-03,959.017822265625,1559.1011962890625,646.5552978515625,76.93000030517578,367.5935974121094,825.6356201171875,1839.699951171875,1237.1201171875,893.6973876953125,775.96826171875,2381.793212890625,872.2205810546875,1366.795654296875,82.70600128173828,273.47589111328125,1204.9215087890625,8057.87841796875,125.23548126220705,1161.9124755859375,568.9336547851562,971.2323608398438,2921.811279296875,383.74993896484375,183.15338134765625,43425.25,18232.55078125
2023-01-04,954.1843872070312,1543.98876953125,643.1052856445312,72.83999633789062,359.662353515625,828.5869140625,1852.800048828125,1207.1649169921875,889.6209106445312,762.0995483398438,2376.21826171875,870.0433349609375,1341.8843994140625,82.78569793701172,270.08941650390625,1192.2867431640625,8096.37646484375,122.4719696044922,1144.418212890625,562.2446899414062,966.4200439453124,2924.722900390625,375.6637878417969,179.76296997070312,42958.80078125,18042.94921875
2023-01-05,946.3113403320312,1465.185791015625,597.0133056640625,73.66999816894531,360.5328369140625,837.1581420898438,1834.800048828125,1206.7171630859375,896.0574340820312,757.200439453125,2420.8173828125,850.7380981445312,1324.2894287109375,82.66649627685547,275.41680908203125,1208.1524658203125,8133.19189453125,122.68133544921876,1142.37353515625,562.1516723632812,978.0658569335938,2921.5908203125,376.9302978515625,178.4713592529297,42608.69921875,17992.150390625
2023-01-06,936.6942749023438,1426.781982421875,585.3031005859375,73.7699966430664,357.6311950683594,832.1419677734375,1864.199951171875,1194.078125,886.35986328125,754.6917114257812,2414.024658203125,841.9805297851562,1300.3206787109375,82.64520263671875,276.7384033203125,1219.96728515625,8058.16650390625,123.39317321777344,1152.7564697265625,558.017578125,970.8473510742188,2833.751220703125,372.1565551757813,176.21104431152344,42188.80078125,17859.44921875
2023-01-09,955.4798583984376,1410.472900390625,586.5706787109375,74.62999725341797,361.6935424804688,844.2683715820312,1872.699951171875,1210.996337890625,916.0966796875,756.1590576171875,2458.6240234375,845.1255493164062,1332.59326171875,82.27339935302734,279.2162780761719,1263.8026123046875,8052.35205078125,124.06309509277344,1179.974609375,564.5672607421875,978.6914672851562,2929.39892578125,379.4146118164063,180.73162841796875,42582.75,18101.19921875
2023-01-10,948.9024658203124,1409.774658203125,577.840576171875,75.12000274658203,360.822998046875,835.44384765625,1871.5999755859373,1206.4185791015625,913.0072631835938,742.3375854492188,2477.17529296875,833.5133056640625,1319.39697265625,82.18009948730469,275.3756103515625,1268.1910400390625,7971.7509765625,125.06798553466795,1162.5260009765625,552.9080200195312,973.879150390625,2899.79638671875,402.2603454589844,181.30825805664065,42014.75,17914.150390625
2023-01-11,946.5106811523438,1396.2083740234375,577.0184326171875,77.41000366210938,359.9041442871094,830.2232055664062,1874.5999755859373,1218.062255859375,905.2402954101562,753.0349731445312,2429.765380859375,838.3033447265625,1320.7435302734375,81.63739776611328,274.05401611328125,1265.97265625,7963.38818359375,122.93257904052734,1147.871826171875,554.3479614257812,989.423095703125,2937.1201171875,407.4237976074219,181.6772918701172,42232.69921875,17895.69921875
2023-01-12,932.3590698242188,1384.3382568359375,577.27783203125,78.38999938964844,362.6123962402344,839.7100830078125,1895.5,1231.596923828125,919.701171875,757.0584106445312,2426.767333984375,832.8359375,1329.1370849609375,81.63179779052734,272.4433898925781,1273.013671875,8044.85400390625,122.38824462890624,1123.0843505859375,552.6757202148438,994.0911865234376,2942.10546875,401.6270751953125,181.97711181640625,42082.25,17858.19921875
2023-01-13,930.9638671875,1387.679931640625,585.0487060546875,79.86000061035156,364.69189453125,841.6190795898438,1918.4000244140625,1237.7669677734375,924.9789428710938,757.6500854492188,2458.576904296875,845.2223510742188,1349.8291015625,81.1156005859375,271.53485107421875,1280.9703369140625,8125.791015625,123.05817413330078,1121.266845703125,557.5066528320312,992.8880004882812,2977.57666015625,400.8963928222656,181.7003631591797,42371.25,17956.599609375
2023-01-16,910.0355224609376,1380.4478759765625,588.2881469726562,79.86000061035156,361.5000915527344,842.7197265625,1918.4000244140625,1232.3929443359375,938.6246337890624,750.3843383789062,2433.37255859375,837.2872924804688,1369.4439697265625,81.27799987792969,272.73248291015625,1268.8662109375,8055.33056640625,123.6025161743164,1110.5885009765625,560.2007446289062,996.593505859375,3008.710205078125,402.3577575683594,183.86839294433597,42167.55078125,17894.849609375
2023-01-17,914.5699462890624,1369.4754638671875,585.7484741210938,80.18000030517578,363.0959777832031,847.72607421875,1907.199951171875,1231.497314453125,953.5147094726562,761.5550537109375,2499.381103515625,837.1905517578125,1382.01171875,81.65260314941406,274.4256896972656,1273.9298095703125,8150.73388671875,123.81185150146484,1126.3560791015625,550.8641967773438,993.94677734375,3048.73193359375,404.5984802246094,182.83050537109372,42235.05078125,18053.30078125
2023-01-18,920.8484497070312,1363.889404296875,587.0892944335938,79.4800033569336,364.0632019042969,850.1806030273438,1904.4000244140625,1241.797607421875,957.0333251953124,774.9979248046875,2516.855712890625,841.39990234375,1387.3082275390625,81.52549743652344,276.4079895019531,1275.18359375,8164.8642578125,124.98424530029295,1124.492919921875,549.4706420898438,1001.0690307617188,3059.2001953125,397.8762817382813,185.99029541015625,42458.0,18165.349609375
2023-01-19,925.532470703125,1351.7696533203125,588.43994140625,80.33000183105469,363.0959777832031,843.9177856445312,1922.0999755859373,1249.211669921875,962.445556640625,778.2166748046875,2482.703369140625,838.1582641601562,1381.4730224609375,81.43599700927734,274.34307861328125,1272.676025390625,8172.17138671875,127.0777816772461,1123.2889404296875,547.984130859375,1001.5022583007812,3043.949462890625,390.4234313964844,186.0825653076172,42328.8515625,18107.849609375
2023-01-20,927.3761596679688,1329.8743896484375,573.5587768554688,81.30999755859375,357.1959228515625,847.5020751953125,1926.4000244140625,1225.2276611328125,959.3283081054688,786.1923828125,2388.070556640625,842.2225341796875,1369.489013671875,81.23979949951172,276.36669921875,1268.04638671875,8112.71728515625,126.9521942138672,1109.9296875,550.1673583984375,991.6849975585938,3034.925048828125,392.7615661621094,185.96722412109372,42506.80078125,18027.650390625
2023-01-23,929.5188598632812,1329.425537109375,573.813232421875,81.62000274658203,357.4377136230469,845.018310546875,1927.0999755859373,1226.6209716796875,970.93212890625,791.9434814453125,2432.716796875,843.5289306640625,1389.642333984375,80.97599792480469,278.96844482421875,1281.259765625,8090.896484375,127.58023834228516,1104.3177490234375,557.831787109375,1009.9238891601562,3081.67041015625,397.8762817382813,187.74317932128903,42821.25,18118.55078125
2023-01-24,907.0955810546876,1329.3756103515625,573.0350952148438,80.12999725341797,352.9401550292969,828.4407348632812,1933.9000244140625,1209.80224609375,985.3506469726562,802.5462036132812,2436.558349609375,842.609619140625,1393.1431884765625,81.48799896240234,279.9596252441406,1276.8714599609375,8361.6796875,127.4127426147461,1097.7972412109375,552.1647338867188,1001.646484375,3100.982177734375,411.2720031738281,188.0206451416016,42733.44921875,18118.30078125
2023-01-25,889.306396484375,1311.0712890625,567.24609375,80.1500015258789,340.5112609863281,818.3500366210938,1941.199951171875,1190.594970703125,972.2745971679688,780.3703002929688,2457.03076171875,827.6588745117188,1385.15380859375,81.60189819335938,280.2074584960937,1264.911865234375,8443.673828125,127.6639633178711,1082.620361328125,528.3353881835938,1001.0210571289062,3095.071533203125,408.2518615722656,185.68540954589844,41647.6484375,17891.94921875
2023-01-27,870.7698364257812,1310.921630859375,563.8010864257812,79.68000030517578,344.2834777832031,840.372314453125,1928.5999755859373,1180.7425537109375,966.0828247070312,764.8211059570312,2447.4736328125,790.790283203125,1363.7435302734375,81.44509887695312,285.7826843261719,1273.302734375,8398.8798828125,123.6443862915039,1062.0816650390625,501.62591552734375,1004.2452392578124,3078.19580078125,434.1177062988281,184.06692504882807,40345.30078125,17604.349609375
2023-01-30,868.8763427734375,1340.497802734375,589.35498046875,77.9000015258789,341.5752258300781,843.2554931640625,1922.9000244140625,1159.5948486328125,982.6660766601562,764.0401000976562,2406.247802734375,796.8865966796875,1381.3834228515625,81.50800323486328,284.7915344238281,1284.2978515625,8475.298828125,121.34149169921876,1072.2603759765625,500.0001525878906,1012.2337646484376,3098.5908203125,432.2179870605469,186.0091094970703,40387.44921875,17648.94921875
2023-01-31,868.627197265625,1339.1011962890625,576.1033935546875,78.87000274658203,344.3801574707031,842.349609375,1929.5,1175.9158935546875,971.7979736328124,758.9990844726562,2414.305419921875,805.01513671875,1376.8499755859375,81.57990264892578,291.02752685546875,1329.77294921875,8550.5654296875,121.34149169921876,1069.5792236328125,514.2141723632812,995.6791381835938,3030.954833984375,440.45025634765625,184.43687438964844,40655.05078125,17662.150390625
2023-02-01,854.326171875,1265.1363525390625,569.3306884765625,76.41000366210938,337.561279296875,847.6773681640625,1927.800048828125,1150.886962890625,980.371337890625,770.3829345703125,2411.96337890625,820.5464477539062,1392.4251708984375,81.76840209960938,298.5024719238281,1304.0213623046875,8429.0146484375,120.7971649169922,1063.240478515625,489.9201965332031,976.8146362304688,3075.760009765625,435.1406555175781,186.07846069335935,40513.0,17616.30078125
2023-02-02,865.4878540039062,1268.727294921875,559.5877685546875,75.87999725341797,342.8810119628906,851.3007202148438,1916.300048828125,1150.4390869140625,995.5260620117188,758.9280395507812,2468.742919921875,830.1748657226562,1421.735107421875,81.71029663085938,312.7090148925781,1304.3590087890625,8526.3896484375,120.12722778320312,1057.35595703125,490.616943359375,969.78857421875,3122.73095703125,433.33831787109375,189.33856201171875,40669.30078125,17610.400390625
2023-02-03,879.5896606445312,1334.1136474609375,588.6160278320312,73.38999938964844,341.9137878417969,849.01171875,1862.9000244140625,1145.0650634765625,992.5383911132812,785.1746826171875,2481.7666015625,835.8841552734375,1435.7841796875,82.0458984375,314.4022827148437,1338.6943359375,8595.7431640625,120.83902740478516,1058.28759765625,505.5742492675781,989.5675659179688,3142.4931640625,433.97161865234375,188.62176513671875,41499.69921875,17854.05078125
2023-02-06,879.6395263671875,1339.6998291015625,597.4195556640625,74.11000061035156,342.3006591796875,847.2975463867188,1866.199951171875,1150.936767578125,992.1486206054688,781.8377075195312,2471.3193359375,826.110595703125,1409.2569580078125,82.22599792480469,316.67364501953125,1327.12060546875,8562.7724609375,120.16909790039062,1050.3128662109375,506.6890869140625,984.9476318359376,3122.324951171875,430.6104736328125,187.1189117431641,41374.6484375,17764.599609375
2023-02-07,876.1016235351562,1347.031494140625,602.9345092773438,77.13999938964844,345.44415283203125,864.9660034179688,1871.699951171875,1169.2481689453125,977.0374145507812,782.9973754882812,2437.2138671875,825.1912841796875,1402.5692138671875,82.75499725341797,308.2901611328125,1318.151123046875,8422.86328125,121.13211822509766,1047.791015625,508.2684326171875,968.6337280273438,3133.695068359375,424.2292785644531,185.19985961914065,41490.94921875,17721.5
2023-02-08,868.7766723632812,1365.4854736328125,621.637451171875,78.47000122070312,348.49090576171875,874.2288208007812,1877.4000244140625,1178.4537353515625,991.5426025390624,782.902587890625,2419.97412109375,831.3359985351562,1427.79443359375,82.74189758300781,310.1898803710937,1324.2755126953125,8492.3125,120.50406646728516,1068.7159423828125,510.7303161621094,982.3064575195312,3176.605712890625,428.7594604492188,188.09002685546875,41537.6484375,17871.69921875
2023-02-09,864.7405395507812,1396.7572021484375,631.7523803710938,78.05999755859375,345.0089111328125,874.1703491210938,1866.199951171875,1168.2530517578125,992.7114868164062,781.2697143554688,2423.62841796875,832.981201171875,1451.58349609375,82.65950012207031,309.1161193847656,1323.45556640625,8460.111328125,122.4301300048828,1070.578857421875,511.7057800292969,976.2943725585938,3195.329833984375,425.4957580566406,188.80674743652344,41554.30078125,17893.44921875
2023-02-10,864.2919921875,1398.25341796875,629.8438720703125,79.72000122070312,349.6515808105469,876.5274047851562,1862.800048828125,1202.9354248046875,966.1260375976562,784.3700561523438,2415.00830078125,826.2556762695312,1443.9979248046875,82.533203125,306.7208251953125,1316.9453125,8469.8671875,122.84883880615234,1061.763671875,513.7960815429688,976.1002807617188,3192.35205078125,434.3612976074219,187.6507110595703,41559.3984375,17856.5
2023-02-13,856.1697387695312,1385.0863037109375,621.0355834960938,80.13999938964844,346.1695556640625,881.4169921875,1851.9000244140625,1180.0460205078125,963.8312377929688,784.961669921875,2418.28759765625,823.1591796875,1407.1021728515625,82.51300048828125,309.07476806640625,1304.937744140625,8468.0419921875,124.06309509277344,1055.72021484375,499.3498229980469,984.4883422851562,3142.58349609375,429.6849365234375,185.24612426757807,41282.19921875,17770.900390625
2023-02-14,867.780029296875,1395.1112060546875,632.114501953125,79.05999755859375,342.3490295410156,884.0857543945312,1854.0,1153.1260986328125,974.612548828125,792.2274169921875,2416.97607421875,837.335693359375,1430.263427734375,82.59739685058594,319.1928100585937,1314.72705078125,8434.3994140625,124.31430053710938,1080.598388671875,502.4620056152344,976.2459106445312,3158.556884765625,429.1978454589844,187.32701110839844,41648.3515625,17929.849609375
2023-02-15,865.33837890625,1417.2559814453125,635.1729736328125,78.58999633789062,349.1679382324219,880.47216796875,1834.199951171875,1164.919189453125,981.0641479492188,790.6181640625,2387.78955078125,842.657958984375,1433.6744384765625,82.86759948730469,320.8558959960937,1330.3516845703125,8502.55078125,123.51876068115234,1105.0675048828125,503.7626953125,965.23974609375,3177.101318359375,432.705078125,188.39056396484372,41731.05078125,18015.849609375
2023-02-16,861.800537109375,1424.6373291015625,630.0200805664062,78.48999786376953,359.51727294921875,880.364990234375,1842.0,1180.444091796875,976.9508666992188,787.7544555664062,2367.78564453125,841.3515625,1437.938720703125,82.73770141601562,321.1497497558594,1319.549560546875,8463.8603515625,130.55303955078125,1104.2042236328125,501.7651977539063,964.997314453125,3210.851806640625,430.2207946777344,189.5466461181641,41631.3515625,18035.849609375
2023-02-17,851.984130859375,1410.522705078125,628.0039672851562,76.33999633789062,352.6015930175781,878.62158203125,1840.4000244140625,1158.450439453125,960.8434448242188,783.8020629882812,2356.916748046875,834.7713012695312,1421.7799072265625,82.69529724121094,321.86334228515625,1293.8463134765625,8466.408203125,131.13925170898438,1108.8162841796875,493.3111267089844,954.6699829101562,3159.50439453125,428.5646057128906,187.8819122314453,41131.75,17944.19921875
2023-02-20,843.8619384765625,1401.09619140625,623.1790161132812,76.33999633789062,352.64996337890625,871.6964111328125,1840.4000244140625,1147.8516845703125,966.16943359375,776.4415283203125,2353.122314453125,824.562255859375,1429.544921875,82.75800323486328,322.40899658203125,1298.4273681640625,8356.7294921875,129.67379760742188,1097.093017578125,487.8763732910156,954.5731201171876,3147.006103515625,431.584716796875,188.22872924804688,40701.69921875,17844.599609375
2023-02-21,841.171142578125,1390.822021484375,624.3386840820312,76.16000366210938,345.7826538085937,873.9074096679688,1833.0,1137.6510009765625,957.0765991210938,779.3526611328125,2357.52587890625,826.594482421875,1417.9197998046875,82.69750213623047,320.8978881835937,1303.8284912109375,8333.8515625,129.04571533203125,1106.0445556640625,486.2970275878906,942.160888671875,3114.248046875,425.2522277832031,186.2403259277344,40673.6015625,17826.69921875
2023-02-22,830.5076293945312,1357.5550537109375,606.6632690429688,73.94999694824219,337.17437744140625,872.0665283203125,1832.0,1101.3265380859375,946.1654052734376,764.063720703125,2336.8193359375,812.1275024414062,1402.030517578125,82.86119842529297,322.2411193847656,1272.8687744140625,8323.3740234375,128.6269989013672,1080.9619140625,479.7009582519531,939.2033081054688,3069.623779296875,418.3838806152344,182.72589111328125,39995.8984375,17554.30078125
2023-02-23,841.4700927734375,1343.5899658203125,607.0254516601562,75.38999938964844,331.66119384765625,866.787353515625,1818.0,1083.9107666015625,947.6807250976562,758.8807373046875,2333.63330078125,812.6113891601562,1392.0660400390625,82.83529663085938,325.3891906738281,1267.274658203125,8359.228515625,129.5062713623047,1075.78173828125,484.0208740234375,943.0336303710938,3080.677978515625,422.0372314453125,182.1710205078125,40001.55078125,17511.25
2023-02-24,848.4961547851562,1355.610107421875,610.3433227539062,76.31999969482422,334.7079467773437,874.87158203125,1808.800048828125,1075.30224609375,948.1138305664062,752.1119995117188,2327.58984375,812.5630493164062,1392.02099609375,82.6178970336914,323.2904357910156,1234.7237548828125,8324.8642578125,133.24574279785156,1083.1429443359375,484.0673522949219,941.09423828125,3068.630126953125,416.7276611328125,181.87042236328125,39909.3984375,17465.80078125
2023-02-27,851.4359741210938,1354.013916015625,606.2571411132812,75.68000030517578,338.48016357421875,861.216064453125,1817.0,1088.488525390625,938.6746826171876,753.981689453125,2312.5517578125,828.7233276367188,1354.901123046875,82.91799926757812,320.8558959960937,1212.7337646484375,8297.662109375,133.46066284179688,1075.9407958984375,490.2453918457031,935.8093872070312,3006.724365234375,407.1802368164063,180.5063018798828,40307.1015625,17392.69921875
2023-02-28,841.220947265625,1331.570068359375,598.1927490234375,77.05000305175781,340.1243896484375,840.8788452148438,1828.9000244140625,1095.1065673828125,933.1757202148438,757.153076171875,2305.52490234375,827.2234497070312,1335.3760986328125,82.6520004272461,316.2386779785156,1224.500244140625,8290.1162109375,130.70982360839844,1055.356689453125,485.6931762695313,927.6153564453124,2989.5791015625,409.859375,178.9803009033203,40269.05078125,17303.94921875
2023-03-01,862.1991577148438,1340.5477294921875,602.3765869140625,77.69000244140625,343.9932861328125,846.2554321289062,1837.699951171875,1113.8658447265625,953.5260009765624,756.41943359375,2310.77197265625,828.6265258789062,1343.0068359375,82.6353988647461,317.9176940917969,1226.9598388671875,8424.498046875,133.0738525390625,1065.0579833984375,498.6065979003906,930.2335815429688,3055.3193359375,415.0227966308594,180.78375244140625,40698.1484375,17450.900390625
2023-03-02,842.56640625,1340.19873046875,595.3446655273438,78.16000366210938,343.6547546386719,855.2941284179688,1833.5,1119.737548828125,957.7258911132812,749.98193359375,2300.55908203125,826.4009399414062,1321.551513671875,82.4198989868164,315.2733154296875,1207.091552734375,8217.4453125,132.4290771484375,1056.947021484375,495.8659362792969,936.0516967773438,2997.33935546875,409.6158142089844,179.44273376464844,40389.80078125,17321.900390625
2023-03-03,849.7418823242188,1351.9691162109375,597.0133056640625,79.68000030517578,348.44256591796875,864.5179443359375,1847.699951171875,1161.8837890625,969.0270385742188,764.868408203125,2315.22216796875,840.4806518554688,1327.9700927734375,82.35569763183594,323.16455078125,1223.53564453125,8267.91015625,132.6010284423828,1083.9154052734375,521.3676147460938,937.6033325195312,3016.01953125,416.9712524414063,180.5525360107422,41251.3515625,17594.349609375
2023-03-06,856.5684204101562,1377.355712890625,600.4192504882812,80.45999908447266,348.0556640625,864.7615356445312,1847.9000244140625,1160.29150390625,975.695068359375,770.2645263671875,2328.19921875,839.70654296875,1353.240234375,81.7125015258789,325.8509521484375,1225.320068359375,8296.94140625,135.99664306640625,1094.5028076171875,521.8321533203125,936.0032348632812,3042.8212890625,428.7594604492188,182.0785217285156,41350.3984375,17711.44921875
2023-03-08,858.0134887695312,1377.355712890625,586.9132080078125,76.66000366210938,351.1507568359375,862.2388305664062,1812.699951171875,1176.6126708984375,970.4559936523438,771.802978515625,2328.43359375,843.9158935546875,1339.999267578125,82.07460021972656,329.4187927246094,1244.12744140625,8356.970703125,136.03964233398438,1098.433349609375,524.7120971679688,928.488037109375,3059.561279296875,427.9800415039063,181.5467529296875,41577.1015625,17754.400390625
2023-03-09,864.8401489257812,1349.1761474609375,577.5617065429688,75.72000122070312,345.39581298828125,853.414306640625,1829.300048828125,1161.9832763671875,966.9920043945312,771.8739013671875,2306.2275390625,828.2879028320312,1328.95751953125,81.9645004272461,325.3052978515625,1203.812255859375,8210.9091796875,134.36329650878906,1072.032958984375,519.23095703125,923.8335571289062,3011.236572265625,421.0630493164063,180.3907012939453,41256.75,17589.599609375
2023-03-10,848.9943237304688,1325.5350341796875,574.9044189453125,76.68000030517578,338.57684326171875,856.25830078125,1862.0,1156.4102783203125,966.6891479492188,751.9700317382812,2310.02197265625,815.417724609375,1321.012939453125,82.01840209960938,325.7250366210937,1183.1241455078125,8268.19921875,133.93350219726562,1055.4248046875,508.5006408691406,926.59716796875,3005.957275390625,424.6189880371094,179.92825317382812,40485.44921875,17412.900390625
2023-03-13,829.510986328125,1292.4677734375,570.930908203125,74.80000305175781,331.4677734375,851.359130859375,1911.699951171875,1116.8514404296875,951.3610229492188,742.4559326171875,2300.32470703125,801.628173828125,1288.2916259765625,81.95800018310547,322.0731811523437,1151.0552978515625,8188.27197265625,133.93350219726562,1038.06689453125,492.3821105957031,925.1911010742188,2961.69384765625,411.51556396484375,178.2404327392578,39564.69921875,17154.30078125
2023-03-14,830.0093383789062,1277.355712890625,560.9482421875,71.33000183105469,335.7235412597656,847.2975463867188,1906.199951171875,1102.4710693359375,938.7613525390624,740.4677734375,2288.47216796875,803.5151977539062,1274.736328125,82.41739654541016,318.7571716308594,1119.5653076171875,8182.2646484375,131.78436279296875,1034.181884765625,488.1086730957031,928.1972045898438,2901.232177734375,405.9136962890625,175.4658966064453,39411.3984375,17043.30078125
2023-03-15,821.2393798828125,1279.400634765625,559.6954956054688,67.61000061035156,334.12762451171875,856.0538940429688,1926.5999755859373,1085.204345703125,934.9509887695312,729.8414306640625,2254.41357421875,799.208984375,1274.422119140625,82.30490112304688,318.5053100585937,1119.131103515625,8146.50537109375,131.13961791992188,1016.5057983398438,480.8157958984375,922.572998046875,2886.748291015625,400.7502746582031,173.75494384765625,39051.5,16972.150390625
2023-03-16,827.7171630859375,1290.3731689453125,559.3381958007812,68.3499984741211,348.24908447265625,853.959716796875,1919.0,1096.4998779296875,928.6726684570312,734.57470703125,2304.306884765625,797.273681640625,1260.4627685546875,82.7156982421875,320.2262878417969,1125.5931396484375,8110.458984375,130.8387451171875,1011.4392700195312,487.27252197265625,938.088134765625,2874.204345703125,404.9881896972656,172.41392517089844,39132.6015625,16985.599609375
2023-03-17,834.5438842773438,1298.502685546875,561.0264282226562,66.73999786376953,362.9508972167969,864.1673583984375,1969.800048828125,1117.9461669921875,959.8909301757812,744.3965454101562,2293.110107421875,809.2245483398438,1275.3646240234375,82.622802734375,315.2733154296875,1129.8851318359375,7994.53173828125,131.6553955078125,1010.1671142578124,492.1962890625,928.6820678710938,2869.06103515625,408.2031555175781,174.10174560546875,39598.1015625,17100.05078125
2023-03-20,834.6932983398438,1242.2933349609375,543.2581176757812,67.63999938964844,357.7762451171875,864.8101806640625,1979.199951171875,1094.2607421875,944.6499633789062,739.2371215820312,2352.887939453125,809.4180908203125,1260.0589599609375,82.53299713134766,318.00164794921875,1126.171875,7901.05078125,130.92471313476562,1000.2384643554688,482.34869384765625,932.0760498046876,2836.573486328125,400.1657104492188,169.7781219482422,39361.94921875,16988.400390625
2023-03-21,852.6818237304688,1264.9366455078125,558.8488159179688,69.33000183105469,355.40655517578125,860.8946533203125,1938.0,1092.1707763671875,938.6314086914062,747.6152954101562,2307.352294921875,824.8526000976562,1248.43359375,82.52909851074219,316.4485168457031,1119.0828857421875,7909.5107421875,130.27996826171875,1031.3416748046875,484.81060791015625,927.2276000976562,2803.00341796875,401.9193420410156,169.43130493164062,39894.69921875,17107.5
2023-03-22,846.7521362304688,1291.32080078125,570.9945068359375,70.9000015258789,356.6639709472656,871.7255859375,1946.800048828125,1079.2332763671875,936.5097045898438,745.8876953125,2320.235107421875,832.4005737304688,1247.132080078125,82.677001953125,317.12017822265625,1122.7479248046875,7932.58056640625,130.27996826171875,1034.477294921875,484.5319213867188,942.5972290039062,2825.293701171875,405.37786865234375,169.43130493164062,39999.05078125,17151.900390625
2023-03-23,845.9049072265625,1286.7821044921875,570.8819580078125,69.95999908447266,355.5999755859375,866.2711791992188,1993.800048828125,1061.7677001953125,923.043701171875,739.8998413085938,2328.43359375,827.8040161132812,1233.93603515625,82.52580261230469,319.55474853515625,1123.567626953125,8029.47412109375,131.3545379638672,1021.3906860351562,476.3564758300781,948.0275268554688,2819.7431640625,408.3493041992188,167.16543579101562,39616.8984375,17076.900390625
2023-03-24,837.0353393554688,1237.5552978515625,552.8934326171875,69.26000213623047,342.63922119140625,869.6217651367188,1982.0999755859373,1039.82373046875,910.7901611328124,738.7164916992188,2324.404541015625,824.8526000976562,1239.4117431640625,82.26529693603516,317.9176940917969,1109.92041015625,7923.44873046875,128.43173217773438,1001.169921875,469.4817199707031,943.373046875,2815.99853515625,405.7675476074219,167.28103637695312,39395.3515625,16945.05078125
2023-03-27,830.5076293945312,1236.009033203125,547.3931274414062,72.80999755859375,337.3677978515625,873.8099975585938,1952.4000244140625,1020.4674072265624,910.5736694335938,741.9351196289062,2341.457275390625,821.2721557617188,1246.86279296875,82.33879852294922,319.1769714355469,1097.478759765625,7957.5244140625,129.1624298095703,1016.73291015625,473.9410095214844,953.6517944335938,2817.622802734375,401.4322509765625,167.0498046875,39431.30078125,16985.69921875
2023-03-28,829.6107788085938,1220.0989990234375,541.6578979492188,73.19999694824219,337.22271728515625,881.8260498046875,1972.4000244140625,1008.5748291015624,901.5674438476562,747.97021484375,2326.278076171875,827.1266479492188,1236.673828125,82.21489715576172,318.7991638183594,1088.2197265625,7890.66943359375,126.5404815673828,1021.4815673828124,472.0365295410156,954.3790893554688,2811.846923828125,391.2515258789063,164.714599609375,39567.8984375,16951.69921875
2023-03-29,839.72607421875,1242.9417724609375,550.5396118164062,72.97000122070312,340.9949035644531,889.8129272460938,1966.0999755859373,1016.78515625,924.4293212890624,751.5676879882812,2371.29931640625,823.4978637695312,1242.01513671875,82.16429901123047,321.3176574707031,1103.6513671875,7973.81787109375,128.38873291015625,1015.43798828125,479.8403015136719,961.8458251953124,2832.6025390625,398.6556701660156,166.03250122070312,39910.1484375,17080.69921875
2023-03-31,855.5718383789062,1263.3406982421875,549.7125854492188,75.66999816894531,345.0089111328125,900.5172119140625,1969.0,1026.0902099609375,939.8004150390624,761.8627319335938,2398.939453125,848.8994750976562,1281.873046875,82.10050201416016,321.947265625,1117.539794921875,7970.7900390625,129.8501434326172,1059.2191162109375,486.5757141113281,953.3124389648438,2893.064697265625,409.9567565917969,168.89952087402344,40608.6484375,17359.75
2023-04-03,861.6510620117188,1279.7496337890625,559.3333129882812,80.41999816894531,349.6999206542969,907.0917358398438,1983.9000244140625,1040.470703125,950.971435546875,762.3360595703125,2376.21826171875,855.23779296875,1266.5225830078125,82.18479919433594,318.0855712890625,1128.342041015625,8173.51708984375,132.08522033691406,1059.40087890625,489.36279296875,949.3851318359376,2887.74072265625,413.3179016113281,170.14805603027344,40813.05078125,17398.05078125
2023-04-05,857.5650634765625,1276.10888671875,563.8597412109375,80.61000061035156,355.0196228027344,912.2150268554688,2020.9000244140625,1051.417724609375,962.2724609375,782.7843017578125,2419.92724609375,856.011962890625,1277.92333984375,82.11479949951172,324.3818054199219,1114.4051513671875,8119.6865234375,131.44049072265625,1056.856201171875,485.8789367675781,966.9367065429688,2923.65673828125,415.55859375,170.9804229736328,40999.1484375,17557.05078125
2023-04-06,849.0443115234375,1300.697265625,580.5858154296875,80.69999694824219,370.3501892089844,915.44873046875,2011.9000244140625,1119.9365234375,945.5158081054688,788.7483520507812,2403.53076171875,846.7222290039062,1276.44189453125,81.94999694824219,325.1793212890625,1129.64404296875,8186.58984375,129.46328735351562,1063.9447021484375,490.1989440917969,981.4337768554688,2906.4208984375,426.37255859375,169.54690551757812,41041.0,17599.150390625
2023-04-10,844.4598999023438,1301.7945556640625,570.466064453125,79.73999786376953,392.2094421386719,927.1854858398438,1989.0999755859373,1222.4410400390625,955.2579956054688,785.0090942382812,2372.51708984375,840.3839721679688,1281.5589599609375,81.88480377197266,326.1867370605469,1146.377685546875,8204.373046875,135.093994140625,1056.4017333984375,488.9447326660156,978.0397338867188,2944.953369140625,449.41314697265625,172.6219940185547,40834.6484375,17624.05078125
2023-04-11,850.3896484375,1319.8994140625,571.3419799804688,81.52999877929688,392.0159912109375,927.90625,2004.800048828125,1227.8648681640625,941.3157958984376,787.3046875,2387.1337890625,853.3992919921875,1262.30322265625,81.98390197753906,332.44097900390625,1159.01220703125,8323.951171875,136.72732543945312,1061.627197265625,494.3330383300781,978.6700439453124,2900.194091796875,446.8801574707031,171.21160888671875,41366.5,17722.30078125
2023-04-12,848.1472778320312,1318.25341796875,573.2210693359375,83.26000213623047,393.22503662109375,950.8246459960938,2010.9000244140625,1241.697998046875,947.8106079101562,797.5288696289062,2369.51904296875,861.3826293945312,1282.1873779296875,82.07009887695312,330.3842163085937,1164.4615478515625,8286.9423828125,135.52381896972656,1066.3076171875,490.70989990234375,985.8944091796876,2925.326416015625,453.50494384765625,172.0902099609375,41557.94921875,17812.400390625
2023-04-13,861.40185546875,1337.9542236328125,577.869873046875,82.16000366210938,399.6086730957031,945.3507080078124,2041.300048828125,1276.927734375,928.1962280273438,801.1025390625,2376.311767578125,869.946533203125,1247.0869140625,81.96060180664062,332.10516357421875,1161.7611083984375,8334.765625,136.46945190429688,1070.3291015625,495.122802734375,973.0942993164062,2877.678955078125,457.4018859863281,170.3098907470703,42132.55078125,17828.0
2023-04-17,861.6012573242188,1337.804443359375,583.4485473632812,80.83000183105469,401.7366027832031,945.23388671875,1994.199951171875,1273.14599609375,902.5201416015624,788.8905029296875,2390.975341796875,872.1722412109375,1129.5777587890625,81.84480285644531,335.9249267578125,1169.8626708984375,8338.466796875,137.67295837402344,1075.759033203125,505.3884582519531,968.4398193359376,2833.144287109375,459.9835815429688,167.09605407714844,42262.55078125,17706.849609375
2023-04-18,860.4052734375,1331.869384765625,578.9660034179688,80.86000061035156,409.9579772949219,956.9413452148438,2007.4000244140625,1300.9615478515625,921.2686157226562,785.5534057617188,2380.856689453125,867.8660278320312,1130.520751953125,82.00370025634766,334.53973388671875,1161.9056396484375,8394.2197265625,137.62997436523438,1063.44482421875,507.1070556640625,974.3548583984376,2825.248291015625,460.8116760253906,170.1249237060547,42265.19921875,17660.150390625
2023-04-19,870.4210815429688,1328.029052734375,582.1077270507812,79.16000366210938,407.8785095214844,956.3472290039062,1995.199951171875,1286.6805419921875,899.4893188476562,788.4407348632812,2372.002197265625,863.0761108398438,1106.1478271484375,82.10790252685547,334.7496643066406,1172.322021484375,8343.5615234375,137.62997436523438,1068.7386474609375,501.9510498046875,965.3367309570312,2788.114013671875,457.3044128417969,166.8417205810547,42154.0,17618.75
2023-04-20,865.7869262695312,1328.777099609375,578.6773681640625,77.29000091552734,400.8661193847656,946.3831787109376,2007.5999755859373,1273.295166015625,898.449951171875,791.3754272460938,2335.46044921875,865.4953002929688,1098.2481689453125,82.34010314941406,336.0508728027344,1175.3118896484375,8376.916015625,136.81329345703125,1066.034912109375,506.1316528320313,957.821533203125,2801.83056640625,464.51373291015625,167.78970336914062,42269.5,17624.44921875
2023-04-21,861.25244140625,1314.6126708984375,581.1436157226562,77.87000274658203,392.7413940429688,948.4382934570312,1979.5,1266.428466796875,908.3654174804688,792.6534423828125,2340.47314453125,857.028076171875,1101.794189453125,82.14089965820312,342.724853515625,1169.6697998046875,8226.76953125,137.20016479492188,1067.37548828125,504.5987854003906,959.469970703125,2852.411376953125,459.0580749511719,170.1942901611328,42118.0,17624.05078125
2023-04-24,879.2906494140625,1316.4578857421875,580.7376098632812,78.76000213623047,397.67425537109375,936.2339477539062,1989.0999755859373,1277.226318359375,912.781982421875,799.0671997070312,2342.159423828125,875.5108032226562,1100.8516845703125,82.05480194091797,343.10260009765625,1164.8472900390625,8138.04638671875,137.7589111328125,1071.465087890625,515.236083984375,949.4821166992188,2864.999755859375,462.9549865722656,174.7722625732422,42635.75,17743.400390625
2023-04-25,875.3541259765625,1342.4429931640625,594.5862426757812,77.06999969482422,396.70703125,941.5325927734376,1994.0,1285.287353515625,912.2622680664062,787.7069702148438,2333.446044921875,883.9296264648438,1099.5946044921875,81.85230255126953,345.4952087402344,1166.872802734375,8140.69140625,138.102783203125,1079.666748046875,521.925048828125,943.0336303710938,2866.082275390625,461.3475341796875,173.70867919921875,42678.5,17769.25
2023-04-26,884.6224365234375,1331.3704833984375,592.697265625,74.30000305175781,402.9456176757813,943.8313598632812,1985.699951171875,1289.4173583984375,922.74072265625,791.328125,2352.51318359375,885.3811645507812,1101.9737548828125,81.9916000366211,346.08282470703125,1170.4412841796875,8177.21826171875,138.53260803222656,1073.3280029296875,526.152099609375,941.821533203125,2886.071533203125,465.877685546875,173.20001220703125,42829.8984375,17813.599609375
2023-04-27,878.393798828125,1356.6075439453125,606.8003540039062,74.76000213623047,407.83013916015625,958.1394653320312,1989.9000244140625,1313.5506591796875,927.6765747070312,795.6828002929688,2313.301513671875,888.6712036132812,1118.7607421875,81.76689910888672,349.23095703125,1180.5201416015625,8211.8701171875,137.58700561523438,1080.1212158203125,524.6657104492188,949.0457763671876,2876.8662109375,469.1900634765625,173.13067626953125,43000.8515625,17915.05078125
2023-04-28,857.0667114257812,1351.270751953125,614.6348876953125,76.77999877929688,412.2310180664063,960.3406372070312,1990.0999755859373,1308.923095703125,937.2330322265624,798.806884765625,2302.385986328125,887.993896484375,1124.595703125,81.76509857177734,357.2481384277344,1183.317138671875,8256.6640625,136.64138793945312,1099.86474609375,537.25390625,957.7245483398438,2905.112548828125,472.4537353515625,178.0323486328125,43233.8984375,18065.0
2023-05-02,867.6805419921875,1345.684814453125,611.6057739257812,71.66000366210938,410.3448791503906,964.3438720703124,2014.300048828125,1322.358154296875,940.2721557617188,798.6411743164062,2297.138671875,892.300048828125,1146.768798828125,81.77469635009766,356.32470703125,1193.34765625,8436.7060546875,141.19752502441406,1109.2025146484375,534.4668579101562,943.5669555664062,2905.247314453125,467.8748474121094,179.58145141601562,43352.1015625,18147.650390625
2023-05-03,856.917236328125,1343.6400146484375,604.862548828125,68.5999984741211,413.5367431640625,964.7042846679688,2028.5999755859373,1322.1591796875,932.6971435546876,801.4338989257812,2329.2763671875,893.0258178710938,1139.318115234375,81.77870178222656,358.59130859375,1191.5633544921875,8456.36328125,138.53260803222656,1099.6829833984375,530.007568359375,934.4032592773438,2869.6025390625,471.2359619140625,178.0785675048828,43312.69921875,18089.849609375
2023-05-04,862.9964599609375,1371.0213623046875,625.415283203125,68.55999755859375,410.8768310546875,967.7723388671876,2048.0,1319.671142578125,939.6112670898438,817.835205078125,2348.718505859375,891.9130249023438,1143.2679443359375,81.77999877929688,356.4506225585937,1187.946533203125,8459.53515625,138.40365600585938,1112.360595703125,538.833251953125,944.4881591796876,2906.4208984375,468.4106750488281,177.4311981201172,43685.44921875,18255.80078125
2023-05-05,862.3486328125,1355.8592529296875,625.3760986328125,71.33999633789062,413.1982116699219,962.8048706054688,2017.4000244140625,1317.8299560546875,929.70263671875,769.4835815429688,2343.0966796875,896.9932861328125,1130.296142578125,81.71610260009766,359.9345703125,1168.1746826171875,8601.84765625,137.8018798828125,1109.5206298828125,535.5817260742188,941.0458374023438,2915.445068359375,464.8059997558594,175.44277954101562,42661.19921875,18069.0
2023-05-08,875.453857421875,1401.295654296875,651.6151733398438,73.16000366210938,422.0483093261719,955.908935546875,2026.300048828125,1334.8974609375,947.4942016601562,778.38232421875,2357.66650390625,907.5894775390624,1136.1312255859375,81.72979736328125,362.201171875,1188.043212890625,8724.5009765625,141.84226989746094,1123.220703125,542.1776733398438,932.7062377929688,2933.403076171875,487.6030578613281,175.88209533691406,43284.0,18264.400390625
2023-05-09,885.2203979492188,1405.18603515625,641.270263671875,73.70999908447266,417.84088134765625,961.0029907226562,2036.199951171875,1319.123779296875,950.3568115234376,778.4059448242188,2357.197998046875,904.2025756835938,1140.70947265625,81.78710174560547,355.779052734375,1201.2081298828125,8758.4345703125,142.0571746826172,1126.69677734375,532.7946166992188,928.4396362304688,2962.8671875,490.671875,176.78379821777344,43198.1484375,18265.94921875
2023-05-10,886.8648071289062,1410.921630859375,649.0264282226562,72.55999755859375,420.0171508789063,948.1558227539062,2030.5,1330.5186767578125,949.7402954101562,782.00341796875,2363.662841796875,905.7992553710938,1134.0216064453125,82.1050033569336,357.08026123046875,1204.2945556640625,8812.8408203125,143.51856994628906,1134.4443359375,531.5868530273438,924.9002075195312,2966.07080078125,496.37115478515625,177.4542999267578,43331.05078125,18315.099609375
2023-05-11,892.8941650390625,1416.8568115234375,652.1533813476562,70.87000274658203,418.6146545410156,882.8390502929688,2014.699951171875,1333.006591796875,958.37158203125,782.5240478515625,2428.968505859375,908.847412109375,1127.60302734375,81.9198989868164,352.9247436523437,1206.8504638671875,8901.99609375,143.6045379638672,1127.0377197265625,532.7481689453125,931.9304809570312,2961.874267578125,498.4170227050781,177.8704833984375,43475.30078125,18297.0
2023-05-12,907.5440063476562,1419.899169921875,657.1399536132812,70.04000091552734,421.6614379882813,870.0015869140625,2014.5,1331.8621826171875,964.8895874023438,789.434814453125,2458.0146484375,913.3955688476562,1117.8182373046875,82.10030364990234,352.9667053222656,1230.6246337890625,8935.1591796875,142.27207946777344,1128.8779296875,537.1146240234375,927.0335083007812,2954.791015625,502.6549377441406,177.22308349609375,43793.55078125,18314.80078125
2023-05-15,912.6764526367188,1417.804443359375,656.9343872070312,71.11000061035156,452.8060302734375,880.218994140625,2018.0,1381.8206787109375,968.6329345703124,793.2215576171875,2494.415283203125,915.185791015625,1129.622802734375,82.20030212402344,359.13702392578125,1239.980224609375,8850.47265625,142.35804748535156,1131.1044921875,540.5984497070312,924.12451171875,2937.419189453125,517.1710205078125,178.379150390625,44072.1015625,18398.849609375
2023-05-16,914.6696166992188,1424.787109375,664.0104370117188,70.86000061035156,456.28802490234375,879.5371704101562,1988.4000244140625,1383.014892578125,960.6618041992188,788.6732177734375,2507.205078125,915.766357421875,1134.964111328125,82.2667007446289,355.9049377441406,1217.6043701171875,8719.7919921875,144.4212188720703,1114.99609375,544.6860961914062,912.4395751953124,2940.21630859375,507.720947265625,178.93406677246094,43903.69921875,18286.5
2023-05-17,911.6798095703124,1411.8692626953125,656.224853515625,72.83000183105469,454.4503173828125,873.0015869140625,1980.699951171875,1377.143310546875,946.437255859375,784.4360961914062,2493.94677734375,908.9926147460938,1119.34423828125,82.2959976196289,358.9691162109375,1218.231201171875,8765.98046875,143.77645874023438,1108.4072265625,544.6860961914062,907.591064453125,2895.591796875,502.2165222167969,176.78379821777344,43698.69921875,18181.75
2023-05-18,911.5802001953124,1411.9190673828125,664.4801635742188,71.86000061035156,444.8748474121094,861.6251831054688,1956.5,1302.8524169921875,951.1494140625,787.572021484375,2461.903076171875,915.9114990234376,1118.536376953125,82.45030212402344,352.33709716796875,1201.2564697265625,8702.4423828125,143.0028076171875,1106.0218505859375,533.4449462890625,901.48193359375,2887.605224609375,495.3482055664063,176.92254638671875,43752.30078125,18129.94921875
2023-05-19,920.8982543945312,1411.5699462890625,663.9712524414062,71.55000305175781,456.43310546875,855.5570678710938,1978.699951171875,1315.839599609375,964.75732421875,788.4816284179688,2474.927001953125,923.4594116210938,1139.0936279296875,82.72509765625,352.4629821777344,1215.627197265625,8753.0517578125,141.75628662109375,1109.6114501953125,534.3275146484375,897.7969970703125,2908.361328125,511.4230041503906,178.58726501464844,43969.3984375,18203.400390625
2023-05-22,914.4204711914062,1409.475341796875,664.83740234375,71.98999786376953,462.478271484375,868.3555297851562,1974.800048828125,1335.9425048828125,986.3363037109376,785.680908203125,2471.787841796875,919.6370239257812,1160.548828125,82.90480041503906,356.5765686035156,1220.59423828125,8801.787109375,142.35804748535156,1115.541259765625,536.1856079101562,909.045654296875,2976.80908203125,509.0361022949219,183.00338745117188,43885.1015625,18314.400390625
2023-05-23,913.0253295898438,1433.6649169921875,663.6140747070312,72.91000366210938,452.5158996582031,868.9204711914062,1972.4000244140625,1338.7786865234375,975.3267211914062,783.837646484375,2462.60595703125,922.5885620117188,1167.0570068359375,82.82499694824219,360.2703552246094,1223.487548828125,8844.12890625,141.84226989746094,1115.3369140625,540.3197021484375,903.3729248046876,2975.320068359375,514.8814697265625,183.8819732666016,43954.44921875,18348.0
2023-05-24,914.5699462890624,1422.8916015625,664.142578125,74.33999633789062,450.2428894042969,880.3552856445312,1962.800048828125,1331.464111328125,979.3782958984376,773.5919799804688,2450.097412109375,910.2506103515624,1165.8004150390625,82.8906021118164,363.9222106933594,1230.383544921875,8911.46484375,142.9168243408203,1108.8389892578125,541.3416137695312,923.3002319335938,2981.005859375,506.79541015625,184.82994079589844,43677.8515625,18285.400390625
2023-05-25,917.9085083007812,1423.78955078125,669.5449829101562,71.83000183105469,461.6077575683594,877.3748168945312,1943.0999755859373,1359.03076171875,982.9454956054688,770.6236572265625,2433.512939453125,909.4763793945312,1170.9171142578125,82.71369934082031,370.3443298339844,1232.4090576171875,8922.1337890625,142.701904296875,1108.7027587890625,539.9945678710938,916.3668212890624,2972.11669921875,501.583251953125,182.2403717041016,43681.3984375,18321.150390625
2023-05-26,923.7883911132812,1435.56005859375,675.7450561523438,72.66999816894531,462.429931640625,882.634521484375,1944.0999755859373,1365.49951171875,1003.3792724609376,773.5919799804688,2485.139404296875,919.9757690429688,1182.6771240234375,82.74210357666016,372.4010620117188,1236.3150634765625,9035.6572265625,140.76768493652344,1138.94287109375,544.4074096679688,940.512451171875,3004.062744140625,505.0905151367188,185.7547912597656,44018.0,18499.349609375
2023-05-29,926.6286010742188,1445.9342041015625,678.4413452148438,72.66999816894531,466.8307800292969,887.5629272460938,1944.0999755859373,1368.2861328125,991.9292602539062,783.0237426757812,2483.21875,917.5082397460938,1179.9390869140625,82.57479858398438,377.0182800292969,1282.8992919921875,8971.783203125,136.68435668945312,1145.349609375,552.7686157226562,939.1063842773438,2996.34716796875,508.0132141113281,184.87615966796875,44311.8984375,18598.650390625
2023-05-30,934.2526245117188,1462.193359375,685.6593017578125,69.45999908447266,459.0446472167969,880.2871704101562,1958.0,1379.282958984375,1000.4287719726562,783.6221923828125,2489.07470703125,919.2500610351562,1188.42236328125,82.57969665527344,386.1734619140625,1281.259765625,9019.701171875,136.55543518066406,1145.054443359375,550.7247314453125,930.5244140625,2992.60205078125,505.4314880371094,186.1247100830078,44436.3515625,18633.849609375
2023-05-31,911.7296752929688,1447.430419921875,684.0982666015625,68.08999633789062,459.3348083496094,876.8099365234375,1963.9000244140625,1383.612060546875,1008.5758666992188,771.2222290039062,2499.381103515625,918.4758911132812,1183.440185546875,82.68389892578125,382.3966674804688,1272.1453857421875,9004.658203125,133.1597900390625,1122.311767578125,549.1620483398438,945.7973022460938,2968.50732421875,512.7382202148438,186.6565093994141,44128.1484375,18534.400390625
2023-06-01,916.5631713867188,1446.53271484375,689.0553588867188,70.0999984741211,461.5594177246094,886.7447509765625,1978.0,1395.9522705078125,1005.7574462890624,767.9425659179688,2527.817626953125,905.8475952148438,1184.517333984375,82.66680145263672,377.418212890625,1272.049072265625,8966.7841796875,132.08522033691406,1119.2901611328125,551.9086303710938,957.7730712890624,2999.640869140625,521.408935546875,188.2749786376953,43790.19921875,18487.75
2023-06-02,922.9412841796876,1453.61474609375,687.4307861328125,71.73999786376953,473.2628173828125,898.1212158203125,1952.4000244140625,1420.583251953125,1001.4856567382812,769.1394653320312,2545.432861328125,907.8313598632812,1181.7880859375,82.27670288085938,380.5941162109375,1293.749755859375,9117.748046875,132.98785400390625,1115.63232421875,556.1231079101562,969.3125,2983.036376953125,522.0908813476562,187.25765991210935,43937.8515625,18534.099609375
2023-06-05,947.6068115234376,1455.2608642578125,689.3196411132812,72.1500015258789,473.2144470214844,896.7770385742188,1958.0,1407.2974853515625,1002.5867309570312,768.1341552734375,2525.8505859375,916.1534423828124,1186.7918701171875,82.40979766845703,378.2336120605469,1345.83154296875,9210.7470703125,133.58961486816406,1125.6517333984375,556.1231079101562,978.1853637695312,2967.96484375,532.1741943359375,186.91082763671875,44101.6484375,18593.849609375
2023-06-06,964.897705078125,1471.42041015625,696.2440185546875,71.73999786376953,478.4374694824219,903.2249755859376,1965.5,1414.5625,994.0430297851562,765.740234375,2521.4931640625,911.6536865234376,1163.5928955078125,82.51119995117188,380.0791015625,1361.070068359375,9358.8759765625,132.08522033691406,1126.6058349609375,554.3710327148438,983.0822143554688,2916.888916015625,541.4293212890625,184.945556640625,44164.55078125,18599.0
2023-06-07,973.4185180664062,1477.2059326171875,692.9163818359375,72.52999877929688,479.45306396484375,910.4520874023438,1942.699951171875,1439.4918212890625,994.4395141601562,769.7139282226562,2544.96435546875,909.8151245117188,1172.6446533203125,82.51719665527344,381.0662231445313,1356.4407958984375,9331.2880859375,132.25717163085938,1135.1485595703125,558.0172729492188,983.8579711914062,2955.33154296875,553.3150024414062,186.263427734375,44275.30078125,18726.400390625
2023-06-08,958.8184814453124,1463.73974609375,686.0801391601562,71.29000091552734,468.8619689941406,905.708740234375,1963.5999755859373,1417.8465576171875,992.4136962890624,770.1926879882812,2510.95263671875,907.5894775390624,1167.0499267578125,82.61810302734375,380.1649169921875,1331.9912109375,9284.283203125,134.19139099121094,1135.830078125,557.3543701171875,957.0942993164062,2920.6337890625,545.277587890625,184.7605743408203,43995.25,18634.55078125
2023-06-09,971.4253540039062,1462.841796875,688.7274780273438,70.16999816894531,469.2972412109375,909.0982055664062,1962.199951171875,1423.0216064453125,977.4404907226562,771.1024780273438,2470.0078125,907.7345581054688,1151.7203369140625,82.48829650878906,376.3452758789063,1321.960693359375,9254.67578125,132.6010284423828,1127.787353515625,548.072998046875,954.1366577148438,2896.1328125,547.810546875,183.7201232910156,43989.0,18563.400390625
2023-06-12,970.8772583007812,1462.343017578125,694.6536254882812,67.12000274658203,474.5202331542969,910.8222045898438,1955.300048828125,1427.99755859375,1003.7756958007812,766.4105224609375,2476.800537109375,905.7025146484376,1175.3741455078125,82.4448013305664,375.0577392578125,1332.3289794921875,9180.3251953125,133.28875732421875,1128.787109375,548.025634765625,955.5911254882812,2930.0634765625,549.6129150390625,182.9340057373047,43944.19921875,18601.5
2023-06-13,982.4874877929688,1482.49267578125,701.4115600585938,69.41999816894531,487.0941467285156,915.9552001953124,1944.5999755859373,1467.357177734375,996.4212036132812,767.7031860351562,2507.205078125,913.0567626953124,1187.1102294921875,82.33719635009766,382.3108520507813,1324.3720703125,9148.6513671875,133.80450439453125,1145.4632568359375,545.8947143554688,958.160888671875,2927.176025390625,547.7131958007812,182.91087341308597,44079.8515625,18716.150390625
2023-06-14,974.3652954101562,1476.707275390625,694.5704345703125,68.2699966430664,487.19085693359375,915.3707275390624,1955.300048828125,1499.3028564453125,1000.4287719726562,766.8653564453125,2528.614501953125,909.4280395507812,1183.061767578125,82.29039764404297,381.538330078125,1329.676513671875,9163.0703125,135.6957550048828,1159.549560546875,546.0366821289062,956.8034057617188,2933.80908203125,555.6044311523438,183.3270568847656,43988.0,18755.900390625
2023-06-15,973.8171997070312,1471.0213623046875,697.4819946289062,70.62000274658203,474.2784118652344,935.7178344726562,1957.800048828125,1562.0992431640625,1007.2548217773438,757.4336547851562,2520.135009765625,896.6546630859375,1170.6890869140625,82.04499816894531,384.6283874511719,1343.275634765625,9223.00390625,135.52381896972656,1159.86767578125,536.5186157226562,958.4518432617188,2924.0361328125,553.8021240234375,179.85891723632812,43443.6015625,18688.099609375
2023-06-16,978.2021484375,1504.8367919921875,704.9789428710938,71.77999877929688,479.7432556152344,957.4576416015624,1958.4000244140625,1529.1585693359375,1011.3064575195312,767.3441162109375,2544.44873046875,904.009033203125,1175.1011962890625,81.9126968383789,388.920166015625,1353.9813232421875,9231.5107421875,134.96505737304688,1171.1595458984375,541.0172119140625,961.9426879882812,2886.397705078125,555.1173706054688,176.3213653564453,43938.1484375,18826.0
2023-06-19,962.3563842773438,1538.1036376953125,722.8890991210938,71.77999877929688,469.44232177734375,950.4351196289062,1958.4000244140625,1514.3302001953125,1001.9259643554688,768.0144653320312,2534.625,893.316162109375,1177.2393798828125,81.91480255126953,389.3493041992188,1352.7275390625,9162.58984375,135.65277099609375,1159.52685546875,538.7442626953125,971.44580078125,2918.671875,551.4639282226562,175.7895965576172,43633.75,18755.44921875
2023-06-20,971.5250244140624,1517.255859375,709.4417724609375,70.5,473.1661071777344,954.7596435546876,1935.5,1519.4554443359375,1029.3182373046875,769.6182250976562,2527.87109375,895.6385498046875,1185.7911376953125,81.98139953613281,388.70556640625,1346.843994140625,9124.2353515625,135.17996215820312,1161.9351806640625,537.3710327148438,961.8943481445312,2934.400146484375,568.2207641601562,176.87628173828125,43766.5,18816.69921875
2023-06-21,962.7052612304688,1515.460205078125,705.267578125,72.52999877929688,467.0242614746094,956.5518188476562,1933.300048828125,1522.49072265625,1030.9036865234375,783.0715942382812,2528.343505859375,894.8160400390625,1182.1065673828125,81.9917984008789,383.7271118164063,1325.4327392578125,9074.9716796875,137.7159423828125,1165.206787109375,536.3765258789062,961.8458251953124,2962.128662109375,566.41845703125,178.26353454589844,43859.19921875,18856.849609375
2023-06-22,963.3031616210938,1503.88916015625,688.0277099609375,69.51000213623047,465.4766845703125,954.4187622070312,1912.699951171875,1490.594970703125,1024.694091796875,786.9017944335938,2507.325439453125,895.8320922851562,1165.91259765625,81.94149780273438,384.2421569824219,1329.724609375,9038.6376953125,136.64138793945312,1152.1202392578125,533.1565551757812,960.2943115234376,2944.21875,554.6788940429688,176.78379821777344,43724.8515625,18771.25
2023-06-23,955.1311645507812,1498.203369140625,684.0787353515625,69.16000366210938,462.04302978515625,972.8176879882812,1919.0999755859373,1492.2369384765625,1026.2354736328125,786.8539428710938,2495.28173828125,893.6548461914062,1150.85595703125,81.91929626464844,381.7529296875,1324.4683837890625,8965.822265625,134.8790740966797,1142.691650390625,525.2484130859375,961.4094848632812,2924.08154296875,545.2288818359375,175.6970977783203,43622.8984375,18665.5
2023-06-26,957.2737426757812,1503.7894287109375,684.9644775390625,69.37000274658203,461.5110473632813,982.1096801757812,1923.699951171875,1528.2628173828125,1028.3052978515625,783.0476684570312,2505.2001953125,897.4772338867188,1155.7232666015625,81.98480224609375,382.56829833984375,1348.0015869140625,9103.185546875,134.8790740966797,1133.967041015625,527.5687255859375,964.8034057617188,2899.8076171875,553.217529296875,176.1363983154297,43641.05078125,18691.19921875
2023-06-27,969.9304809570312,1519.15087890625,686.9756469726562,67.69999694824219,467.9914855957031,978.9928588867188,1914.0,1555.7799072265625,1030.5074462890625,794.083251953125,2504.491943359375,905.8475952148438,1163.729248046875,82.00650024414062,382.0533142089844,1352.5830078125,9094.3408203125,135.6957550048828,1134.376220703125,536.1397705078125,971.44580078125,2906.807861328125,558.3322143554688,176.92254638671875,44121.5,18817.400390625
2023-06-28,974.8636474609376,1515.061279296875,693.9194946289062,69.55999755859375,469.9742736816406,995.0152587890624,1912.300048828125,1575.4844970703125,1030.7271728515625,802.4857177734375,2513.843505859375,907.1539916992188,1176.647705078125,81.99839782714844,385.7013549804688,1345.44580078125,9170.9052734375,136.29750061035156,1149.3939208984375,539.64404296875,990.83984375,2923.262939453125,571.5331420898438,176.50634765625,44327.80078125,18972.099609375
2023-06-30,984.0820922851562,1524.99169921875,703.7875366210938,70.63999938964844,474.4718627929688,1005.0963745117188,1921.0999755859373,1560.905029296875,1046.3172607421875,814.5745239257812,2529.80712890625,904.3961181640624,1214.99462890625,82.07540130615234,387.6326599121094,1401.9639892578125,9409.677734375,137.8018798828125,1158.822509765625,542.5325927734375,1019.7369384765624,3002.176025390625,580.203857421875,179.95138549804688,44747.3515625,19189.05078125
2023-07-03,978.750244140625,1537.0677490234375,720.7319946289062,69.79000091552734,476.9866333007813,993.1549682617188,1921.699951171875,1574.5391845703125,1040.72412109375,823.3839111328125,2551.439208984375,912.0891723632812,1213.35693359375,82.09629821777344,397.6324462890625,1415.8043212890625,9298.125,140.03697204589844,1188.562744140625,554.4657592773438,1001.4096069335938,2974.947509765625,575.5762329101562,181.08433532714844,45158.1015625,19322.55078125
2023-07-04,967.3890991210938,1626.2919921875,772.572998046875,69.79000091552734,473.7464294433594,1010.70654296875,1921.699951171875,1553.2918701171875,1048.651123046875,827.4054565429688,2550.447021484375,914.169677734375,1223.7740478515625,81.95010375976562,400.2933654785156,1412.4285888671875,9273.517578125,138.5756072998047,1176.3167724609375,558.0645751953125,1017.021728515625,3008.176025390625,576.2094116210938,183.0958709716797,45301.44921875,19389.0
2023-07-05,963.2034301757812,1610.52294921875,770.440185546875,71.79000091552734,483.3219909667969,1008.748779296875,1919.5999755859373,1551.998046875,1052.3504638671875,801.1211547851562,2603.20361328125,927.0398559570312,1225.7298583984375,82.0071029663086,407.8038940429688,1422.9415283203125,9605.05078125,139.9510498046875,1174.3856201171875,559.3431396484375,1013.0458984375,3018.26708984375,573.0919799804688,182.1479034423828,45151.80078125,19398.5
2023-07-06,977.6041870117188,1616.7108154296875,763.3145141601562,71.80000305175781,496.7663269042969,1019.1608276367188,1908.699951171875,1591.009521484375,1039.8875732421875,801.93505859375,2604.384765625,928.3945922851562,1222.63671875,82.39409637451172,406.7739562988281,1493.7823486328125,9477.3017578125,142.18614196777344,1199.03662109375,561.142578125,1010.9127197265624,3020.94921875,585.3184814453125,183.2114715576172,45339.8984375,19497.30078125
2023-07-07,974.362060546875,1611.720703125,749.1710815429688,73.86000061035156,486.3687133789063,1009.55712890625,1926.199951171875,1574.2406005859375,1019.5855712890624,794.945068359375,2548.652587890625,915.8147583007812,1210.1728515625,82.76840209960938,402.0529479980469,1508.5872802734375,9468.505859375,140.5528106689453,1196.6964111328125,562.184326171875,1004.3186645507812,3026.722412109375,602.2702026367188,183.0496368408203,44925.0,19331.80078125
2023-07-10,961.7422485351562,1594.654296875,740.413818359375,72.98999786376953,485.111328125,1004.1904296875,1925.0,1566.1297607421875,990.4320678710938,793.0538940429688,2509.40380859375,917.7501220703124,1209.2176513671875,82.61530303955078,399.8642272949219,1496.2900390625,9358.9716796875,139.90806579589844,1242.794921875,561.2373046875,1013.3368530273438,2974.62890625,602.7085571289062,180.3213348388672,44860.8515625,19355.900390625
2023-07-11,950.9182739257812,1589.2650146484375,731.6417846679688,74.83000183105469,483.2736206054688,1014.183349609375,1931.300048828125,1591.6563720703125,981.9765014648438,789.1998291015625,2535.805908203125,914.41162109375,1226.9124755859375,82.52529907226562,406.1301574707031,1513.6988525390625,9516.4716796875,141.4984130859375,1256.2677001953125,557.4016723632812,1039.7613525390625,2975.038330078125,612.3046875,181.29241943359372,44745.05078125,19439.400390625
2023-07-12,947.7259521484376,1590.063232421875,730.4574584960938,75.75,476.26123046875,1018.728271484375,1956.199951171875,1591.059326171875,978.1453247070312,781.8028564453125,2525.556884765625,913.87939453125,1212.9932861328125,82.39990234375,405.4005126953125,1515.0491943359375,9454.6162109375,144.12034606933594,1257.6536865234375,558.0645751953125,1046.064208984375,2963.673583984375,605.4364013671875,181.19993591308597,44639.44921875,19384.30078125
2023-07-13,957.8516845703124,1611.920166015625,734.6493530273438,76.88999938964844,475.9226989746094,1009.5892944335938,1959.199951171875,1613.600341796875,976.6038818359376,785.704833984375,2507.656494140625,924.814208984375,1241.9237060546875,82.00180053710938,405.1430358886719,1511.239501953125,9273.662109375,144.24928283691406,1246.4072265625,554.6552124023438,1043.0582275390625,3036.99560546875,604.656982421875,182.33287048339844,44665.05078125,19413.75
2023-07-14,954.759033203125,1611.02197265625,735.4110107421875,75.41999816894531,476.9866333007813,999.6945190429688,1960.0999755859373,1658.0853271484375,1013.728515625,787.3326416015625,2528.626708984375,929.0236206054688,1297.2830810546875,82.03079986572266,405.9155578613281,1507.24365234375,9231.4638671875,145.49578857421875,1245.3623046875,553.4713134765625,1040.4400634765625,3195.274658203125,608.7974243164062,187.3038787841797,44819.30078125,19564.5
2023-07-17,962.540283203125,1607.0797119140625,738.2220458984375,74.1500015258789,481.72601318359375,1026.728271484375,1952.4000244140625,1617.4317626953125,1016.1947021484376,803.80224609375,2533.160888671875,937.39404296875,1294.5537109375,82.07679748535156,405.4434509277344,1497.254150390625,9314.0341796875,143.04576110839844,1270.808349609375,569.2874755859375,1044.9490966796875,3174.41015625,602.5623779296875,192.0205841064453,45449.75,19711.44921875
2023-07-18,961.34326171875,1615.1138916015625,729.2828979492188,75.75,478.5825500488281,1019.1207885742188,1977.199951171875,1599.91650390625,1028.041259765625,803.1319580078125,2534.199951171875,943.9259643554688,1342.089111328125,82.06159973144531,405.57220458984375,1495.6947021484375,9291.0595703125,143.4755859375,1281.600341796875,561.0005493164062,1034.8157958984375,3179.092529296875,596.3272705078125,192.9223175048828,45410.8515625,19749.25
2023-07-19,961.9916381835938,1640.863037109375,745.4706420898438,75.3499984741211,484.579345703125,1025.079345703125,1977.5,1599.7672119140625,1029.6705322265625,806.7706298828125,2523.6201171875,941.9906005859376,1341.8616943359375,82.07540130615234,411.0227966308594,1505.1968994140625,9235.2109375,143.34666442871094,1291.3243408203125,569.6189575195312,1049.0703125,3154.727783203125,604.6082153320312,193.2691345214844,45669.30078125,19833.150390625
2023-07-20,975.5591430664062,1632.5794677734375,746.6401977539062,75.62999725341797,488.3515319824219,1048.2357177734375,1968.300048828125,1614.396484375,1026.7833251953125,808.5181274414062,2553.516845703125,963.4246826171876,1318.7081298828125,82.06169891357422,422.4388732910156,1506.0740966796875,9393.76953125,143.7334747314453,1289.7603759765625,577.7637939453125,1064.3914794921875,3156.778564453125,605.6312866210938,193.13038635253903,46186.8984375,19979.150390625
2023-07-21,968.9749145507812,1629.6351318359375,745.1806640625,77.06999969482422,484.1924743652344,1038.20361328125,1964.300048828125,1619.22314453125,990.9375,802.2941284179688,2459.764404296875,964.7794799804688,1211.446533203125,82.0823974609375,420.9796752929688,1484.7794189453125,9391.4140625,146.61334228515625,1249.834716796875,582.5465087890625,1063.9068603515625,3070.18701171875,609.6255493164062,187.1420440673828,46075.19921875,19745.0
2023-07-24,969.1743774414062,1654.2366943359375,745.1659545898438,78.73999786376953,477.61529541015625,1058.523193359375,1960.300048828125,1640.470458984375,988.6722412109376,803.5628662109375,2437.330078125,959.9411010742188,1215.995361328125,81.99030303955078,404.5851440429688,1507.535888671875,9319.0810546875,147.00015258789062,1224.554931640625,584.9616088867188,1067.0582275390625,3094.2958984375,613.0353393554688,186.8414764404297,45923.05078125,19672.349609375
2023-07-25,960.1959838867188,1645.603759765625,747.6083374023438,79.62999725341797,464.2676696777344,1065.1392822265625,1962.0999755859373,1644.0032958984375,987.4727172851562,812.2764282226562,2425.900390625,962.5538330078124,1214.17578125,81.81420135498047,396.8170166015625,1525.95556640625,9380.4072265625,148.71946716308594,1223.767333984375,577.3375854492188,1061.87060546875,3098.306396484375,622.9725952148438,185.15362548828125,45845.0,19680.599609375
2023-07-26,974.461669921875,1623.247802734375,730.5753784179688,78.77999877929688,471.6669006347656,1075.0047607421875,1968.9000244140625,1663.2603759765625,990.5377197265624,809.45166015625,2440.21142578125,964.2472534179688,1227.139892578125,81.95010375976562,405.357666015625,1505.5867919921875,9378.244140625,148.67649841308594,1243.65625,582.5939331054688,1078.306640625,3088.416748046875,624.5800170898438,186.2403259277344,46062.3515625,19778.30078125
2023-07-27,957.6022338867188,1611.371337890625,715.92578125,80.08999633789062,494.0581665039063,1081.159423828125,1945.4000244140625,1698.83837890625,992.6253662109376,801.04931640625,2427.506103515625,958.2476806640624,1231.0521240234375,81.97550201416016,399.177490234375,1410.613525390625,9375.6015625,147.00015258789062,1232.087158203125,583.9197998046875,1100.5614013671875,3096.25537109375,627.113037109375,184.945556640625,45679.30078125,19659.900390625
2023-07-28,947.676025390625,1581.729736328125,725.5086669921875,80.58000183105469,502.6368713378906,1096.080078125,1960.4000244140625,1743.5223388671875,980.3656616210938,786.8539428710938,2441.439208984375,964.0053100585938,1219.54345703125,82.3749008178711,402.0958862304688,1430.4951171875,9295.529296875,147.68789672851562,1244.46875,583.4462890625,1107.957275390625,3058.42822265625,620.8585815429688,184.39064025878903,45468.1015625,19646.05078125
2023-07-31,951.6165771484376,1595.1533203125,717.5181274414062,81.80000305175781,505.7077026367188,1107.35888671875,1970.5,1732.12744140625,992.0479125976562,790.5404052734375,2418.95751953125,966.0374755859376,1233.3719482421875,82.25279998779297,399.7354431152344,1437.7069091796875,9440.1484375,152.20106506347656,1255.00390625,587.3766479492188,1112.6768798828125,3118.633056640625,629.6539916992188,187.3038787841797,45651.1015625,19753.80078125
2023-08-01,957.6022338867188,1569.2542724609375,714.510498046875,81.37000274658203,487.1366882324219,1112.5811767578125,1940.699951171875,1683.8607177734375,1011.4144897460938,795.830810546875,2409.794677734375,962.40869140625,1242.0145263671875,82.2332992553711,398.962890625,1455.3956298828125,9340.1796875,151.90017700195312,1237.25634765625,579.468505859375,1112.7255859375,3146.5244140625,629.0187377929688,188.1824951171875,45592.5,19733.55078125
2023-08-02,942.9872436523438,1523.99365234375,707.9990234375,79.48999786376953,481.1900329589844,1111.285400390625,1937.4000244140625,1651.815673828125,1004.6630859375,785.4176025390625,2426.656005859375,955.0543212890624,1234.418212890625,82.30729675292969,394.92864990234375,1447.5504150390625,9279.669921875,151.25543212890625,1224.0382080078125,566.7777099609375,1104.7457275390625,3136.133056640625,608.49609375,186.263427734375,44995.69921875,19526.55078125
2023-08-03,933.310546875,1490.709228515625,698.652099609375,81.55000305175781,476.072021484375,1111.098876953125,1932.0,1565.43310546875,999.865478515625,779.7442016601562,2409.98388671875,933.8136596679688,1241.196044921875,82.7332992553711,391.4523010253906,1431.810791015625,9260.166015625,147.94577026367188,1218.8935546875,559.2484741210938,1110.3414306640625,3099.035888671875,604.880126953125,184.80682373046875,44513.44921875,19381.650390625
2023-08-04,949.9705200195312,1483.3739013671875,702.6178588867188,82.81999969482422,477.3393249511719,1109.1455078125,1939.5999755859373,1528.5115966796875,1016.6113891601562,791.0191650390625,2404.97705078125,939.1359252929688,1253.9781494140625,82.7843017578125,390.5081176757813,1427.425048828125,9189.044921875,149.02035522460938,1235.4593505859375,542.958740234375,1108.3465576171875,3138.77734375,601.0199584960938,189.0610809326172,44879.5,19517.0
2023-08-07,945.1321411132812,1505.4302978515625,700.0084228515625,81.94000244140625,476.8518981933594,1105.44482421875,1933.5,1554.1378173828125,1022.34130859375,790.5643310546875,2426.892333984375,944.1195068359376,1267.30615234375,82.69529724121094,390.4651794433594,1488.0931396484375,9240.8583984375,148.67649841308594,1242.49951171875,537.8446044921875,1129.609375,3175.6923828125,595.6449584960938,190.12466430664065,44837.5,19597.30078125
2023-08-08,950.6189575195312,1512.7657470703125,705.065185546875,82.91999816894531,475.97454833984375,1110.7945556640625,1924.0999755859373,1552.893798828125,1013.9462890625,789.9180297851562,2423.7275390625,948.2321166992188,1264.7589111328125,82.74829864501953,388.2763977050781,1461.584228515625,9259.05078125,149.02035522460938,1235.016357421875,542.769287109375,1117.785888671875,3163.432861328125,593.4949951171875,192.52926635742188,44964.44921875,19570.849609375
2023-08-09,947.7259521484376,1513.6141357421875,700.3228759765625,84.4000015258789,473.4886779785156,1152.62158203125,1915.4000244140625,1519.505126953125,1016.433837890625,790.2052001953125,2410.83349609375,949.0126953125,1268.580078125,82.84500122070312,393.68402099609375,1495.7435302734375,9181.9609375,152.0720977783203,1243.1639404296875,543.3849487304688,1121.8243408203125,3156.0498046875,608.3983154296875,193.1997833251953,44880.69921875,19632.55078125
2023-08-10,937.5004272460938,1516.40869140625,702.1412353515625,82.81999969482422,478.3141784667969,1148.724609375,1914.4000244140625,1520.9979248046875,1007.6834716796876,783.1912841796875,2396.1923828125,940.6220703125,1263.7579345703125,82.86630249023438,387.7613830566406,1506.122802734375,9118.40625,153.5764923095703,1248.7025146484375,543.290283203125,1119.3914794921875,3137.455322265625,604.1961059570312,193.59283447265625,44541.80078125,19543.099609375
2023-08-11,934.9566040039062,1501.0389404296875,693.9588623046875,83.19000244140625,469.8816833496094,1143.1978759765625,1912.9000244140625,1512.6383056640625,1040.686279296875,775.0283813476562,2363.2255859375,929.64599609375,1248.064697265625,82.79989624023438,385.1863098144531,1507.14599609375,9078.8671875,152.32998657226562,1253.969970703125,543.7638549804688,1101.9237060546875,3143.56201171875,597.8927001953125,191.00326538085935,44199.1015625,19428.30078125
2023-08-14,937.699951171875,1479.132080078125,689.7767944335938,82.51000213623047,459.1094970703125,1143.266845703125,1910.5999755859373,1542.4443359375,1040.286865234375,771.24609375,2392.7919921875,936.1829223632812,1267.806640625,82.89730072021484,385.5725402832031,1507.535888671875,9044.7138671875,153.01771545410156,1268.7884521484375,531.1202392578125,1103.772705078125,3144.518798828125,593.5438232421875,191.97433471679688,44090.94921875,19434.55078125
2023-08-16,930.8164672851562,1466.9560546875,686.1844482421875,79.37999725341797,466.0309753417969,1150.039794921875,1896.0999755859373,1540.0557861328125,1045.750244140625,768.995849609375,2411.2119140625,933.2071533203124,1290.5052490234375,83.19419860839844,386.4738464355469,1530.6822509765625,9139.705078125,153.92034912109375,1267.754638671875,535.4295043945312,1112.920166015625,3152.312744140625,604.6846923828125,193.59283447265625,43946.3984375,19465.0
2023-08-17,934.30810546875,1473.9423828125,680.4593505859375,80.38999938964844,465.6897888183594,1154.51611328125,1884.0999755859373,1540.3045654296875,1045.350341796875,764.7348022460938,2402.37939453125,928.475341796875,1284.1824951171875,83.23699951171875,378.5340881347656,1533.5086669921875,9096.76953125,152.8028106689453,1249.4654541015625,541.86962890625,1114.0394287109375,3131.667236328125,599.79833984375,193.0841522216797,43891.3515625,19365.25
2023-08-18,940.7925415039062,1457.2752685546875,674.4490966796875,81.25,462.1315612792969,1153.2989501953125,1886.0999755859373,1518.6593017578125,1042.6851806640625,761.598876953125,2413.242431640625,927.4996337890624,1263.4852294921875,83.09829711914062,379.0920104980469,1513.1885986328125,9175.1201171875,151.12173461914062,1258.7208251953125,542.6273193359375,1104.4053955078125,3069.093017578125,601.8017578125,190.3789825439453,43851.05078125,19310.150390625
2023-08-21,950.3196411132812,1475.3896484375,692.7401733398438,80.72000122070312,469.7354431152344,1160.445068359375,1893.300048828125,1546.6240234375,1047.61572265625,761.0004272460938,2420.79931640625,931.9388427734376,1278.58740234375,83.16729736328125,384.3709106445313,1499.4468994140625,9158.3828125,151.76832580566406,1244.986328125,541.4434204101562,1106.8380126953125,3100.5849609375,606.3949584960938,191.7200164794922,44002.0,19393.599609375
2023-08-22,954.759033203125,1464.9102783203125,694.8778686523438,80.3499984741211,468.273193359375,1163.3310546875,1896.4000244140625,1557.8697509765625,1047.8377685546875,757.7448120117188,2423.680419921875,928.8167724609376,1277.0860595703125,83.1135025024414,389.9072265625,1511.0931396484375,9209.9052734375,151.85450744628906,1244.68994140625,538.412841796875,1106.984130859375,3082.810791015625,606.1017456054688,192.8760681152344,43993.25,19396.44921875
2023-08-23,976.9058837890624,1467.2056884765625,699.4481811523438,78.88999938964844,468.6143493652344,1168.7889404296875,1918.5,1587.6756591796875,1050.5029296875,759.612060546875,2431.473388671875,943.3051147460938,1280.9072265625,83.07330322265625,386.6455383300781,1503.247802734375,9315.716796875,151.29417419433594,1246.0732421875,546.3682861328125,1093.5062255859375,3097.48583984375,599.9450073242188,192.0205841064453,44479.05078125,19444.0
2023-08-24,979.0008544921876,1465.7086181640625,701.51220703125,79.05000305175781,471.3927001953125,1159.71875,1918.199951171875,1604.942138671875,1040.5084228515625,756.1170654296875,2438.27490234375,945.3539428710938,1295.145263671875,82.5447006225586,387.0317687988281,1503.004150390625,9289.275390625,149.2251739501953,1225.1259765625,546.4155883789062,1088.25146484375,3087.915283203125,597.0620727539062,190.8414306640625,44496.19921875,19386.69921875
2023-08-25,980.7466430664062,1500.9390869140625,708.790283203125,79.83000183105469,463.3013916015625,1134.60888671875,1911.0999755859373,1587.5263671875,1025.139892578125,747.594970703125,2421.555419921875,946.7686767578124,1291.9610595703125,82.64140319824219,380.5511779785156,1481.417236328125,9223.2958984375,150.6044921875,1219.46923828125,539.7860717773438,1076.5738525390625,3082.035888671875,591.344970703125,189.45416259765625,44231.44921875,19265.80078125
2023-08-28,987.8296508789062,1496.947021484375,711.158935546875,80.0999984741211,470.2716369628906,1133.9512939453125,1917.9000244140625,1623.6517333984375,1018.4769897460938,755.3749389648438,2414.14013671875,946.9149780273438,1287.9124755859375,82.66429901123047,378.8774108886719,1509.875,9312.5615234375,151.03555297851562,1207.3155517578125,542.5325927734375,1086.986328125,3076.795166015625,588.7064208984375,188.691162109375,44494.6484375,19306.05078125
2023-08-29,978.3524169921876,1500.489990234375,716.8349609375,81.16000366210938,481.5799865722656,1123.7225341796875,1936.5,1636.5892333984375,1028.338134765625,761.3834838867188,2386.2265625,944.1832275390624,1289.7320556640625,82.69149780273438,377.7615661621094,1521.1800537109375,9335.412109375,151.46658325195312,1195.755126953125,544.4266967773438,1081.7314453125,3077.342041015625,593.3484497070312,188.7142791748047,44495.25,19342.650390625
2023-08-30,980.99609375,1498.5439453125,714.3532104492188,81.62999725341797,487.4778442382813,1109.1846923828125,1944.300048828125,1650.8701171875,1039.8426513671875,755.8297729492188,2391.705322265625,935.5487670898438,1305.6529541015625,82.49469757080078,380.0791015625,1542.9620361328125,9505.3603515625,151.50967407226562,1194.618896484375,537.3710327148438,1084.9425048828125,3090.832275390625,591.7847900390625,188.2981109619141,44232.6015625,19347.44921875
2023-08-31,971.1696166992188,1485.96875,704.0233154296875,83.62999725341797,491.4260559082031,1100.958740234375,1938.199951171875,1637.883056640625,1041.3084716796875,752.358642578125,2366.29541015625,935.40234375,1305.92578125,82.70040130615234,377.418212890625,1535.3604736328125,9706.59765625,150.13035583496094,1189.15966796875,531.6411743164062,1081.7314453125,3059.704833984375,587.3382568359375,188.8529815673828,43989.1484375,19253.80078125
2023-09-01,988.7774047851562,1511.518310546875,719.5133056640625,85.55000305175781,490.597412109375,1095.2064208984375,1939.800048828125,1635.7432861328125,1053.4345703125,753.9147338867188,2366.0595703125,945.1099853515624,1313.568115234375,82.68240356445312,378.5769653320313,1551.4896240234375,10024.318359375,156.68212890625,1191.9508056640625,539.4072265625,1079.201171875,3080.1220703125,597.3063354492188,192.52926635742188,44436.1015625,19435.30078125
2023-09-04,979.8987426757812,1507.126953125,714.5645751953125,85.55000305175781,500.9796752929688,1111.0892333984375,1939.800048828125,1642.560302734375,1094.9215087890625,758.6305541992188,2362.84765625,943.7928466796876,1332.900390625,82.6969985961914,375.5298461914063,1536.3349609375,10054.5927734375,157.71661376953125,1190.987548828125,545.0896606445312,1079.1038818359375,3115.943359375,595.1563720703125,200.73724365234372,44578.30078125,19528.80078125
2023-09-05,979.1006469726562,1507.47607421875,721.9212646484375,86.69000244140625,508.193603515625,1095.275146484375,1926.199951171875,1651.716064453125,1097.6312255859375,754.010498046875,2368.1845703125,944.8174438476562,1345.4552001953125,82.7345962524414,380.3366394042969,1531.2183837890625,9957.22265625,157.845947265625,1197.36083984375,542.6746215820312,1101.48583984375,3125.833251953125,597.2575073242188,199.69679260253903,44532.1484375,19574.900390625
2023-09-06,962.7399291992188,1515.2108154296875,726.1181030273438,87.54000091552734,505.951416015625,1096.1390380859375,1918.0999755859373,1636.5892333984375,1097.8978271484375,763.873046875,2383.7236328125,934.182861328125,1344.135986328125,83.08609771728516,384.0704345703125,1536.9195556640625,9876.4462890625,157.80284118652344,1199.88037109375,540.3069458007812,1111.655029296875,3126.334716796875,596.3779296875,198.51759338378903,44409.1015625,19611.05078125
2023-09-07,975.8584594726562,1516.558349609375,723.7002563476562,86.87000274658203,517.4059448242188,1102.3919677734375,1917.5,1648.3822021484375,1114.0218505859375,771.2222290039062,2368.562744140625,942.1343383789062,1333.901123046875,83.25740051269531,382.739990234375,1525.95556640625,9975.3193359375,156.68212890625,1201.5106201171875,548.4044189453125,1102.6048583984375,3149.441162109375,600.9222412109375,200.15921020507807,44878.3515625,19727.05078125
2023-09-08,977.953369140625,1537.966064453125,728.3639526367188,87.51000213623047,526.4234619140625,1096.2371826171875,1918.4000244140625,1685.104736328125,1121.173095703125,777.230712890625,2374.560791015625,946.9149780273438,1336.994384765625,83.24150085449219,379.9504089355469,1527.7099609375,10025.046875,159.00973510742188,1209.51416015625,552.5715942382812,1100.07470703125,3137.272705078125,612.9915161132812,198.84132385253903,45156.3984375,19819.94921875
2023-09-11,998.0053100585938,1546.64892578125,726.4964599609375,87.29000091552734,527.2520141601562,1102.1268310546875,1923.300048828125,1677.8397216796875,1138.4967041015625,781.2523803710938,2395.767333984375,954.4274291992188,1343.226318359375,83.03130340576172,383.85589599609375,1541.89013671875,10220.900390625,158.1045379638672,1222.556884765625,560.385009765625,1106.3515625,3172.59326171875,620.4187622070312,201.0840606689453,45570.69921875,19996.349609375
2023-09-12,998.5040893554688,1539.4132080078125,730.3935546875,88.83999633789062,511.3131713867188,1113.9063720703125,1911.300048828125,1616.3868408203125,1139.25146484375,783.694091796875,2360.43896484375,966.379150390625,1365.652099609375,82.94329833984375,387.2463684082031,1518.3538818359375,10191.548828125,155.94937133789062,1204.8948974609375,557.2122192382812,1114.47705078125,3263.87939453125,606.6881103515625,201.15342712402344,45511.3515625,19993.19921875
2023-09-13,1012.0216064453124,1549.742919921875,734.777099609375,88.5199966430664,515.7000122070312,1126.6871337890625,1909.0999755859373,1634.25048828125,1132.8994140625,787.0454711914062,2367.71240234375,965.6962280273438,1363.1502685546875,82.84300231933594,389.2634887695313,1497.887451171875,10162.2470703125,158.5355987548828,1210.9222412109375,564.8836059570312,1117.8829345703125,3252.075439453125,611.6722412109375,201.47711181640625,45909.44921875,20070.0
2023-09-14,1018.4561767578124,1547.8466796875,736.5855712890625,90.16000366210938,523.8400268554688,1127.81591796875,1910.0,1666.146240234375,1140.3173828125,786.566650390625,2362.281005859375,963.6473999023438,1370.9742431640625,82.93679809570312,386.2163696289063,1526.19921875,10176.55859375,161.98388671875,1212.03369140625,565.6885986328125,1113.0662841796875,3244.966064453125,610.4017333984375,201.8239288330078,46000.8515625,20103.099609375
2023-09-15,1024.6912841796875,1535.07177734375,736.3792114257812,90.7699966430664,519.0145874023438,1142.5108642578125,1923.699951171875,1652.860595703125,1158.973388671875,795.5913696289062,2332.9033203125,968.2816772460938,1375.2047119140625,83.0282974243164,384.8429565429688,1560.4071044921875,10212.5556640625,160.90628051757812,1214.2816162109375,567.1091918945312,1118.9049072265625,3279.830810546875,619.8323974609375,203.9510803222656,46231.5,20192.349609375
2023-09-18,1022.2970581054688,1556.8787841796875,741.9274291992188,91.4800033569336,516.0900268554688,1124.547119140625,1931.5,1613.550537109375,1159.328857421875,779.9356689453125,2350.8037109375,966.0865478515624,1357.1912841796875,83.08580017089844,388.0188903808594,1599.731689453125,10209.4990234375,160.99252319335938,1203.709228515625,571.9866333007812,1116.8126220703125,3286.98583984375,626.0869750976562,201.66207885742188,45979.8515625,20133.30078125
2023-09-20,1024.8409423828125,1550.291748046875,740.97900390625,90.27999877929688,509.2171630859375,1102.3721923828125,1945.5999755859373,1580.7591552734375,1149.023681640625,748.6482543945312,2330.211181640625,963.1107177734376,1355.7811279296875,83.19499969482422,388.7913818359375,1592.470947265625,10039.3583984375,162.2425079345703,1176.8826904296875,569.2874755859375,1122.1650390625,3286.894287109375,623.9857788085938,198.8875732421875,45384.6015625,19901.400390625
2023-09-21,1012.0216064453124,1523.195068359375,735.5928955078125,89.62999725341797,503.90423583984375,1112.86572265625,1919.199951171875,1546.12646484375,1135.3428955078125,743.6929931640625,2336.351318359375,935.93896484375,1366.24365234375,83.08699798583984,384.1134033203125,1543.0107421875,9978.763671875,160.94940185546875,1168.31103515625,557.0228881835938,1115.3529052734375,3267.980712890625,612.7960205078125,198.35577392578125,44623.8515625,19742.349609375
2023-09-22,1015.8125610351562,1540.6607666015625,734.3298950195312,90.02999877929688,503.5630187988281,1083.132568359375,1925.4000244140625,1531.397705078125,1131.522705078125,732.3462524414062,2344.947021484375,927.1580810546876,1361.1488037109375,82.89129638671875,380.3366394042969,1566.303466796875,10222.1630859375,159.57008361816406,1163.4447021484375,566.4935913085938,1101.9237060546875,3284.70703125,606.3460693359375,193.52345275878903,44612.05078125,19674.25
2023-09-25,1016.5109252929688,1574.29443359375,768.5825805664062,89.68000030517578,508.9734497070313,1067.76025390625,1916.5999755859373,1588.1732177734375,1122.416748046875,732.9925537109375,2338.712890625,933.060791015625,1341.1339111328125,82.97480010986328,379.9074401855469,1549.05322265625,10273.6357421875,159.91493225097656,1156.2811279296875,562.6105346679688,1093.846923828125,3260.552490234375,604.6358642578125,191.4888153076172,44766.1015625,19674.55078125
2023-09-26,1011.7223510742188,1564.613525390625,773.5755004882812,90.38999938964844,507.2187805175781,1073.4537353515625,1900.4000244140625,1564.5374755859375,1120.6402587890625,736.1763916015625,2341.640869140625,925.59716796875,1328.85205078125,83.0282974243164,379.7786865234375,1554.6571044921875,10243.0234375,161.85458374023438,1157.2939453125,562.9420776367188,1095.598388671875,3268.345458984375,605.7108154296875,190.93389892578125,44624.19921875,19664.69921875
2023-09-27,1022.7457885742188,1562.6673583984375,770.322265625,93.68000030517578,515.4075927734375,1079.0882568359375,1871.5999755859373,1572.747802734375,1120.3291015625,731.005615234375,2363.178466796875,920.1334228515624,1334.629150390625,83.29869842529297,385.5296325683594,1548.8096923828125,10363.435546875,161.42355346679688,1170.336669921875,558.5381469726562,1109.319580078125,3271.626708984375,606.0529174804688,192.2055511474609,44588.30078125,19716.44921875
2023-09-28,1028.4322509765625,1536.6685791015625,760.6361694335938,91.70999908447266,507.0237121582031,1065.86572265625,1860.4000244140625,1529.705810546875,1103.2723388671875,729.49755859375,2324.07177734375,919.6455688476562,1309.5650634765625,83.22270202636719,378.3194885253906,1516.502197265625,10251.462890625,161.59596252441406,1153.14404296875,558.7275390625,1101.8751220703125,3223.727783203125,600.140380859375,187.442626953125,44300.94921875,19523.55078125
2023-09-29,1034.21826171875,1537.217529296875,767.688232421875,90.79000091552734,517.55224609375,1096.8653564453125,1848.0999755859373,1546.6240234375,1096.9649658203125,730.7423706054688,2329.03076171875,928.7191772460938,1305.92578125,83.19300079345703,381.4524841308594,1514.7479248046875,10295.3701171875,165.38909912109375,1158.529052734375,566.8723754882812,1127.5169677734375,3216.29931640625,615.8744506835938,187.76629638671875,44584.55078125,19638.30078125
2023-10-03,1038.5579833984375,1557.9765625,783.1043701171875,89.2300033569336,525.2048950195312,1072.2659912109375,1824.5999755859373,1548.21630859375,1100.429443359375,722.0048828125,2332.14794921875,917.4016723632812,1304.6065673828125,83.3593978881836,377.4611511230469,1498.326171875,10039.5048828125,159.1390838623047,1145.263916015625,571.03955078125,1110.7791748046875,3202.85498046875,606.3460693359375,187.48887634277344,44399.05078125,19528.75
2023-10-04,993.1668090820312,1529.53271484375,771.9440307617188,84.22000122070312,512.53173828125,1063.6473388671875,1818.5,1558.218017578125,1101.18505859375,732.2984008789062,2368.940673828125,907.4012451171876,1314.0228271484375,83.22979736328125,374.328125,1483.4149169921875,9828.9013671875,157.54420471191406,1143.2877197265625,555.223388671875,1093.6033935546875,3224.63916015625,599.6517944335938,187.2345428466797,43964.05078125,19436.099609375
2023-10-05,1000.8484497070312,1539.5130615234375,771.6343994140625,82.30999755859375,511.8005676269531,1061.5760498046875,1816.5999755859373,1591.6563720703125,1097.542236328125,735.2667236328125,2379.992431640625,917.938232421875,1331.3994140625,83.44979858398438,374.28521728515625,1498.862060546875,9906.8173828125,157.070068359375,1143.26318359375,560.8111572265625,1089.02978515625,3271.673095703125,605.515380859375,188.11312866210935,44213.3515625,19545.75
2023-10-06,998.553955078125,1631.4317626953125,802.8549194335938,82.79000091552734,534.9047241210938,1065.0411376953125,1830.199951171875,1666.9425048828125,1099.5411376953125,734.452880859375,2360.958251953125,922.1823120117188,1345.2734375,83.22489929199219,379.5211791992188,1509.4852294921875,9995.9853515625,156.4235076904297,1145.1898193359375,562.7999877929688,1097.009521484375,3300.885986328125,608.3006591796875,188.5986785888672,44360.6015625,19653.5
2023-10-09,993.865234375,1618.3575439453125,789.0113525390625,86.37999725341797,527.2520141601562,1078.7740478515625,1849.5,1622.805908203125,1110.11279296875,725.9307861328125,2372.19921875,915.7430419921876,1342.316650390625,83.12460327148438,378.06195068359375,1476.6903076171875,9940.4375,156.63902282714844,1135.4324951171875,554.1342163085938,1092.8736572265625,3316.33544921875,603.3165283203125,187.5582275390625,43886.5,19512.349609375
2023-10-10,1009.8268432617188,1629.884765625,794.5055541992188,85.97000122070312,547.6265869140625,1075.5740966796875,1861.0,1714.4627685546875,1120.9510498046875,730.0481567382812,2376.82763671875,928.0362548828124,1360.239013671875,83.27030181884766,381.4524841308594,1498.7647705078125,10066.7705078125,158.19078063964844,1140.447021484375,560.337646484375,1096.2308349609375,3307.72216796875,616.2164916992188,188.5524444580078,44360.1484375,19689.849609375
2023-10-11,1016.6605224609376,1633.327880859375,796.30908203125,83.48999786376953,551.08740234375,1093.056640625,1872.800048828125,1719.14013671875,1106.559326171875,737.1099243164062,2414.801025390625,929.889892578125,1359.556640625,83.25029754638672,384.7571411132813,1516.745849609375,10102.767578125,157.97523498535156,1158.5537109375,557.2122192382812,1098.4205322265625,3290.403564453125,619.588134765625,194.74888610839844,44516.8984375,19811.349609375
2023-10-12,1016.0120849609376,1631.5814208984375,787.6942749023438,82.91000366210938,552.7933959960938,1085.7142333984375,1869.300048828125,1693.215576171875,1087.1484375,742.017333984375,2415.36767578125,931.011962890625,1333.264404296875,83.21800231933594,386.8601379394531,1526.832763671875,10266.552734375,159.00973510742188,1160.7027587890625,555.0339965820312,1100.0262451171875,3229.014404296875,622.4710083007812,192.8760681152344,44599.19921875,19794.0
2023-10-13,991.67041015625,1643.3084716796875,791.3652954101562,87.69000244140625,554.1094360351562,1071.9715576171875,1927.4000244140625,1680.0789794921875,1115.7095947265625,735.2667236328125,2427.128662109375,928.1337890625,1302.013916015625,83.26239776611328,384.8429565429688,1522.7393798828125,10408.845703125,159.3976593017578,1160.6534423828125,545.6578979492188,1114.52587890625,3254.81005859375,651.9356079101562,190.0784149169922,44287.94921875,19751.05078125
2023-10-16,1002.3947143554688,1639.116455078125,789.8270874023438,86.66000366210938,552.8421020507812,1078.430419921875,1921.0999755859373,1692.9666748046875,1128.8131103515625,732.3223266601562,2416.595947265625,928.2313842773438,1304.7431640625,83.28230285644531,385.3580322265625,1534.531982421875,10386.48046875,160.82009887695312,1158.0596923828125,545.1843872070312,1104.7945556640625,3212.15234375,651.05615234375,189.6853790283203,44225.8984375,19731.75
2023-10-17,1005.636962890625,1654.3863525390625,795.429443359375,86.66000366210938,552.890869140625,1088.4429931640625,1922.699951171875,1699.2861328125,1134.5875244140625,737.8759765625,2414.56494140625,930.6705322265624,1312.2943115234375,83.19950103759766,389.2205505371094,1536.52978515625,10431.404296875,160.56146240234375,1163.5928955078125,545.9420166015625,1106.2542724609375,3196.65673828125,640.7947998046875,190.2402801513672,44409.5,19811.5
2023-10-18,990.4733276367188,1624.994384765625,773.1725463867188,88.31999969482422,553.0858154296875,1114.6229248046875,1955.300048828125,1667.838134765625,1127.7470703125,727.6064453125,2407.1025390625,920.7676391601562,1310.565673828125,83.26429748535156,387.675537109375,1534.8243408203125,10467.9365234375,161.16493225097656,1148.1541748046875,542.3432006835938,1122.408203125,3178.609130859375,653.3038330078125,188.4137115478516,43888.69921875,19671.099609375
2023-10-19,989.0267944335938,1631.531494140625,770.7153930664062,89.37000274658203,546.01806640625,1105.4842529296875,1968.4000244140625,1669.7291259765625,1125.8814697265625,725.308349609375,2406.961181640625,912.9625244140624,1304.2884521484375,83.26860046386719,386.6026306152344,1529.6590576171875,10451.6845703125,160.60458374023438,1139.33544921875,540.9698486328125,1110.8280029296875,3157.955810546875,653.5969848632812,182.7952880859375,43754.5,19624.69921875
2023-10-20,978.0032958984376,1631.8309326171875,763.6044311523438,88.75,538.316650390625,1093.3905029296875,1982.5,1641.565185546875,1128.79638671875,729.0667114257812,2356.943603515625,910.0355834960938,1298.4658203125,83.12229919433594,376.2164916992188,1518.646240234375,10407.0029296875,160.51837158203125,1135.8525390625,533.2985229492188,1111.509033203125,3193.5048828125,648.1243286132812,181.19993591308597,43723.05078125,19542.650390625
2023-10-23,961.9916381835938,1609.97412109375,766.5235595703125,85.48999786376953,519.55078125,1089.9842529296875,1976.300048828125,1622.35791015625,1109.110107421875,721.0473022460938,2345.939208984375,907.3037109375,1281.5440673828125,83.15979766845703,374.1564331054688,1525.370849609375,10240.1123046875,159.3545684814453,1118.1163330078125,523.685791015625,1092.289794921875,3116.375732421875,632.6345825195312,177.1768341064453,43151.19921875,19281.75
2023-10-25,953.1629028320312,1608.2774658203125,756.2575073242188,85.38999938964844,516.8211059570312,1082.5042724609375,1984.0999755859373,1574.389892578125,1102.2491455078125,716.4751586914062,2340.08251953125,893.7909545898438,1262.5601806640625,82.98780059814453,371.4096984863281,1529.220458984375,10274.2666015625,158.9235382080078,1115.522705078125,526.7637329101562,1090.19775390625,3098.052734375,623.3505859375,176.57569885253906,42832.0,19122.150390625
2023-10-26,969.7230834960938,1556.9288330078125,729.4597778320312,83.20999908447266,509.1684875488281,1064.4620361328125,1987.199951171875,1569.2646484375,1104.7601318359375,700.6278686523438,2339.232421875,886.5224609375,1252.7918701171875,83.1709976196289,372.8260498046875,1467.8216552734375,10114.4599609375,155.94937133789062,1099.98486328125,518.0506591796875,1074.04345703125,3049.299072265625,612.307373046875,174.91099548339844,42280.1484375,18857.25
2023-10-27,1000.349609375,1563.3160400390625,737.8534545898438,85.54000091552734,522.6702270507812,1059.6224365234375,1988.5999755859373,1594.49267578125,1137.8546142578125,703.3807983398438,2344.569580078125,890.5225830078125,1272.052001953125,83.28250122070312,372.31097412109375,1472.4022216796875,10246.9521484375,159.2683563232422,1119.40087890625,531.4517822265625,1081.439453125,3062.275634765625,626.4778442382812,176.80691528320312,42782.0,19047.25
2023-10-30,986.8320922851562,1558.0264892578125,737.445556640625,82.30999755859375,540.5101928710938,1049.4234619140625,1996.199951171875,1631.4639892578125,1134.3121337890625,711.0171508789062,2341.593505859375,902.376708984375,1269.01123046875,83.41339874267578,369.4783935546875,1459.732666015625,10088.7958984375,162.75975036621094,1142.47265625,535.2874755859375,1085.234619140625,3087.498046875,614.2130737304688,176.6450653076172,43039.1484375,19140.900390625
2023-10-31,979.4996948242188,1566.4599609375,736.4234008789062,81.0199966430664,549.3326416015625,1053.7821044921875,1985.199951171875,1651.6663818359375,1144.401611328125,706.8998413085938,2346.410888671875,893.0592041015625,1261.0399169921875,83.29650115966797,367.71881103515625,1421.52880859375,10083.5546875,160.4752655029297,1130.3192138671875,535.6188354492188,1059.34912109375,3078.541748046875,614.3596801757812,176.5525665283203,42845.94921875,19079.599609375
2023-11-01,969.4737548828124,1569.7532958984375,734.3839721679688,80.44000244140625,560.3972778320312,1049.6395263671875,1978.800048828125,1656.2442626953125,1129.110107421875,705.9421997070312,2335.312255859375,891.7908935546875,1247.90771484375,83.2771987915039,367.4613342285156,1417.630615234375,9923.89453125,160.94940185546875,1135.0125732421875,536.4239501953125,1086.2076416015625,3043.72412109375,613.4312744140625,176.15953063964844,42700.94921875,18989.150390625
2023-11-02,980.5970458984376,1572.4979248046875,732.1429443359375,82.45999908447266,563.37060546875,1048.0787353515625,1985.5999755859373,1707.7452392578125,1142.0699462890625,707.0194702148438,2366.284912109375,897.5472412109375,1262.6524658203125,85.19400024414062,370.0793151855469,1432.3468017578125,9997.490234375,160.51837158203125,1146.2767333984375,541.8222045898438,1102.4102783203125,3070.63720703125,621.982421875,177.40805053710938,43017.19921875,19133.25
2023-11-03,986.4828491210938,1533.125732421875,728.447509765625,80.51000213623047,580.8692016601562,1033.26611328125,1991.5,1775.8162841796875,1135.657470703125,710.3707885742188,2387.64697265625,911.0599365234376,1280.0697021484375,83.24729919433594,371.88177490234375,1431.6644287109375,9971.001953125,163.7942657470703,1146.0296630859375,547.5521240234375,1110.4385986328125,3062.229736328125,632.7811889648438,177.36183166503906,43318.25,19230.599609375
2023-11-06,1006.9837036132812,1561.320068359375,743.2444458007812,80.81999969482422,577.1160888671875,1048.000244140625,1981.5999755859373,1814.7281494140625,1138.751220703125,715.5175170898438,2376.370849609375,922.42626953125,1293.20166015625,83.15850067138672,373.6843872070313,1450.4739990234375,9979.2978515625,166.63909912109375,1155.564697265625,543.9531860351562,1119.099609375,3089.051513671875,631.3641967773438,177.8704833984375,43619.3984375,19411.75
2023-11-07,1018.4561767578124,1566.70947265625,736.7133178710938,77.37000274658203,577.5547485351562,1061.0068359375,1966.800048828125,1756.1114501953125,1142.5633544921875,712.0464477539062,2375.46728515625,925.0116577148438,1294.123291015625,83.2228012084961,371.4096984863281,1442.141357421875,9948.685546875,166.5529022216797,1148.0552978515625,549.0673828125,1139.486572265625,3080.095703125,630.3380126953125,177.2462158203125,43737.8984375,19406.69921875
2023-11-08,1019.2542724609376,1572.3980712890625,733.2094116210938,75.33000183105469,580.9180908203125,1070.6658935546875,1951.5,1764.570556640625,1136.912841796875,714.105224609375,2397.25732421875,912.9625244140624,1281.8665771484375,83.23269653320312,375.0577392578125,1449.5970458984375,10015.634765625,168.40635681152344,1154.033203125,549.5882568359375,1145.0821533203125,3090.2392578125,627.9437255859375,176.73757934570312,43658.6484375,19443.5
2023-11-09,1019.4537963867188,1579.1348876953125,726.0099487304688,75.73999786376953,585.5972900390625,1071.5296630859375,1964.199951171875,1806.517822265625,1136.778564453125,711.280517578125,2356.674072265625,914.5235595703124,1266.937744140625,83.21769714355469,372.8689575195313,1512.603759765625,10091.3662109375,166.121826171875,1141.50927734375,547.741455078125,1144.5955810546875,3059.0771484375,634.589111328125,176.11328125,43683.6015625,19395.30078125
2023-11-10,1026.736328125,1592.8577880859375,731.7203369140625,77.16999816894531,590.8128051757812,1065.0411376953125,1932.5999755859373,1808.90625,1125.970947265625,714.081298828125,2366.047119140625,915.7430419921876,1261.454345703125,83.31939697265625,374.7143859863281,1485.3641357421875,10080.1591796875,168.88046264648438,1143.6583251953125,548.8306274414062,1147.660888671875,3046.283203125,636.25048828125,175.3965301513672,43820.1015625,19425.349609375
2023-11-13,1022.8954467773438,1582.0789794921875,723.4693603515625,78.26000213623047,593.103759765625,1064.0496826171875,1945.5,1812.68798828125,1130.948974609375,712.78857421875,2358.053955078125,911.6941528320312,1265.7857666015625,83.29889678955078,374.2423095703125,1501.103759765625,10089.474609375,168.79429626464844,1143.51025390625,550.5827026367188,1146.1527099609375,3044.546630859375,638.4005126953125,176.48324584960938,43891.25,19443.55078125
2023-11-15,1038.857177734375,1583.925537109375,710.04833984375,76.66000366210938,606.4592895507812,1064.0693359375,1960.0999755859373,1854.7845458984373,1144.98486328125,720.2573852539062,2365.90380859375,918.18212890625,1299.8367919921875,82.98159790039062,379.3495178222656,1504.904541015625,10145.4111328125,171.98394775390625,1164.185791015625,553.75537109375,1149.169189453125,3111.02978515625,656.284423828125,181.10745239257807,44201.69921875,19675.44921875
2023-11-16,1023.8931274414062,1617.459228515625,723.6265258789062,72.9000015258789,614.4044189453125,1088.4725341796875,1983.9000244140625,1844.3848876953125,1175.8370361328125,722.1484985351562,2370.471435546875,913.206298828125,1331.537841796875,83.18620300292969,376.5169372558594,1529.6102294921875,10173.0166015625,173.9667510986328,1166.285400390625,553.7080688476562,1157.5870361328125,3196.52099609375,664.933349609375,183.62762451171875,44161.55078125,19765.19921875
2023-11-17,991.9697265625,1612.71875,709.7239379882812,75.88999938964844,615.2817993164062,1101.6851806640625,1981.5999755859373,1853.9385986328125,1174.133056640625,720.5924682617188,2406.249267578125,899.4010009765625,1324.7645263671875,83.12030029296875,377.031982421875,1544.27783203125,10210.857421875,169.26841735839844,1163.7412109375,533.251220703125,1162.5009765625,3200.724609375,666.0571899414062,182.84153747558597,43583.94921875,19731.80078125
2023-11-20,986.333251953125,1590.6622314453125,694.7451171875,77.5999984741211,610.5049438476562,1100.232421875,1977.699951171875,1841.3992919921875,1188.7071533203125,720.6403198242188,2384.982421875,899.0107421875,1323.888916015625,83.29149627685547,374.9289855957031,1512.75,10252.337890625,170.56153869628906,1160.6781005859375,533.9141845703125,1156.0784912109375,3216.397216796875,658.9719848632812,185.0611572265625,43584.94921875,19694.0
2023-11-21,989.4258422851562,1607.2294921875,698.1409912109375,77.7699966430664,618.4988403320312,1108.5369873046875,1999.300048828125,1881.754150390625,1189.783203125,726.74462890625,2383.840576171875,903.5474243164062,1326.1007080078125,83.32219696044922,374.4569396972656,1520.108154296875,10222.1630859375,169.762451171875,1175.2769775390625,531.783203125,1169.118408203125,3207.806396484375,666.2037353515625,185.2692413330078,43689.1484375,19783.400390625
2023-11-22,995.7107543945312,1620.702880859375,700.6177978515625,77.0999984741211,616.6465454101562,1112.09033203125,1991.4000244140625,1852.9434814453125,1192.5633544921875,724.1593627929688,2399.683837890625,900.279052734375,1343.42578125,83.345703125,377.418212890625,1504.2222900390625,10182.767578125,169.58486938476562,1179.87158203125,529.3682250976562,1171.7459716796875,3226.0380859375,665.7151489257812,185.0842742919922,43449.6015625,19811.849609375
2023-11-23,996.6585083007812,1620.752685546875,695.2415161132812,77.0999984741211,620.1561279296875,1108.18359375,1991.4000244140625,1843.4393310546875,1191.935546875,728.3485717773438,2397.7802734375,900.52294921875,1335.546630859375,83.54830169677734,377.9761352539063,1506.561279296875,10176.8974609375,169.27410888671875,1183.4781494140625,530.3153076171875,1166.58837890625,3206.02490234375,664.4935302734375,186.1247100830078,43577.5,19802.0
2023-11-24,1006.0859375,1614.06591796875,690.047119140625,75.54000091552734,613.5269775390625,1108.4779052734375,2002.199951171875,1832.1937255859373,1174.133056640625,733.5191650390625,2393.30859375,906.7671508789062,1324.6260986328125,83.34400177001953,375.787353515625,1513.724609375,10203.2412109375,167.6759490966797,1182.6876220703125,530.6941528320312,1163.328125,3159.281005859375,658.3856201171875,183.11895751953125,43769.1015625,19794.69921875
2023-11-28,1018.7056274414062,1651.142822265625,700.5391235351562,76.41000366210938,613.3320922851562,1114.299072265625,2039.699951171875,1830.651123046875,1180.8594970703125,731.8674926757812,2388.884033203125,902.9620971679688,1329.5103759765625,83.364501953125,373.5985412597656,1526.2479248046875,10224.4892578125,172.2041015625,1182.9346923828125,534.5772094726562,1159.33837890625,3171.206298828125,681.6446533203125,183.5120391845703,43880.94921875,19889.69921875
2023-11-29,1057.6123046875,1650.24462890625,700.789794921875,77.86000061035156,621.618408203125,1122.0635986328125,2047.0999755859373,1831.1488037109373,1196.375244140625,746.4698486328125,2402.681396484375,916.7186889648438,1345.08447265625,83.41809844970703,375.2723388671875,1577.94970703125,10284.357421875,170.47274780273438,1186.047119140625,538.5075073242188,1169.89697265625,3211.05078125,696.1570434570312,187.8587951660156,44566.44921875,20096.599609375
2023-11-30,1071.6785888671875,1670.2052001953125,699.9838256835938,75.95999908447266,610.114990234375,1136.3560791015625,2038.0999755859373,1867.672119140625,1202.6085205078125,746.30224609375,2422.187744140625,912.1819458007812,1340.983642578125,83.3302993774414,374.0706481933594,1605.87158203125,10293.52734375,173.0919952392578,1174.5606689453125,534.861328125,1192.911376953125,3187.153564453125,690.3423461914062,191.00326538085935,44481.75,20133.150390625
2023-12-01,1102.005859375,1682.6307373046875,713.4932250976562,74.06999969482422,613.4295043945312,1128.74853515625,2071.0,1863.6417236328125,1198.8416748046875,744.6744384765625,2439.410400390625,923.6458129882812,1338.3572998046875,83.35269927978516,386.0875854492188,1584.18701171875,10271.208984375,172.7368621826172,1182.88525390625,541.4907836914062,1198.166259765625,3209.131591796875,689.4138793945312,188.50619506835935,44814.19921875,20267.900390625
2023-12-04,1122.905517578125,1692.910400390625,728.0691528320312,73.04000091552734,632.9267578125,1130.0443115234375,2024.0999755859373,1906.3851318359373,1199.962646484375,770.5279541015625,2476.187255859375,967.0621337890624,1349.4617919921875,83.21859741210938,389.735595703125,1614.7403564453125,10284.5517578125,179.39593505859375,1195.6810302734375,563.2261962890625,1198.069091796875,3209.862548828125,689.5604858398438,188.4137115478516,46431.3984375,20686.80078125
2023-12-05,1129.7391357421875,1689.367431640625,722.3832397460938,72.31999969482422,633.7553100585938,1134.0592041015625,2018.5,1898.3240966796875,1181.6666259765625,777.374267578125,2439.02978515625,988.770263671875,1339.8779296875,83.41709899902344,387.7613830566406,1643.1981201171875,10403.36328125,179.39593505859375,1204.3514404296875,576.0590209960938,1206.243408203125,3227.363037109375,692.8343505859375,186.98019409179688,47012.25,20855.099609375
2023-12-06,1117.8177490234375,1697.0023193359375,729.980712890625,69.37999725341797,636.53369140625,1125.0084228515625,2030.5,1927.383544921875,1192.4290771484375,779.3372192382812,2443.216552734375,978.8186645507812,1358.63134765625,83.31590270996094,397.6324462890625,1659.132568359375,10310.0703125,179.30714416503906,1215.8873291015625,576.2484741210938,1207.021728515625,3293.6171875,706.0274658203125,193.6390838623047,46834.55078125,20937.69921875
2023-12-07,1115.174072265625,1700.6951904296875,726.4522705078125,69.33999633789062,632.2930297851562,1135.7574462890625,2029.9000244140625,1926.5377197265625,1191.0389404296875,780.60595703125,2396.210693359375,974.6721801757812,1350.89013671875,83.28959655761719,393.2119445800781,1649.63037109375,10378.8642578125,176.59912109375,1213.8863525390625,579.3265380859375,1206.0001220703125,3303.48681640625,705.538818359375,193.4078826904297,46841.3984375,20901.150390625
2023-12-08,1128.4920654296875,1706.7830810546875,718.235595703125,71.2300033569336,633.5603637695312,1131.59521484375,1998.300048828125,1920.8651123046875,1223.4156494140625,791.4979248046875,2400.064453125,986.2335815429688,1374.1591796875,83.35489654541016,385.5296325683594,1626.1429443359375,10303.0830078125,173.97988891601562,1213.244140625,581.6468505859375,1202.59423828125,3314.270263671875,698.3070068359375,195.41940307617188,47262.0,20969.400390625
2023-12-11,1113.827392578125,1699.447509765625,716.7760009765625,71.31999969482422,650.327880859375,1074.58251953125,1978.0,1914.69482421875,1233.46044921875,790.4447021484375,2382.318359375,992.3313598632812,1371.71728515625,83.43009948730469,388.3622131347656,1610.208251953125,10228.5654296875,175.62245178222656,1215.022705078125,581.7415161132812,1208.0435791015625,3329.074951171875,704.4149169921875,194.4945526123047,47314.25,20997.099609375
2023-12-12,1128.292724609375,1703.389892578125,718.9186401367188,68.61000061035156,645.9410400390625,1087.706787109375,1977.800048828125,1889.864990234375,1233.46044921875,782.5928344726562,2381.461669921875,990.9655151367188,1360.243896484375,83.34349822998047,388.920166015625,1593.83544921875,10031.2568359375,173.49151611328125,1197.5830078125,579.9894409179688,1185.272216796875,3355.759765625,699.1377563476562,195.2344207763672,47097.55078125,20906.400390625
2023-12-13,1112.1812744140625,1681.2335205078125,713.3605346679688,69.47000122070312,656.8107299804688,1099.1527099609375,1982.300048828125,1924.7960205078125,1227.9898681640625,780.8214111328125,2390.168212890625,989.2092895507812,1335.3160400390625,83.39600372314453,391.1089782714844,1623.803955078125,10071.6689453125,171.49380493164062,1202.4739990234375,587.0451049804688,1199.9666748046875,3283.97607421875,703.92626953125,194.05523681640625,47092.25,20926.349609375
2023-12-14,1117.767822265625,1727.5421142578125,734.6099853515625,71.58000183105469,681.913330078125,1094.1856689453125,2030.199951171875,2051.533447265625,1268.70751953125,790.0377197265625,2394.403076171875,1008.4783935546876,1383.6510009765625,83.2853012084961,394.92864990234375,1660.25341796875,10045.6171875,173.97988891601562,1217.39404296875,590.64404296875,1198.2152099609375,3351.327392578125,703.3887939453125,200.8759613037109,47732.30078125,21182.69921875
2023-12-15,1117.6680908203125,1729.73779296875,738.625,71.43000030517578,687.5675048828125,1097.3465576171875,2021.0999755859373,2042.228515625,1337.4974365234375,793.1018676757812,2400.63525390625,1012.1370239257812,1454.56396484375,83.29660034179688,393.2977294921875,1681.109375,9980.8017578125,178.508056640625,1232.9317626953125,613.942138671875,1202.54541015625,3528.38623046875,715.751220703125,206.4944000244141,48143.55078125,21456.650390625
2023-12-18,1108.6895751953125,1721.2044677734375,745.7556762695312,72.47000122070312,679.5736694335938,1097.660400390625,2026.300048828125,1979.28271484375,1349.1566162109375,792.6948852539062,2412.624755859375,996.575439453125,1441.6160888671875,83.04170227050781,387.675537109375,1667.319091796875,10013.015625,176.68792724609375,1245.48046875,614.1788940429688,1219.0887451171875,3526.741455078125,714.1876220703125,205.89324951171875,47867.69921875,21418.650390625
2023-12-19,1117.568359375,1706.3839111328125,750.1834716796875,73.44000244140625,680.499755859375,1106.77001953125,2038.4000244140625,1967.0916748046875,1334.806396484375,791.354248046875,2436.603515625,990.7216186523438,1436.0408935546875,83.11119842529297,391.4952087402344,1656.1600341796875,9929.5703125,177.84214782714844,1263.809326171875,620.7137451171875,1211.498291015625,3487.4453125,712.379638671875,202.8643951416016,47870.8984375,21453.099609375
2023-12-20,1107.59228515625,1677.5906982421875,736.5512084960938,74.22000122070312,658.3704223632812,1095.3243408203125,2034.5,1881.6048583984373,1291.443115234375,793.3172607421875,2433.558349609375,982.1358642578124,1415.859130859375,83.09159851074219,387.11761474609375,1605.091796875,9781.7470703125,180.41700744628903,1248.518798828125,602.7666015625,1199.0423583984375,3454.40966796875,689.2184448242188,199.74305725097656,47445.30078125,21150.150390625
2023-12-21,1092.77783203125,1663.568359375,724.0885620117188,73.88999938964844,675.4793090820312,1090.48486328125,2039.0999755859373,1948.282470703125,1275.3892822265625,807.5365600585938,2429.466796875,979.9407348632812,1415.4903564453125,83.26719665527344,387.50384521484375,1592.32470703125,9715.3779296875,179.92864990234375,1266.0079345703125,609.6802978515625,1200.3558349609375,3461.21826171875,692.736572265625,200.6910095214844,47840.1484375,21255.05078125
2023-12-22,1085.6949462890625,1668.7581787109375,717.0266723632812,73.55999755859375,697.94970703125,1104.8558349609375,2057.10009765625,1962.2152099609373,1311.8466796875,799.9481201171875,2450.781494140625,970.086669921875,1440.2799072265625,83.13159942626953,390.72271728515625,1592.714599609375,9913.609375,181.0828857421875,1267.2430419921875,603.0507202148438,1210.233154296875,3494.5732421875,708.2262573242188,213.93934631347656,47491.8515625,21349.400390625
2023-12-26,1091.6304931640625,1642.060791015625,703.9545288085938,75.56999969482422,696.8773803710938,1105.7296142578125,2058.199951171875,1974.157470703125,1307.7659912109375,805.5018310546875,2459.48779296875,970.8670654296876,1422.816650390625,83.17230224609375,391.7956237792969,1620.0030517578125,9965.5205078125,184.1016845703125,1273.66552734375,604.2819213867188,1213.979736328125,3468.57421875,703.1932983398438,217.38442993164065,47724.8515625,21441.349609375
2023-12-27,1103.70166015625,1666.1630859375,710.8837890625,74.11000061035156,702.336669921875,1121.896728515625,2081.89990234375,1995.703369140625,1320.232421875,815.4841918945312,2481.897216796875,977.8430786132812,1444.150390625,83.18280029296875,392.35357666015625,1645.0498046875,9982.83984375,182.50347900390625,1278.01318359375,614.2262573242188,1218.796630859375,3482.876220703125,724.05810546875,217.7774810791016,48282.19921875,21654.75
2023-12-28,1105.197998046875,1677.8900146484375,713.4243774414062,71.7699966430664,710.3304443359375,1150.1773681640625,2073.89990234375,1987.144775390625,1320.591064453125,816.417724609375,2506.160888671875,981.4041748046876,1440.049560546875,83.26719665527344,398.3620300292969,1690.367919921875,9966.4404296875,184.94517517089844,1287.251708984375,616.9254150390625,1228.236083984375,3472.549560546875,736.7625732421875,217.08383178710935,48508.55078125,21778.69921875
2023-12-29,1099.661376953125,1682.4810791015625,720.216064453125,71.6500015258789,708.1370849609375,1138.2701416015625,2062.39990234375,2003.664794921875,1314.8961181640625,818.332763671875,2534.849609375,972.3306274414062,1421.8489990234375,82.302001953125,396.6453552246094,1685.4462890625,9996.27734375,182.0595703125,1277.0743408203125,608.0701904296875,1225.608642578125,3466.610107421875,762.2203369140625,217.93930053710935,48292.25,21731.400390625
2024-01-01,1095.072265625,1673.0994873046875,717.3952026367188,71.6500015258789,705.4073486328125,1142.932861328125,2062.39990234375,1992.4193115234373,1330.7259521484375,812.9945678710938,2526.095703125,975.0624389648438,1429.635986328125,83.24859619140625,401.7525634765625,1660.009765625,9977.79296875,182.3259429931641,1279.69287109375,607.4072265625,1226.3870849609375,3482.784912109375,772.6282348632812,220.6444854736328,48234.30078125,21741.900390625
2024-01-02,1090.633056640625,1682.8802490234375,730.2706909179688,70.37999725341797,695.9025268554688,1163.57666015625,2064.39990234375,2006.3021240234373,1317.9903564453125,813.4732666015625,2487.13037109375,958.3301391601562,1414.015869140625,83.20259857177734,403.7267761230469,1614.106689453125,9894.78515625,183.8353271484375,1290.2900390625,605.60791015625,1261.3709716796875,3457.288818359375,766.5692749023438,216.96826171875,47761.6484375,21665.80078125
2024-01-03,1095.97021484375,1674.34716796875,725.8231811523438,72.69999694824219,697.6573486328125,1164.577880859375,2034.199951171875,2042.4774169921875,1289.469970703125,800.9295654296875,2480.231689453125,960.0862426757812,1373.099365234375,83.25700378417969,409.6493835449219,1613.180908203125,9778.25390625,184.90077209472656,1276.25927734375,609.3961791992188,1263.7066650390625,3373.716796875,763.686279296875,210.8180389404297,47704.94921875,21517.349609375
2024-01-04,1120.7108154296875,1698.59912109375,757.3485107421875,72.19000244140625,742.257080078125,1146.96728515625,2042.300048828125,2205.4892578125,1273.505615234375,809.5234985351562,2466.91015625,963.1107177734376,1394.018310546875,83.31809997558594,408.9197692871094,1599.975341796875,9717.7548828125,190.58319091796875,1282.8546142578125,608.733154296875,1277.671142578125,3350.91552734375,777.6611938476562,209.19955444335935,48195.8515625,21658.599609375
2024-01-05,1134.228271484375,1706.1343994140625,757.89892578125,73.80999755859375,734.0194702148438,1145.6815185546875,2042.4000244140625,2233.50390625,1285.0302734375,805.3821411132812,2493.077392578125,969.501220703125,1412.3111572265625,83.2406005859375,406.81683349609375,1600.2677001953125,9719.4052734375,192.18138122558597,1288.3138427734375,607.9755249023438,1265.263671875,3415.89111328125,772.9703369140625,211.1417388916016,48159.0,21710.80078125
2024-01-08,1119.314208984375,1693.0101318359375,760.34130859375,70.7699966430664,740.2098388671875,1131.0946044921875,2026.5999755859373,2150.9033203125,1298.5731201171875,796.4052734375,2453.302978515625,958.086181640625,1403.325927734375,83.19110107421875,399.5637512207031,1575.07470703125,9651.1943359375,193.51321411132807,1278.2601318359375,593.8167114257812,1270.2266845703125,3361.42529296875,771.1624145507812,208.2515869140625,47450.25,21513.0
2024-01-09,1113.8773193359375,1679.1375732421875,759.3043212890625,72.23999786376953,769.748046875,1128.8270263671875,2026.4000244140625,2230.2197265625,1309.7840576171875,790.2052001953125,2454.730224609375,955.8909912109376,1409.316162109375,83.05069732666016,398.748291015625,1588.47509765625,9726.2939453125,192.3589630126953,1274.8759765625,592.3014526367188,1288.424072265625,3372.026123046875,781.619140625,208.43653869628903,47242.6484375,21544.849609375
2024-01-10,1104.35009765625,1668.5584716796875,754.891357421875,71.37000274658203,776.035888671875,1136.1695556640625,2021.699951171875,2200.264404296875,1338.2147216796875,792.8145141601562,2452.494140625,968.8670654296876,1400.653564453125,83.131103515625,397.6753540039063,1591.3016357421875,9712.806640625,188.31912231445312,1309.2613525390625,588.8445434570312,1289.2510986328125,3393.181396484375,790.072509765625,209.75445556640625,47360.8515625,21618.69921875
2024-01-11,1123.05517578125,1665.9635009765625,753.829833984375,72.0199966430664,777.4006958007812,1117.56787109375,2014.300048828125,2237.982421875,1331.66748046875,789.4871215820312,2413.290771484375,967.0133666992188,1376.9698486328125,83.02559661865234,397.1174621582031,1587.257080078125,9713.6806640625,188.09716796875,1343.6961669921875,587.3766479492188,1280.88232421875,3413.7431640625,797.10888671875,207.2574005126953,47438.3515625,21647.19921875
2024-01-12,1117.6680908203125,1648.647705078125,752.974853515625,72.68000030517578,780.4227905273438,1116.861083984375,2046.699951171875,2262.862060546875,1381.89208984375,785.752685546875,2420.712890625,979.0625610351562,1486.21875,83.07610321044922,400.5937805175781,1583.1636962890625,9669.5810546875,198.35215759277344,1354.3919677734375,600.0674438476562,1290.3216552734375,3548.30859375,797.8906860351562,215.23416137695312,47709.80078125,21894.55078125
2024-01-15,1116.8201904296875,1629.1861572265625,734.9833984375,72.68000030517578,785.15087890625,1135.3941650390625,2046.699951171875,2300.2314453125,1424.4034423828125,800.8817138671875,2448.49755859375,985.2579345703124,1522.4815673828125,82.87210083007812,401.3663024902344,1593.9815673828125,9787.228515625,207.3197326660156,1377.5133056640625,606.2234497070312,1293.63037109375,3567.4990234375,793.9815673828125,228.7137451171875,48158.30078125,22097.44921875
2024-01-16,1116.421142578125,1620.3038330078125,732.8851318359375,72.4000015258789,767.0671997070312,1130.4664306640625,2026.0,2293.06591796875,1395.0311279296875,803.921875,2444.596435546875,984.4774780273438,1503.5439453125,82.8593978881836,405.4005126953125,1579.1678466796875,9881.0068359375,208.74034118652344,1358.2454833984375,603.1928100585938,1278.1575927734375,3528.66064453125,800.236083984375,224.2745056152344,48125.1015625,22032.30078125
2024-01-17,1079.7093505859375,1583.027099609375,723.272705078125,72.55999755859375,755.8076171875,1109.2239990234375,2002.5999755859373,2307.744873046875,1413.372314453125,736.1045532226562,2438.696533203125,957.84228515625,1511.51513671875,83.08899688720703,400.5079345703125,1557.0936279296875,9753.07421875,206.0323028564453,1345.3509521484375,592.8696899414062,1264.095947265625,3549.953125,787.2384033203125,223.07220458984372,46064.44921875,21571.94921875
2024-01-18,1094.8729248046875,1578.0369873046875,714.1026000976562,74.08000183105469,755.953857421875,1109.2239990234375,2018.5999755859373,2304.4609375,1405.8834228515625,711.5198974609375,2424.51904296875,962.3302612304688,1513.7269287109375,83.17759704589844,399.5637512207031,1576.146728515625,9629.6533203125,207.3641357421875,1351.6500244140625,595.0479125976562,1299.8583984375,3566.40234375,800.4315795898438,223.1877899169922,45713.55078125,21462.25
2024-01-19,1113.8773193359375,1597.348876953125,719.3658447265625,73.41000366210938,765.7998657226562,1112.806884765625,2026.5,2332.127197265625,1417.090087890625,704.0989990234375,2441.07568359375,974.8673095703124,1529.0244140625,83.16059875488281,404.7138366699219,1613.473388671875,9739.490234375,214.9110870361328,1351.156005859375,594.5270385742188,1299.71240234375,3628.471435546875,804.8292236328125,224.297607421875,45701.1484375,21622.400390625
2024-01-23,1086.642578125,1579.3843994140625,694.9515991210938,74.37000274658203,720.712646484375,1114.024169921875,2023.699951171875,2258.03515625,1377.052490234375,683.3683471679688,2260.42626953125,1003.990478515625,1513.3121337890625,83.09510040283203,394.241943359375,1554.6571044921875,9567.5068359375,204.12335205078125,1312.7442626953125,573.0757446289062,1341.26513671875,3550.436767578125,782.25439453125,217.2919158935547,45015.05078125,21238.80078125
2024-01-24,1056.61474609375,1617.6588134765625,693.43798828125,75.08999633789062,728.609130859375,1158.727294921875,2013.9000244140625,2255.49755859375,1424.72705078125,697.0371704101562,2323.322998046875,974.8673095703124,1543.9534912109375,83.22139739990234,397.9328918457031,1586.720947265625,9691.4619140625,208.0744171142578,1327.8619384765625,585.5771484375,1344.9630126953125,3535.29931640625,792.4668579101562,221.53211975097656,45082.3984375,21453.94921875
2024-01-25,1039.755126953125,1626.9405517578125,696.40625,77.36000061035156,739.5762329101562,1149.57861328125,2016.9000244140625,2315.70654296875,1401.0931396484375,686.9830932617188,2310.619873046875,985.3555297851562,1538.147705078125,83.09760284423828,391.1089782714844,1593.9329833984375,9587.4462890625,207.80807495117188,1336.9522705078125,580.3208618164062,1331.5338134765625,3506.312255859375,793.3952026367188,217.80169677734372,44866.1484375,21352.599609375
2024-01-29,1058.709716796875,1633.7271728515625,706.8392333984375,76.77999877929688,748.0574340820312,1147.261962890625,2025.199951171875,2418.70849609375,1423.0552978515625,696.438720703125,2325.939453125,991.6484375,1526.6285400390625,83.12129974365234,386.0875854492188,1598.3184814453125,9694.5673828125,224.18942260742188,1430.7957763671875,589.9810791015625,1363.209228515625,3497.754150390625,821.8826293945312,219.19190979003903,45442.3515625,21737.599609375
2024-01-30,1051.5767822265625,1587.4185791015625,670.0360107421875,77.81999969482422,767.115966796875,1146.721923828125,2031.5,2361.73388671875,1409.2725830078125,691.4834594726562,2339.4990234375,992.1362915039062,1521.88232421875,83.1530990600586,376.0019226074219,1579.1678466796875,9655.9970703125,221.2593994140625,1390.852294921875,593.5799560546875,1334.8912353515625,3497.340576171875,839.3268432617188,218.9602203369141,45367.75,21522.099609375
2024-01-31,1065.194091796875,1624.09619140625,674.5276489257812,75.8499984741211,782.4212036132812,1201.732177734375,2048.39990234375,2365.71484375,1424.3656005859375,700.2210083007812,2361.289306640625,1003.1123657226562,1530.591064453125,83.10970306396484,379.0061950683594,1609.574951171875,9884.2578125,223.96746826171875,1409.6259765625,606.6022338867188,1380.336181640625,3511.51123046875,864.1006469726562,221.57846069335935,45996.80078125,21725.69921875
2024-02-01,1081.6544189453125,1619.05615234375,662.772705078125,73.81999969482422,779.935302734375,1176.6026611328125,2053.0,2343.77099609375,1425.6309814453125,702.040283203125,2353.724609375,1000.1853637695312,1527.043212890625,83.05359649658203,380.1649169921875,1609.1851806640625,10321.9072265625,219.88319396972656,1409.650634765625,613.3739013671875,1370.1182861328125,3546.663818359375,858.5301513671875,218.4272918701172,46188.6484375,21697.44921875
2024-02-02,1064.4957275390625,1648.24853515625,673.0927124023438,72.27999877929688,771.5515747070312,1185.7022705078125,2036.0999755859373,2364.12255859375,1431.3701171875,692.3692016601562,2333.742431640625,999.0633544921876,1560.495361328125,82.92759704589844,377.7615661621094,1618.5411376953125,10338.888671875,228.40684509277344,1440.33056640625,615.26806640625,1378.5848388671875,3649.86669921875,858.7744750976562,223.8954925537109,45970.94921875,21853.80078125
2024-02-05,1058.958984375,1611.720703125,649.4942626953125,72.77999877929688,766.823486328125,1196.4903564453125,2025.699951171875,2311.676025390625,1405.702392578125,691.746826171875,2302.246337890625,998.5755004882812,1554.8277587890625,82.99929809570312,376.0019226074219,1660.25341796875,10118.7275390625,233.4677734375,1421.878173828125,608.922607421875,1424.4677734375,3656.3076171875,905.732177734375,223.52479553222656,45825.55078125,21771.69921875
2024-02-06,1047.536376953125,1593.90576171875,648.5064697265625,73.30999755859375,777.3031616210938,1210.6551513671875,2034.5,2289.333984375,1467.521484375,691.3876953125,2308.764404296875,1001.4049072265624,1593.762939453125,83.10369873046875,370.29388427734375,1683.740966796875,10522.66015625,241.7694091796875,1410.786865234375,615.8362426757812,1435.464111328125,3806.027587890625,918.1923828125,231.54173278808597,45690.80078125,21929.400390625
2024-02-07,1066.540771484375,1593.057373046875,659.4210815429688,73.86000061035156,806.646484375,1213.2366943359375,2035.199951171875,2283.56201171875,1459.9298095703125,684.6130981445312,2307.90771484375,997.2584228515624,1560.86376953125,83.07060241699219,370.63720703125,1677.2598876953125,10610.8125,241.41427612304688,1424.9659423828125,639.5131225585938,1455.9970703125,3757.6240234375,912.5730590820312,229.4795684814453,45818.5,21930.5
2024-02-08,1033.4202880859375,1567.4580078125,646.2950439453125,76.22000122070312,809.9609375,1209.369140625,2032.199951171875,2206.08642578125,1476.6044921875,671.7343139648438,2299.9150390625,965.2084350585938,1559.3431396484375,83.01260375976562,361.260986328125,1643.052001953125,10424.7109375,242.52410888671875,1432.845947265625,662.527099609375,1459.3057861328125,3804.279052734375,903.2890625,226.53692626953125,45012.0,21717.94921875
2024-02-09,1048.88330078125,1567.8570556640625,654.044921875,76.83999633789062,813.4216918945312,1208.544677734375,2023.300048828125,2245.94384765625,1473.7122802734375,671.9976196289062,2306.670654296875,986.0873413085938,1538.378173828125,82.98529815673828,362.0888671875,1604.555908203125,10413.9873046875,237.55197143554688,1443.34423828125,686.8670043945312,1502.0738525390625,3803.911376953125,894.200439453125,227.27838134765625,45634.55078125,21782.5
2024-02-12,1044.1943359375,1554.1842041015625,645.6561889648438,76.91999816894531,787.2955322265625,1243.421630859375,2018.199951171875,2248.282470703125,1506.56494140625,665.4863891601562,2270.03662109375,971.8427734375,1548.2847900390625,83.0145034790039,354.55078125,1618.2486572265625,10391.5263671875,228.98394775390625,1435.04443359375,670.4352416992188,1501.7313232421875,3791.9482421875,890.8777465820312,232.37586975097656,44882.25,21616.05078125
2024-02-13,1068.18701171875,1564.9129638671875,649.0470581054688,77.87000274658203,808.4985961914062,1243.7847900390625,1992.9000244140625,2268.186279296875,1505.3448486328125,667.616943359375,2277.98193359375,994.965576171875,1552.3857421875,82.99019622802734,354.4636535644531,1604.8968505859375,10473.806640625,230.40460205078125,1447.6424560546875,675.6915283203125,1509.3160400390625,3818.45068359375,886.2846069335938,237.0794677734375,45502.3984375,21743.25
2024-02-14,1094.224365234375,1576.58984375,653.2586669921875,76.63999938964844,822.5853271484375,1228.66796875,1990.300048828125,2303.017822265625,1510.67724609375,662.6377563476562,2272.225341796875,997.7950439453124,1535.475341796875,83.07460021972656,358.64666748046875,1614.935302734375,10700.3212890625,238.7062530517578,1463.7235107421875,704.0564575195312,1487.9810791015625,3772.9921875,897.4254760742188,238.42333984375,45908.30078125,21840.05078125
2024-02-15,1069.63330078125,1566.3101806640625,650.5950317382812,78.02999877929688,829.994384765625,1227.548828125,2002.0999755859373,2272.614990234375,1502.5880126953125,677.0007934570312,2236.92333984375,991.8923950195312,1544.828857421875,83.04309844970703,351.98004150390625,1720.1904296875,10760.76953125,246.2088165283203,1453.076904296875,721.387939453125,1477.704833984375,3775.8447265625,899.624267578125,240.27696228027344,46218.8984375,21910.75
2024-02-16,1066.1915283203125,1572.79736328125,650.5753173828125,79.19000244140625,841.5950927734375,1240.2117919921875,2011.5,2291.822021484375,1507.0166015625,679.8015747070312,2260.140625,998.3316650390624,1568.1439208984375,83.00959777832031,352.5900573730469,1788.8985595703125,11042.2998046875,247.47003173828125,1443.17138671875,714.7583618164062,1477.7537841796875,3798.94189453125,917.2639770507812,251.6304473876953,46384.8515625,22040.69921875
2024-02-19,1060.405517578125,1616.9603271484375,659.7749633789062,79.19000244140625,827.2646484375,1259.8443603515625,2011.5,2269.181396484375,1514.06640625,678.4609985351562,2271.4638671875,1018.3323974609376,1566.39306640625,83.01599884033203,356.6423034667969,1801.568115234375,11142.1904296875,247.42498779296875,1456.4364013671875,719.0675048828125,1497.47412109375,3776.396240234375,911.4003295898438,248.3634185791016,46535.5,22122.25
2024-02-20,1085.994140625,1599.6943359375,664.767822265625,78.18000030517578,842.1801147460938,1251.7655029296875,2027.5,2288.3388671875,1503.0404052734375,696.2711181640625,2287.5927734375,1023.210693359375,1553.0306396484375,83.02100372314453,353.897216796875,1806.53857421875,11106.388671875,249.18167114257807,1453.4970703125,719.87255859375,1505.8907470703125,3709.082763671875,905.2923583984376,246.50979614257807,47094.19921875,22196.94921875
2024-02-21,1081.604736328125,1583.8255615234375,657.4161376953125,77.91000366210938,864.5530395507812,1246.4942626953125,2022.300048828125,2332.07763671875,1478.864013671875,689.017822265625,2290.447265625,1026.332763671875,1525.6610107421875,82.8291015625,351.500732421875,1812.385986328125,11125.2109375,245.8935089111328,1450.2115478515625,730.6693115234375,1510.49072265625,3673.056396484375,900.1129150390625,241.620849609375,47019.69921875,22055.05078125
2024-02-22,1098.2646484375,1589.41455078125,656.0548095703125,78.61000061035156,869.8172607421875,1249.39990234375,2019.699951171875,2375.91552734375,1524.1436767578125,679.6339721679688,2272.3681640625,1036.8209228515625,1549.4366455078125,82.93840026855469,361.1738586425781,1861.7974853515625,11311.4580078125,247.47003173828125,1464.093994140625,725.3656616210938,1524.8282470703125,3761.029052734375,911.1071166992188,246.0927276611328,46919.80078125,22217.44921875
2024-02-23,1094.174560546875,1613.3673095703125,658.3055419921875,76.48999786376953,876.6412353515625,1264.75244140625,2038.5999755859373,2456.973876953125,1505.4803466796875,680.13671875,2278.077392578125,1035.4549560546875,1545.289794921875,82.87229919433594,358.51593017578125,1880.8990478515625,11192.888671875,245.2178649902344,1475.82763671875,718.8781127929688,1527.9600830078125,3728.8212890625,916.09130859375,248.4561309814453,46811.75,22212.69921875
2024-02-26,1082.6021728515625,1611.121826171875,652.9391479492188,77.58000183105469,880.1995239257812,1264.4775390625,2028.5,2450.75390625,1491.065185546875,680.9506225585938,2287.735595703125,1028.5279541015625,1529.9000244140625,82.88179779052734,356.5987243652344,1880.7530517578125,11126.3271484375,243.10081481933597,1469.6026611328125,718.736083984375,1523.751708984375,3681.843994140625,915.6515502929688,246.95005798339844,46576.5,22122.05078125
2024-02-27,1076.467041015625,1597.44873046875,644.3883056640625,78.87000274658203,893.360107421875,1266.215087890625,2034.0,2481.057373046875,1499.1990966796875,679.9212646484375,2288.734130859375,1034.3818359375,1533.0792236328125,82.85199737548828,358.29803466796875,1901.0244140625,11158.9775390625,242.6503753662109,1467.9476318359375,710.1649780273438,1549.00146484375,3776.948974609375,940.816162109375,246.27810668945312,46588.05078125,22198.349609375
2024-02-28,1071.6285400390625,1581.3804931640625,638.73193359375,78.54000091552734,876.3975830078125,1261.984130859375,2033.0,2342.228515625,1492.9630126953125,674.7744750976562,2304.197021484375,1020.7227783203124,1540.129150390625,82.94819641113281,355.8143920898437,1853.318603515625,10821.4609375,239.40724182128903,1438.2803955078125,703.2040405273438,1540.291259765625,3790.338134765625,936.2718505859376,239.90625,45963.1484375,21951.150390625
2024-02-29,1072.5263671875,1590.6622314453125,638.4026489257812,78.26000213623047,878.542236328125,1261.23828125,2045.699951171875,2386.514404296875,1503.76318359375,671.9019165039062,2295.395263671875,1026.5765380859375,1542.5712890625,82.91190338134766,354.0715026855469,1883.287109375,10952.984375,238.3712310791016,1443.393798828125,708.5076904296875,1544.3038330078125,3768.390625,928.600341796875,240.3232879638672,46120.8984375,21982.80078125
2024-03-01,1096.61865234375,1610.2236328125,645.8822631835938,79.97000122070312,887.0235595703125,1215.946044921875,2086.89990234375,2416.3701171875,1485.9134521484375,684.9961547851562,2292.92138671875,1060.431640625,1524.87744140625,82.910400390625,356.8601379394531,1922.8062744140625,11275.703125,243.7314300537109,1474.345458984375,728.443603515625,1526.0025634765625,3767.70068359375,955.1820068359376,240.5550079345703,47286.8984375,22338.75
2024-03-04,1104.1005859375,1616.1119384765625,648.9290771484375,78.73999786376953,908.3729248046876,1243.73583984375,2117.699951171875,2480.062255859375,1480.355224609375,685.9297485351562,2304.625,1065.7489013671875,1508.75048828125,82.84609985351562,356.51153564453125,1872.2254638671875,11249.69921875,251.52398681640625,1489.4384765625,731.1900634765625,1519.0050048828125,3755.1396484375,964.7592163085938,241.2037811279297,47456.1015625,22405.599609375
2024-03-05,1098.1650390625,1547.447509765625,621.5858764648438,78.1500015258789,908.6165771484376,1237.49267578125,2133.5,2473.89208984375,1463.544677734375,689.8316650390625,2283.548583984375,1061.5537109375,1480.4591064453125,82.9104995727539,353.9407653808594,1889.9630126953125,11323.8779296875,255.6229705810547,1482.32421875,742.4603881835938,1540.6336669921875,3692.012451171875,998.67041015625,237.86724853515625,47581.0,22356.30078125
2024-03-06,1122.3070068359375,1551.5391845703125,620.3081665039062,79.12999725341797,899.501708984375,1239.720947265625,2150.300048828125,2448.564208984375,1486.0037841796875,690.6694946289062,2284.452880859375,1070.38330078125,1490.6422119140625,82.88480377197266,355.4222412109375,1920.5648193359373,11223.404296875,252.4698944091797,1485.0909423828125,742.4130249023438,1569.79833984375,3740.0478515625,994.51708984375,237.79774475097656,47965.3984375,22474.05078125
2024-03-07,1108.7894287109375,1579.683837890625,631.0999755859375,78.93000030517578,897.1619873046875,1241.5860595703125,2158.0,2453.590087890625,1480.0841064453125,692.34521484375,2302.2939453125,1061.4560546875,1489.6285400390625,82.81909942626953,360.3894958496094,1849.3228759765625,11168.0986328125,250.5330047607422,1461.3028564453125,746.3433837890625,1571.4620361328125,3780.81396484375,1015.6748657226562,238.88673400878903,47835.80078125,22493.55078125
2024-03-11,1102.4547119140625,1595.65234375,632.3482666015625,77.93000030517578,888.339599609375,1254.013427734375,2182.5,2409.503173828125,1480.9879150390625,683.5838623046875,2274.033203125,1052.4312744140625,1475.0220947265625,82.7520980834961,356.77301025390625,1846.2039794921875,11057.0,246.8394012451172,1449.12451171875,732.7528076171875,1559.6202392578125,3793.466796875,1004.6317749023438,238.44650268554688,47327.8515625,22332.650390625
2024-03-12,1094.3740234375,1590.41259765625,632.5742797851562,77.55999755859375,842.66748046875,1237.2669677734375,2160.39990234375,2308.04345703125,1478.231201171875,698.7847290039062,2262.900390625,1050.6263427734375,1486.403076171875,82.7782974243164,352.4593200683594,1846.9837646484373,11167.953125,243.5962677001953,1457.8446044921875,719.4937744140625,1550.5185546875,3857.790771484375,993.3931884765624,236.7319183349609,47282.3984375,22335.69921875
2024-03-13,1077.8138427734375,1570.0528564453125,634.5498657226562,79.72000122070312,809.278564453125,1237.5908203125,2175.39990234375,2194.641845703125,1474.5257568359375,699.191650390625,2200.52685546875,1057.5533447265625,1484.9747314453125,82.83509826660156,368.1454772949219,1806.587158203125,11051.7607421875,230.03814697265625,1415.10986328125,707.70263671875,1525.366455078125,3817.990478515625,951.0774536132812,233.74290466308597,46981.30078125,21997.69921875
2024-03-14,1055.716796875,1560.621337890625,628.7804565429688,81.26000213623047,819.5146484375,1235.78466796875,2163.0,2158.566162109375,1517.681396484375,696.8217163085938,2221.460693359375,1057.2119140625,1523.5875244140625,82.83110046386719,365.7053833007813,1842.500732421875,11065.78125,237.1550445556641,1414.418212890625,701.8307495117188,1536.71923828125,3871.915771484375,945.7513427734376,240.0220947265625,46789.94921875,22146.650390625
2024-03-15,1043.8951416015625,1568.3560791015625,640.2700805664062,81.04000091552734,802.99072265625,1233.8802490234375,2157.300048828125,2207.5791015625,1488.8057861328125,695.481201171875,2214.895263671875,1054.0411376953125,1505.801513671875,82.9655990600586,365.2261047363281,1753.7647705078125,11135.69140625,233.10110473632807,1401.3260498046875,693.1650390625,1515.1881103515625,3882.635986328125,924.3491821289062,239.5818634033203,46594.1015625,22023.349609375
2024-03-18,1058.809326171875,1573.9451904296875,639.3167724609375,82.72000122070312,815.2252197265625,1244.9039306640625,2160.699951171875,2152.545166015625,1485.2808837890625,692.3213500976562,2188.48974609375,1054.8704833984375,1476.911376953125,82.88890075683594,363.7882080078125,1808.87744140625,11290.59765625,235.6685943603516,1422.32275390625,692.2653198242188,1537.7467041015625,3821.211181640625,950.3445434570312,236.43069458007807,46575.8984375,22055.69921875
2024-03-19,1048.28466796875,1578.3863525390625,648.3197631835938,83.47000122070312,802.3570556640625,1204.431640625,2156.300048828125,2125.277099609375,1445.2882080078125,693.9012451171875,2157.089111328125,1057.5533447265625,1438.943603515625,82.86360168457031,356.9037475585937,1797.0362548828125,11252.5126953125,233.5515289306641,1408.267333984375,685.4937133789062,1515.432861328125,3659.98876953125,935.9786987304688,229.3173828125,46384.80078125,21817.44921875
2024-03-20,1032.2730712890625,1581.5799560546875,653.553466796875,81.68000030517578,805.1842041015625,1198.227783203125,2157.89990234375,2129.60595703125,1434.3978271484375,685.1397705078125,2133.30078125,1058.090087890625,1432.95361328125,83.04239654541016,362.26318359375,1797.5235595703125,11586.3916015625,237.695556640625,1426.5467529296875,697.2847900390625,1516.3138427734375,3654.099365234375,919.0719604492188,228.69178771972656,46310.8984375,21839.099609375
2024-03-21,1033.1209716796875,1599.44482421875,660.06494140625,81.06999969482422,836.135986328125,1203.1162109375,2182.39990234375,2212.853759765625,1442.2607421875,692.1776733398438,2133.681396484375,1055.4559326171875,1432.72314453125,83.05460357666016,367.0997314453125,1818.4283447265625,11554.3720703125,236.88479614257807,1433.685791015625,704.9087524414062,1531.82568359375,3655.986083984375,942.9661254882812,231.9124755859375,46684.8984375,22011.94921875
2024-03-22,1030.8265380859375,1584.4244384765625,664.5025024414062,80.62999725341797,844.1297607421875,1217.840576171875,2158.10009765625,2235.6435546875,1407.9620361328125,690.7891845703125,2147.193115234375,1063.7489013671875,1390.4705810546875,83.22660064697266,373.5048828125,1831.04931640625,11971.16015625,237.1550445556641,1437.6875,707.1817626953125,1574.5938720703125,3598.88623046875,957.5274047851562,225.72596740722656,46863.75,22096.75
2024-03-26,1038.05908203125,1590.761962890625,679.166748046875,81.62000274658203,851.4412231445312,1204.4217529296875,2175.60009765625,2261.568359375,1411.9385986328125,682.4347534179688,2131.4453125,1057.3094482421875,1375.54150390625,83.41739654541016,372.6770324707031,1816.57666015625,11886.5986328125,239.1820068359375,1424.3978271484375,700.8836669921875,1564.0242919921875,3568.15087890625,963.781982421875,222.3662567138672,46600.19921875,22004.69921875
2024-03-27,1050.3297119140625,1579.5341796875,690.23876953125,81.3499984741211,858.3626708984375,1186.605224609375,2190.60009765625,2266.046630859375,1397.4329833984375,689.7598876953125,2131.15966796875,1057.3583984375,1367.4320068359375,83.34549713134766,372.9820556640625,1833.3394775390625,12138.6806640625,235.80372619628903,1475.0618896484375,694.4909057617188,1569.9453125,3534.470947265625,956.403564453125,218.8675079345703,46785.94921875,22123.650390625
2024-03-28,1044.693115234375,1640.613525390625,712.107421875,83.16999816894531,874.4478149414062,1208.947021484375,2217.39990234375,2289.03564453125,1395.0379638671875,693.20703125,2154.615234375,1066.67578125,1380.5177001953125,83.36499786376953,373.2870788574219,1872.517822265625,12226.0068359375,241.47921752929688,1468.145263671875,712.53271484375,1585.99560546875,3567.046630859375,970.23193359375,222.4821014404297,47124.6015625,22326.900390625
2024-04-01,1050.5791015625,1642.7593994140625,712.6676635742188,83.70999908447266,924.4093017578124,1227.0972900390625,2236.5,2378.204345703125,1406.9227294921875,704.0271606445312,2175.12060546875,1072.8712158203125,1378.1217041015625,83.36479949951172,371.8491821289063,1867.2550048828125,12196.169921875,243.1458282470703,1467.0831298828125,718.1677856445312,1594.5098876953125,3604.26953125,969.6944580078124,224.72964477539065,47578.25,22462.0
2024-04-02,1044.693115234375,1653.2886962890625,708.3872680664062,85.1500015258789,911.34619140625,1224.5843505859375,2261.0,2485.734619140625,1381.255126953125,708.647216796875,2175.88232421875,1054.8704833984375,1366.510498046875,83.40969848632812,371.1083984375,1921.831787109375,12179.5302734375,245.48812866210935,1469.2320556640625,725.8391723632812,1587.6593017578125,3573.9482421875,981.8125610351562,222.9918670654297,47545.44921875,22453.30078125
2024-04-03,1060.704833984375,1637.1204833984375,718.397705078125,85.43000030517578,881.8080444335938,1202.3702392578125,2294.39990234375,2390.196533203125,1388.07861328125,709.6766357421875,2155.423828125,1050.9677734375,1364.4830322265625,83.35030364990234,370.54193115234375,1938.7408447265625,12058.630859375,248.0556182861328,1454.0650634765625,730.2430419921875,1585.3104248046875,3632.382568359375,986.2103271484376,223.91867065429688,47624.25,22434.650390625
2024-04-04,1060.405517578125,1652.5401611328125,715.8570556640625,86.58999633789062,865.869140625,1205.923583984375,2288.800048828125,2398.0087890625,1391.51318359375,731.3648071289062,2155.18603515625,1052.5777587890625,1370.0582275390625,83.37329864501953,368.4068908691406,1951.8001708984373,12193.890625,242.3350524902344,1445.4935302734375,719.1149291992188,1584.821044921875,3683.91455078125,988.6044921875,225.864990234375,48060.80078125,22514.650390625
2024-04-05,1056.564697265625,1674.6463623046875,705.2666625976562,86.91000366210938,883.0752563476562,1213.1485595703125,2325.699951171875,2488.322265625,1396.57421875,741.8737182617188,2157.089111328125,1057.0169677734375,1363.0545654296875,83.47779846191406,372.58990478515625,1962.130859375,12052.5673828125,241.38916015625,1442.7020263671875,724.2764892578125,1574.69189453125,3661.782958984375,984.2068481445312,224.7759704589844,48493.05078125,22513.69921875
2024-04-08,1073.4742431640625,1685.824462890625,705.5517578125,86.43000030517578,895.1636352539062,1212.2159423828125,2331.699951171875,2576.147705078125,1391.874755859375,740.4613647460938,2158.9921875,1060.675537109375,1360.8427734375,83.29679870605469,373.9406127929688,2025.283935546875,12482.890625,243.5962677001953,1468.2686767578125,727.6385498046875,1565.590087890625,3655.617919921875,990.168212890625,222.3894195556641,48581.69921875,22666.30078125
2024-04-09,1077.4146728515625,1707.0325927734375,707.0308837890625,85.2300033569336,887.754638671875,1210.9102783203125,2343.5,2691.490234375,1392.2813720703125,741.3949584960938,2154.4248046875,1080.0909423828125,1377.56884765625,83.26959991455078,371.5441284179688,2037.7584228515625,12505.111328125,242.2900238037109,1446.2098388671875,723.7555541992188,1568.37939453125,3631.692138671875,985.5750122070312,220.48944091796875,48730.55078125,22642.75
2024-04-10,1085.196044921875,1700.744873046875,710.6331787109375,86.20999908447266,888.2421264648438,1208.947021484375,2329.60009765625,2643.42236328125,1391.06103515625,735.5540161132812,2151.332275390625,1082.3836669921875,1388.5814208984375,83.22429656982422,380.7815551757813,2023.4322509765625,12305.9580078125,245.0376739501953,1461.945068359375,737.8196411132812,1569.8475341796875,3666.75244140625,990.4613647460938,221.1845550537109,48986.6015625,22753.80078125
2024-04-12,1070.8804931640625,1695.3056640625,710.5643310546875,85.66000366210938,885.7561645507812,1194.4093017578125,2356.199951171875,2658.64892578125,1375.109375,727.223388671875,2124.118408203125,1077.5054931640625,1368.26123046875,83.34929656982422,374.8121032714844,2018.3155517578125,11902.123046875,239.3621826171875,1449.6680908203125,725.7444458007812,1507.1630859375,3682.166259765625,995.3477172851562,218.1492462158203,48564.55078125,22519.400390625
2024-04-15,1055.41748046875,1653.5880126953125,695.4970703125,85.41000366210938,862.7495727539062,1180.07763671875,2365.800048828125,2639.541259765625,1360.2421875,715.61328125,2087.721923828125,1052.08984375,1352.9637451171875,83.61109924316406,371.1519775390625,2001.2603759765625,12053.779296875,252.1095428466797,1447.3707275390625,717.4102172851562,1507.2120361328125,3626.768798828125,976.0955810546876,212.8664093017578,47773.25,22272.5
2024-04-16,1049.3819580078125,1615.3133544921875,683.5061645507812,85.36000061035156,853.5858764648438,1187.832275390625,2390.800048828125,2594.359619140625,1335.1622314453125,722.5794067382812,2113.175537109375,1041.065185546875,1303.476806640625,83.50599670410156,371.1519775390625,1979.67333984375,12131.2578125,255.08241271972656,1448.2847900390625,711.9171752929688,1504.765380859375,3563.825927734375,970.23193359375,207.76890563964844,47484.80078125,22147.900390625
2024-04-18,1021.5487670898438,1590.761962890625,677.5057983398438,82.7300033569336,834.5274047851562,1169.5350341796875,2382.300048828125,2525.39306640625,1325.717529296875,715.61328125,2107.46630859375,1029.7474365234375,1307.9000244140625,83.5958023071289,365.00823974609375,1973.4847412109373,12036.4609375,246.97454833984372,1446.8765869140625,705.3822631835938,1484.06640625,3553.887451171875,949.2694702148438,205.9152984619141,47069.44921875,21995.849609375
2024-04-19,1026.636474609375,1615.8125,699.7479248046875,83.13999938964844,834.137451171875,1166.7275390625,2398.39990234375,2488.869384765625,1308.229248046875,733.13623046875,2123.4521484375,1041.2601318359375,1300.52783203125,83.54499816894531,370.14984130859375,2029.961669921875,12333.3212890625,247.9654998779297,1452.607666015625,710.7332763671875,1490.329833984375,3520.94384765625,941.3047485351562,209.8079071044922,47574.1484375,22147.0
2024-04-22,1051.4271240234375,1626.241943359375,716.7219848632812,82.8499984741211,843.3986206054688,1181.1083984375,2332.199951171875,2491.208251953125,1324.85888671875,723.99169921875,2132.872314453125,1060.187744140625,1320.3409423828125,83.38529968261719,370.629150390625,2037.514892578125,12405.65625,249.36184692382807,1462.2166748046875,725.5549926757812,1507.2608642578125,3556.2802734375,951.4194946289062,214.09442138671875,47924.8984375,22336.400390625
2024-04-23,1053.22265625,1617.9083251953125,713.54736328125,83.36000061035156,862.9932861328125,1168.54345703125,2327.699951171875,2523.601806640625,1343.612548828125,721.7893676757812,2153.092529296875,1063.7000732421875,1329.23388671875,83.38619995117188,374.0278015136719,2010.1781005859373,12610.14453125,249.36184692382807,1441.9364013671875,732.0899047851562,1452.9932861328125,3565.574462890625,964.3194580078124,214.14077758789065,47970.44921875,22368.0
2024-04-24,1060.704833984375,1627.14013671875,720.3535766601562,82.80999755859375,871.0358276367188,1168.2884521484375,2324.5,2539.076904296875,1336.9244384765625,723.7523803710938,2150.714111328125,1070.041748046875,1318.498046875,83.2833023071289,373.766357421875,2006.1334228515625,12559.4951171875,251.6591033935547,1432.8953857421875,732.1845703125,1454.06982421875,3525.406982421875,969.108154296875,213.1212615966797,48189.0,22402.400390625
2024-04-25,1124.30224609375,1652.2906494140625,716.9873657226562,83.56999969482422,871.3283081054688,1220.8934326171875,2329.800048828125,2558.980712890625,1359.4288330078125,723.2975463867188,2122.739013671875,1086.627685546875,1325.59375,83.3405990600586,381.3044128417969,2043.557373046875,12538.5859375,254.0013885498047,1442.5784912109375,769.6888427734375,1487.736328125,3544.869384765625,978.4898681640624,213.6310272216797,48494.94921875,22570.349609375
2024-04-26,1127.5943603515625,1594.2052001953125,661.58349609375,83.8499984741211,885.1712646484375,1227.44091796875,2334.800048828125,2622.12548828125,1332.0440673828125,722.8427124023438,2114.93603515625,1080.9202880859375,1318.037109375,83.30180358886719,383.439453125,1992.9278564453125,12325.9462890625,254.85716247558597,1435.2421875,758.89208984375,1474.4263916015625,3516.480712890625,976.7796020507812,215.2993011474609,48201.05078125,22419.94921875
2024-04-29,1156.4749755859375,1592.508544921875,670.9598999023438,82.62999725341797,863.8218383789062,1236.275390625,2345.39990234375,2615.358154296875,1253.9117431640625,732.2744750976562,2118.21875,1131.89794921875,1322.1842041015625,83.40229797363281,381.870849609375,2009.641845703125,12312.84765625,255.12745666503903,1447.568359375,782.7584838867188,1489.155517578125,3561.43359375,977.8546142578124,214.5346527099609,49424.05078125,22643.400390625
2024-04-30,1163.109130859375,1611.8203125,680.4887084960938,81.93000030517578,869.4273071289062,1218.0565185546875,2291.39990234375,2634.864013671875,1235.1129150390625,727.7739868164062,2122.35791015625,1122.38525390625,1309.0982666015625,83.45110321044922,379.648681640625,2101.54541015625,12436.7060546875,254.8121795654297,1449.519775390625,782.5216674804688,1470.0711669921875,3515.836181640625,984.9887084960938,214.27978515625,49396.75,22604.849609375
2024-05-02,1147.0975341796875,1612.26953125,676.4737548828125,78.94999694824219,873.91162109375,1234.390625,2299.199951171875,2520.5166015625,1229.78076171875,733.5910034179688,2118.408935546875,1111.7017822265625,1303.476806640625,83.40640258789062,382.5680236816406,2129.613037109375,12424.916015625,254.76710510253903,1449.0753173828125,786.1205444335938,1486.6109619140625,3555.084228515625,1004.4363403320312,211.96273803710935,49231.05078125,22648.19921875
2024-05-03,1138.7674560546875,1624.09619140625,681.270263671875,78.11000061035156,856.1205444335938,1246.57275390625,2299.0,2557.338623046875,1218.347900390625,727.5346069335938,2109.607421875,1114.2386474609375,1305.1817626953125,83.40630340576172,380.3457946777344,2137.263427734375,12121.021484375,257.739990234375,1416.9130859375,787.446533203125,1478.9283447265625,3536.771728515625,990.3637084960938,211.9395751953125,48923.55078125,22475.849609375
2024-05-06,1140.912353515625,1608.177490234375,674.2279663085938,78.4800033569336,864.7967529296875,1235.558837890625,2321.60009765625,2829.0751953125,1228.0634765625,728.994873046875,2146.85986328125,1118.3851318359375,1314.028564453125,83.37999725341797,378.8643493652344,2168.401611328125,12069.7412109375,254.1815490722656,1402.610595703125,765.048095703125,1496.5445556640625,3608.226806640625,993.0999755859376,212.54202270507807,48895.30078125,22442.69921875
2024-05-07,1125.00048828125,1611.97021484375,675.4761962890625,78.37999725341797,834.3812255859375,1228.5206298828125,2315.199951171875,2767.6220703125,1219.041748046875,721.09521484375,2264.08935546875,1104.3358154296875,1327.8975830078125,83.4728012084961,383.7444763183594,2135.8017578125,11996.7265625,246.4790802001953,1384.775634765625,759.4603881835938,1483.0386962890625,3661.507080078125,966.0785522460938,214.97491455078125,48285.3515625,22302.5
2024-05-08,1125.9482421875,1599.8939208984375,668.29150390625,78.98999786376953,831.066650390625,1189.0103759765625,2313.60009765625,2799.816650390625,1203.1964111328125,709.8441772460938,2227.598388671875,1095.652587890625,1315.318603515625,83.46990203857422,384.3109436035156,2126.93310546875,12170.89453125,249.40695190429688,1401.6473388671875,767.8893432617188,1489.30224609375,3659.666748046875,989.0932006835938,214.6505126953125,48021.1015625,22302.5
2024-05-09,1112.9793701171875,1561.51953125,649.1944580078125,79.26000213623047,815.85888671875,1153.8682861328125,2332.10009765625,2744.135498046875,1209.058349609375,693.0155029296875,2212.9443359375,1088.5302734375,1326.6075439453125,83.46430206298828,370.454833984375,2156.31689453125,12133.150390625,238.95677185058597,1377.5133056640625,776.4129638671875,1462.780029296875,3644.253173828125,1006.8795166015624,211.2676544189453,47487.8984375,21957.5
2024-05-10,1117.418701171875,1569.6036376953125,656.9590454101562,78.26000213623047,805.086669921875,1162.437744140625,2367.300048828125,2678.00537109375,1205.5316162109375,697.8200073242188,2248.056396484375,1089.847412109375,1313.10693359375,83.45939636230469,377.6443176269531,2137.3125,12298.923828125,243.46115112304688,1390.65478515625,774.0927124023438,1474.4263916015625,3583.24267578125,1022.8578491210938,209.39083862304688,47421.1015625,22055.19921875
2024-05-13,1129.290283203125,1577.438232421875,660.3597412109375,79.12000274658203,817.662353515625,1159.9935302734375,2336.10009765625,2753.29150390625,1202.50927734375,706.2400512695312,2246.248291015625,1100.53076171875,1311.7706298828125,83.5248031616211,376.337158203125,2128.736083984375,12297.3232421875,240.44325256347656,1385.986083984375,765.9951782226562,1492.5318603515625,3632.84228515625,937.9331665039062,209.4371795654297,47754.1015625,22104.05078125
2024-05-14,1120.1622314453125,1573.3463134765625,656.1285400390625,78.0199966430664,817.9547729492188,1152.1895751953125,2353.39990234375,2808.723388671875,1209.9742431640625,709.0062866210938,2235.733642578125,1093.2623291015625,1312.922607421875,83.50550079345703,374.4635314941406,2212.209228515625,12433.50390625,245.84848022460935,1403.15380859375,774.897705078125,1512.301025390625,3589.960205078125,942.7218627929688,211.4761657714844,47859.44921875,22217.849609375
2024-05-15,1125.3497314453125,1565.9609375,656.5511474609375,78.62999725341797,804.8917236328125,1153.4068603515625,2388.699951171875,2807.678466796875,1220.82763671875,698.1112060546875,2210.70849609375,1096.9696044921875,1308.545166015625,83.52420043945312,372.8077697753906,2243.78564453125,12387.9970703125,246.343994140625,1399.3994140625,776.8865356445312,1494.831787109375,3570.8193359375,925.7662353515624,212.37982177734372,47687.44921875,22200.55078125
2024-05-16,1136.5728759765625,1592.8577880859375,663.151123046875,79.2300033569336,820.3432006835938,1148.5772705078125,2380.0,2846.2421875,1234.7955322265625,708.6665649414062,2229.59619140625,1103.506591796875,1339.3248291015625,83.40509796142578,375.988525390625,2311.470458984375,12126.3583984375,250.12762451171875,1408.3660888671875,768.9784545898438,1503.5421142578125,3615.821044921875,915.1140747070312,215.2297821044922,47977.05078125,22403.849609375
2024-05-17,1138.6177978515625,1581.6300048828125,661.2098999023438,80.05999755859375,827.4109497070312,1138.5941162109375,2412.199951171875,2839.076904296875,1221.1025390625,710.5350341796875,2207.9013671875,1102.9698486328125,1330.9849853515625,83.47010040283203,380.2151184082031,2450.690185546875,12265.9345703125,249.94747924804688,1418.5928955078125,774.5662231445312,1498.7464599609375,3553.857421875,924.2025756835938,213.6310272216797,48115.6484375,22466.099609375
2024-05-21,1134.9267578125,1579.434326171875,662.7284545898438,79.26000213623047,830.530517578125,1134.7166748046875,2421.699951171875,2775.4345703125,1229.0711669921875,707.962890625,2198.71875,1093.65234375,1321.6312255859375,83.31500244140625,378.9078979492188,2458.535400390625,12102.7314453125,252.33477783203125,1419.0128173828125,786.6888427734375,1508.0927734375,3540.97314453125,929.67529296875,213.5846710205078,48048.19921875,22529.05078125
2024-05-22,1123.3046875,1580.8314208984375,662.8955688476562,77.56999969482422,826.0949096679688,1152.96533203125,2389.199951171875,2799.816650390625,1230.1241455078125,708.156982421875,2252.1953125,1084.0423583984375,1340.6611328125,83.31680297851562,383.3523864746094,2456.97607421875,12159.0556640625,250.44293212890625,1443.24560546875,788.422119140625,1506.47802734375,3551.91064453125,925.9617309570312,213.77003479003903,47781.94921875,22597.80078125
2024-05-23,1162.460693359375,1605.2833251953125,670.96484375,76.87000274658203,825.7537231445312,1157.8634033203125,2335.0,2801.209716796875,1239.7415771484375,724.3662109375,2267.03955078125,1106.8724365234375,1356.8802490234375,83.26709747314453,384.6159362792969,2542.8857421875,12550.6181640625,255.3527069091797,1468.3428955078125,801.277587890625,1463.220458984375,3608.869140625,940.4740600585938,215.85536193847656,48768.6015625,22967.650390625
2024-05-24,1171.1895751953125,1598.5465087890625,671.9722290039062,77.72000122070312,819.0271606445312,1151.5909423828125,2332.5,2723.833740234375,1232.093505859375,736.3047485351562,2254.2412109375,1104.384521484375,1350.15283203125,83.2863998413086,380.1279602050781,2514.184326171875,12614.220703125,255.17251586914065,1462.6119384765625,797.9072265625,1454.99951171875,3568.1318359375,938.7150268554688,214.85903930664065,48971.6484375,22957.099609375
2024-05-27,1184.1585693359375,1592.6583251953125,677.7318115234375,77.72000122070312,821.3180541992188,1152.955322265625,2332.5,2829.62255859375,1239.5123291015625,741.4004516601562,2268.9423828125,1102.2869873046875,1355.9124755859375,83.05220031738281,376.0321044921875,2484.313232421875,12522.671875,250.12762451171875,1448.77880859375,802.818359375,1434.7899169921875,3565.86083984375,936.7116088867188,209.6688995361328,49281.80078125,22932.44921875
2024-05-28,1180.5672607421875,1596.500732421875,675.5253295898438,79.83000183105469,799.3837890625,1171.1351318359375,2355.199951171875,2761.89990234375,1244.18359375,742.7592163085938,2279.837646484375,1099.5062255859375,1351.949951171875,83.14569854736328,373.853515625,2487.919189453125,12437.7724609375,247.10964965820312,1438.8485107421875,800.3628540039062,1433.66455078125,3559.23291015625,926.0105590820312,211.33714294433597,49142.1484375,22888.150390625
2024-05-29,1156.9737548828125,1566.80908203125,669.0039672851562,79.2300033569336,797.7265014648438,1178.0947265625,2340.300048828125,2745.081298828125,1239.329345703125,731.9855346679688,2258.38037109375,1075.1639404296875,1337.113037109375,83.20649719238281,375.5528259277344,2469.255859375,12408.7119140625,244.9025421142578,1423.607421875,792.1776733398438,1447.414794921875,3525.6328125,922.1503295898438,208.9042510986328,48501.3515625,22704.69921875
2024-05-30,1165.1541748046875,1521.099365234375,650.30517578125,77.91000366210938,781.885009765625,1153.1614990234375,2342.89990234375,2708.6572265625,1219.865966796875,735.1642456054688,2237.446533203125,1086.5789794921875,1315.456787109375,83.3656005859375,369.3655090332031,2430.12646484375,12223.7275390625,240.26304626464844,1407.8720703125,795.2590942382812,1427.988037109375,3463.020263671875,902.947021484375,202.48605346679688,48682.3515625,22488.650390625
2024-05-31,1159.3680419921875,1525.590576171875,658.2908935546875,76.98999786376953,795.1431274414062,1137.08251953125,2322.89990234375,2765.333251953125,1212.7674560546875,743.268798828125,2216.179443359375,1093.75,1322.4598388671875,83.3208999633789,371.6312561035156,2442.552490234375,12030.9287109375,238.14601135253903,1413.35595703125,799.5924072265625,1428.6732177734375,3402.632080078125,902.0185546875,203.06532287597656,48983.94921875,22530.69921875
2024-06-03,1220.97021484375,1572.6976318359375,679.7024536132812,74.22000122070312,847.2980346679688,1135.4039306640625,2346.60009765625,2950.48828125,1203.9290771484375,762.9964599609375,2241.728515625,1131.75146484375,1321.519775390625,83.45079803466797,375.0299682617188,2567.05517578125,12105.4970703125,255.9382781982422,1492.32861328125,872.1032104492188,1422.067138671875,3432.20068359375,928.8446655273438,205.7994384765625,50979.94921875,23263.900390625
2024-06-04,1128.5419921875,1474.3916015625,639.7984008789062,73.25,743.81689453125,1125.096923828125,2325.5,2571.52001953125,1193.9456787109375,719.7800903320312,2375.32470703125,1045.3577880859375,1310.0050048828125,83.09339904785156,368.496826171875,2507.508544921875,11814.3115234375,212.87649536132807,1380.625732421875,746.4852905273438,1399.36181640625,3443.46240234375,883.3528442382812,203.0421600341797,46928.6015625,21884.5
2024-06-05,1181.66455078125,1514.7119140625,671.9476928710938,74.06999969482422,776.035888671875,1143.4237060546875,2354.10009765625,2655.36474609375,1230.7196044921875,753.0962524414062,2476.61572265625,1081.6519775390625,1344.267333984375,83.62940216064453,381.8983459472656,2671.287109375,12131.1611328125,222.96627807617188,1403.8209228515625,760.4962768554688,1455.5869140625,3472.613525390625,908.8106079101562,209.2286376953125,49054.6015625,22620.349609375
2024-06-06,1168.1470947265625,1523.4447021484375,680.7099609375,75.55000305175781,808.3037719726562,1156.5382080078125,2370.300048828125,2782.947998046875,1279.99609375,756.9301147460938,2426.04150390625,1083.359375,1383.8875732421875,83.38079833984375,386.4246520996094,2631.23193359375,12296.9833984375,227.2904815673828,1414.5416259765625,786.6887817382812,1441.298095703125,3550.427490234375,916.9219360351562,213.6310272216797,49291.8984375,22821.400390625
2024-06-07,1183.959228515625,1564.613525390625,706.8146362304688,75.52999877929688,822.2442016601562,1189.982177734375,2305.199951171875,2859.72705078125,1311.13720703125,763.5545043945312,2452.874755859375,1094.384033203125,1441.555419921875,83.47309875488281,389.75286865234375,2784.826416015625,12430.3017578125,234.5875396728516,1452.4345703125,799.207275390625,1474.7198486328125,3609.33251953125,948.4387817382812,224.5442657470703,49803.19921875,23290.150390625
2024-06-10,1197.12744140625,1562.7174072265625,696.7354736328125,77.73999786376953,826.289794921875,1198.787353515625,2307.699951171875,2831.712158203125,1299.4593505859375,757.7067260742188,2441.028076171875,1096.43310546875,1409.73681640625,83.52760314941406,387.75592041015625,2736.194580078125,12339.7255859375,233.46142578125,1453.867431640625,800.9887084960938,1480.8365478515625,3576.658935546875,952.983154296875,220.2345733642578,49780.8984375,23259.19921875
2024-06-11,1191.7403564453125,1565.1624755859375,701.5760498046875,77.9000015258789,834.4786987304688,1185.6533203125,2307.5,2842.21142578125,1308.664306640625,759.4052734375,2432.46435546875,1090.9693603515625,1405.9771728515625,83.52980041503906,384.2946166992188,2763.483154296875,12481.4853515625,246.43402099609372,1439.3179931640625,804.5997924804688,1467.771484375,3570.541748046875,970.6337280273438,220.60531616210935,49705.75,23264.849609375
2024-06-12,1185.0565185546875,1575.9910888671875,709.404541015625,78.5,838.1343994140625,1189.7366943359375,2336.0,2914.114013671875,1317.7777099609375,763.9428100585938,2406.154296875,1092.2864990234375,1396.060302734375,83.5968017578125,383.67333984375,2716.702880859375,12467.609375,248.19076538085935,1445.888671875,808.0182495117188,1474.7198486328125,3551.5859375,972.20703125,220.99920654296875,49895.1015625,23322.94921875
2024-06-13,1171.838134765625,1586.969482421875,716.9921875,78.62000274658203,852.0748291015625,1196.76513671875,2300.199951171875,3016.170654296875,1322.723876953125,767.1458740234375,2366.85546875,1080.3836669921875,1404.2850341796875,83.5343017578125,381.8983459472656,2788.96826171875,12465.1826171875,249.1366729736328,1447.790771484375,812.6405639648438,1478.585693359375,3594.6875,969.404541015625,223.64064025878903,49846.69921875,23398.900390625
2024-06-14,1178.222900390625,1588.6162109375,721.5723876953125,78.44999694824219,856.5104370117188,1194.6842041015625,2331.39990234375,2984.075927734375,1310.7252197265625,774.9835205078125,2382.56494140625,1078.72509765625,1399.5382080078125,83.52210235595703,382.6527099609375,2854.16796875,12463.5830078125,248.1006317138672,1459.9442138671875,808.1146240234375,1483.6748046875,3551.95703125,976.8286743164062,221.27723693847656,50002.0,23465.599609375
2024-06-18,1189.0467529296875,1594.803955078125,720.8990478515625,81.56999969482422,856.7054443359375,1176.2296142578125,2330.39990234375,3074.041015625,1316.358154296875,780.2733154296875,2388.81005859375,1095.506103515625,1408.2799072265625,83.51010131835938,380.5226745605469,2886.62158203125,12187.77734375,248.4610290527344,1463.3778076171875,813.603515625,1488.519287109375,3536.245849609375,969.4537963867188,227.9271545410156,50440.8984375,23557.900390625
2024-06-19,1223.7137451171875,1591.760009765625,710.9967651367188,81.56999969482422,838.18310546875,1169.3485107421875,2330.39990234375,2986.36474609375,1324.28076171875,804.5628662109375,2360.70654296875,1116.580078125,1420.640869140625,83.37409973144531,375.996337890625,2859.28466796875,11878.400390625,244.63226318359372,1441.2694091796875,821.0181884765625,1471.9306640625,3523.825439453125,961.0463256835938,229.7344512939453,51398.05078125,23516.0
2024-06-20,1236.532958984375,1582.87744140625,708.3578491210938,82.16999816894531,852.5135498046875,1172.21484375,2353.800048828125,2996.11767578125,1322.0823974609375,810.143798828125,2384.9189453125,1128.62939453125,1424.44775390625,83.41950225830078,375.6857299804688,2798.226806640625,11788.55078125,244.9025421142578,1456.14013671875,812.4960327148438,1439.6343994140625,3510.431640625,961.931396484375,227.2552032470703,51783.25,23567.0
2024-06-21,1234.48779296875,1576.78564453125,704.7177124023438,80.7300033569336,834.576171875,1180.1954345703125,2316.39990234375,2992.83349609375,1326.112548828125,808.3967895507812,2345.621826171875,1130.434326171875,1440.709228515625,83.60160064697266,372.4018859863281,2767.771240234375,11839.0068359375,242.92063903808597,1436.872314453125,805.322021484375,1435.9642333984375,3532.2138671875,945.7557373046876,227.32472229003903,51661.44921875,23501.099609375
2024-06-24,1225.1602783203125,1585.52392578125,699.541748046875,81.62999725341797,819.3196411132812,1188.7353515625,2330.0,3096.283447265625,1319.7010498046875,811.6240234375,2346.486572265625,1141.60546875,1435.4925537109375,83.5625,375.6857299804688,2841.693359375,11821.443359375,243.1458282470703,1424.2989501953125,801.8554077148438,1462.6331787109375,3537.82177734375,942.068359375,227.32472229003903,51703.94921875,23537.849609375
2024-06-25,1268.406494140625,1601.202880859375,698.8107299804688,80.83000183105469,803.9168090820312,1193.33935546875,2316.60009765625,3062.397216796875,1326.203857421875,830.5266723632812,2336.87841796875,1168.7772216796875,1449.4041748046875,83.46040344238281,375.6857299804688,2835.455810546875,11756.6279296875,240.53330993652344,1436.822998046875,811.0516357421875,1473.1051025390625,3557.889404296875,939.0692138671876,230.2441864013672,52606.0,23721.30078125
2024-06-26,1282.3231201171875,1598.1070556640625,707.08349609375,80.9000015258789,804.9404907226562,1191.7000732421875,2299.199951171875,3051.798583984375,1322.3114013671875,825.7463989257812,2349.753662109375,1188.3389892578125,1448.229248046875,83.41459655761719,376.2625427246094,2779.027587890625,11835.8525390625,241.2089691162109,1495.9844970703125,814.0367431640625,1488.7149658203125,3574.017333984375,935.9717407226562,229.4795684814453,52870.5,23868.80078125
2024-06-27,1285.864501953125,1600.9532470703125,707.9281005859375,81.73999786376953,796.2154541015625,1224.260498046875,2324.5,3095.686279296875,1332.56982421875,823.1500244140625,2365.65478515625,1190.19287109375,1478.9195556640625,83.58039855957031,377.72698974609375,2815.52587890625,11816.931640625,240.98374938964844,1512.3126220703125,812.73681640625,1483.9195556640625,3646.59375,955.8839721679688,236.708740234375,52811.30078125,24044.5
2024-06-28,1262.2213134765625,1586.023193359375,702.87060546875,81.54000091552734,804.0143432617188,1256.938720703125,2327.699951171875,3192.468505859375,1336.8746337890625,817.1565551757812,2376.12744140625,1170.3870849609375,1472.7156982421875,83.45089721679688,377.1057434082031,2793.79248046875,11676.3359375,247.0196228027344,1546.7474365234375,817.5034790039062,1488.42138671875,3618.787109375,973.2395629882812,238.5855255126953,52342.25,24010.599609375
2024-07-01,1258.8792724609375,1578.0838623046875,718.7938232421875,83.37999725341797,804.6480102539062,1247.387451171875,2327.60009765625,3146.44091796875,1345.3466796875,827.5419921875,2406.92138671875,1182.3388671875,1495.3223876953125,83.36750030517578,380.7889404296875,2802.759033203125,11748.9150390625,245.8935089111328,1541.5599365234375,810.7627563476562,1487.687255859375,3687.4248046875,985.3343505859376,244.3780975341797,52574.75,24141.94921875
2024-07-02,1250.399658203125,1577.634521484375,707.8145141601562,82.80999755859375,809.5222778320312,1250.6365966796875,2323.0,3285.22021484375,1356.2921142578125,839.8687744140625,2387.753173828125,1161.6063232421875,1523.7568359375,83.44129943847656,377.6382446289063,2792.330322265625,11684.826171875,247.60519409179688,1546.525146484375,795.5480346679688,1491.55322265625,3723.759521484375,964.9304809570312,249.40611267089844,52168.1015625,24123.849609375
2024-07-03,1276.93603515625,1592.0152587890625,717.020751953125,83.87999725341797,820.0020141601562,1261.5621337890625,2359.800048828125,3314.6279296875,1356.4752197265625,858.3346557617188,2411.9658203125,1172.33837890625,1529.7255859375,83.4791030883789,380.1232604980469,2804.80517578125,11763.4697265625,247.47003173828125,1533.927001953125,808.8368530273438,1501.2420654296875,3675.42138671875,959.374755859375,249.77682495117188,53089.25,24286.5
2024-07-04,1277.8338623046875,1583.576416015625,702.031005859375,83.87999725341797,817.51611328125,1272.0557861328125,2359.800048828125,3290.345458984375,1394.3485107421875,838.1945190429688,2398.1298828125,1202.9737548828125,1551.580322265625,83.49120330810547,380.7889404296875,2829.023681640625,11730.4306640625,249.58706665039065,1535.5079345703125,808.2108764648438,1524.681396484375,3727.050048828125,981.548583984375,245.93055725097656,53103.69921875,24302.150390625
2024-07-05,1283.9691162109375,1577.4847412109375,705.088134765625,83.16000366210938,811.8619384765625,1280.0362548828125,2388.5,3265.91357421875,1391.646484375,799.8311157226562,2447.17919921875,1203.364013671875,1548.572265625,83.49340057373047,384.8714904785156,2827.94384765625,11744.4501953125,259.6318359375,1569.695556640625,827.9033813476562,1534.95751953125,3718.56884765625,977.0745239257812,247.96954345703125,52660.3515625,24323.849609375
2024-07-08,1284.76708984375,1567.997314453125,701.1616821289062,82.33000183105469,814.6890869140625,1282.8143310546875,2355.199951171875,3296.06787109375,1404.469482421875,793.6434936523438,2485.755859375,1204.973876953125,1561.919921875,83.47209930419922,393.7023010253906,2799.228759765625,11666.3916015625,269.49639892578125,1581.824462890625,824.5330200195312,1523.21337890625,3701.328369140625,985.8751831054688,250.7963409423828,52425.80078125,24320.55078125
2024-07-09,1286.3133544921875,1579.4820556640625,698.1785888671875,81.41000366210938,817.4674072265625,1292.375244140625,2360.10009765625,3253.175048828125,1402.36279296875,794.2015380859375,2488.63818359375,1217.8524169921875,1557.690185546875,83.45760345458984,401.6899108886719,2872.02294921875,12446.6025390625,267.96490478515625,1571.3260498046875,829.3959350585938,1551.594970703125,3694.19091796875,998.0191650390624,250.70364379882807,52568.80078125,24433.19921875
2024-07-10,1288.55810546875,1580.4307861328125,696.884521484375,82.0999984741211,815.6638793945312,1294.2796630859375,2372.199951171875,3297.95849609375,1382.9910888671875,789.1543579101562,2508.142578125,1212.92529296875,1549.3240966796875,83.49299621582031,400.6693420410156,2682.06005859375,12393.3330078125,268.59552001953125,1565.3480224609375,817.5515747070312,1564.4647216796875,3623.421875,988.726806640625,248.17808532714844,52189.30078125,24324.44921875
2024-07-11,1293.6458740234375,1585.7236328125,686.5473022460938,82.62000274658203,811.0333251953125,1294.71142578125,2415.0,3278.25390625,1384.777099609375,787.1162109375,2506.60546875,1208.2908935546875,1553.507080078125,83.49590301513672,407.0594482421875,2648.730712890625,12337.4443359375,274.5412902832031,1561.815673828125,824.9664306640625,1548.02294921875,3636.907958984375,1003.7715454101562,247.50613403320312,52270.6484375,24315.94921875
2024-07-12,1315.160888671875,1595.111083984375,691.8814086914062,82.20999908447266,801.041015625,1319.1932373046875,2414.0,3246.308349609375,1429.0159912109375,787.5043334960938,2519.47998046875,1202.876220703125,1609.0130615234375,83.51850128173828,407.4143981933594,2654.52294921875,12189.28125,276.65838623046875,1577.6990966796875,827.855224609375,1548.5628662109375,3878.135986328125,999.7891235351562,259.57794189453125,52278.8984375,24502.150390625
2024-07-15,1305.3267822265625,1600.0543212890625,697.7537841796875,81.91000366210938,812.349365234375,1333.976318359375,2422.89990234375,3285.5185546875,1437.6256103515625,787.2131958007812,2517.606689453125,1199.9979248046875,1604.59521484375,83.52030181884766,411.2751159667969,2681.127685546875,12268.3115234375,290.53179931640625,1578.1932373046875,848.7033081054688,1557.3006591796875,3864.463623046875,1007.360595703125,259.3693542480469,52455.8984375,24586.69921875
2024-07-16,1301.8824462890625,1607.3946533203125,697.2944946289062,80.76000213623047,822.53662109375,1312.509521484375,2462.39990234375,3365.1337890625,1437.579833984375,786.0726928710938,2583.0859375,1209.705810546875,1622.454833984375,83.58760070800781,413.1832885742188,2706.357666015625,12264.0419921875,290.6669311523437,1557.4681396484375,848.0773315429688,1550.5264892578125,3873.038330078125,1004.11572265625,259.3693542480469,52396.80078125,24613.0
2024-07-18,1307.2738037109375,1649.038818359375,702.3223266601562,82.81999969482422,823.65771484375,1316.7457275390625,2451.800048828125,3346.47412109375,1460.477783203125,783.6705322265625,2631.077880859375,1219.8525390625,1652.5343017578125,83.57209777832031,417.3545837402344,2767.91162109375,12268.408203125,298.81988525390625,1567.7689208984375,860.451416015625,1565.2039794921875,4000.116943359375,1007.4590454101562,265.6253967285156,52620.69921875,24800.849609375
2024-07-19,1290.2513427734375,1638.053466796875,684.7692260742188,80.12999725341797,795.874267578125,1310.5247802734375,2395.5,3230.136474609375,1460.477783203125,780.0307006835938,2620.124755859375,1218.24267578125,1685.3394775390625,83.67430114746094,421.1709289550781,2699.0439453125,12152.2158203125,287.9642944335937,1536.6195068359375,856.4069213867188,1540.0704345703125,3997.1904296875,973.4853515625,258.2108764648437,52265.6015625,24530.900390625
2024-07-22,1280.41748046875,1628.9656982421875,680.0228881835938,79.77999877929688,810.984619140625,1337.1658935546875,2392.0,3226.504150390625,1444.494873046875,797.1376953125,2628.099365234375,1210.92529296875,1702.1650390625,83.73030090332031,414.07080078125,2753.480224609375,12265.69140625,289.00030517578125,1482.793701171875,844.3218383789062,1558.4298095703125,3983.207763671875,986.416015625,234.3916778564453,52280.3984375,24509.25
2024-07-23,1261.1986083984375,1616.68212890625,664.499755859375,76.95999908447266,789.0015258789062,1355.7493896484375,2404.60009765625,3136.588623046875,1475.1826171875,785.4176025390625,2657.932861328125,1196.8759765625,1726.6517333984375,83.67130279541016,436.8355712890625,2769.77685546875,12253.853515625,283.0095520019531,1470.1707763671875,831.8997192382812,1572.420166015625,3997.143798828125,985.0885009765624,231.9587860107422,51778.30078125,24479.05078125
2024-07-24,1237.2376708984375,1577.1351318359375,652.651123046875,77.58999633789062,798.7988891601562,1346.89208984375,2413.300048828125,3109.618896484375,1461.66162109375,778.4534912109375,2610.564697265625,1193.2171630859375,1723.8787841796875,83.70680236816406,438.47747802734375,2754.216796875,12116.2666015625,287.87420654296875,1477.8778076171875,820.4404907226562,1589.9449462890625,4000.767333984375,1010.556396484375,231.75027465820312,51317.0,24413.5
2024-07-25,1173.9906005859375,1569.8448486328125,656.6614990234375,78.27999877929688,791.2924194335938,1353.4190673828125,2351.89990234375,3084.24169921875,1465.2608642578125,784.5440063476562,2601.1005859375,1168.728515625,1715.324951171875,83.74299621582031,434.8386840820313,2760.0087890625,12137.564453125,302.513427734375,1474.6171875,817.070068359375,1635.4505615234375,4015.864501953125,1072.751220703125,234.8782501220703,50888.75,24406.099609375
2024-07-26,1175.4381103515625,1584.325439453125,670.688232421875,77.16000366210938,808.8399047851562,1358.445068359375,2380.0,3113.6494140625,1509.33154296875,785.2962646484375,2604.800048828125,1177.8018798828125,1766.1309814453125,83.73760223388672,445.7107849121094,2835.01220703125,12287.474609375,298.7297668457031,1491.044189453125,830.50341796875,1683.017822265625,4076.578369140625,1099.6451416015625,243.19644165039065,51295.94921875,24834.849609375
2024-07-29,1168.1500244140625,1614.9844970703125,672.9305419921875,75.80999755859375,848.1266479492188,1350.822021484375,2377.300048828125,3114.794189453125,1506.562744140625,778.9387817382812,2605.32861328125,1183.1680908203125,1758.7991943359375,83.72779846191406,440.2525024414063,2879.385986328125,12372.71484375,299.90087890625,1501.9871826171875,839.3143920898438,1691.8536376953125,4070.307373046875,1105.25,243.0110626220703,51406.25,24836.099609375
2024-07-30,1168.10009765625,1640.4503173828125,674.0318603515625,74.7300033569336,857.7777709960938,1343.7322998046875,2405.0,3165.747802734375,1504.62451171875,784.0345458984375,2585.919921875,1179.9971923828125,1764.4859619140625,83.75050354003906,434.7943420410156,2868.685302734375,12491.1875,299.0000305175781,1495.119873046875,840.469970703125,1670.5982666015625,4055.67431640625,1142.4686279296875,241.6671905517578,51499.30078125,24857.30078125
2024-07-31,1164.206298828125,1649.438232421875,672.3872680664062,77.91000366210938,871.7489013671875,1333.1370849609375,2426.5,3204.0625,1516.02294921875,784.1315307617188,2599.611328125,1185.3145751953125,1756.1199951171875,83.73899841308594,439.6312561035156,2854.646728515625,12726.142578125,301.0720520019531,1487.4869384765625,840.0848388671875,1688.0247802734375,4074.2568359375,1137.3553466796875,241.8989105224609,51553.3984375,24951.150390625
2024-08-01,1170.3963623046875,1632.61083984375,668.9002075195312,76.30999755859375,856.79736328125,1360.28173828125,2435.0,3112.15673828125,1514.130859375,795.3178100585938,2609.123779296875,1180.6314697265625,1741.409423828125,83.7177963256836,438.1669006347656,2776.697998046875,12962.166015625,307.8736572265625,1497.2445068359375,830.696044921875,1683.9503173828125,4085.1728515625,1125.309814453125,241.6903381347656,51564.0,25010.900390625
2024-08-02,1158.9649658203125,1621.2760009765625,664.292236328125,73.5199966430664,827.9237060546875,1375.3302001953125,2425.699951171875,2987.111328125,1485.2889404296875,805.1937866210938,2587.02490234375,1167.4114990234375,1711.89404296875,83.743896484375,434.0842895507813,2699.387451171875,12464.9462890625,297.37847900390625,1481.4595947265625,816.4441528320312,1700.100830078125,3979.21240234375,1078.3563232421875,232.70025634765625,51350.1484375,24717.69921875
2024-08-05,1131.6593017578125,1565.6005859375,651.6187744140625,72.94000244140625,794.2949829101562,1345.2926025390625,2401.699951171875,2821.611083984375,1442.0029296875,784.1315307617188,2609.459716796875,1144.0445556640625,1646.7532958984375,83.73529815673828,431.3329772949219,2629.97998046875,11950.1923828125,279.49609375,1430.0792236328125,781.5850830078125,1689.006591796875,3860.29296875,999.494140625,224.7528076171875,50092.1015625,24055.599609375
2024-08-06,1124.2713623046875,1562.00537109375,645.8551025390625,73.19999694824219,804.6384887695312,1344.3741455078125,2389.10009765625,2912.521728515625,1460.784912109375,777.0703125,2642.271484375,1138.4346923828125,1646.0013427734375,84.00260162353516,431.5992736816406,2584.82080078125,11881.8759765625,275.7574462890625,1438.700439453125,768.15185546875,1676.43994140625,3875.2978515625,996.8391723632812,226.838134765625,49748.30078125,23992.55078125
2024-08-07,1134.9539794921875,1569.295654296875,655.614501953125,75.2300033569336,829.1002197265625,1367.865234375,2390.5,2963.4755859375,1471.7218017578125,787.8926391601562,2636.506591796875,1143.898193359375,1684.1175537109375,83.93489837646484,437.2349548339844,2631.84521484375,12117.3369140625,296.4775390625,1447.3707275390625,778.6962890625,1702.8497314453125,3902.472900390625,1008.1965942382812,230.49905395507807,50119.0,24297.5
2024-08-08,1136.3018798828125,1537.9876708984375,650.1864624023438,76.19000244140625,816.3056030273438,1370.2252197265625,2422.199951171875,2862.712646484375,1437.8035888671875,797.21044921875,2626.08154296875,1136.239501953125,1638.5284423828125,83.94239807128906,439.0987548828125,2633.90673828125,11967.8232421875,290.7120361328125,1431.85791015625,778.1184692382812,1705.40234375,3876.5517578125,1024.3720703125,225.81863403320312,50156.69921875,24117.0
2024-08-09,1140.894287109375,1558.110595703125,653.7425537109375,76.83999633789062,814.638916015625,1385.0762939453125,2432.10009765625,2911.6259765625,1467.4300537109375,800.8502807617188,2639.533203125,1143.069091796875,1664.471923828125,83.98899841308594,440.1194152832031,2698.896484375,11973.0634765625,299.5856018066406,1456.73291015625,793.7665405273438,1703.684326171875,3928.76513671875,1050.282470703125,227.6722717285156,50484.5,24367.5
2024-08-12,1162.409423828125,1556.912353515625,652.7498168945312,80.05999755859375,819.099853515625,1360.0052490234375,2462.39990234375,2925.409423828125,1463.0921630859375,805.6547241210938,2640.974365234375,1154.09033203125,1689.5225830078125,83.94979858398438,438.9656066894531,2667.972412109375,12021.10546875,307.4682312011719,1443.2208251953125,782.4998779296875,1702.2607421875,3898.0126953125,1058.1982421875,226.6295928955078,50577.94921875,24347.0
2024-08-13,1157.7169189453125,1541.283203125,638.614501953125,78.3499984741211,797.9224853515625,1372.2198486328125,2466.699951171875,2886.0498046875,1469.922119140625,778.0409545898438,2633.960205078125,1149.7113037109375,1689.5693359375,83.88999938964844,434.883056640625,2668.365478515625,11926.0986328125,302.603515625,1446.1851806640625,768.0073852539062,1708.396728515625,3899.221435546875,1035.876953125,227.30154418945312,49831.8515625,24139.0
2024-08-14,1151.2274169921875,1527.102294921875,637.967529296875,76.9800033569336,805.5698852539062,1343.1199951171875,2439.39990234375,2859.876220703125,1500.840576171875,780.2733154296875,2615.369140625,1143.1181640625,1713.821044921875,83.88200378417969,436.8355712890625,2695.068115234375,11954.89453125,295.6217346191406,1444.4312744140625,773.2555541992188,1709.91845703125,3990.5478515625,1044.62841796875,229.45639038085935,49727.30078125,24143.75
2024-08-16,1164.9552001953125,1547.824462890625,651.0458984375,76.6500015258789,849.9343872070312,1341.6488037109375,2498.60009765625,2926.10595703125,1539.6964111328125,792.0662231445312,2640.5419921875,1168.309814453125,1747.378173828125,83.94830322265625,446.1101379394531,2788.52783203125,11962.3876953125,296.92803955078125,1460.58642578125,782.0184326171875,1710.9986572265625,4102.77734375,1080.0279541015625,239.23431396484372,50516.8984375,24541.150390625
2024-08-19,1151.3773193359375,1549.0228271484375,653.5598754882812,74.37000274658203,840.4241943359375,1364.9029541015625,2501.800048828125,2911.924560546875,1549.1566162109375,791.79931640625,2635.0654296875,1157.140869140625,1752.8773193359375,83.88980102539062,445.0451354980469,2714.604248046875,11900.19140625,302.06298828125,1475.65625,783.5592041015625,1715.9566650390625,4171.48193359375,1069.5555419921875,240.85623168945312,50368.3515625,24572.650390625
2024-08-20,1166.103271484375,1599.95458984375,664.0156860351562,74.04000091552734,850.37548828125,1375.5672607421875,2511.300048828125,2964.3212890625,1556.770751953125,794.783935546875,2643.232421875,1160.6341552734375,1759.8330078125,83.87860107421875,442.6932067871094,2720.641845703125,11964.0029296875,297.37847900390625,1483.1416015625,789.9146728515625,1734.16845703125,4202.41943359375,1068.7689208984375,243.12692260742188,50803.1484375,24698.849609375
2024-08-21,1172.492919921875,1618.779296875,665.3145141601562,71.93000030517578,843.7085571289062,1394.7431640625,2508.39990234375,2909.884521484375,1548.0029296875,789.0088500976562,2681.808837890625,1156.1075439453125,1760.3028564453125,83.77940368652344,448.5508117675781,2718.7763671875,11969.880859375,295.2164001464844,1485.8433837890625,785.3406372070312,1732.49951171875,4228.619140625,1067.0972900390625,243.91470336914065,50685.55078125,24770.19921875
2024-08-22,1168.050048828125,1623.52294921875,666.1295166015625,73.01000213623047,842.4340209960938,1376.298095703125,2478.89990234375,2919.0400390625,1546.987548828125,791.6780395507812,2683.345947265625,1172.098388671875,1767.39990234375,83.88860321044922,447.7964477539063,2682.99267578125,12024.1416015625,292.1983947753906,1485.2979736328125,789.9146728515625,1718.7545166015625,4182.63037109375,1050.626708984375,240.5086669921875,50985.69921875,24811.5
2024-08-23,1164.0565185546875,1637.7039794921875,665.364013671875,74.83000183105469,832.8748779296875,1373.424560546875,2508.39990234375,2869.7783203125,1533.4202880859375,788.6448364257812,2705.25244140625,1184.300537109375,1750.3392333984375,83.94059753417969,448.9058227539063,2708.566650390625,12049.55859375,289.52020263671875,1487.1322021484375,785.1480102539062,1743.3974609375,4147.2333984375,1067.048095703125,237.4501800537109,50933.44921875,24823.150390625
2024-08-26,1168.399658203125,1683.94189453125,669.5621337890625,77.41999816894531,832.1885375976562,1371.212646484375,2517.699951171875,2873.808837890625,1586.95068359375,795.8759155273438,2710.5849609375,1193.9443359375,1763.5460205078125,83.81379699707031,448.8170471191406,2742.04345703125,11992.2607421875,297.6456298828125,1499.649169921875,784.859130859375,1740.1573486328125,4183.04931640625,1074.17724609375,240.9720764160156,51148.1015625,25010.599609375
2024-08-27,1179.331787109375,1716.697998046875,677.9830322265625,75.52999877929688,829.7864990234375,1375.09326171875,2516.0,2880.377197265625,1579.705810546875,794.8082275390625,2658.4609375,1206.7860107421875,1786.05859375,83.88369750976562,444.2907409667969,2729.96826171875,12240.1611328125,298.55352783203125,1487.6031494140625,785.677734375,1756.7987060546875,4178.125,1059.2799072265625,239.65139770507807,51278.75,25017.75
2024-08-28,1169.0484619140625,1711.205322265625,681.57861328125,74.5199966430664,820.7174682617188,1382.2718505859375,2501.0,2873.808837890625,1586.95068359375,794.4927978515625,2656.01123046875,1204.3258056640625,1822.7177734375,83.92160034179688,441.3619384765625,2746.853759765625,12103.6240234375,297.6002502441406,1485.4716796875,779.41845703125,1778.839599609375,4186.3935546875,1056.625,247.73782348632807,51143.8515625,25052.349609375
2024-08-29,1173.4913330078125,1753.2989501953125,697.7340698242188,75.91000366210938,815.6193237304688,1368.8131103515625,2525.699951171875,2855.29833984375,1616.854248046875,795.1964721679688,2676.092041015625,1202.4071044921875,1817.3128662109373,83.94149780273438,448.2845458984375,2707.192138671875,12197.9462890625,299.23443603515625,1507.90283203125,784.3295288085938,1766.419921875,4191.73486328125,1102.939208984375,249.63780212402344,51152.75,25151.94921875
2024-08-30,1173.341552734375,1780.662353515625,711.2273559570312,73.55000305175781,828.5609741210938,1388.601318359375,2493.800048828125,2895.255126953125,1618.1463623046875,794.395751953125,2669.126220703125,1209.590576171875,1827.041748046875,83.89510345458984,445.4445190429688,2754.118408203125,12148.1904296875,300.27850341796875,1496.6995849609375,785.3887939453125,1788.4610595703125,4230.708984375,1092.81103515625,249.49880981445312,51351.0,25235.900390625
2024-09-02,1186.86962890625,1838.0853271484373,734.924560546875,73.55000305175781,831.6493530273438,1357.1614990234375,2493.800048828125,2872.216552734375,1667.431396484375,789.5668334960938,2679.7431640625,1210.3284912109375,1846.59326171875,83.86380004882812,452.677734375,2726.237548828125,12172.0888671875,296.14764404296875,1503.2679443359375,791.6961669921875,1782.86474609375,4200.3291015625,1074.423095703125,246.7415008544922,51439.55078125,25278.69921875
2024-09-03,1189.6649169921875,1863.1016845703125,726.4048461914062,70.33999633789062,831.0120239257812,1353.5474853515625,2489.89990234375,2878.83447265625,1652.4796142578125,794.6140747070312,2684.78759765625,1227.79541015625,1824.73876953125,83.92729949951172,452.1008911132813,2733.9443359375,12142.41015625,292.5162048339844,1496.203857421875,794.2479858398438,1778.4959716796875,4192.24658203125,1066.9990234375,248.40977478027344,51689.1015625,25279.849609375
2024-09-04,1175.7874755859375,1869.393310546875,721.0410766601562,69.19999694824219,833.7081909179688,1340.384765625,2493.39990234375,2887.990234375,1647.6805419921875,796.7737426757812,2729.897216796875,1216.62646484375,1807.0670166015625,83.95030212402344,449.3939208984375,2699.338623046875,12082.810546875,285.43475341796875,1501.5823974609375,786.2554321289062,1799.45703125,4161.4951171875,1062.426513671875,240.5782012939453,51400.25,25198.69921875
2024-09-05,1178.6329345703125,1862.4525146484373,715.647705078125,69.1500015258789,825.1785278320312,1322.32470703125,2511.39990234375,2855.6962890625,1652.572021484375,798.5450439453125,2727.20703125,1216.23291015625,1817.1248779296875,83.98249816894531,453.6983947753906,2673.322998046875,12045.9345703125,282.71112060546875,1480.192138671875,788.422119140625,1793.22265625,4158.4287109375,1051.3150634765625,243.2196044921875,51473.05078125,25145.099609375
2024-09-06,1156.868408203125,1854.6629638671875,722.7845458984375,67.66999816894531,798.3147583007812,1316.6766357421875,2493.5,2842.709228515625,1620.776611328125,794.419921875,2727.687255859375,1188.8763427734375,1787.7034912109375,83.98359680175781,445.2669982910156,2648.780029296875,11935.794921875,280.3507080078125,1452.2830810546875,753.514892578125,1791.3082275390625,4140.5908203125,1031.8453369140625,241.2501220703125,50576.8515625,24852.150390625
2024-09-09,1168.9486083984375,1857.95849609375,725.777587890625,68.70999908447266,810.5701293945312,1314.4549560546875,2501.800048828125,2859.1796875,1612.1473388671875,799.0546264648438,2807.290283203125,1215.298095703125,1780.9356689453125,83.98259735107422,454.1865539550781,2659.33349609375,11896.224609375,271.36279296875,1449.928466796875,755.2000732421875,1788.657470703125,4133.9013671875,1021.3729248046876,238.5855255126953,51117.80078125,24936.400390625
2024-09-10,1185.2720947265625,1822.0567626953125,715.346435546875,65.75,813.5604248046875,1313.36865234375,2512.300048828125,2874.70458984375,1642.0042724609375,800.923095703125,2784.99951171875,1217.5614013671875,1797.5263671875,83.98090362548828,455.8284606933594,2640.827880859375,12011.4580078125,268.3668212890625,1449.011474609375,753.6593017578125,1802.8931884765625,4188.0654296875,1018.5213623046876,243.63668823242188,51272.30078125,25041.099609375
2024-09-11,1184.173828125,1830.6951904296875,725.5899047851562,67.30999755859375,807.8739013671875,1305.8839111328125,2512.10009765625,2819.2724609375,1641.6812744140625,797.7928466796875,2790.33203125,1216.62646484375,1795.5052490234375,83.98200225830078,456.4940490722656,2605.7314453125,11991.0849609375,259.01568603515625,1439.072265625,740.1296997070312,1812.0728759765625,4161.587890625,960.013916015625,238.35382080078125,51010.0,24918.44921875
2024-09-12,1201.3958740234375,1852.3660888671875,733.7638549804688,68.97000122070312,819.541015625,1319.974609375,2551.199951171875,2866.04638671875,1668.3079833984375,808.8092651367188,2840.534423828125,1232.1744384765625,1833.3865966796875,83.99259948730469,461.0648193359375,2690.797607421875,12146.083984375,266.9595642089844,1467.1298828125,758.5704345703125,1831.4139404296875,4197.21728515625,969.6995849609376,245.62933349609372,51772.3984375,25388.900390625
2024-09-13,1215.472900390625,1891.9130859375,750.5761108398438,68.6500015258789,846.6989135742188,1315.4027099609375,2581.300048828125,2936.6552734375,1673.1075439453125,808.4938354492188,2818.003173828125,1230.403076171875,1827.417724609375,83.93479919433594,456.0503234863281,2689.030517578125,12063.0263671875,264.5991516113281,1460.016357421875,761.5555419921875,1819.9761962890625,4201.76953125,975.55029296875,255.15234375,51938.05078125,25356.5
2024-09-16,1229.0509033203125,1855.1124267578125,725.6096801757812,70.08999633789062,845.228271484375,1312.717041015625,2580.39990234375,2824.845458984375,1672.230712890625,810.9202880859375,2754.734130859375,1242.7037353515625,1833.1986083984373,83.88480377197266,453.6096801757813,2706.995849609375,12036.5322265625,265.5523986816406,1458.7523193359375,756.451904296875,1829.008544921875,4193.08251953125,971.912109375,255.7547912597656,52153.1484375,25383.75
2024-09-17,1230.0992431640625,1846.2242431640625,727.560546875,71.19000244140625,844.0027465820312,1309.6656494140625,2564.300048828125,2842.46044921875,1673.9842529296875,809.876953125,2760.88330078125,1247.8699951171875,1835.360595703125,83.88400268554688,450.6365051269531,2736.692626953125,11994.1708984375,267.5043334960937,1459.6942138671875,753.9000854492188,1832.10107421875,4186.02099609375,958.6864624023438,255.7547912597656,52188.6484375,25418.55078125
2024-09-18,1238.4356689453125,1885.67138671875,753.7963256835938,70.91000366210938,843.855712890625,1297.0562744140625,2570.699951171875,2870.8232421875,1621.1458740234375,822.4949340820312,2763.14111328125,1267.796875,1778.585693359375,83.77059936523438,450.2814636230469,2756.867431640625,11953.3759765625,263.6458435058594,1450.9197998046875,763.3851928710938,1802.5494384765625,4037.83642578125,946.0015869140624,249.3829498291016,52750.3984375,25377.55078125
2024-09-19,1240.6820068359375,1887.8685302734373,749.7710571289062,71.94999694824219,832.6787719726562,1284.170166015625,2588.0,2897.096435546875,1602.68701171875,829.1435546875,2797.63427734375,1271.388671875,1780.5125732421875,83.69170379638672,451.0802307128906,2746.363037109375,12097.748046875,258.9703369140625,1457.0916748046875,760.6889038085938,1812.41650390625,3991.384033203125,950.8690185546876,247.15855407714844,53037.6015625,25415.80078125
2024-09-20,1242.978271484375,1914.233154296875,748.99072265625,71.91999816894531,860.4249267578125,1293.7679443359375,2619.89990234375,2973.62646484375,1624.42236328125,845.0130004882812,2860.9033203125,1317.09765625,1791.369384765625,83.61470031738281,456.5384826660156,2896.909912109375,12355.345703125,259.87823486328125,1473.2025146484375,752.7445068359375,1831.757568359375,3980.931640625,954.65478515625,249.8231658935547,53793.19921875,25790.94921875
2024-09-23,1244.775390625,1917.37890625,750.2402954101562,70.37000274658203,891.8477172851562,1314.1685791015625,2626.5,3176.993408203125,1617.7310791015625,854.0396728515625,2909.856689453125,1300.811767578125,1782.6275634765625,83.48709869384766,458.8016052246094,2994.05078125,12422.53515625,268.2306213378906,1480.5887451171875,772.1480712890625,1828.7630615234373,3965.6953125,955.5889282226562,247.8768768310547,54105.80078125,25939.05078125
2024-09-24,1237.5372314453125,1902.0994873046875,746.2002563476562,71.55999755859375,899.0538940429688,1313.3587646484375,2651.199951171875,3187.194091796875,1638.7740478515625,858.04345703125,2834.91357421875,1297.5643310546875,1784.6484375,83.55960083007812,457.2928771972656,3018.103271484375,12476.8955078125,271.86212158203125,1476.6229248046875,768.6814575195312,1834.0645751953125,3968.296630859375,960.9971923828124,250.0316925048828,53968.6015625,25940.400390625
2024-09-25,1266.0406494140625,1925.91748046875,753.0851440429688,69.69000244140625,902.3873291015624,1321.4755859375,2659.199951171875,3311.443359375,1645.050048828125,863.4060668945312,2833.376220703125,1302.7305908203125,1781.5467529296875,83.56759643554688,459.3341369628906,3034.547119140625,12522.6357421875,271.1812438964844,1481.15869140625,763.7222290039062,1836.4700927734373,3971.502197265625,947.5256958007812,248.47927856445312,54101.6484375,26004.150390625
2024-09-26,1275.026123046875,1980.144775390625,767.35888671875,67.66999816894531,905.9168701171876,1331.9324951171875,2669.89990234375,3289.748291015625,1646.3883056640625,865.51708984375,2869.070556640625,1307.8477783203125,1786.199462890625,83.62409973144531,463.9491882324219,3122.950927734375,13108.8408203125,268.0036315917969,1485.12451171875,772.1480712890625,1863.812744140625,3987.9921875,976.5828247070312,251.1207427978516,54375.3515625,26216.05078125
2024-09-27,1271.0826416015625,2008.00732421875,766.1338500976562,68.18000030517578,896.16162109375,1333.0185546875,2644.300048828125,3176.0478515625,1669.046630859375,850.56982421875,2849.998291015625,1285.7557373046875,1792.3094482421875,83.61710357666016,463.9048461914063,3125.4541015625,13218.3427734375,269.8194274902344,1513.10791015625,772.91845703125,1913.1961669921875,4003.04345703125,976.4353637695312,251.0743560791016,53834.30078125,26178.94921875
2024-09-30,1230.198974609375,1970.7574462890625,760.8985595703125,68.16999816894531,877.6314697265625,1333.3543701171875,2636.10009765625,3145.744384765625,1657.6944580078125,840.572509765625,2842.360107421875,1252.6917724609375,1763.029052734375,83.71640014648438,459.86663818359375,3038.326416015625,12966.03515625,270.1825866699219,1463.9324951171875,758.71484375,1891.596923828125,3965.6953125,958.3914184570312,250.91217041015625,52978.1015625,25810.849609375
2024-10-01,1224.6580810546875,1972.6048583984373,760.8985595703125,69.83000183105469,895.867431640625,1332.860595703125,2667.300048828125,3236.80419921875,1676.5224609375,837.7333984375,2809.1640625,1254.0694580078125,1790.0533447265625,83.82730102539062,458.1360168457031,3107.635986328125,12895.5146484375,265.0530700683594,1452.2830810546875,767.4296264648438,1884.969970703125,3983.718994140625,949.0990600585938,253.3682556152344,52922.6015625,25796.900390625
2024-10-03,1173.790771484375,1910.8377685546875,734.3120727539062,73.70999908447266,847.9244384765625,1330.204345703125,2657.10009765625,3056.376220703125,1641.4967041015625,816.282958984375,2779.95556640625,1236.307373046875,1779.7607421875,83.91960144042969,455.0740661621094,3072.6376953125,12387.51953125,265.1438293457031,1394.928466796875,764.6851806640625,1876.03564453125,3932.481201171875,910.2579956054688,245.67567443847656,51845.19921875,25250.099609375
2024-10-04,1176.4864501953125,1882.0263671875,712.3336791992188,74.37999725341797,828.3157958984375,1309.9818115234375,2645.800048828125,2883.511962890625,1639.6968994140625,804.4658203125,2737.103271484375,1219.97216796875,1803.025146484375,84.0093994140625,446.9089050292969,2962.292236328125,12346.775390625,268.0490417480469,1374.653564453125,767.1407470703125,1875.2503662109373,3950.59765625,915.2236938476562,247.2512664794922,51462.05078125,25014.599609375
2024-10-07,1143.8394775390625,1876.783447265625,718.0678100585938,77.13999938964844,809.4916381835938,1305.3704833984375,2644.800048828125,2842.012451171875,1640.0198974609375,785.1264038085938,2722.354736328125,1214.215576171875,1818.2059326171875,84.02780151367188,452.8109130859375,3004.2607421875,12270.1328125,262.783447265625,1358.98876953125,742.1038208007812,1870.537841796875,3969.73681640625,912.3720703125,246.27810668945312,50478.8984375,24795.75
2024-10-08,1151.42724609375,1835.6884765625,709.9234619140625,73.56999969482422,823.560791015625,1314.484375,2615.0,2937.699951171875,1651.556884765625,801.2627563476562,2708.3271484375,1216.8724365234375,1831.6005859375,83.96410369873047,450.81396484375,3107.979736328125,12274.4912109375,266.4148864746094,1385.3857421875,752.5037841796875,1882.2210693359373,3951.526611328125,904.4563598632812,244.1927795410156,51021.0,25013.150390625
2024-10-09,1168.2498779296875,1864.4498291015625,721.1348266601562,73.23999786376953,835.2769775390625,1316.2222900390625,2606.0,2969.994140625,1670.246337890625,792.5758666992188,2660.430419921875,1224.3021240234375,1835.5484619140625,83.91459655761719,436.3918151855469,3095.364501953125,12498.5419921875,261.9208984375,1362.8306884765625,767.8629760742188,1895.6715087890625,3951.248779296875,923.483642578125,246.1390838623047,51007.0,24981.94921875
2024-10-10,1182.326904296875,1873.1881103515625,723.0364379882812,75.8499984741211,843.9537353515625,1300.0777587890625,2620.60009765625,2999.899169921875,1669.2774658203125,806.7709350585938,2646.739013671875,1223.662353515625,1803.82421875,83.94219970703125,436.7025146484375,3135.909423828125,12678.173828125,262.1478881835937,1359.31103515625,767.5740356445312,1853.356689453125,3927.510986328125,913.0112915039062,243.28912353515625,51530.8984375,24998.44921875
2024-10-11,1170.5460205078125,1873.8873291015625,721.2880249023438,75.55999755859375,830.0316162109375,1303.2572021484375,2657.60009765625,2999.75,1697.8885498046875,801.2385864257812,2674.122314453125,1203.4893798828125,1818.9578857421875,83.94599914550781,433.2855529785156,3077.055419921875,12514.1640625,265.5977783203125,1360.35205078125,770.1259155273438,1867.2979736328125,3854.85791015625,915.174560546875,244.818359375,51172.30078125,24964.25
2024-10-14,1162.459228515625,1864.699462890625,712.081787109375,73.83000183105469,846.0126342773438,1315.2447509765625,2647.800048828125,3076.67822265625,1712.8863525390625,819.2433471679688,2679.791259765625,1212.099853515625,1841.3294677734373,84.16829681396484,441.05126953125,3097.2294921875,12280.26953125,260.10516357421875,1360.7734375,775.3258666992188,1874.9559326171875,3843.198486328125,912.7654418945312,254.66580200195312,51816.8984375,25127.94921875
2024-10-15,1151.976318359375,1851.46728515625,693.1260375976562,70.58000183105469,858.3170166015625,1305.716064453125,2661.39990234375,3131.51318359375,1725.9918212890625,817.3021240234375,2672.44091796875,1235.4710693359375,1841.7054443359373,84.04850006103516,442.4713439941406,3098.11328125,12191.041015625,257.56317138671875,1332.5174560546875,774.8444213867188,1863.86181640625,3824.75634765625,901.998046875,246.9732208251953,51906.0,25057.349609375
2024-10-16,1151.3272705078125,1859.5565185546875,687.1448364257812,70.38999938964844,867.4349975585938,1325.316650390625,2674.0,3212.32275390625,1721.515625,824.9214477539062,2672.248779296875,1223.3179931640625,1804.858154296875,84.05619812011719,437.72308349609375,3011.918212890625,12129.482421875,259.1064758300781,1342.4814453125,775.61474609375,1863.9107666015625,3804.45703125,892.3124389648438,246.60250854492188,51801.05078125,24971.30078125
2024-10-17,1130.0120849609375,1813.368408203125,681.5292358398438,70.66999816894531,844.1497802734375,1323.9639892578125,2691.0,3069.363525390625,1723.8692626953125,811.988037109375,2631.318115234375,1211.6077880859375,1849.9771728515625,84.03929901123047,433.9067687988281,2910.408447265625,11894.265625,255.65660095214844,1344.811279296875,781.0072631835938,1855.1239013671875,3817.510009765625,876.7267456054688,245.02691650390625,51288.80078125,24749.849609375
2024-10-18,1194.9063720703125,1817.462890625,681.5342407226562,69.22000122070312,858.0228881835938,1331.2806396484375,2713.699951171875,3118.57568359375,1714.5474853515625,816.210205078125,2610.613037109375,1244.327392578125,1766.7889404296875,84.05380249023438,431.9542541503906,2910.064697265625,11856.41015625,257.1999816894531,1347.66162109375,790.010986328125,1875.5450439453125,3839.908203125,894.9674072265625,254.2487030029297,52094.19921875,24854.05078125
2024-10-21,1188.3671875,1756.0452880859375,669.8140258789062,70.55999755859375,843.9047241210938,1322.6505126953125,2723.10009765625,3020.002197265625,1701.533935546875,838.9466552734375,2587.986083984375,1238.9644775390625,1741.5504150390625,84.0687026977539,429.2473449707031,2943.39404296875,11925.7568359375,251.1172332763672,1357.4769287109375,783.7999267578125,1862.438232421875,3799.67529296875,888.2316284179688,253.9938201904297,51962.69921875,24781.099609375
2024-10-22,1173.8408203125,1720.293212890625,659.6397094726562,72.08999633789062,799.1971435546875,1315.738525390625,2744.199951171875,2893.712646484375,1693.3123779296875,832.0796508789062,2576.600341796875,1247.279541015625,1740.4693603515625,84.07350158691406,427.60540771484375,2834.42333984375,11678.3447265625,245.85153198242188,1331.84814453125,761.1222534179688,1853.1605224609373,3739.744140625,864.82861328125,252.76583862304688,51257.1484375,24472.099609375
2024-10-23,1158.515625,1737.3702392578125,691.0418090820312,70.7699966430664,789.5889282226562,1304.975341796875,2714.39990234375,2950.04052734375,1714.67919921875,842.3924560546875,2555.078125,1231.6331787109375,1760.9610595703125,84.08399963378906,426.3185424804688,2742.435791015625,11710.5703125,245.89697265625,1327.064453125,756.8851928710938,1805.8385009765625,3787.0087890625,863.0095825195312,253.5767822265625,51239.0,24435.5
2024-10-24,1165.4544677734375,1739.7669677734375,695.4967041015625,70.19000244140625,785.7161865234375,1299.9989013671875,2734.89990234375,2910.332275390625,1713.8895263671875,849.1138305664062,2406.92138671875,1232.764892578125,1751.5140380859375,84.06759643554688,418.6414794921875,2774.685546875,11522.0244140625,244.3081970214844,1328.3287353515625,765.1185302734375,1815.2144775390625,3769.919189453125,865.3203125,253.4377593994141,51531.1484375,24399.400390625
2024-10-25,1187.418701171875,1705.1136474609375,682.581298828125,71.77999877929688,761.793701171875,1286.569580078125,2740.89990234375,2915.158935546875,1720.8104248046875,846.0806884765625,2428.97216796875,1235.4217529296875,1750.292236328125,84.08180236816406,428.0491943359375,2671.114013671875,11266.5322265625,239.72344970703125,1316.4808349609375,752.0222778320312,1826.5050048828125,3778.90625,849.8822021484375,251.8390045166016,50787.44921875,24180.80078125
2024-10-28,1169.697509765625,1728.1326904296875,682.6997680664062,67.37999725341797,806.7954711914062,1295.0220947265625,2742.89990234375,2961.037353515625,1738.8328857421875,841.6158447265625,2474.8505859375,1272.2252197265625,1753.3941650390625,84.10199737548828,429.6910705566406,2730.16455078125,11247.3349609375,239.0879364013672,1322.9251708984375,762.7111206054688,1868.230712890625,3809.91943359375,863.7962036132812,258.859619140625,51259.30078125,24339.150390625
2024-10-29,1184.922607421875,1764.3341064453125,693.6791381835938,67.20999908447266,816.1585083007812,1258.684326171875,2768.39990234375,2931.62939453125,1738.8328857421875,850.1815185546875,2447.8037109375,1310.60302734375,1748.5933837890625,84.10279846191406,433.0636596679688,2696.687744140625,10819.068359375,240.5859375,1328.52685546875,801.8554077148438,1837.5008544921875,3795.390625,828.6917114257812,260.5279235839844,52320.69921875,24466.849609375
2024-10-30,1168.4993896484375,1750.1031494140625,687.0115356445312,68.61000061035156,810.2269287109375,1234.1466064453125,2788.5,2859.826416015625,1708.22265625,841.8099975585938,2454.81787109375,1291.21728515625,1713.2276611328125,84.08930206298828,436.2586975097656,2658.204345703125,11025.1953125,237.5445556640625,1332.3935546875,791.9850463867188,1818.356201171875,3804.14501953125,826.1842651367188,261.9412841796875,51807.5,24340.849609375
2024-10-31,1157.6671142578125,1748.405517578125,680.566162109375,69.26000213623047,803.8050537109375,1258.190673828125,2738.300048828125,2861.866455078125,1640.6390380859375,842.3438110351562,2429.164306640625,1271.634765625,1670.5897216796875,84.08910369873047,433.8180236816406,2678.67333984375,10848.8935546875,241.6299743652344,1320.64501953125,789.8184204101562,1815.2144775390625,3695.925048828125,820.1368408203125,255.70846557617188,51475.3515625,24205.349609375
2024-11-01,1167.65087890625,1752.35009765625,683.9098510742188,69.48999786376953,807.6287841796875,1243.774169921875,2738.60009765625,2868.832763671875,1632.60302734375,843.120361328125,2438.0517578125,1271.1920166015625,1674.011962890625,84.09149932861328,435.1492919921875,2766.14453125,10881.75390625,246.7140655517578,1327.1884765625,790.7813720703125,1824.54150390625,3710.59326171875,829.3800659179688,255.4999084472656,51673.8984375,24304.349609375
2024-11-04,1137.4000244140625,1710.2066650390625,676.017333984375,71.47000122070312,774.4412841796875,1252.364990234375,2736.10009765625,2789.3173828125,1637.7589111328125,831.8612060546875,2425.849609375,1256.8248291015625,1676.674072265625,84.13359832763672,430.0904541015625,2831.232666015625,10825.38671875,240.85829162597656,1291.0009765625,799.1109619140625,1775.943359375,3691.92041015625,810.352783203125,250.61094665527344,51215.25,23995.349609375
2024-11-05,1169.7972412109375,1733.32568359375,684.5765991210938,71.98999786376953,783.4121704101562,1256.2158203125,2740.300048828125,2819.620849609375,1647.6063232421875,853.0933227539062,2422.534912109375,1276.013671875,1667.68994140625,84.15249633789062,426.1854248046875,2846.44921875,10940.619140625,242.7648162841797,1294.1240234375,817.7442016601562,1770.7398681640625,3698.626220703125,821.7101440429688,251.954833984375,52207.25,24213.30078125
2024-11-06,1164.605712890625,1746.358154296875,692.0690307617188,71.69000244140625,811.99169921875,1285.740234375,2667.60009765625,2865.648193359375,1707.8514404296875,851.8316040039062,2430.65087890625,1281.5736083984375,1733.762451171875,84.11630249023438,426.984130859375,2880.90771484375,11120.986328125,244.2627868652344,1314.0023193359375,823.13671875,1794.1553955078125,3855.368408203125,825.6925659179688,261.3157043457031,52317.3984375,24484.05078125
2024-11-07,1158.0166015625,1727.3836669921875,682.0231323242188,72.36000061035156,787.6771240234375,1271.1754150390625,2698.39990234375,2798.32373046875,1701.8592529296875,847.6094360351562,2406.156494140625,1258.3009033203125,1714.1309814453125,84.2511978149414,424.1441040039063,2838.497314453125,11067.998046875,240.76751708984372,1294.4710693359375,827.7589111328125,1758.3203125,3865.845703125,806.0753784179688,261.0840148925781,51916.5,24199.349609375
2024-11-08,1159.064697265625,1737.4202880859375,681.1785888671875,70.37999725341797,770.6176147460938,1267.52197265625,2687.5,2672.282958984375,1707.01513671875,851.4432983398438,2437.45458984375,1238.7674560546875,1739.704345703125,84.306396484375,424.2771911621094,2920.52001953125,11070.7890625,238.36166381835935,1272.7584228515625,811.9182739257812,1776.630615234375,3862.214111328125,792.013916015625,263.6790771484375,51561.19921875,24148.19921875
2024-11-11,1169.098388671875,1715.150146484375,669.6066284179688,68.04000091552734,762.283935546875,1271.7186279296875,2611.199951171875,2665.764404296875,1734.698974609375,857.1942138671875,2421.27099609375,1249.0509033203125,1768.367431640625,84.38289642333984,423.3009643554688,2877.030029296875,11165.501953125,233.23216247558597,1261.802978515625,816.2516479492188,1761.90380859375,3910.363525390625,791.2764282226562,265.7643737792969,51876.75,24141.30078125
2024-11-12,1156.2694091796875,1689.4844970703125,655.71826171875,68.12000274658203,749.8814697265625,1248.0201416015625,2600.0,2632.3759765625,1739.854736328125,833.8509521484375,2392.548828125,1250.3302001953125,1776.638427734375,84.39649963378906,419.6621398925781,2845.565673828125,10914.173828125,232.55126953125,1263.33984375,796.0775756835938,1768.0399169921875,3909.152587890625,771.757568359375,264.44366455078125,51157.80078125,23883.44921875
2024-11-13,1137.30029296875,1662.2210693359375,648.5862426757812,68.43000030517578,733.9005126953125,1229.357666015625,2580.800048828125,2556.791015625,1732.330078125,815.9674682617188,2395.902099609375,1233.69970703125,1776.258056640625,84.39530181884766,419.0852661132813,2747.786376953125,10822.5947265625,229.28294372558597,1241.3299560546875,778.6962890625,1746.588134765625,3865.333740234375,773.1342163085938,263.6790771484375,50088.3515625,23559.05078125
2024-11-14,1138.84765625,1637.6041259765625,646.921875,68.69999694824219,747.7736206054688,1211.2874755859375,2568.199951171875,2582.8154296875,1726.9417724609375,821.5,2322.27392578125,1236.8978271484375,1772.5980224609375,84.4229965209961,413.5382995605469,2755.885498046875,10779.9384765625,227.6941680908203,1256.746826171875,774.459228515625,1735.98486328125,3861.189208984375,761.383544921875,262.6132202148437,50179.55078125,23532.69921875
2024-11-18,1124.37109375,1613.8359375,648.7789306640625,69.16000366210938,744.7341918945312,1178.5540771484375,2610.60009765625,2616.850830078125,1704.692626953125,827.4934692382812,2355.02978515625,1233.45361328125,1722.11669921875,84.47750091552734,414.07080078125,2794.859619140625,10866.0341796875,227.55796813964844,1249.9554443359375,784.136962890625,1715.9073486328125,3743.46923828125,759.0236206054688,256.19500732421875,50363.80078125,23453.80078125
2024-11-19,1132.1085205078125,1594.2122802734375,651.4805297851562,69.38999938964844,748.2147827148438,1198.203857421875,2627.10009765625,2679.796630859375,1691.268798828125,845.5225830078125,2342.83154296875,1229.173095703125,1734.7607421875,84.39849853515625,414.7807922363281,2895.04443359375,10734.1494140625,230.6739501953125,1231.0189208984375,773.2555541992188,1744.869873046875,3762.142822265625,770.1351318359375,260.4352111816406,50626.5,23518.5
2024-11-21,1137.30029296875,1567.1485595703125,638.6737670898438,70.0999984741211,758.8034057617188,1180.3314208984375,2672.10009765625,2691.788818359375,1705.94677734375,845.0130004882812,2316.05322265625,1230.60009765625,1743.6021728515625,84.38310241699219,405.7281494140625,2882.576416015625,10638.310546875,225.2326202392578,1212.5286865234375,751.8296508789062,1747.56982421875,3793.156005859375,760.9410400390625,258.1877136230469,50372.8984375,23349.900390625
2024-11-22,1140.544921875,1598.706298828125,660.2373657226562,71.23999786376953,787.6771240234375,1199.19140625,2709.89990234375,2843.40576171875,1763.590576171875,847.1483764648438,2376.75390625,1257.6612548828125,1808.4388427734373,84.48829650878906,421.2596740722656,2957.87451171875,10836.306640625,228.4416046142578,1254.5655517578125,785.8220825195312,1762.591064453125,3953.111328125,777.8049926757812,264.9071044921875,51135.3984375,23907.25
2024-11-25,1154.0230712890625,1602.7508544921875,660.3805541992188,68.94000244140625,807.1876220703125,1194.106201171875,2616.800048828125,2928.892578125,1757.3662109375,866.560546875,2402.219970703125,1280.1959228515625,1796.507568359375,84.43599700927734,423.1678466796875,2989.927978515625,10798.6474609375,239.8822784423828,1275.9805908203125,813.1701049804688,1766.12548828125,4018.769287109375,783.3115234375,269.91192626953125,52207.5,24221.900390625
2024-11-26,1142.9410400390625,1592.2650146484375,653.7178955078125,68.7699966430664,811.1583251953125,1193.46435546875,2620.300048828125,2887.990234375,1764.6588134765625,866.5363159179688,2409.7529296875,1284.132080078125,1829.2587890625,84.37750244140625,423.3453674316406,2930.631591796875,10719.115234375,236.4872894287109,1284.606201171875,808.3071899414062,1729.505126953125,4053.787841796875,769.9384155273438,272.9472045898437,52191.5,24194.5
2024-11-27,1147.7830810546875,1597.9073486328125,662.33642578125,68.72000122070312,807.5797729492188,1184.8243408203125,2639.89990234375,2820.466796875,1756.762451171875,879.5181884765625,2417.237060546875,1279.9498291015625,1829.591552734375,84.33910369873047,423.3009643554688,2949.873779296875,10831.1640625,236.53379821777344,1282.1275634765625,803.2034912109375,1717.5765380859375,4035.020751953125,770.8726196289062,270.1204528808594,52301.80078125,24274.900390625
2024-11-28,1130.6610107421875,1572.94091796875,642.995361328125,68.72000122070312,797.9224853515625,1176.9739990234375,2639.89990234375,2802.205078125,1710.173583984375,870.224609375,2393.229248046875,1265.828857421875,1765.087646484375,84.42030334472656,421.4815368652344,2845.712890625,10724.8935546875,234.5805206298828,1259.91943359375,807.7775268554688,1702.6533203125,3953.390869140625,766.4476318359375,265.1619567871094,51906.8515625,23914.150390625
2024-11-29,1134.4549560546875,1577.8341064453125,649.564208984375,68.0,806.844482421875,1187.194091796875,2657.0,2762.79541015625,1716.8157958984375,871.6320190429688,2426.22802734375,1279.3594970703125,1766.2283935546875,84.47160339355469,423.1234436035156,2911.881103515625,10846.689453125,238.76612854003903,1281.1361083984375,807.8739013671875,1748.4534912109375,3977.55859375,773.3308715820312,267.7802124023437,52055.6015625,24131.099609375
2024-12-02,1135.2535400390625,1594.511962890625,656.947998046875,68.0999984741211,832.482666015625,1206.3997802734375,2634.89990234375,2887.44287109375,1738.6005859375,875.8298950195312,2409.7041015625,1283.8370361328125,1787.095947265625,84.55699920654297,423.5228271484375,2961.261474609375,11008.3974609375,239.5567321777344,1297.941162109375,805.4183959960938,1775.5997314453125,3982.9609375,776.870849609375,270.88507080078125,52109.0,24276.05078125
2024-12-03,1158.615478515625,1604.9478759765625,659.397705078125,69.94000244140625,830.374755859375,1209.115234375,2644.699951171875,2848.77978515625,1756.483642578125,886.3124389648438,2413.30078125,1287.527099609375,1798.789306640625,84.73709869384766,419.3958740234375,2971.96240234375,11047.5263671875,244.0214080810547,1311.9698486328125,822.3182373046875,1767.254638671875,4007.267822265625,787.8839721679688,270.3057556152344,52695.75,24457.150390625
2024-12-04,1157.567138671875,1625.919677734375,665.77392578125,68.54000091552734,831.3551635742188,1200.2777099609375,2653.800048828125,2886.298583984375,1762.8935546875,902.7157592773438,2395.46484375,1295.0550537109375,1796.0799560546875,84.68309783935547,414.5589599609375,2976.3310546875,10901.1953125,242.48667907714844,1297.74267578125,827.855224609375,1767.4017333984375,4055.370849609375,774.9533081054688,272.4838256835937,53266.8984375,24467.44921875
2024-12-05,1164.5059814453125,1641.8983154296875,676.6791381835938,68.30000305175781,833.6101684570312,1224.2723388671875,2626.60009765625,2846.888916015625,1787.37255859375,905.457763671875,2424.721923828125,1315.1787109375,1839.4310302734373,84.70700073242188,414.9139099121094,3015.45263671875,10952.5185546875,243.04473876953125,1310.7305908203125,833.3922729492188,1780.4102783203125,4157.4912109375,779.3291015625,277.3959350585937,53603.55078125,24708.400390625
2024-12-06,1182.62646484375,1633.01025390625,676.6693115234375,67.19999694824219,840.0809936523438,1237.9483642578125,2638.60009765625,2827.034912109375,1786.1646728515625,900.6531982421875,2414.22412109375,1307.552490234375,1827.594970703125,84.68379974365234,418.15338134765625,3016.826904296875,11085.4326171875,241.88206481933597,1300.3204345703125,831.6589965820312,1771.9669189453125,4140.21484375,803.174560546875,275.5886535644531,53509.5,24677.80078125
2024-12-09,1161.3609619140625,1634.8577880859375,678.4522705078125,68.37000274658203,845.8165893554688,1239.380126953125,2664.89990234375,2829.274169921875,1774.2738037109375,907.520263671875,2333.50048828125,1301.2054443359375,1828.783447265625,84.66600036621094,412.6507568359375,2995.474365234375,11048.0654296875,240.81243896484372,1284.0609130859375,826.266357421875,1773.7342529296875,4146.40771484375,785.4257202148438,281.520263671875,53407.75,24619.0
2024-12-10,1151.776611328125,1661.1724853515625,685.1544799804688,68.58999633789062,851.405029296875,1224.7659912109375,2697.60009765625,2885.25341796875,1798.845458984375,906.5982055664062,2330.196044921875,1309.225341796875,1852.45556640625,84.84729766845703,413.0945434570313,3010.838134765625,10968.142578125,238.9521331787109,1273.8489990234375,835.3663330078125,1776.97412109375,4128.154296875,786.5565185546875,285.5519104003906,53577.69921875,24610.05078125
2024-12-11,1145.386962890625,1684.2415771484375,702.8261108398438,70.29000091552734,858.6111450195312,1222.98876953125,2733.800048828125,2898.887451171875,1793.7825927734375,904.1716918945312,2334.083740234375,1306.3223876953125,1876.79296875,84.8740005493164,412.9170227050781,3015.894287109375,11046.056640625,238.67312622070312,1267.2559814453125,829.684814453125,1780.950439453125,4123.40380859375,785.7698364257812,286.3860168457031,53391.3515625,24641.80078125
2024-12-12,1143.7896728515625,1677.05126953125,703.883056640625,70.0199966430664,850.13037109375,1229.7525634765625,2687.5,2866.494384765625,1798.7060546875,902.3032836914062,2279.263671875,1308.04443359375,1889.0091552734373,84.85710144042969,408.79010009765625,3011.378173828125,10937.974609375,236.30126953125,1252.0870361328125,822.0775146484375,1772.55615234375,4149.01611328125,773.2324829101562,286.4787292480469,53216.44921875,24548.69921875
2024-12-13,1146.28564453125,1677.4505615234375,709.5134887695312,71.29000091552734,853.8070068359375,1230.690673828125,2656.0,2912.8701171875,1828.9913330078125,908.3695678710938,2323.148681640625,1323.44482421875,1901.0830078125,84.83920288085938,417.1327209472656,3025.0732421875,11040.9638671875,236.4872894287109,1261.951904296875,829.63671875,1780.4102783203125,4166.6640625,777.1166381835938,287.2665710449219,53583.80078125,24768.30078125
2024-12-16,1149.0311279296875,1671.40869140625,712.0422973632812,70.70999908447266,875.817626953125,1253.994140625,2651.39990234375,2958.54931640625,1815.6138916015625,905.1907958984376,2299.869384765625,1324.6256103515625,1882.4019775390625,84.802001953125,417.2214660644531,3028.460205078125,11045.3232421875,234.2084503173828,1257.44091796875,829.0589599609375,1776.826904296875,4111.9951171875,771.7083740234375,286.5714111328125,53581.3515625,24668.25
2024-12-17,1134.4049072265625,1640.9495849609375,706.5501098632812,70.08000183105469,855.375732421875,1231.974365234375,2644.39990234375,2978.552490234375,1812.08349609375,889.6853637695312,2297.051025390625,1312.4727783203125,1879.1221923828125,84.91729736328125,416.7333068847656,2985.902587890625,10880.333984375,230.1158599853516,1234.6376953125,819.044189453125,1756.4549560546875,4031.249755859375,766.7426147460938,286.2470397949219,52834.80078125,24336.0
2024-12-18,1120.4276123046875,1628.5662841796875,698.8107299804688,70.58000183105469,854.3953247070312,1259.3756103515625,2636.5,2986.613525390625,1821.14111328125,878.74169921875,2293.1142578125,1293.1854248046875,1881.5465087890625,84.91539764404297,417.5765075683594,2995.42529296875,10776.4130859375,227.0929107666016,1242.5196533203125,807.103515625,1768.2364501953125,4049.27099609375,743.0938720703125,289.7226257324219,52139.55078125,24198.849609375
2024-12-19,1107.099365234375,1587.42138671875,683.4109497070312,69.91000366210938,847.4832763671875,1308.9449462890625,2592.199951171875,2969.6953125,1796.8946533203125,870.3944702148438,2293.746337890625,1266.3701171875,1850.2213134765625,85.16549682617188,414.07080078125,2959.54345703125,10730.2802734375,224.95358276367188,1219.914794921875,801.95166015625,1790.0810546875,3978.5361328125,731.6381225585938,289.86163330078125,51575.69921875,23951.69921875
2024-12-20,1070.109375,1567.5479736328125,676.4668579101562,69.45999908447266,814.4428100585938,1326.7681884765625,2628.699951171875,2842.21142578125,1775.6209716796875,859.7177734375,2268.52294921875,1267.8460693359375,1827.3575439453125,85.27940368652344,412.3845520019531,2853.22314453125,10677.0966796875,220.53546142578125,1194.980224609375,781.922119140625,1775.89404296875,3883.913330078125,711.9718017578125,282.8641357421875,50759.19921875,23587.5
2024-12-23,1077.3975830078125,1561.306396484375,678.2892456054688,69.23999786376953,827.7276000976562,1324.4970703125,2612.300048828125,2873.51025390625,1767.86376953125,874.0342407226562,2273.383056640625,1276.1121826171875,1829.4014892578125,84.94499969482422,420.9046936035156,2856.119140625,10599.669921875,224.02346801757807,1211.834716796875,790.7332763671875,1781.539306640625,3872.737548828125,710.1526489257812,285.3665771484375,51317.6015625,23753.44921875
2024-12-24,1077.1480712890625,1562.4549560546875,672.5106811523438,70.0999984741211,825.2275390625,1333.9271240234375,2620.0,2850.620849609375,1762.2432861328125,872.6268920898438,2270.126708984375,1276.554931640625,1814.903564453125,85.0988998413086,424.6322326660156,2875.16455078125,10516.0244140625,222.2561798095703,1212.28076171875,781.9702758789062,1785.8592529296875,3892.481689453125,723.82080078125,282.9568176269531,51233.0,23727.650390625
2024-12-26,1074.9515380859375,1557.2120361328125,673.2564697265625,69.62000274658203,822.2862548828125,1338.1236572265625,2638.800048828125,2842.012451171875,1765.773681640625,869.0598754882812,2267.4052734375,1276.6534423828125,1813.3348388671875,85.41339874267578,423.3009643554688,2921.25634765625,10672.150390625,223.4653778076172,1206.1339111328125,782.35546875,1807.802001953125,3882.796630859375,728.4423828125,282.7251281738281,51170.69921875,23750.19921875
2024-12-27,1075.7003173828125,1577.1851806640625,682.34423828125,70.5999984741211,818.5115356445312,1371.99267578125,2617.199951171875,2817.0830078125,1757.6448974609375,872.69970703125,2275.667236328125,1286.690673828125,1822.2237548828125,85.26090240478516,424.765380859375,2993.707275390625,10716.2744140625,220.34939575195312,1210.595458984375,770.0296630859375,1827.339599609375,3878.838134765625,737.9805908203125,286.4787292480469,51311.30078125,23813.400390625
2024-12-30,1068.21240234375,1574.5885009765625,680.4180297851562,70.98999786376953,804.6384887695312,1359.6004638671875,2606.10009765625,2811.7587890625,1791.9708251953125,862.82373046875,2277.854248046875,1273.9964599609375,1812.0037841796875,85.38600158691406,423.3453674316406,2948.00830078125,10577.09375,216.39633178710935,1200.333984375,759.1000366210938,1849.5767822265625,3873.202880859375,721.4116821289062,281.47393798828125,50952.75,23644.900390625
2024-12-31,1062.9710693359375,1566.0,673.9725952148438,71.72000122070312,808.75634765625,1371.0546875,2629.199951171875,2773.095703125,1781.2410888671875,860.3729248046875,2261.670654296875,1261.203857421875,1787.2861328125,85.7865982055664,429.2473449707031,2952.131591796875,10635.322265625,222.5352325439453,1205.043212890625,765.5037231445312,1851.982177734375,3813.598388671875,727.8032836914062,279.75933837890625,50860.19921875,23644.80078125
2025-01-01,1070.0595703125,1574.2889404296875,685.0656127929688,71.72000122070312,808.3641357421875,1351.799560546875,2629.199951171875,2763.3427734375,1776.1781005859375,865.1773681640625,2257.0537109375,1263.1719970703125,1789.662841796875,85.7865982055664,429.5135803222656,3025.662353515625,10978.0341796875,220.39593505859372,1210.7935791015625,763.8185424804688,1855.5166015625,3830.03662109375,736.7514038085938,278.3226928710937,51060.6015625,23742.900390625
2025-01-02,1084.83544921875,1698.3726806640625,729.9015502929688,73.12999725341797,819.0508422851562,1357.773681640625,2658.89990234375,2798.423095703125,1832.149658203125,870.5158081054688,2303.611572265625,1270.0111083984375,1861.296875,85.78569793701172,434.0399475097656,3152.402587890625,11598.029296875,228.8787841796875,1231.167724609375,771.522216796875,1843.7843017578125,3888.989501953125,752.287841796875,281.56658935546875,51605.55078125,24188.650390625
2025-01-03,1083.1383056640625,1698.822021484375,731.6845703125,73.95999908447266,811.8446655273438,1335.655029296875,2645.0,2720.94775390625,1808.4140625,848.8953857421875,2338.84619140625,1244.8687744140625,1843.138916015625,85.80400085449219,427.4279174804688,3132.228271484375,11689.0703125,240.8031463623047,1240.437744140625,764.0111694335938,1815.950927734375,3818.34814453125,777.2149658203125,272.90087890625,50988.80078125,24004.75
2025-01-06,1061.6732177734375,1682.3441162109375,725.9652709960938,73.55999755859375,790.0791015625,1333.3839111328125,2638.39990234375,2603.515380859375,1814.3597412109373,830.1141967773438,2309.637939453125,1243.933837890625,1842.283203125,85.75900268554688,407.98931884765625,3048.92919921875,11514.1396484375,236.5896148681641,1207.5714111328125,747.6408081054688,1813.741943359375,3813.78466796875,763.301025390625,272.7618408203125,49922.0,23616.05078125
2025-01-07,1065.7664794921875,1680.49658203125,726.4196166992188,74.25,794.9321899414062,1334.5689697265625,2656.699951171875,2639.391845703125,1779.84765625,831.521484375,2323.829345703125,1258.842041015625,1835.6282958984373,85.68070220947266,406.5607299804688,3052.021728515625,11480.4951171875,245.08175659179688,1230.2257080078125,749.9037475585938,1819.632568359375,3751.6650390625,780.0173950195312,272.5301208496094,50202.1484375,23707.900390625
2025-01-08,1073.204345703125,1694.7274169921875,726.5628051757812,73.31999969482422,786.8927001953125,1353.5277099609375,2664.5,2551.914794921875,1795.03662109375,822.2522583007812,2333.743408203125,1243.5894775390625,1837.81494140625,85.80650329589844,414.34906005859375,3029.6875,11579.1259765625,252.37403869628903,1254.664794921875,742.5853271484375,1804.2677001953125,3826.26416015625,781.6890869140625,275.77398681640625,49835.05078125,23688.94921875
2025-01-09,1060.02587890625,1688.0364990234375,718.8629760742188,73.91999816894531,765.372314453125,1354.366943359375,2683.800048828125,2483.8935546875,1797.4056396484375,809.3916625976562,2367.1796875,1242.260986328125,1822.74658203125,85.90750122070312,414.8559875488281,3069.34912109375,11499.349609375,244.79339599609372,1244.0067138671875,732.2816162109375,1793.0753173828125,3761.490966796875,767.0867919921875,270.908203125,49503.5,23526.5
2025-01-10,1039.010009765625,1698.9718017578125,719.9100341796875,76.56999969482422,737.4301147460938,1337.383056640625,2708.5,2375.019775390625,1853.423583984375,804.0289916992188,2373.643798828125,1229.9111328125,1869.9478759765625,85.91999816894531,410.0631408691406,3036.314208984375,11392.1474609375,244.6445770263672,1231.266845703125,715.71875,1752.282470703125,3972.716064453125,761.7277221679688,278.5544128417969,48734.1484375,23431.5
2025-01-13,1047.59619140625,1671.9080810546875,706.3673706054688,78.81999969482422,696.8892822265625,1318.3255615234375,2673.5,2238.081787109375,1848.128173828125,791.4596557617188,2382.343017578125,1210.1317138671875,1865.432373046875,86.18800354003906,404.6712036132813,2944.817626953125,11261.4892578125,237.8638916015625,1229.234375,702.4780883789062,1715.072998046875,3996.418212890625,738.4722290039062,270.4911804199219,48041.25,23085.94921875
2025-01-14,1049.9422607421875,1711.205322265625,724.5477294921875,77.5,709.0956420898438,1320.744873046875,2677.5,2296.84765625,1684.765869140625,799.1031494140625,2301.619140625,1220.5135498046875,1844.374755859375,86.65059661865234,402.4130859375,2993.75634765625,11499.9375,242.17971801757807,1228.143798828125,720.437255859375,1738.5865478515625,3942.3544921875,757.64697265625,271.4179992675781,48729.1484375,23176.05078125
2025-01-15,1025.1326904296875,1669.411376953125,708.9800415039062,80.04000091552734,720.4196166992188,1320.399169921875,2712.5,2295.802734375,1696.052978515625,797.3803100585938,2306.528076171875,1218.4962158203125,1853.501220703125,86.535400390625,403.1043701171875,2906.137939453125,11701.9501953125,240.1427154541016,1241.478515625,725.7816772460938,1724.8416748046875,3957.76806640625,750.8619995117188,271.23260498046875,48751.69921875,23213.19921875
2025-01-16,1036.314453125,1695.0770263671875,717.1145629882812,78.68000030517578,726.3511962890625,1286.3819580078125,2746.39990234375,2352.27978515625,1664.978271484375,801.7481079101562,2279.312255859375,1229.173095703125,1833.3466796875,86.43099975585938,398.9567260742188,2926.1162109375,11843.873046875,244.79339599609372,1255.6065673828125,737.9149169921875,1731.174072265625,3917.441650390625,761.4326782226562,266.9692687988281,49278.69921875,23311.80078125
2025-01-17,989.440673828125,1678.3992919921875,709.4443359375,77.87999725341797,734.3416748046875,1292.948486328125,2744.300048828125,2396.0185546875,1678.7261962890625,794.3229370117188,2288.06005859375,1205.900390625,1725.9193115234375,86.6061019897461,405.7312316894531,2864.022216796875,11887.017578125,247.94659423828125,1291.19921875,735.79638671875,1754.00048828125,3911.75048828125,766.7426147460938,261.3157043457031,48540.6015625,23203.19921875
2025-01-20,986.445556640625,1732.8763427734375,734.9295043945312,77.87999725341797,745.7146606445312,1285.987060546875,2744.300048828125,2416.469482421875,1685.5765380859375,801.3598022460938,2279.506591796875,1213.2806396484375,1723.87548828125,86.56900024414062,403.4269409179688,2835.306884765625,11773.1064453125,250.5416717529297,1294.272705078125,750.38525390625,1745.8516845703125,3867.64697265625,761.4326782226562,278.2763977050781,49350.80078125,23344.75
2025-01-21,968.62451171875,1714.70068359375,720.265625,75.88999938964844,723.458984375,1271.9654541015625,2755.0,2354.46923828125,1691.3946533203125,797.0648803710938,2274.938232421875,1177.0677490234375,1711.896728515625,86.21109771728516,403.2886657714844,2769.727783203125,11639.55859375,247.2303771972656,1262.7945556640625,730.9334716796875,1730.5849609375,3827.85888671875,748.0595703125,276.5154724121094,48570.8984375,23024.650390625
2025-01-22,957.7422485351562,1740.965576171875,730.6869506835938,75.44000244140625,699.83056640625,1279.9637451171875,2767.60009765625,2229.77197265625,1715.1363525390625,808.5423583984375,2277.319580078125,1181.2991943359375,1764.8974609375,86.45189666748047,402.78173828125,2774.78369140625,11773.400390625,245.6026153564453,1266.1654052734375,725.5409545898438,1766.174560546875,3942.38623046875,730.35986328125,286.4787292480469,48724.3984375,23155.349609375
2025-01-23,949.505615234375,1743.8116455078125,735.2406005859375,74.62000274658203,701.0560913085938,1273.1998291015625,2763.10009765625,2214.943603515625,1695.71142578125,807.9843139648438,2256.66455078125,1182.5784912109375,1773.45361328125,86.47270202636719,405.7312316894531,2833.686767578125,11798.2802734375,244.6724853515625,1252.83056640625,718.2706298828125,1800.1932373046875,3931.810546875,739.9472045898438,294.4493408203125,48589.0,23205.349609375
2025-01-24,946.959716796875,1726.385009765625,734.78125,74.66000366210938,681.6436157226562,1209.0164794921875,2777.300048828125,2144.633544921875,1682.4329833984375,800.6561889648438,2301.76513671875,1189.90966796875,1782.96044921875,86.44020080566406,407.0215759277344,2750.191650390625,11722.029296875,238.58941650390625,1235.6292724609375,716.58544921875,1789.0008544921875,3938.355224609375,721.8541259765625,296.6737060546875,48367.80078125,23092.19921875
2025-01-27,946.5603637695312,1709.307861328125,720.6409301757812,73.16999816894531,690.1243286132812,1182.6025390625,2737.5,2085.66845703125,1606.5152587890625,790.9500732421875,2325.82177734375,1208.3603515625,1732.1463623046875,86.2030029296875,405.6390075683594,2779.83984375,11747.4453125,233.25970458984372,1218.82421875,721.4483642578125,1754.2950439453125,3855.648681640625,701.1552734375,285.41290283203125,48064.6484375,22829.150390625
2025-01-28,982.2024536132812,1766.5810546875,751.376220703125,73.7699966430664,712.527099609375,1166.4085693359375,2766.800048828125,2150.5546875,1588.9669189453125,810.6533813476562,2321.933837890625,1227.00830078125,1739.5142822265625,86.46839904785156,401.3531188964844,2818.126953125,11874.6767578125,231.3064117431641,1223.8311767578125,724.5298461914062,1674.42724609375,3832.07958984375,716.1017456054688,286.9725341796875,48866.8515625,22957.25
2025-01-29,981.8031616210938,1788.00244140625,766.4945068359375,72.62000274658203,730.8121948242188,1166.359130859375,2769.10009765625,2226.786376953125,1613.131103515625,814.0020141601562,2317.1708984375,1231.682373046875,1788.4744873046875,86.58460235595703,399.4175415039063,2870.894287109375,11731.82421875,233.83639526367188,1224.921630859375,730.355712890625,1703.7333984375,3888.512939453125,739.9472045898438,295.3378295898437,49165.94921875,23163.099609375
2025-01-30,983.1009521484376,1742.8629150390625,780.5211181640625,72.7300033569336,735.37109375,1179.4921875,2823.0,2277.3916015625,1607.5943603515625,820.8933715820312,2341.2763671875,1235.5694580078125,1768.224853515625,86.6406021118164,402.0444030761719,2917.133056640625,11753.46875,238.7847137451172,1242.3214111328125,734.3519897460938,1707.4149169921875,3888.75,685.2254638671875,292.0767517089844,49311.94921875,23249.5
2025-01-31,984.4987182617188,1733.7750244140625,778.8863525390625,72.52999877929688,730.468994140625,1202.054931640625,2812.5,2318.244140625,1619.1839599609375,824.4118041992188,2399.644287109375,1232.814208984375,1787.095947265625,86.64700317382812,412.4595642089844,2935.197021484375,12057.7373046875,244.2632293701172,1254.2681884765625,744.2705078125,1712.176513671875,3900.463623046875,704.1543579101562,294.81793212890625,49587.19921875,23508.400390625
2025-02-01,996.5291137695312,1751.651123046875,790.2459716796875,72.52999877929688,745.763671875,1189.810791015625,2812.5,2348.796630859375,1589.6707763671875,820.6264038085938,2435.850830078125,1235.520263671875,1760.049072265625,86.64700317382812,426.3310852050781,3020.50830078125,12651.140625,239.5567321777344,1253.7724609375,737.6260375976562,1710.4583740234375,3863.236572265625,694.7637329101562,288.1068115234375,49587.19921875,23482.150390625
2025-02-03,987.7933959960938,1792.4464111328125,832.2964477539062,73.16000366210938,733.9985961914062,1188.724609375,2833.89990234375,2308.591064453125,1587.7939453125,814.3417358398438,2373.54638671875,1233.0108642578125,1771.40966796875,86.55400085449219,418.773193359375,3115.29345703125,12870.0,231.60406494140625,1235.232666015625,732.7631225585938,1708.8875732421875,3858.96826171875,675.9823608398438,296.42486572265625,49210.55078125,23361.05078125
2025-02-04,1013.6513061523438,1810.82177734375,837.1909790039062,72.69999694824219,747.2833862304688,1204.622314453125,2853.300048828125,2378.353759765625,1625.8465576171875,835.161376953125,2369.755615234375,1247.9683837890625,1805.158935546875,86.94339752197266,419.5105285644531,3130.755615234375,12840.6162109375,236.3477783203125,1274.196044921875,750.3370971679688,1733.0885009765625,3895.38916015625,698.697021484375,298.9297180175781,50157.94921875,23739.25
2025-02-05,1011.654541015625,1794.3438720703125,840.5593872070312,71.02999877929688,748.4598999023438,1212.126953125,2871.60009765625,2290.279541015625,1607.35986328125,843.363037109375,2324.072265625,1247.476318359375,1803.4952392578125,87.13009643554688,413.0586853027344,3120.643798828125,12817.94140625,243.37030029296875,1267.2559814453125,737.6741943359375,1720.81640625,3880.261474609375,705.0885009765625,299.733154296875,50343.05078125,23696.30078125
2025-02-06,1019.0425415039062,1785.6055908203125,840.346923828125,70.61000061035156,749.09716796875,1221.112548828125,2856.0,2239.37548828125,1617.35400390625,846.299072265625,2306.236083984375,1252.1014404296875,1821.1781005859373,87.33409881591797,406.5607299804688,3082.55322265625,12805.404296875,238.25454711914065,1270.577392578125,724.3853759765625,1720.5693359375,3872.341796875,697.81201171875,300.53662109375,50382.1015625,23603.349609375
2025-02-07,1022.43701171875,1795.9417724609375,837.0823364257812,71.0,742.6263427734375,1224.8154296875,2867.300048828125,2186.331787109375,1619.37158203125,840.9121704101562,2297.634033203125,1236.8487548828125,1809.769775390625,87.58830261230469,397.1133117675781,3139.983642578125,12781.408203125,236.12008666992188,1255.8544921875,709.8928833007812,1728.2733154296875,3821.741455078125,694.9603881835938,300.5838623046875,50158.8515625,23559.94921875
2025-02-10,1010.1070556640624,1789.999755859375,818.5660400390625,72.31999969482422,716.6449584960938,1205.6097412109375,2914.300048828125,2112.63818359375,1627.0665283203125,832.6619873046875,2295.301513671875,1242.4576416015625,1787.5712890625,87.51309967041016,393.7491149902344,3079.902587890625,12635.7138671875,230.00125122070312,1242.916259765625,709.5076904296875,1710.7911376953125,3828.902099609375,684.3897094726562,301.5763854980469,49981.0,23381.599609375
2025-02-11,1005.76416015625,1742.5133056640625,809.122802734375,73.31999969482422,695.2225341796875,1194.5999755859375,2912.5,2016.2042236328125,1617.072509765625,825.6979370117188,2250.395751953125,1232.764892578125,1783.150634765625,87.49009704589844,385.5459899902344,3029.5400390625,12462.9375,226.6809539794922,1224.2772216796875,704.0187377929688,1678.839111328125,3759.28515625,666.4441528320312,295.85772705078125,49403.3984375,23071.80078125
2025-02-12,1005.2649536132812,1786.3045654296875,811.3799438476562,71.37000274658203,666.7410278320312,1200.5738525390625,2909.0,1920.467041015625,1611.535888671875,828.3185424804688,2267.162109375,1231.830078125,1771.26708984375,86.81120300292969,383.7671508789063,2932.59521484375,12395.5517578125,225.21055603027344,1206.1339111328125,705.992919921875,1673.01171875,3746.575439453125,672.9340209960938,293.2110900878906,49479.44921875,23045.25
2025-02-13,1006.5628051757812,1846.7735595703125,830.636962890625,71.29000091552734,667.329345703125,1208.2264404296875,2925.89990234375,2015.9554443359373,1598.2103271484375,823.9022216796875,2256.470458984375,1228.976318359375,1752.348388671875,86.8740005493164,383.5798950195313,2923.563232421875,12410.978515625,222.88633728027344,1205.687744140625,700.6965942382812,1724.8658447265625,3708.636962890625,672.4423217773438,291.65142822265625,49359.8515625,23031.400390625
2025-02-14,995.8801879882812,1838.8343505859373,828.9873046875,70.73999786376953,660.1231689453125,1182.0101318359375,2883.60009765625,1958.682373046875,1605.8583984375,822.5191040039062,2253.40869140625,1239.9976806640625,1764.849853515625,86.75409698486328,384.0948486328125,2888.810546875,12419.744140625,218.6648406982422,1206.827880859375,695.400390625,1679.5799560546875,3732.06396484375,669.2957763671875,291.22607421875,49099.44921875,22929.25
2025-02-17,991.3375854492188,1892.3125,832.37548828125,70.73999786376953,661.5447998046875,1183.8861083984375,2883.60009765625,1964.553955078125,1604.5916748046875,833.4384765625,2264.149169921875,1231.1904296875,1751.4453125,86.43460083007812,382.5500183105469,2780.18310546875,12500.6962890625,221.6530914306641,1214.412353515625,700.7447509765625,1693.111328125,3703.2783203125,675.146484375,288.6266784667969,49258.8984375,22959.5
2025-02-18,992.53564453125,1891.1640625,836.2575073242188,71.8499984741211,658.9466552734375,1182.355712890625,2931.60009765625,1966.34521484375,1619.2308349609375,836.2047119140625,2231.684814453125,1223.2196044921875,1760.619384765625,86.85479736328125,379.4136352539063,2739.049072265625,12523.517578125,224.45162963867188,1214.908203125,698.9151000976562,1680.6663818359375,3673.59130859375,671.0166015625,295.1015014648437,49087.30078125,22945.30078125
2025-02-19,1009.7077026367188,1872.838623046875,833.644775390625,72.25,676.6434326171875,1151.2020263671875,2919.39990234375,2037.650634765625,1606.84375,838.21875,2187.362060546875,1241.5228271484375,1721.498779296875,86.88719940185547,380.49029541015625,2706.995849609375,12425.5234375,226.06434631347656,1216.9405517578125,700.3595581054688,1655.9739990234375,3589.0830078125,669.6399536132812,296.8974914550781,49570.1015625,22932.900390625
2025-02-20,1015.5482177734376,1878.730712890625,829.693603515625,72.56999969482422,681.300537109375,1156.2379150390625,2940.0,2066.958984375,1583.6180419921875,818.7579956054688,2185.077880859375,1230.009521484375,1735.14111328125,86.872802734375,376.4176025390625,2787.5458984375,12185.0673828125,229.4794921875,1222.4429931640625,702.6707153320312,1648.7637939453125,3584.625,678.2930908203125,296.1412658691406,49334.55078125,22913.150390625
2025-02-21,1007.3115844726562,1876.833251953125,829.4219360351562,70.4000015258789,672.8197631835938,1137.32861328125,2937.60009765625,1981.7706298828125,1595.958251953125,821.378662109375,2178.857177734375,1213.2806396484375,1725.4915771484375,86.45120239257812,375.3409423828125,2620.555419921875,12070.2744140625,227.58218383789065,1217.634521484375,695.255859375,1623.528076171875,3590.88525390625,661.9700317382812,289.5718994140625,48981.19921875,22795.900390625
2025-02-24,1008.4097900390624,1855.312255859375,825.2979125976562,70.69999694824219,660.515380859375,1149.91845703125,2947.89990234375,2023.568603515625,1542.797119140625,813.9049682617188,2178.66259765625,1198.9136962890625,1677.1016845703125,86.52940368652344,376.2771911621094,2659.6767578125,12091.5771484375,222.3171539306641,1204.1510009765625,689.8633422851562,1619.3304443359375,3486.175048828125,657.1026000976562,278.8907775878906,48651.94921875,22553.349609375
2025-02-25,1007.4613037109376,1872.5889892578125,838.51953125,68.93000030517578,643.946044921875,1113.975830078125,2904.5,1977.491455078125,1535.3367919921875,816.4528198242188,2196.0126953125,1204.6212158203125,1680.524169921875,86.69010162353516,379.03912353515625,2727.072021484375,12220.0322265625,221.03646850585935,1193.6912841796875,684.5670776367188,1593.7489013671875,3442.498046875,650.5635375976562,275.3461303710937,48608.3515625,22547.55078125
2025-02-27,1015.0490112304688,1922.971435546875,859.9151611328125,70.3499984741211,629.827880859375,1111.408447265625,2883.199951171875,1929.92138671875,1528.861572265625,825.358154296875,2182.064453125,1202.9482421875,1677.2918701171875,87.16220092773438,375.9963073730469,2676.7099609375,12126.25,219.13916015625,1196.7647705078125,677.8263549804688,1627.23193359375,3426.373779296875,637.7312622070312,278.37091064453125,48743.80078125,22545.05078125
2025-02-28,1013.90087890625,1869.7928466796875,842.6189575195312,69.76000213623047,623.1119384765625,1102.4720458984375,2836.800048828125,1926.985595703125,1478.0465087890625,840.7423706054688,2128.89697265625,1184.8909912109375,1604.469482421875,87.3270034790039,369.8170776367188,2537.845703125,11700.431640625,213.68438720703125,1189.82470703125,663.28564453125,1573.6494140625,3303.737548828125,610.296630859375,262.4437561035156,48344.69921875,22124.69921875
2025-03-03,1005.6143188476562,1836.0880126953125,852.2548217773438,68.37000274658203,634.6320190429688,1105.5330810546875,2890.199951171875,1993.1158447265625,1475.559814453125,825.770751953125,2115.872314453125,1186.9573974609375,1624.3388671875,87.46399688720703,372.1109008789063,2564.155517578125,11533.6796875,213.570556640625,1161.2216796875,669.544921875,1565.599609375,3313.032470703125,610.788330078125,268.0206298828125,48114.30078125,22119.30078125
2025-03-04,1000.1731567382812,1787.902587890625,848.115966796875,68.26000213623047,630.7102661132812,1106.0762939453125,2909.60009765625,1998.73876953125,1440.932373046875,829.8715209960938,2096.918701171875,1191.0904541015625,1605.0399169921875,87.32959747314453,369.6766662597656,2565.5791015625,11377.603515625,215.1168670654297,1151.9517822265625,689.5262451171875,1547.2283935546875,3350.022705078125,608.870849609375,264.6650390625,48245.19921875,22082.650390625
2025-03-05,1012.802734375,1799.38720703125,819.7415161132812,66.30999755859375,648.4070434570312,1112.2476806640625,2915.300048828125,2065.31689453125,1476.075927734375,820.1654052734375,2109.651611328125,1196.3057861328125,1627.0958251953125,87.21700286865234,379.2263488769531,2676.7587890625,11378.6806640625,217.1849365234375,1165.5345458984375,703.2965698242188,1562.9820556640625,3364.249755859375,630.1104736328125,269.4857177734375,48489.94921875,22337.30078125
2025-03-06,1032.4207763671875,1842.9786376953125,830.8197021484375,66.36000061035156,652.2797241210938,1125.7755126953125,2916.60009765625,2054.966796875,1487.8060302734375,820.7477416992188,2156.79296875,1198.618408203125,1631.231201171875,86.88929748535156,379.8349609375,2692.27001953125,11426.7236328125,220.65701293945312,1199.243408203125,704.93359375,1594.14404296875,3415.98828125,628.979736328125,270.2419128417969,48627.69921875,22544.69921875
2025-03-07,1035.9649658203125,1842.8289794921875,830.1924438476562,67.04000091552734,653.9954833984375,1119.01171875,2904.699951171875,1998.6888427734373,1461.9998779296875,819.8013916015625,2142.79638671875,1195.17431640625,1602.853271484375,87.12879943847656,378.1496887207031,2677.986328125,11424.51953125,220.93212890625,1239.0992431640625,705.6077270507812,1589.501953125,3425.093505859375,637.4853515625,269.2021484375,48497.5,22552.5
2025-03-10,1034.16796875,1837.885498046875,824.0780639648438,66.02999877929688,634.4359130859375,1106.12548828125,2891.0,1964.6534423828125,1453.882568359375,818.9521484375,2184.786376953125,1195.469482421875,1617.5413818359375,87.07379913330078,379.1795349121094,2653.19775390625,11348.0234375,211.7301788330078,1227.7967529296875,701.9003295898438,1591.6746826171875,3404.654296875,637.3379516601562,265.5157470703125,48216.80078125,22460.30078125
2025-03-11,1023.9844970703124,1802.982421875,823.8655395507812,66.25,660.907470703125,1102.620361328125,2912.89990234375,2036.25732421875,1471.2900390625,817.9815673828125,2154.848876953125,1225.5321044921875,1579.6566162109375,87.3551025390625,380.3030700683594,2597.23974609375,11407.6728515625,215.0789337158203,1236.62060546875,702.8150634765625,1634.9359130859375,3391.0439453125,637.2395629882812,262.53826904296875,47853.94921875,22497.900390625
2025-03-12,1009.5579833984376,1817.013427734375,838.0899047851562,67.68000030517578,655.6132202148438,1091.2646484375,2939.10009765625,2008.4417724609373,1445.7183837890625,830.4296264648438,2131.47265625,1224.105224609375,1512.395751953125,87.20010375976562,386.1077575683594,2604.798828125,11400.962890625,212.87803649902344,1246.287109375,696.2670288085938,1656.2208251953125,3325.504638671875,657.1517944335938,253.84214782714844,48056.6484375,22470.5
2025-03-13,1008.5595703125,1805.029541015625,831.7678833007812,66.55000305175781,645.2206420898438,1094.029541015625,2984.300048828125,1959.627685546875,1440.2283935546875,828.221435546875,2113.8798828125,1230.1080322265625,1501.938232421875,87.3405990600586,385.7800598144531,2595.177978515625,11277.2578125,213.8551483154297,1237.215576171875,700.88916015625,1662.73974609375,3330.10498046875,644.5653076171875,249.5413360595703,48060.3984375,22397.19921875
2025-03-17,1032.470703125,1869.0936279296875,847.562744140625,67.58000183105469,642.7205200195312,1136.242431640625,3000.0,1964.056396484375,1449.9879150390625,830.065673828125,2110.42919921875,1248.755615234375,1511.63525390625,86.93900299072266,381.94146728515625,2655.700927734375,11316.3388671875,217.94386291503903,1228.2427978515625,696.3633422851562,1683.333251953125,3317.44287109375,650.022705078125,245.61862182617188,48354.1484375,22508.75
2025-03-18,1032.470703125,1869.0936279296875,847.562744140625,66.9000015258789,642.7205200195312,1136.242431640625,3035.10009765625,1964.056396484375,1449.9879150390625,830.065673828125,2110.42919921875,1248.755615234375,1511.63525390625,86.91639709472656,383.0181579589844,2655.700927734375,11316.3388671875,217.94386291503903,1228.2427978515625,696.3633422851562,1683.333251953125,3317.44287109375,650.022705078125,245.61862182617188,49314.5,22834.30078125
2025-03-19,1050.341552734375,1839.782958984375,862.5032348632812,67.16000366210938,683.8985595703125,1157.37353515625,3035.89990234375,2094.47607421875,1449.3310546875,846.42041015625,2138.422607421875,1292.152099609375,1508.3079833984375,86.57610321044922,377.3538208007813,2738.116455078125,11376.91796875,220.6285552978516,1236.471923828125,717.5001831054688,1711.0380859375,3316.874267578125,670.8690795898438,251.1482391357422,49702.6015625,22907.599609375
2025-03-20,1052.6378173828125,1849.3699951171875,857.37158203125,68.26000213623047,680.7122192382812,1172.2838134765625,3040.0,2098.70556640625,1465.80029296875,858.3831176757812,2179.586181640625,1300.6148681640625,1535.8778076171875,86.33709716796875,378.1965026855469,2776.403564453125,11489.2119140625,223.4934844970703,1258.2835693359375,721.7853393554688,1728.7178955078125,3379.52001953125,678.5389404296875,253.32223510742188,50062.8515625,23190.650390625
2025-03-21,1068.4122314453125,1844.7762451171875,880.72802734375,68.27999877929688,682.2809448242188,1185.0711669921875,3018.199951171875,2133.636474609375,1470.210693359375,859.15966796875,2183.27978515625,1321.6734619140625,1514.0118408203125,86.33609771728516,379.6944580078125,2750.633544921875,11491.7587890625,229.9727935791016,1265.4217529296875,725.3001708984375,1762.5465087890625,3393.699462890625,691.2237548828125,249.82489013671875,50593.55078125,23350.400390625
2025-03-24,1096.067138671875,1891.613525390625,897.9107666015625,69.11000061035156,692.1832275390625,1195.0936279296875,3013.10009765625,2178.569580078125,1505.3544921875,873.5489501953125,2192.99951171875,1336.4835205078125,1514.2021484375,85.98699951171875,384.703369140625,2723.9794921875,11677.3173828125,231.31040954589844,1290.9512939453125,751.8778076171875,1762.8427734375,3441.928955078125,701.5977783203125,254.6455535888672,51704.94921875,23658.349609375
2025-03-25,1116.7337646484375,1942.4454345703125,895.6585693359375,69.0,681.5946044921875,1163.1007080078125,3023.699951171875,2128.11328125,1524.826416015625,883.958740234375,2207.6767578125,1322.263916015625,1548.1414794921875,85.53209686279297,383.6735229492188,2685.9873046875,11625.0634765625,229.8115234375,1274.4439697265625,744.2222900390625,1743.0394287109375,3469.244384765625,698.4511108398438,256.157958984375,51607.94921875,23668.650390625
2025-03-26,1094.4698486328125,1940.7974853515625,875.7840576171875,69.6500015258789,667.13330078125,1149.9677734375,3020.89990234375,2120.450439453125,1532.802978515625,876.7277221679688,2183.03662109375,1314.58837890625,1520.571533203125,85.59040069580078,381.3797302246094,2692.123046875,11493.228515625,227.4114227294922,1262.150146484375,735.7001342773438,1737.310791015625,3448.426025390625,696.4353637695312,252.755126953125,51209.0,23486.849609375
2025-03-27,1096.56640625,2003.0640869140625,889.3959350585938,69.91999816894531,675.0256958007812,1147.597900390625,3060.199951171875,2115.971923828125,1529.753173828125,885.8514404296875,2181.773193359375,1315.326416015625,1524.469482421875,86.09539794921875,383.3458557128906,2683.041748046875,11481.1318359375,229.7356414794922,1267.2559814453125,743.6926879882812,1710.1490478515625,3463.0322265625,657.3975830078125,257.292236328125,51575.8515625,23591.94921875
2025-03-28,1100.21044921875,2004.661865234375,883.6420288085938,69.36000061035156,667.1823120117188,1129.823974609375,3086.5,2119.355712890625,1494.4219970703125,887.2344970703125,2195.5751953125,1326.8397216796875,1493.19189453125,85.69490051269531,383.626708984375,2617.0703125,11285.4375,233.7294769287109,1264.1824951171875,742.92236328125,1713.359130859375,3420.303955078125,663.19921875,247.88717651367188,51564.8515625,23519.349609375
2025-04-01,1083.837158203125,1934.505859375,859.2039794921875,71.19999694824219,650.122802734375,1137.7235107421875,3118.89990234375,2031.629638671875,1436.099609375,857.9464111328125,2171.27587890625,1297.4166259765625,1451.21923828125,85.46810150146484,380.724365234375,2589.68017578125,11245.2294921875,235.33270263671875,1241.8751220703125,743.1149291992188,1677.4564208984375,3367.806396484375,660.6425170898438,248.218017578125,50827.5,23165.69921875
2025-04-02,1082.68896484375,1928.3641357421875,856.34423828125,71.70999908447266,669.7803955078125,1135.55126953125,3139.89990234375,2136.472900390625,1433.4722900390625,872.0444946289062,2175.212158203125,1310.0125732421875,1473.703125,85.61009979248047,382.9713439941406,2589.336669921875,11475.4013671875,237.77073669433597,1240.437744140625,747.20751953125,1692.568115234375,3361.309326171875,660.6917114257812,249.1632537841797,51348.05078125,23332.349609375
2025-04-03,1088.0802001953125,1917.878173828125,848.970458984375,66.94999694824219,666.7410278320312,1136.98291015625,3097.0,2141.1005859375,1379.5601806640625,871.0496215820312,2181.676025390625,1308.3397216796875,1422.69873046875,85.65119934082031,383.2990112304688,2563.7138671875,11447.9765625,230.8170928955078,1238.0086669921875,750.3370971679688,1748.224853515625,3227.765625,643.0411987304688,242.310302734375,51597.3515625,23250.099609375
2025-04-04,1089.5279541015625,1909.7391357421875,861.2437744140625,61.9900016784668,641.15185546875,1096.0042724609375,3012.0,2058.002197265625,1334.5164794921875,881.94482421875,2181.676025390625,1313.998046875,1380.060546875,85.28289794921875,383.5798950195313,2549.086181640625,11246.111328125,214.4053649902344,1194.38525390625,739.0223999023438,1688.3209228515625,3129.362548828125,603.6100463867188,232.8107147216797,51502.69921875,22904.44921875
2025-04-07,1046.2481689453125,1850.1690673828125,846.3428344726562,60.70000076293945,596.150146484375,1074.2314453125,2951.300048828125,1917.8795166015625,1289.4727783203125,853.0205078125,2186.389892578125,1267.009765625,1327.8680419921875,85.529296875,380.16259765625,2445.7109375,11096.9892578125,208.5521697998047,1155.7191162109375,719.2335815429688,1645.8499755859375,3105.319091796875,570.0789184570312,229.596923828125,49860.1015625,22161.599609375
2025-04-08,1076.0997314453125,1900.6513671875,871.4575805664062,59.58000183105469,609.3859252929688,1094.029541015625,2968.39990234375,1965.051513671875,1316.921142578125,858.5773315429688,2225.123779296875,1279.1627197265625,1358.3375244140625,86.0270004272461,386.2481689453125,2477.518798828125,11223.486328125,215.02200317382807,1172.0780029296875,740.1296997070312,1667.579345703125,3123.244873046875,579.027099609375,233.7086944580078,50511.0,22535.849609375
2025-04-09,1059.926025390625,1893.161376953125,862.9180908203125,62.34999847412109,600.856201171875,1080.30419921875,3056.5,1963.8076171875,1295.0093994140625,856.5632934570312,2284.171875,1280.04833984375,1334.4752197265625,86.435302734375,389.7591247558594,2476.97900390625,11222.017578125,210.5443572998047,1175.2010498046875,714.7076416015625,1631.8740234375,3079.283447265625,573.1763916015625,223.6892242431641,50240.1484375,22399.150390625
2025-04-11,1067.214111328125,1943.6937255859373,881.221923828125,61.5,611.3958129882812,1095.56005859375,3222.199951171875,1939.02734375,1304.9095458984375,876.8247680664062,2299.869384765625,1290.7252197265625,1339.941650390625,86.2603988647461,394.6744079589844,2533.182373046875,11360.755859375,218.54150390625,1208.5133056640625,725.9260864257812,1666.7891845703125,3064.961669921875,585.1236572265625,226.61944580078125,51002.3515625,22828.55078125
2025-04-15,1110.9930419921875,1965.364501953125,902.9434814453124,61.33000183105469,649.8286743164062,1140.3896484375,3218.699951171875,2005.904052734375,1338.6453857421875,905.0452880859376,2295.35009765625,1328.66015625,1355.675537109375,86.0447998046875,393.59771728515625,2597.63232421875,11611.4482421875,220.74240112304688,1229.4822998046875,735.2186279296875,1684.0245361328125,3080.801025390625,611.82080078125,230.6366729736328,52379.5,23328.55078125
2025-04-16,1159.414306640625,1966.5628662109373,894.5966796875,62.470001220703125,643.4068603515625,1143.845703125,3326.60009765625,1990.677734375,1343.525146484375,911.4027709960938,2300.30712890625,1334.7613525390625,1343.41162109375,85.72669982910156,397.3895568847656,2586.440673828125,11424.3720703125,228.83441162109372,1228.689208984375,743.1630859375,1672.27099609375,3105.08154296875,605.7733764648438,234.08676147460935,53117.75,23437.19921875
2025-04-17,1188.8663330078125,2032.5745849609373,905.0672607421876,64.68000030517578,656.2994995117188,1148.9803466796875,3308.699951171875,1981.5218505859373,1349.4371337890625,925.3309936523438,2308.471923828125,1384.2589111328125,1349.49609375,85.62049865722656,400.010986328125,2630.421630859375,11454.7353515625,230.9878692626953,1263.5877685546875,767.9111328125,1729.952392578125,3128.888427734375,611.181640625,223.92552185058597,54290.19921875,23851.650390625
2025-04-21,1221.0140380859375,2100.68310546875,916.0317993164062,63.08000183105469,662.6723022460938,1162.60693359375,3406.199951171875,2034.864013671875,1390.7274169921875,935.231201171875,2285.14404296875,1387.3094482421875,1379.442626953125,85.62049865722656,395.89154052734375,2713.47509765625,11503.7080078125,236.95489501953125,1284.4078369140625,786.447998046875,1723.4337158203125,3150.41845703125,619.539794921875,225.39064025878903,55304.5,24125.55078125
2025-04-22,1214.8240966796875,2074.218505859375,914.7476806640624,64.30999755859375,671.5941772460938,1160.237060546875,3400.800048828125,2084.922119140625,1388.756591796875,952.0227661132812,2331.508056640625,1393.9024658203125,1352.6334228515625,85.15889739990234,405.9561767578125,2765.604736328125,11492.9345703125,235.05758666992188,1280.144775390625,791.9369506835938,1725.903076171875,3143.58935546875,620.3264770507812,221.32614135742188,55647.19921875,24167.25
2025-04-23,1204.940185546875,2097.98681640625,920.92138671875,62.27000045776367,674.2413940429688,1171.098876953125,3276.300048828125,2142.0458984375,1495.8294677734375,933.67822265625,2355.905029296875,1401.676513671875,1402.1639404296875,85.2323989868164,403.3815002441406,2864.4638671875,11662.3798828125,239.22218322753903,1288.869384765625,783.3184204101562,1766.793701171875,3237.108154296875,648.8919677734375,230.25860595703125,55370.05078125,24328.94921875
2025-04-24,1205.139892578125,2102.18115234375,918.7482299804688,62.790000915527344,667.1823120117188,1185.416748046875,3332.0,2135.27880859375,1488.979248046875,930.2326049804688,2260.1640625,1380.32275390625,1398.836669921875,85.4999008178711,402.6324768066406,2848.363525390625,11649.6474609375,236.56594848632807,1290.4556884765625,783.2703247070312,1781.7078857421875,3226.29541015625,657.200927734375,229.4551544189453,55201.3984375,24246.69921875
2025-04-25,1164.4061279296875,2042.7607421875,900.0789184570312,63.02000045776367,640.7597045898438,1160.0396728515625,3282.39990234375,2075.268798828125,1481.0025634765625,927.5148315429688,2266.87060546875,1382.3892822265625,1407.20263671875,85.2573013305664,400.5259399414063,2811.843505859375,11457.673828125,233.6820373535156,1289.2659912109375,769.0667114257812,1765.410888671875,3270.30419921875,644.3195190429688,227.7064514160156,54664.05078125,24039.349609375
2025-04-28,1190.8631591796875,2046.9552001953125,898.2020874023438,62.04999923706055,650.9071655273438,1183.6392822265625,3332.5,2111.195068359375,1470.656005859375,931.882568359375,2253.65185546875,1406.00634765625,1409.0087890625,85.38490295410156,401.4621887207031,2877.030029296875,11602.6337890625,237.73280334472656,1357.0804443359375,787.073974609375,1818.944091796875,3266.0361328125,657.0043334960938,227.32835388183597,55432.80078125,24328.5
2025-04-29,1185.3720703125,2064.132080078125,898.2020874023438,60.41999816894531,645.9559326171875,1161.224609375,3318.800048828125,2089.00244140625,1489.3560791015625,926.3501586914062,2256.66455078125,1406.990478515625,1423.6494140625,85.1603012084961,398.8406982421875,2856.413818359375,11597.736328125,233.06539916992188,1387.7156982421875,782.4517211914062,1783.2882080078125,3293.541748046875,654.4967651367188,228.17906188964844,55391.25,24335.94921875
2025-04-30,1183.07568359375,1948.986572265625,852.9117431640625,58.209999084472656,661.1035766601562,1169.0252685546875,3305.0,2151.102294921875,1487.9320068359375,934.2120361328124,2276.493408203125,1404.2349853515625,1426.1212158203125,85.1707992553711,398.6534729003906,2875.262939453125,12005.189453125,231.8985595703125,1392.9703369140625,759.4371337890625,1809.758544921875,3275.71044921875,633.5029296875,228.2736053466797,55087.1484375,24334.19921875
2025-05-02,1181.478271484375,1964.0662841796875,876.0260620117188,58.290000915527344,671.8883666992188,1163.1007080078125,3231.89990234375,2205.738037109375,1492.5833740234375,932.7077026367188,2253.65185546875,1407.2855224609375,1432.5859375,84.69670104980469,402.1175537109375,2863.874755859375,12150.1494140625,230.2763671875,1407.6436767578125,767.1888427734375,1802.1531982421875,3254.1806640625,638.2720947265625,228.4437255859375,55115.3515625,24346.69921875
2025-05-05,1171.294921875,2023.486572265625,882.2987060546875,57.130001068115234,680.1729125976562,1156.5836181640625,3311.300048828125,2208.524658203125,1488.976318359375,939.9386596679688,2282.811279296875,1406.5968017578125,1434.2020263671875,84.52629852294922,409.0926208496094,2966.26806640625,12202.060546875,226.91812133789065,1419.0452880859375,760.737060546875,1814.0054931640625,3276.279541015625,650.5143432617188,230.2302398681641,54919.5,24461.150390625
2025-05-06,1159.5140380859375,2033.0738525390625,869.0127563476562,59.09000015258789,663.8978271484375,1145.820556640625,3411.39990234375,2078.453369140625,1498.9432373046875,937.4635620117188,2315.081298828125,1408.7615966796875,1436.958984375,84.2208023071289,407.7818298339844,3012.310791015625,12322.533203125,224.8311004638672,1408.7342529296875,745.4259643554688,1796.720703125,3281.685791015625,637.3870849609375,227.9805908203125,54271.3984375,24379.599609375
2025-05-07,1159.414306640625,2027.581298828125,887.68212890625,58.06999969482422,665.9567260742188,1146.1168212890625,3381.39990234375,2117.763427734375,1483.9453125,944.2093505859376,2304.3896484375,1412.5010986328125,1433.916748046875,84.79319763183594,403.6623840332031,3062.869384765625,12373.46484375,226.41534423828125,1393.9617919921875,747.3518676757812,1759.3858642578125,3267.553955078125,668.9515991210938,230.6744842529297,54610.8984375,24414.400390625
2025-05-08,1170.2965087890625,2003.313720703125,872.4700317382812,59.90999984741211,642.2303466796875,1133.5762939453125,3296.60009765625,2020.533447265625,1500.4619140625,935.91064453125,2288.934814453125,1412.599365234375,1436.864013671875,84.81719970703125,403.1474609375,2977.656494140625,12137.416015625,221.24517822265625,1394.9532470703125,740.5149536132812,1745.459228515625,3271.158203125,671.4590454101562,228.3397674560547,54365.6484375,24273.80078125
2025-05-09,1149.230712890625,1967.36181640625,854.7150268554688,61.02000045776367,619.3372802734375,1141.3770751953125,3335.39990234375,1990.876708984375,1489.7357177734375,917.0807495117188,2267.551025390625,1366.742919921875,1433.2513427734375,86.08219909667969,396.5469055175781,2927.588623046875,11998.3330078125,222.89584350585935,1365.4083251953125,750.38525390625,1723.3349609375,3263.0009765625,696.6812133789062,228.7556610107422,53595.25,24008.0
2025-05-12,1201.04638671875,2047.654052734375,892.0549926757812,61.95000076293945,667.1823120117188,1180.5782470703125,3220.0,2136.472900390625,1585.513916015625,949.8389282226562,2315.76171875,1425.39208984375,1546.6678466796875,85.4083023071289,407.7350463867188,3047.947265625,12356.814453125,231.4906311035156,1424.2005615234375,771.9555053710938,1665.455810546875,3433.8193359375,708.7760009765625,243.1893615722656,55382.8515625,24924.69921875
2025-05-13,1191.6617431640625,2015.497314453125,894.3795166015625,63.66999816894531,664.5841064453125,1191.9337158203125,3240.300048828125,2092.286376953125,1537.3873291015625,933.0473022460938,2293.891845703125,1407.777587890625,1491.2430419921875,84.9656982421875,400.61956787109375,2997.97802734375,12225.56640625,228.77749633789065,1403.57861328125,772.0518188476562,1679.0860595703125,3333.851318359375,695.8945922851562,237.7920837402344,54940.8515625,24578.349609375
2025-05-14,1193.5587158203125,2017.6944580078125,898.2371215820312,63.150001525878906,675.2218017578125,1204.671630859375,3181.39990234375,2108.90625,1554.568603515625,927.2236938476562,2284.657958984375,1403.44775390625,1513.8692626953125,85.060302734375,401.7430725097656,3045.1005859375,12409.705078125,233.37844848632807,1412.204345703125,771.0407104492188,1687.18505859375,3365.814453125,687.29052734375,239.0870513916016,54801.30078125,24666.900390625
2025-05-15,1207.1365966796875,2039.1656494140625,908.870361328125,61.619998931884766,695.1735229492188,1220.7669677734375,3220.699951171875,2138.562744140625,1609.909423828125,938.4827880859376,2289.226318359375,1427.6553955078125,1533.4534912109375,85.48760223388672,405.0667419433594,3086.823486328125,12685.9111328125,234.8963165283203,1441.7491455078125,777.82958984375,1718.692626953125,3395.40673828125,715.9542236328125,242.51824951171875,55355.6015625,25062.099609375
2025-05-16,1206.837158203125,2030.8765869140625,906.7437744140624,62.4900016784668,701.8894653320312,1215.2373046875,3182.0,2165.632080078125,1575.6417236328125,938.9195556640624,2314.6923828125,1430.8043212890625,1511.49267578125,85.44490051269531,407.9223327636719,3078.28271484375,12728.0283203125,234.5737762451172,1443.9302978515625,778.0751342773438,1713.5567626953125,3377.76513671875,718.5108642578125,240.38201904296875,55354.8984375,25019.80078125
2025-05-19,1200.846923828125,2035.570556640625,915.4976196289062,62.68999862670898,723.2138671875,1203.684326171875,3228.89990234375,2220.367431640625,1565.8646240234375,940.8607177734376,2315.9560546875,1425.8841552734375,1482.8770751953125,85.50029754638672,407.5946350097656,3070.821533203125,12722.150390625,233.919189453125,1428.4638671875,780.9237670898438,1708.91455078125,3337.455322265625,717.3308715820312,237.9622344970703,55420.69921875,24945.44921875
2025-05-20,1193.8582763671875,2002.414794921875,898.0393676757812,62.560001373291016,738.7536010742188,1208.81884765625,3280.300048828125,2158.566162109375,1555.1383056640625,929.3104858398438,2275.521728515625,1415.25634765625,1483.637451171875,85.37210083007812,407.1733093261719,3007.50048828125,12378.3623046875,236.46157836914065,1412.4024658203125,771.7393798828125,1686.7901611328125,3318.011962890625,706.90771484375,236.03396606445312,54877.3515625,24683.900390625
2025-05-21,1195.85498046875,2034.5718994140625,909.7605590820312,61.56999969482422,759.9799194335938,1209.3126220703125,3309.300048828125,2170.50830078125,1568.1427001953125,935.0856323242188,2297.682373046875,1421.652587890625,1491.1480712890625,85.53610229492188,405.3944396972656,3034.203125,12355.8349609375,235.91136169433597,1416.9630126953125,773.1636352539062,1710.494873046875,3344.094482421875,714.6759033203125,237.1776885986328,55075.1015625,24813.44921875
2025-05-22,1186.570068359375,1998.3203125,903.9741821289062,61.20000076293945,760.6171875,1206.8441162109375,3292.300048828125,2154.087890625,1550.107177734375,931.737060546875,2265.412841796875,1419.0941162109375,1471.18359375,85.60030364990234,398.934326171875,2951.34619140625,12189.3271484375,229.26129150390625,1397.332763671875,771.346435546875,1697.555908203125,3297.8095703125,705.4818725585938,232.47042846679688,54941.30078125,24609.69921875
2025-05-23,1208.135009765625,2033.7728271484373,914.3106079101562,61.52999877929688,761.3035278320312,1214.644775390625,3363.60009765625,2171.901611328125,1564.53564453125,938.3856811523438,2293.1142578125,1426.67138671875,1487.6304931640625,85.97489929199219,408.4840393066406,2957.629150390625,12197.162109375,231.6993560791016,1414.5838623046875,776.5034790039062,1662.8876953125,3333.471923828125,706.2685546875,233.8126678466797,55398.25,24853.150390625
2025-05-26,1213.2265625,2049.851318359375,916.8824462890624,61.52999877929688,762.5780639648438,1225.30908203125,3363.60009765625,2236.09130859375,1588.646240234375,941.588623046875,2327.03662109375,1437.2989501953125,1502.55615234375,85.19930267333984,414.6632690429688,3023.895263671875,12165.8203125,233.31207275390625,1422.5152587890625,780.33447265625,1655.47998046875,3355.002197265625,716.8392333984375,236.53494262695312,55572.0,25001.150390625
2025-05-27,1193.658447265625,2027.181640625,907.139404296875,60.88999938964844,758.9014282226562,1227.5802001953125,3299.10009765625,2234.7978515625,1568.2376708984375,934.8429565429688,2313.526123046875,1423.3255615234375,1492.6690673828125,85.158203125,406.2370300292969,2984.23388671875,12158.9638671875,231.9839324951172,1409.9239501953125,779.6468505859375,1662.6903076171875,3318.391357421875,704.4985961914062,234.6539306640625,55352.80078125,24826.19921875
2025-05-28,1192.7598876953125,2019.6917724609373,916.6846313476562,61.84000015258789,756.8915405273438,1226.98779296875,3293.60009765625,2221.36279296875,1573.173828125,933.4840698242188,2295.8359375,1430.6075439453125,1494.2852783203125,85.3604965209961,400.65911865234375,2943.00146484375,12077.6689453125,230.2099609375,1400.8028564453125,782.4463500976562,1645.8994140625,3317.44287109375,705.9735717773438,233.8788146972656,55417.0,24752.44921875
2025-05-29,1199.74853515625,2008.2071533203125,910.403564453125,60.93999862670898,778.2159423828125,1232.5174560546875,3317.10009765625,2228.62744140625,1580.1981201171875,935.42529296875,2300.404296875,1433.264404296875,1507.4046630859375,85.38590240478516,399.2765197753906,2953.99658203125,12137.416015625,230.5609588623047,1405.660888671875,783.232177734375,1678.8885498046875,3317.822509765625,712.3651123046875,236.44039916992188,55546.05078125,24833.599609375
2025-05-30,1190.2640380859375,2014.698486328125,912.4410400390624,60.790000915527344,782.2356567382812,1235.479736328125,3288.89990234375,2233.00634765625,1553.5244140625,943.86962890625,2282.519775390625,1422.7352294921875,1506.5369873046875,85.36129760742188,398.6090698242188,2922.385498046875,12065.916015625,227.10784912109372,1408.7342529296875,797.91748046875,1656.9615478515625,3284.91064453125,707.4976806640625,235.9961395263672,55749.69921875,24750.69921875
2025-06-02,1192.46044921875,2026.282958984375,906.2788696289062,62.52000045776367,794.834228515625,1232.0235595703125,3370.60009765625,2270.62451171875,1548.683349609375,937.6576538085938,2305.167236328125,1427.360107421875,1497.9569091796875,85.52429962158203,399.8009338378906,2970.587890625,12037.51171875,226.0738220214844,1401.5958251953125,799.2435913085938,1653.9984130859375,3272.011474609375,699.7294311523438,234.11512756347656,55903.3984375,24716.599609375
2025-06-03,1179.5814208984375,1989.232666015625,892.4141845703125,63.40999984741211,788.8045654296875,1232.6162109375,3350.199951171875,2273.410888671875,1547.6392822265625,934.0179443359376,2286.40771484375,1414.961181640625,1487.5450439453125,85.36370086669922,397.5602722167969,2990.811279296875,11878.83984375,225.0872344970703,1393.466064453125,795.4617309570312,1646.98583984375,3229.710205078125,692.1087646484375,232.73509216308597,55599.94921875,24542.5
2025-06-04,1169.098388671875,1953.4805908203125,893.2092895507812,62.84999847412109,787.6771240234375,1236.1708984375,3373.5,2252.91015625,1543.5576171875,942.073974609375,2298.265869140625,1408.171142578125,1495.4503173828125,85.70880126953125,397.60791015625,2997.5849609375,11913.12109375,225.82717895507807,1411.3118896484375,792.2201538085938,1644.41796875,3235.164306640625,703.3157958984375,233.34005737304688,55676.8515625,24620.19921875
2025-06-05,1157.117919921875,1941.396728515625,887.941650390625,63.369998931884766,809.5407104492188,1274.384765625,3350.699951171875,2300.878173828125,1549.537841796875,946.1505126953124,2309.83251953125,1431.5916748046875,1498.43896484375,85.9041976928711,399.6102600097656,2986.0009765625,11876.880859375,225.56155395507807,1430.0501708984375,791.72900390625,1662.3939208984375,3225.786865234375,704.3075561523438,234.36090087890625,55760.8515625,24750.900390625
2025-06-06,1192.66015625,1987.3350830078125,931.4243774414062,64.58000183105469,863.12109375,1304.303955078125,3322.699951171875,2455.132568359375,1554.568603515625,960.2728881835938,2322.857421875,1436.413330078125,1507.5975341796875,85.87750244140625,401.4695739746094,3049.71435546875,12205.978515625,227.7339630126953,1431.140625,798.6541748046875,1658.5418701171875,3238.32177734375,705.1505737304688,234.9752960205078,56578.3984375,25003.05078125
2025-06-09,1217.9190673828125,2014.698486328125,954.880126953125,65.29000091552734,861.4053344726562,1302.5264892578125,3332.10009765625,2455.43115234375,1564.630615234375,960.3700561523438,2326.161865234375,1411.91064453125,1516.3704833984375,85.7853012084961,403.3765563964844,3030.963623046875,12377.3828125,230.3332977294922,1436.3953857421875,805.5302734375,1673.554931640625,3274.39697265625,711.8945922851562,237.5274200439453,56839.6015625,25103.19921875
2025-06-10,1230.798095703125,1995.4241943359373,943.9473266601562,64.9800033569336,851.0128173828125,1331.853515625,3320.89990234375,2446.176025390625,1583.4256591796875,953.7698974609376,2328.10595703125,1400.200439453125,1538.6402587890625,85.75599670410156,407.1428833007813,3011.427490234375,12262.787109375,232.1167449951172,1426.1834716796875,802.5833740234375,1668.02392578125,3313.62939453125,726.2257690429688,240.91136169433597,56629.1015625,25104.25
2025-06-11,1229.400390625,2010.2044677734373,936.7416381835938,68.1500015258789,851.5520629882812,1334.12451171875,3321.300048828125,2435.92529296875,1634.4947509765625,946.538818359375,2309.83251953125,1408.171142578125,1572.4786376953125,85.65280151367188,406.3323974609375,3024.38623046875,12196.1826171875,234.6212158203125,1436.4945068359375,800.6187744140625,1669.8016357421875,3322.24169921875,730.3416137695312,244.73956298828125,56459.75,25141.400390625
2025-06-12,1210.930419921875,2026.083251953125,931.1261596679688,68.04000091552734,831.257080078125,1345.578857421875,3380.89990234375,2377.209228515625,1614.84521484375,943.1416625976562,2267.356689453125,1402.4637451171875,1550.7874755859375,85.46980285644531,401.421875,2964.01025390625,12135.45703125,235.1524658203125,1429.2569580078125,791.679931640625,1666.6409912109375,3286.16650390625,709.4647827148438,245.3917388916016,56082.55078125,24888.19921875
2025-06-13,1203.842041015625,2008.3070068359373,927.3990478515624,72.9800033569336,834.5906372070312,1345.38134765625,3431.199951171875,2390.4453125,1609.244873046875,930.6207885742188,2254.04052734375,1393.5089111328125,1544.4246826171875,85.68840026855469,394.6520690917969,2951.051513671875,12153.087890625,238.59605407714844,1415.67431640625,778.3206787109375,1667.0362548828125,3297.1708984375,706.19189453125,245.9588928222656,55527.3515625,24718.599609375
2025-06-16,1213.4263916015625,2025.48388671875,932.2691650390624,71.7699966430664,842.18896484375,1329.8785400390625,3396.39990234375,2422.689453125,1635.5386962890625,939.2592163085938,2262.204833984375,1404.1365966796875,1565.441162109375,86.24919891357422,398.7521362304688,2968.330078125,12272.5810546875,243.6049652099609,1425.489501953125,778.4680786132812,1664.56689453125,3345.58984375,681.0009155273438,248.49212646484372,55944.8984375,24946.5
2025-06-17,1213.1268310546875,2000.6173095703125,917.3607788085938,74.83999633789062,834.7866821289062,1302.23046875,3386.60009765625,2443.886962890625,1641.8035888671875,936.4444580078124,2263.37158203125,1400.4957275390625,1580.962646484375,86.10420227050781,397.98931884765625,2952.2294921875,12336.2451171875,239.35499572753903,1418.9459228515625,778.2716064453125,1629.8985595703125,3363.77099609375,669.1987915039062,248.51104736328125,55714.1484375,24853.400390625
2025-06-18,1219.017333984375,1978.7467041015625,913.38525390625,75.13999938964844,828.266845703125,1296.799560546875,3389.800048828125,2449.5595703125,1628.7991943359375,938.5313110351562,2232.9482421875,1390.0648193359375,1574.214111328125,86.36270141601562,396.5590515136719,2985.510009765625,12486.1025390625,237.50511169433597,1417.85546875,777.8787231445312,1627.7257080078125,3302.625244140625,664.73583984375,247.2633209228516,55828.75,24812.05078125
2025-06-19,1215.52294921875,1964.965087890625,894.9982299804688,75.13999938964844,823.4627685546875,1309.4385986328125,3389.800048828125,2368.650634765625,1626.9007568359375,939.2107543945312,2229.93505859375,1388.78564453125,1560.2352294921875,86.61360168457031,396.6544189453125,3038.228271484375,12542.9111328125,238.64349365234372,1421.028076171875,771.1990356445312,1627.3306884765625,3276.406494140625,666.7689208984375,251.03477478027344,55577.44921875,24793.25
2025-06-20,1218.7177734375,1983.5401611328125,899.4707641601562,74.93000030517578,837.5319213867188,1308.648681640625,3368.10009765625,2420.301025390625,1651.580810546875,953.4786376953124,2241.59912109375,1404.33349609375,1564.573486328125,86.58380126953125,399.0858154296875,3126.1904296875,12528.21875,238.95655822753903,1453.6463623046875,782.053466796875,1644.6153564453125,3287.60205078125,670.6369018554688,251.9422149658203,56252.8515625,25112.400390625
2025-06-23,1212.12841796875,1994.9249267578125,909.9066162109376,68.51000213623047,835.7671508789062,1301.3416748046875,3377.699951171875,2389.5498046875,1616.74365234375,945.5682373046876,2234.62548828125,1397.445068359375,1527.071533203125,86.5802993774414,394.6520690917969,3077.693603515625,12438.1083984375,238.4727325439453,1444.326904296875,776.2088012695312,1642.0474853515625,3247.317138671875,665.7276000976562,248.82293701171875,56059.3515625,24971.900390625
2025-06-24,1219.2169189453125,2006.5093994140625,910.9005126953124,64.37000274658203,832.8748779296875,1320.498046875,3317.39990234375,2387.1611328125,1605.9224853515625,951.634521484375,2222.839111328125,1401.38134765625,1524.7576904296875,86.23300170898438,395.0811767578125,3092.517578125,12351.9169921875,231.39578247070312,1438.378173828125,781.3167114257812,1641.2572021484375,3244.254638671875,668.1078491210938,250.45822143554688,56461.8984375,25044.349609375
2025-06-25,1211.3297119140625,2009.10595703125,922.3302612304688,64.91999816894531,837.6299438476562,1324.743896484375,3327.10009765625,2391.739013671875,1629.9381103515625,961.0009155273438,2238.1611328125,1403.0543212890625,1556.8609619140625,85.90480041503906,396.9881286621094,3156.721923828125,12504.712890625,229.48899841308597,1454.737060546875,785.8843383789062,1649.06005859375,3296.3095703125,668.9508666992188,254.6550445556641,56621.1484375,25244.75
2025-06-26,1231.4969482421875,2050.85009765625,945.6866455078124,65.23999786376953,830.5218505859375,1304.8963623046875,3333.5,2380.095458984375,1636.582763671875,981.1895751953124,2240.223876953125,1416.14208984375,1557.9215087890625,86.006103515625,400.7544250488281,3157.0166015625,12453.7802734375,232.1641998291016,1482.4971923828125,782.9375,1649.257568359375,3293.439208984375,677.1329956054688,253.8137969970703,57206.69921875,25549.0
2025-06-27,1223.110595703125,2042.25732421875,941.2141723632812,65.5199966430664,829.2472534179688,1284.654052734375,3273.699951171875,2350.936279296875,1635.823486328125,988.5982666015624,2265.859375,1438.87353515625,1550.208984375,85.66639709472656,399.1811828613281,3144.744873046875,12382.2802734375,230.3617401123047,1502.425048828125,791.1396484375,1666.838623046875,3292.76953125,681.2488403320312,250.5338134765625,57443.8984375,25637.80078125
2025-06-30,1197.2525634765625,2054.2470703125,930.7783203125,65.11000061035156,821.40380859375,1267.176513671875,3294.39990234375,2331.82861328125,1640.8544921875,982.023681640625,2253.778564453125,1422.7352294921875,1544.2318115234375,85.4552993774414,397.08349609375,3125.012451171875,12145.2509765625,231.6708984375,1487.7518310546875,805.824951171875,1655.0849609375,3312.7685546875,682.3397827148438,251.4128875732422,57312.75,25517.05078125
2025-07-01,1171.394775390625,2052.049072265625,930.9274291992188,65.44999694824219,826.9432983398438,1260.758056640625,3336.699951171875,2303.3662109375,1631.077392578125,987.2244873046876,2254.662353515625,1409.1552734375,1549.0521240234375,85.71399688720703,395.7962646484375,3118.042236328125,12186.388671875,230.8740081787109,1515.3138427734375,805.7758178710938,1646.689453125,3281.860595703125,678.17431640625,250.06118774414065,57459.44921875,25541.80078125
2025-07-02,1173.3914794921875,2006.1881103515625,917.3607788085938,67.44999694824219,815.6193237304688,1254.83349609375,3348.0,2279.18310546875,1631.3621826171875,974.418701171875,2266.05615234375,1405.0223388671875,1552.619140625,85.6427993774414,393.7462463378906,3107.34130859375,12362.6904296875,228.69212341308597,1505.796142578125,798.5068969726562,1656.86279296875,3275.736572265625,682.88525390625,252.37701416015625,56999.19921875,25453.400390625
2025-07-03,1169.1982421875,1979.01123046875,904.5892944335938,67.0,813.46240234375,1275.0760498046875,3331.60009765625,2255.19921875,1625.0020751953125,974.9583740234376,2272.243896484375,1403.1527099609375,1560.5244140625,85.69409942626953,394.1276550292969,3116.373291015625,12490.0205078125,231.51910400390625,1504.8045654296875,792.8095092773438,1659.0357666015625,3254.20654296875,684.7200927734375,252.42428588867188,56791.94921875,25405.30078125
2025-07-04,1176.6925048828125,1992.6995849609373,919.646728515625,66.5,819.6390380859375,1290.9736328125,3332.5,2292.916748046875,1638.29150390625,976.037841796875,2297.68310546875,1419.782958984375,1581.7337646484375,85.31909942626953,393.3648376464844,3129.634033203125,12386.197265625,232.64801025390625,1514.223388671875,797.4754028320312,1655.677734375,3272.3876953125,683.3811645507812,255.25997924804688,57031.8984375,25461.0
2025-07-07,1174.1944580078125,2004.689453125,919.000732421875,67.93000030517578,816.2075805664062,1294.03466796875,3332.199951171875,2287.940673828125,1623.578369140625,975.1055908203124,2367.518310546875,1412.7962646484375,1568.526123046875,85.49629974365234,396.7974548339844,3127.35791015625,12262.787109375,229.11900329589844,1528.3016357421875,792.56396484375,1664.6953125,3264.63671875,683.1828002929688,253.0859375,56949.19921875,25461.30078125
2025-07-08,1164.501953125,2016.5792236328125,921.982421875,68.33000183105469,826.404052734375,1267.670166015625,3307.0,2299.285888671875,1621.39501953125,981.974609375,2350.133056640625,1418.9957275390625,1579.8056640625,85.89199829101562,397.7986450195313,3125.081787109375,12158.9638671875,230.75071716308597,1524.43505859375,798.2612915039062,1657.3623046875,3259.373291015625,687.4970092773438,254.8818817138672,57256.30078125,25522.5
2025-07-09,1163.8023681640625,2024.67236328125,934.8532104492188,68.37999725341797,813.4133911132812,1253.4510498046875,3311.60009765625,2244.251953125,1589.0260009765625,986.7828369140624,2380.286865234375,1409.056884765625,1574.9852294921875,85.7073974609375,399.9440002441406,3143.290771484375,12213.8134765625,230.8550567626953,1505.9942626953125,796.5913696289062,1654.290283203125,3237.939208984375,687.1002807617188,253.1332092285156,57213.55078125,25476.099609375
2025-07-10,1163.40283203125,2037.6612548828125,941.8602294921876,66.56999969482422,815.2761840820312,1254.6434326171875,3317.39990234375,2245.3466796875,1579.2490234375,984.3296508789062,2365.553955078125,1401.38134765625,1557.7286376953125,85.70850372314453,397.46490478515625,3129.53515625,12390.115234375,230.6083984375,1504.209716796875,793.693603515625,1647.4527587890625,3236.216552734375,689.8772583007812,250.5338134765625,56956.0,25355.25
2025-07-11,1172.8955078125,2015.4801025390625,927.796630859375,68.44999694824219,799.1480712890625,1246.793212890625,3356.0,2195.686767578125,1555.1383056640625,973.2902221679688,2474.775634765625,1399.2164306640625,1537.579833984375,85.73480224609375,397.4172058105469,3041.26220703125,12315.677734375,229.3466796875,1482.3980712890625,794.3321533203125,1656.8668212890625,3125.217041015625,676.1907958984375,244.1534881591797,56754.69921875,25149.849609375
2025-07-14,1171.7962646484375,2001.8917236328125,913.2361450195312,66.9800033569336,810.7172241210938,1242.7191162109375,3351.5,2246.043212890625,1537.577392578125,972.94677734375,2471.8291015625,1400.298828125,1513.8638916015625,85.82129669189453,399.8963012695313,3059.9658203125,12256.91015625,231.6803741455078,1470.9964599609375,794.528564453125,1667.370849609375,3083.783447265625,668.9508666992188,240.32530212402344,56765.3515625,25082.30078125
2025-07-15,1165.0015869140625,2034.763671875,922.7278442382812,66.5199966430664,817.18798828125,1252.9542236328125,3329.800048828125,2258.78173828125,1486.887939453125,979.079833984375,2481.94580078125,1407.9744873046875,1528.614013671875,85.96839904785156,402.47076416015625,3096.08642578125,12278.45703125,231.1586151123047,1472.6820068359375,801.9940185546875,1711.864501953125,3112.107666015625,678.7694091796875,243.3027801513672,57006.6484375,25195.80078125
2025-07-16,1167.4996337890625,2034.26416015625,916.118408203125,66.37999725341797,827.776611328125,1251.463623046875,3352.5,2278.08837890625,1483.4705810546875,979.4722900390624,2472.811279296875,1403.6446533203125,1550.112548828125,85.99310302734375,404.8544921875,3163.28076171875,12305.8818359375,230.38072204589844,1472.8802490234375,816.9739990234375,1685.6043701171875,3104.234130859375,673.413818359375,248.4070281982422,57168.94921875,25212.05078125
2025-07-17,1158.90625,2024.772216796875,917.658935546875,67.54000091552734,830.4728393554688,1255.1402587890625,3340.10009765625,2325.758056640625,1465.530029296875,974.8602294921876,2465.14990234375,1396.0673828125,1526.5894775390625,85.88520050048828,404.2347106933594,3161.79638671875,12219.6904296875,231.3483428955078,1463.759033203125,814.32177734375,1687.9825439453125,3081.287109375,676.0916137695312,246.3275451660156,56828.80078125,25111.44921875
2025-07-18,1098.452880859375,2027.86962890625,936.2446899414062,67.33999633789062,828.6590576171875,1249.5755615234375,3353.0,2354.021240234375,1481.6978759765625,960.38623046875,2445.309326171875,1403.0543212890625,1529.0960693359375,86.04650115966797,403.0905151367188,3159.223388671875,12163.861328125,233.66305541992188,1463.3624267578125,808.7717895507812,1678.271240234375,3062.756103515625,674.653564453125,252.32977294921875,56283.0,24968.400390625
2025-07-21,1098.7525634765625,2052.148681640625,942.6553344726562,67.19999694824219,835.9141845703125,1251.3642578125,3401.89990234375,2392.3359375,1464.0950927734375,981.5330200195312,2421.048828125,1442.4161376953125,1527.36083984375,86.14859771728516,400.5637512207031,3212.958984375,12150.1494140625,232.4582672119141,1416.3682861328125,809.6068115234375,1676.983154296875,3032.319580078125,681.7943115234375,246.0912322998047,56952.75,25090.69921875
2025-07-22,1097.15380859375,2037.861083984375,946.730224609375,66.20999908447266,828.953125,1232.1859130859375,3439.199951171875,2352.130615234375,1454.2412109375,984.771240234375,2435.58544921875,1450.0916748046875,1514.4423828125,86.19529724121094,396.6544189453125,3223.349853515625,12235.3623046875,233.75791931152344,1400.70361328125,800.5697021484375,1662.8125,3033.6640625,667.8599243164062,245.47683715820312,56756.0,25060.900390625
2025-07-23,1103.9486083984375,2058.7431640625,962.384033203125,65.25,825.4725952148438,1239.539306640625,3394.10009765625,2312.920166015625,1463.52099609375,993.2103881835938,2406.806640625,1464.8524169921875,1517.9129638671875,86.3427963256836,395.65325927734375,3234.82958984375,12367.5888671875,232.94207763671875,1412.4024658203125,806.1196899414062,1667.2718505859375,3052.386962890625,684.4224853515625,247.08370971679688,57210.44921875,25219.900390625
2025-07-24,1094.256103515625,2030.5673828125,953.0911865234376,66.02999877929688,812.72705078125,1257.525146484375,3371.0,2301.475341796875,1441.9000244140625,988.2548217773438,2394.430908203125,1459.7353515625,1496.70361328125,86.39869689941406,390.8857727050781,3227.011474609375,12299.0263671875,232.2590484619141,1390.8883056640625,801.25732421875,1676.685791015625,3022.5263671875,694.7369384765625,247.50909423828125,57066.05078125,25062.099609375
2025-07-25,1085.262939453125,1984.10693359375,908.1672973632812,65.16000366210938,810.12890625,1269.8470458984375,3334.0,2223.054443359375,1425.541015625,985.9922485351562,2372.42919921875,1453.5357666015625,1461.2261962890625,86.4302978515625,390.361328125,3212.662109375,12149.169921875,227.95216369628903,1379.7841796875,792.269287109375,1683.622314453125,3010.812744140625,681.7447509765625,245.0042266845703,56528.8984375,24837.0
2025-07-28,1072.7725830078125,1976.11376953125,875.1204223632812,66.70999908447266,777.4393310546875,1279.2872314453125,3309.10009765625,2105.6220703125,1402.580810546875,987.9105224609376,2398.163330078125,1464.655517578125,1461.515380859375,86.506103515625,390.8381042480469,3176.442626953125,12086.484375,227.69602966308597,1375.7193603515625,783.0357666015625,1686.79345703125,2956.56494140625,677.2817993164062,241.0043487548828,56084.8984375,24680.900390625
2025-07-29,1063.3798828125,1970.918212890625,881.1334838867188,69.20999908447266,790.4262084960938,1291.609130859375,3323.39990234375,2144.733154296875,1408.6077880859375,994.3539428710938,2409.949951171875,1462.4906005859375,1459.2979736328125,86.77760314941406,389.4555358886719,3166.150634765625,12212.833984375,229.04312133789065,1404.966796875,785.0494384765625,1695.018310546875,2934.193115234375,686.6539916992188,242.6910400390625,56222.0,24821.099609375
2025-07-30,1072.472900390625,1958.129150390625,879.44384765625,70.0,779.0194702148438,1283.95751953125,3295.800048828125,2119.156494140625,1412.5302734375,996.4197998046876,2394.037841796875,1458.751220703125,1464.40771484375,87.06320190429688,388.6450500488281,3175.5517578125,12358.7724609375,229.39410400390625,1398.0267333984375,787.4560546875,1718.107421875,2931.88916015625,662.9506225585938,241.1489105224609,56150.69921875,24855.05078125
2025-07-31,1067.57666015625,1946.339111328125,875.816162109375,69.26000213623047,774.52587890625,1262.2950439453125,3293.199951171875,2092.783935546875,1404.302978515625,992.6815795898438,2476.34716796875,1457.7672119140625,1454.76708984375,87.714599609375,392.7927856445313,3169.812255859375,12348.978515625,228.62570190429688,1378.2969970703125,782.4463500976562,1691.2525634765625,2915.7587890625,660.47119140625,239.31765747070312,55961.94921875,24768.349609375
2025-08-01,1061.581298828125,1914.666259765625,870.2503662109375,67.33000183105469,767.7608642578125,1212.9080810546875,3347.699951171875,2040.73583984375,1389.1875,989.7304077148438,2508.26904296875,1448.12353515625,1416.782958984375,87.4894027709961,397.08349609375,3126.467529296875,12179.6787109375,224.63186645507807,1381.76708984375,779.9415283203125,1614.9495849609375,2883.3056640625,643.5118408203125,233.9684295654297,55617.6015625,24565.349609375
2025-08-04,1067.7764892578125,1931.951416015625,879.89111328125,66.29000091552734,783.0192260742188,1217.2803955078125,3374.39990234375,2088.00732421875,1410.5213623046875,979.7947387695312,2498.44677734375,1439.8575439453125,1427.291259765625,87.24530029296875,397.46490478515625,3166.9423828125,12242.052734375,222.7725067138672,1399.4146728515625,781.6113891601562,1626.7418212890625,2951.85986328125,648.2227783203125,237.1490478515625,55619.3515625,24722.75
2025-08-05,1069.974853515625,1937.74658203125,886.4508056640625,65.16000366210938,771.2667846679688,1207.144775390625,3381.89990234375,2104.626953125,1418.4615478515625,972.7118530273438,2489.60693359375,1421.3575439453125,1407.8173828125,87.89330291748047,394.8904418945313,3178.817626953125,12412.341796875,222.4404754638672,1379.7841796875,786.4246215820312,1617.327880859375,2941.778564453125,649.2145385742188,237.0141143798828,55360.25,24649.55078125
2025-08-06,1070.1746826171875,1922.359619140625,871.2940063476562,64.3499984741211,755.020751953125,1189.15869140625,3380.0,2051.583251953125,1399.806396484375,976.499267578125,2490.490966796875,1420.5703125,1385.0654296875,87.72309875488281,392.8404235839844,3193.958740234375,12399.4716796875,221.76693725585935,1380.8748779296875,790.8941040039062,1580.7618408203125,2911.43798828125,647.4789428710938,231.27935791015625,55411.1484375,24574.19921875
2025-08-07,1075.37060546875,1912.3681640625,873.72900390625,63.880001068115234,750.23095703125,1193.23291015625,3400.300048828125,2033.968505859375,1411.5736083984375,981.4671020507812,2472.712890625,1417.322998046875,1385.25830078125,87.76249694824219,394.3660278320313,3177.729248046875,12506.3974609375,221.918701171875,1377.50390625,790.8941040039062,1583.9329833984375,2925.552001953125,641.1812133789062,233.55398559570312,55521.1484375,24596.150390625
2025-08-08,1057.2845458984375,1917.563720703125,871.7909545898438,63.880001068115234,737.935302734375,1203.76611328125,3439.10009765625,1962.414306640625,1411.764892578125,970.8920288085938,2454.1494140625,1412.9931640625,1371.9542236328125,87.43319702148438,395.2241821289063,3111.524169921875,12464.8154296875,221.4538726806641,1356.0888671875,790.0591430664062,1572.537109375,2915.37451171875,628.4865112304688,230.4022674560547,55004.8984375,24363.30078125
2025-08-11,1072.472900390625,1921.16064453125,872.4369506835938,63.959999084472656,755.4652099609375,1211.8150634765625,3353.10009765625,1981.3228759765625,1423.5321044921875,981.5654296875,2473.5966796875,1413.681884765625,1376.8709716796875,87.48829650878906,397.46490478515625,3153.087890625,12471.74609375,221.7859039306641,1374.331298828125,808.8700561523438,1593.8424072265625,2919.599365234375,648.37158203125,232.87928771972656,55510.75,24585.05078125
2025-08-12,1069.1754150390625,1906.373291015625,847.7884521484375,63.16999816894531,748.0088500976562,1212.610107421875,3348.89990234375,1939.4254150390625,1434.1510009765625,968.924560546875,2439.612548828125,1410.112060546875,1372.918212890625,87.66449737548828,396.9881286621094,3202.864990234375,12712.3291015625,223.42709350585935,1368.5810546875,806.0704956054688,1607.5174560546875,2914.41455078125,648.7186889648438,232.9756774902344,55043.69921875,24487.400390625
2025-08-13,1065.178466796875,1912.767822265625,854.7456665039062,62.650001525878906,748.2557373046875,1245.50146484375,3358.699951171875,1950.6710205078125,1436.0643310546875,974.0399169921876,2450.711669921875,1408.922119140625,1375.328369140625,87.59559631347656,394.8427734375,3248.090087890625,12706.388671875,226.41534423828125,1370.7620849609375,807.29833984375,1624.958251953125,2915.182373046875,658.289306640625,232.908203125,55181.44921875,24619.349609375
2025-08-14,1067.376708984375,1923.4586181640625,856.1868286132812,63.959999084472656,742.2313232421875,1252.4573974609375,3335.199951171875,1927.2840576171875,1425.254150390625,979.35205078125,2436.469482421875,1415.3677978515625,1395.6700439453125,87.44999694824219,392.3160095214844,3231.464599609375,12807.375,224.7741851806641,1367.4774169921875,811.9151611328125,1626.5438232421875,2901.83642578125,659.1322631835938,237.88156127929688,55341.8515625,24631.30078125
2025-08-18,1081.7657470703125,1991.8004150390625,899.6695556640625,63.41999816894531,759.3662109375,1254.7427978515625,3331.699951171875,1992.767578125,1420.6619873046875,985.5003662109376,2522.4130859375,1422.606689453125,1384.1978759765625,87.51280212402344,387.4054870605469,3347.941650390625,13928.119140625,225.93153381347656,1375.3409423828125,812.9957275390625,1617.9224853515625,2891.178955078125,670.4385375976562,236.3394470214844,55734.8984375,24876.94921875
2025-08-19,1082.365234375,1970.5184326171875,896.7872314453125,62.34999847412109,766.4769287109375,1236.359375,3313.39990234375,2000.3309326171875,1412.1475830078125,979.35205078125,2558.4599609375,1424.29248046875,1388.246826171875,87.29509735107422,390.0752868652344,3319.14404296875,14108.3095703125,225.7228240966797,1413.564208984375,815.697021484375,1611.877685546875,2895.9794921875,694.489013671875,238.0261383056641,55865.1484375,24980.650390625
2025-08-20,1079.3675537109375,1956.8302001953125,882.3758544921875,63.209999084472656,760.9463500976562,1237.5518798828125,3343.39990234375,2031.97802734375,1431.1854248046875,977.9256591796876,2622.3037109375,1418.64013671875,1442.427001953125,87.0791015625,387.1671142578125,3360.311767578125,14079.59765625,225.71331787109372,1406.4969482421875,814.272705078125,1618.31884765625,2975.095458984375,683.9265747070312,241.76577758789065,55698.5,25050.55078125
2025-08-21,1078.068603515625,1978.3118896484373,890.128173828125,63.52000045776367,763.6129150390625,1268.55517578125,3336.89990234375,2043.7213134765625,1428.793701171875,979.4012451171876,2600.891357421875,1433.911376953125,1442.619873046875,87.01820373535156,386.69036865234375,3340.02490234375,14138.01171875,226.0548553466797,1418.24267578125,811.0802612304688,1625.3544921875,2978.93603515625,679.76123046875,240.86941528320312,55755.44921875,25083.75
2025-08-22,1070.07470703125,1964.223876953125,889.034912109375,63.65999984741211,753.0949096679688,1269.5489501953125,3374.39990234375,2043.0245361328125,1402.7720947265625,966.317626953125,2583.11328125,1424.3917236328125,1434.0396728515625,87.29340362548828,379.7774963378906,3367.634765625,14206.3251953125,224.15753173828125,1402.71435546875,801.7975463867188,1626.940185546875,2932.273193359375,674.703125,239.64535522460935,55149.3984375,24870.099609375
2025-08-25,1069.1754150390625,1962.125732421875,895.29638671875,64.80000305175781,762.4277954101562,1275.809326171875,3373.800048828125,2058.947509765625,1439.0301513671875,966.0717163085938,2584.783203125,1421.2183837890625,1477.0367431640625,87.3301010131836,380.7787170410156,3363.577392578125,14308.30078125,224.60340881347656,1406.0987548828125,801.9940185546875,1641.7052001953125,3015.421630859375,681.149658203125,244.6572265625,55139.30078125,24967.75
2025-08-26,1049.290771484375,1922.5594482421875,870.8964233398438,63.25,745.2434692382812,1255.2396240234375,3388.60009765625,1997.4449462890625,1428.1241455078125,957.5625,2644.697998046875,1404.7572021484375,1474.6265869140625,87.60859680175781,384.59271240234375,3296.18505859375,14567.6962890625,222.1653594970703,1378.5262451171875,793.5462646484375,1585.8157958984375,3031.35986328125,676.0420532226562,242.9127197265625,54450.44921875,24712.05078125
2025-08-28,1051.08935546875,1915.965087890625,871.4927368164062,64.5999984741211,740.1574096679688,1251.8612060546875,3431.800048828125,1975.0531005859373,1386.987060546875,942.2162475585938,2607.177490234375,1387.4034423828125,1446.1868896484375,87.65910339355469,382.2566223144531,3261.05419921875,14605.318359375,221.4064483642578,1379.521728515625,787.750732421875,1571.3477783203125,2970.390625,669.89306640625,241.5826416015625,53820.3515625,24500.900390625
2025-08-29,1044.39453125,1911.8685302734373,872.4866333007812,64.01000213623047,729.8862915039062,1252.1591796875,3473.699951171875,1938.3306884765625,1391.770263671875,936.1171264648438,2612.4814453125,1386.1143798828125,1416.782958984375,87.5916976928711,390.695068359375,3166.24951171875,14643.9306640625,221.71002197265625,1350.9537353515625,788.291015625,1580.0682373046875,2961.74951171875,663.49609375,240.38751220703125,53655.6484375,24426.849609375
2025-09-01,1060.6820068359375,1941.843017578125,883.9163818359375,64.01000213623047,739.0216064453125,1271.83447265625,3473.699951171875,1942.8089599609373,1404.78125,935.1333618164062,2602.36474609375,1399.2039794921875,1445.511962890625,88.17430114746094,386.9764404296875,3280.945068359375,14738.9755859375,226.46278381347656,1347.6689453125,791.7781372070312,1549.150634765625,2988.53759765625,684.4721069335938,241.3031311035156,54002.44921875,24625.05078125
2025-09-02,1055.385986328125,1954.232421875,884.6617431640625,65.58999633789062,745.4410400390625,1245.799560546875,3549.39990234375,1968.6839599609373,1402.1981201171875,929.1326904296876,2629.37548828125,1382.54443359375,1444.837158203125,88.00140380859375,387.8345947265625,3200.885986328125,14694.4228515625,227.19325256347656,1360.2109375,789.666259765625,1551.0333251953125,2987.481201171875,678.7694091796875,241.85250854492188,53661.0,24579.599609375
2025-09-03,1053.88720703125,1964.4237060546875,890.8239135742188,63.970001220703125,754.9220581054688,1254.2459716796875,3593.199951171875,2002.221923828125,1402.580810546875,938.9207763671876,2617.294189453125,1385.321044921875,1425.941650390625,87.99829864501953,392.60205078125,3251.8505859375,14778.578125,226.79481506347656,1366.2828369140625,797.7701416015625,1564.4111328125,2974.0390625,686.3564453125,240.53207397460935,54067.55078125,24715.05078125
2025-09-04,1049.590576171875,2000.492919921875,929.0390014648438,63.47999954223633,748.7000732421875,1245.10400390625,3565.800048828125,1993.1656494140625,1380.7686767578125,945.610107421875,2619.16064453125,1393.75,1410.420166015625,88.072998046875,396.5590515136719,3445.319091796875,14516.212890625,224.7921600341797,1353.0440673828125,795.06884765625,1567.9786376953125,2972.310791015625,681.8439331054688,236.1081085205078,54075.44921875,24734.30078125
2025-09-05,1055.0863037109375,2012.6826171875,931.87158203125,61.869998931884766,746.1817016601562,1260.1087646484375,3613.199951171875,1952.3629150390625,1357.521484375,947.7251586914062,2586.55078125,1391.0726318359375,1392.6815185546875,88.19290161132812,388.40667724609375,3524.289794921875,14746.896484375,223.27587890625,1368.671875,792.318359375,1579.17626953125,2926.80029296875,686.0093383789062,234.85513305664065,54114.55078125,24741.0
2025-09-08,1054.6866455078125,2006.687744140625,938.5306396484376,62.2599983215332,748.1075439453125,1242.7191162109375,3638.10009765625,1954.850830078125,1342.214599609375,950.2828369140624,2577.219970703125,1390.973388671875,1381.4019775390625,88.1863021850586,388.5973815917969,3524.289794921875,15106.287109375,221.7500457763672,1372.15576171875,794.4794311523438,1566.6904296875,2898.66796875,713.5806274414062,233.7467498779297,54186.8984375,24773.150390625
2025-09-09,1051.3890380859375,2023.5733642578125,942.6056518554688,62.630001068115234,741.786865234375,1283.1627197265625,3643.300048828125,1940.321044921875,1365.2705078125,949.4467163085938,2594.998046875,1391.9649658203125,1450.2359619140625,87.98049926757812,390.9811096191406,3657.88671875,15212.22265625,220.60568237304688,1369.8662109375,794.528564453125,1577.2935791015625,2927.856201171875,709.6631469726562,240.13690185546875,54216.1015625,24868.599609375
2025-09-10,1069.2752685546875,2036.462158203125,962.0361938476562,63.66999816894531,744.9472045898438,1295.9813232421875,3643.60009765625,1979.531494140625,1400.4761962890625,950.1845092773438,2596.471435546875,1392.163330078125,1477.518798828125,88.21829986572266,393.8415832519531,3566.941650390625,14957.7783203125,220.9966735839844,1370.66259765625,803.7130126953125,1578.978271484375,2986.041259765625,703.2661743164062,246.49815368652344,54536.0,24973.099609375
2025-09-11,1086.56201171875,2036.0626220703125,964.3220825195312,62.369998931884766,746.9718017578125,1294.88818359375,3636.89990234375,1983.4127197265625,1404.111328125,952.0535278320312,2575.35400390625,1389.882568359375,1455.4417724609375,88.05339813232422,395.7485961914063,3558.33203125,14944.9072265625,222.92300415039065,1376.9337158203125,809.0665283203125,1595.130615234375,2999.6748046875,700.0429077148438,244.72471618652344,54669.6015625,25005.5
2025-09-12,1104.4482421875,2079.725341796875,997.1204833984376,62.68999862670898,748.9963989257812,1308.4024658203125,3649.39990234375,1989.284423828125,1403.633056640625,951.5617065429688,2534.592041015625,1405.847900390625,1470.7703857421875,88.2676010131836,394.509033203125,3552.59228515625,15172.62109375,222.4366607666016,1388.579833984375,808.96826171875,1601.96826171875,3008.50830078125,709.3656005859375,242.8259735107422,54809.30078125,25114.0
2025-09-15,1103.5489501953125,2078.2265625,1003.6801147460938,63.29999923706055,766.0819091796875,1292.602783203125,3682.199951171875,2026.802978515625,1402.9635009765625,951.3157348632812,2535.083251953125,1407.5338134765625,1454.1885986328125,88.27729797363281,393.460205078125,3493.61181640625,15113.216796875,221.4925537109375,1392.8599853515625,810.1470336914062,1587.500244140625,2987.865234375,707.0349731445312,242.1898498535156,54887.8515625,25069.19921875
2025-09-16,1120.3359375,2078.5263671875,997.1204833984376,64.5199966430664,776.994873046875,1302.142333984375,3688.89990234375,2051.085693359375,1418.8443603515625,951.1190185546876,2534.985107421875,1409.71533203125,1456.9844970703125,88.12349700927734,393.8892822265625,3570.50439453125,15418.154296875,224.1913604736328,1398.8323974609375,816.82666015625,1595.92333984375,3020.318115234375,707.382080078125,244.8210906982422,55147.6015625,25239.099609375
2025-09-17,1125.13232421875,2055.246337890625,1001.3445434570312,64.05000305175781,776.6986083984375,1303.135986328125,3681.800048828125,2071.487060546875,1417.313720703125,950.7747192382812,2523.984130859375,1407.33544921875,1467.685546875,87.88459777832031,390.2659606933594,3595.4423828125,15643.8876953125,225.89837646484372,1407.2933349609375,841.973388671875,1605.53564453125,3046.337890625,713.2335205078125,244.95602416992188,55493.30078125,25330.25
2025-09-18,1132.1268310546875,2067.435791015625,990.4117431640624,63.56999969482422,773.39013671875,1314.36474609375,3643.699951171875,2077.557861328125,1429.0806884765625,961.0055541992188,2540.780029296875,1409.814453125,1485.2313232421875,87.91069793701172,392.4113464355469,3604.348876953125,15659.728515625,224.66818237304688,1408.4876708984375,839.222900390625,1633.6785888671875,3050.082275390625,705.3489379882812,247.6354522705078,55727.44921875,25423.599609375
2025-09-19,1135.024658203125,2065.53759765625,986.386474609375,62.68000030517578,768.05712890625,1313.3709716796875,3671.5,2134.880615234375,1403.824462890625,951.168212890625,2514.06396484375,1390.4775390625,1484.845703125,88.20690155029297,391.5531921386719,3554.769775390625,15706.26171875,225.7171936035156,1400.9227294921875,847.081298828125,1641.0115966796875,3042.88134765625,701.6297607421875,246.6234588623047,55458.8515625,25327.05078125
2025-09-22,1143.51806640625,2067.735595703125,1000.3506469726562,62.63999938964844,764.1560668945312,1293.198974609375,3740.699951171875,2093.580322265625,1377.5159912109375,948.5121459960938,2526.43994140625,1389.783447265625,1445.6083984375,88.09919738769531,388.0252990722656,3547.54541015625,15658.73828125,226.4610290527344,1384.199951171875,840.1069946289062,1629.1202392578125,2951.2841796875,690.5219116210938,241.2742156982422,55284.75,25202.349609375
2025-09-23,1169.8978271484375,2082.622802734375,1019.2345581054688,63.40999984741211,749.9840087890625,1300.1549072265625,3780.60009765625,2093.580322265625,1367.8536376953125,941.6260375976562,2477.329345703125,1382.6436767578125,1443.6802978515625,88.30439758300781,384.4496765136719,3577.035888671875,15936.9443359375,225.68858337402344,1383.40380859375,855.1851806640625,1616.43603515625,2940.338134765625,695.5799560546875,240.59954833984372,55509.75,25169.5
2025-09-24,1158.0069580078125,2067.435791015625,1023.4585571289062,64.98999786376953,724.5532836914062,1289.919677734375,3732.10009765625,2009.38720703125,1379.8118896484375,935.5761108398438,2504.143798828125,1371.1405029296875,1440.884521484375,88.80799865722656,382.3519592285156,3537.748291015625,16087.43359375,227.46234130859372,1376.635009765625,850.8631591796875,1612.3731689453125,2914.41455078125,677.3313598632812,235.7418670654297,55121.5,25056.900390625
2025-09-25,1165.700927734375,2033.864501953125,1006.5624389648438,64.9800033569336,712.1094970703125,1267.1640625,3736.89990234375,1957.9359130859373,1362.113525390625,934.3955688476562,2493.14306640625,1364.29833984375,1431.4368896484375,88.77860260009766,381.4938354492188,3493.31494140625,16107.234375,228.5590362548828,1366.0838623046875,845.902587890625,1612.6705322265625,2839.523193359375,658.8347778320312,233.2455596923828,54976.19921875,24890.849609375
2025-09-26,1153.1107177734375,2001.4920654296875,979.0813598632812,65.72000122070312,707.1715087890625,1245.203369140625,3775.300048828125,1948.1829833984373,1334.84814453125,929.6737060546876,2467.1142578125,1348.233642578125,1396.8270263671875,88.77310180664062,386.2612915039063,3361.202392578125,16124.0654296875,226.98553466796875,1371.2598876953125,841.7769165039062,1572.3387451171875,2783.54736328125,667.364013671875,227.22164916992188,54389.3515625,24654.69921875
2025-09-29,1131.327392578125,2022.9737548828125,984.8956298828124,63.45000076293945,713.1959228515625,1226.8199462890625,3820.89990234375,1987.2940673828125,1327.29052734375,934.8382568359376,2453.46142578125,1336.829833984375,1389.982177734375,88.67680358886719,388.3113098144531,3382.577880859375,15825.068359375,228.8546600341797,1366.48193359375,855.3325805664062,1574.915283203125,2780.6669921875,666.96728515625,230.97093200683597,54461.0,24634.900390625
2025-09-30,1130.7279052734375,2004.689453125,992.797119140625,62.369998931884766,704.1593017578125,1215.988525390625,3840.800048828125,1959.3292236328125,1325.090087890625,935.5269165039062,2469.66796875,1336.730712890625,1389.982177734375,88.70449829101562,382.8763732910156,3391.38525390625,15869.62109375,228.3969268798828,1357.722412109375,857.0025024414062,1579.8701171875,2773.2734375,674.6039428710938,230.7107086181641,54635.8515625,24611.099609375
2025-10-01,1158.6064453125,2005.288818359375,981.66552734375,61.77999877929688,713.343994140625,1236.856201171875,3867.5,2020.6329345703125,1329.2996826171875,949.5450439453124,2491.080322265625,1360.530029296875,1393.8385009765625,88.8406982421875,386.7380676269531,3427.406982421875,15806.2568359375,231.77279663085935,1362.4007568359375,848.80029296875,1621.3907470703125,2798.044921875,712.4400634765625,232.3491973876953,55347.94921875,24836.30078125
2025-10-03,1180.08984375,1999.194091796875,983.7029418945312,60.880001068115234,720.158447265625,1240.23486328125,3880.800048828125,2023.2203369140625,1333.126220703125,949.4467163085938,2499.62548828125,1353.786865234375,1394.609619140625,88.72019958496094,385.4985046386719,3426.021728515625,15648.837890625,232.36407470703125,1357.125244140625,851.9436645507812,1616.43603515625,2786.235107421875,710.2085571289062,232.262451171875,55589.25,24894.25
2025-10-06,1211.865478515625,2031.4664306640625,1002.7360229492188,61.68999862670898,726.1334228515625,1240.731689453125,3948.5,2046.6072998046875,1356.27783203125,957.6116333007812,2496.580810546875,1352.001953125,1422.9530029296875,88.73509979248047,382.1135864257813,3435.917724609375,15838.9287109375,234.46206665039065,1368.671875,858.5741577148438,1639.7232666015625,2869.28759765625,706.7869873046875,233.3708648681641,56104.8515625,25077.650390625
2025-10-07,1185.885498046875,2030.8670654296875,1010.3392333984376,61.72999954223633,728.0098876953125,1240.63232421875,3976.60009765625,2063.326416015625,1371.2974853515625,966.514404296875,2472.418212890625,1364.3974609375,1406.0819091796875,88.72109985351562,381.2077941894531,3456.50146484375,15947.8349609375,233.94711303710935,1378.4267578125,849.3897094726562,1638.1378173828125,2855.173583984375,692.3070678710938,234.72021484375,56239.3515625,25108.30078125
2025-10-08,1179.690185546875,2011.8831787109373,1016.89892578125,62.54999923706055,715.9118041992188,1226.7205810546875,4043.300048828125,2023.618408203125,1390.2396240234375,962.7762451171876,2455.62255859375,1358.8443603515625,1441.2701416015625,88.74259948730469,381.16009521484375,3390.890625,15852.7900390625,230.59982299804688,1361.1068115234375,843.0538940429688,1616.83251953125,2906.541015625,675.94287109375,235.43344116210935,56018.25,25046.150390625
2025-10-09,1166.5003662109375,2012.88232421875,1017.8430786132812,61.5099983215332,719.9609375,1238.2474365234375,3946.300048828125,2021.7275390625,1422.0970458984375,961.2022094726562,2472.811279296875,1364.69482421875,1455.0562744140625,88.7771987915039,381.3031005859375,3407.1201171875,15826.05859375,232.1065826416016,1371.458984375,846.835693359375,1643.489013671875,2939.666259765625,675.4965209960938,237.4863739013672,56192.05078125,25181.80078125
2025-10-10,1179.4903564453125,2002.5911865234373,1017.5946044921876,58.900001525878906,731.0220947265625,1256.43212890625,3975.89990234375,2081.8369140625,1430.70703125,964.9404296875,2483.91015625,1368.7607421875,1460.4549560546875,88.86540222167969,384.0682678222656,3418.995361328125,16103.2744140625,234.91981506347656,1375.3409423828125,865.0573120117188,1655.7767333984375,2907.597412109375,673.3642578125,239.70318603515625,56609.75,25285.349609375
2025-10-13,1188.6832275390625,2018.677490234375,1030.415771484375,59.4900016784668,732.0097045898438,1254.4447021484375,4108.60009765625,2086.812744140625,1429.941650390625,961.1038818359376,2448.452392578125,1367.8681640625,1439.5347900390625,88.7573013305664,380.683349609375,3423.745361328125,16160.697265625,232.7741241455078,1368.671875,867.3165893554688,1653.2994384765625,2887.33837890625,655.31396484375,236.2623291015625,56625.0,25227.349609375
2025-10-14,1175.8931884765625,2017.6783447265625,1012.92333984375,58.70000076293945,731.7134399414062,1229.5029296875,4138.7001953125,2047.5029296875,1430.6114501953125,961.25146484375,2457.783447265625,1372.52880859375,1436.353515625,88.66510009765625,378.3472595214844,3423.844482421875,16099.3134765625,233.3463134765625,1369.5677490234375,861.4227905273438,1639.426025390625,2842.307861328125,392.1966247558594,239.4333038330078,56496.44921875,25145.5
2025-10-15,1168.6986083984375,2082.3232421875,1053.4244384765625,58.27000045776367,746.9224243164062,1224.6337890625,4176.89990234375,2125.326904296875,1430.8983154296875,962.3335571289062,2474.186279296875,1386.7093505859375,1421.4105224609375,88.78250122070312,381.3031005859375,3460.855712890625,16050.80078125,236.23585510253903,1367.97509765625,870.4107666015625,1640.11962890625,2862.06396484375,387.6344604492188,241.1585693359375,56799.8984375,25323.55078125
2025-10-16,1195.378173828125,2088.41796875,1059.2386474609375,57.459999084472656,760.1563110351562,1232.384521484375,4280.2001953125,2194.691650390625,1449.3623046875,978.1715698242188,2515.93017578125,1405.451416015625,1418.61474609375,87.80950164794922,386.3089904785156,3523.794921875,16135.9462890625,236.83663940429688,1391.8646240234375,871.2457275390625,1643.9844970703125,2862.93115234375,393.5354919433594,244.6283264160156,57422.55078125,25585.30078125
2025-10-17,1199.2750244140625,2081.92333984375,1063.56201171875,57.540000915527344,758.427978515625,1247.9857177734375,4189.89990234375,2225.44287109375,1433.1617431640625,986.2381591796876,2557.37939453125,1424.5899658203125,1389.3072509765625,87.9906997680664,392.9834289550781,3609.296875,16237.921875,236.20724487304688,1410.279541015625,873.4067993164062,1663.9024658203125,2854.73974609375,393.337158203125,232.1853485107422,57713.3515625,25709.849609375
2025-10-20,1225.05517578125,2137.9755859375,1074.3955078125,57.52000045776367,764.3536376953125,1273.9212646484375,4336.39990234375,2280.775390625,1442.0335693359375,986.6316528320312,2548.24462890625,1378.6771240234375,1408.395751953125,88.0022964477539,393.8415832519531,3561.697021484375,16260.693359375,237.2085723876953,1460.04931640625,891.431884765625,1673.3165283203125,2905.81689453125,396.4612426757813,232.5130615234375,58033.19921875,25843.150390625
2025-10-21,1236.3465576171875,2167.250732421875,1079.86181640625,57.81999969482422,762.1808471679688,1280.5789794921875,4087.699951171875,2282.46728515625,1432.96875,991.3043823242188,2545.593017578125,1370.4464111328125,1419.482421875,87.87999725341797,393.6509094238281,3583.567138671875,16232.9716796875,236.61729431152344,1458.4566650390625,891.775634765625,1675.1993408203125,2897.625244140625,398.5439758300781,232.6287078857422,58007.19921875,25868.599609375
2025-10-23,1257.8299560546875,2174.744384765625,1087.465087890625,61.790000915527344,764.69921875,1271.337646484375,4125.5,2267.837890625,1469.5164794921875,992.386474609375,2555.31689453125,1352.2994384765625,1473.566162109375,87.74030303955078,396.6067504882813,3585.9423828125,16230.0009765625,240.6130523681641,1441.7340087890625,895.41015625,1674.604736328125,2961.712890625,402.5110473632813,235.4623565673828,58078.05078125,25891.400390625
2025-10-24,1240.9429931640625,2157.658935546875,1083.092041015625,61.5,762.8721923828125,1275.5111083984375,4118.39990234375,2276.794677734375,1469.419921875,978.5650634765624,2471.63232421875,1366.182373046875,1470.57763671875,87.77899932861328,397.4172058105469,3587.32763671875,16112.1845703125,243.1402130126953,1444.9193115234375,888.4849853515625,1683.622314453125,2952.07568359375,399.9820251464844,234.1901092529297,57699.6015625,25795.150390625
2025-10-27,1253.133544921875,2168.349609375,1077.774658203125,61.310001373291016,769.8347778320312,1276.206787109375,4001.89990234375,2309.138427734375,1478.7738037109375,986.6316528320312,2467.1142578125,1366.083251953125,1472.633056640625,87.8290023803711,401.0881652832031,3574.067138671875,16225.05078125,241.52854919433597,1477.2696533203125,906.411865234375,1678.271240234375,2972.98828125,406.6764831542969,235.0864715576172,58114.25,25966.05078125
2025-10-28,1245.339599609375,2138.375244140625,1066.1959228515625,60.150001525878906,764.4523315429688,1281.274658203125,3966.199951171875,2285.552490234375,1467.7806396484375,987.2218627929688,2452.676025390625,1351.7044677734375,1468.4241943359375,88.22209930419922,398.466064453125,3541.90478515625,16148.81640625,238.92510986328125,1480.056884765625,913.779052734375,1671.73095703125,2946.968017578125,408.1145629882813,233.61181640625,58214.1015625,25936.19921875
2025-10-29,1247.837646484375,2135.177978515625,1056.4556884765625,60.47999954223633,769.0447387695312,1243.0172119140625,3983.699951171875,2300.181640625,1501.7244873046875,991.451904296875,2443.8359375,1358.9434814453125,1478.408203125,88.22550201416016,401.9940185546875,3497.966064453125,15977.537109375,243.7886657714844,1497.277099609375,923.11083984375,1700.369384765625,2946.678955078125,407.9658203125,233.5154266357422,58385.25,26053.900390625
2025-10-30,1237.6455078125,2112.797119140625,1045.870849609375,60.56999969482422,766.9213256835938,1194.6240234375,4001.300048828125,2287.841064453125,1494.4921875,981.9097900390624,2425.6650390625,1351.0103759765625,1462.1597900390625,88.34559631347656,399.2765197753906,3465.705078125,16044.8603515625,242.73013305664065,1481.6494140625,917.8064575195312,1687.9825439453125,2925.187744140625,409.0567626953125,233.1684417724609,58031.1015625,25877.849609375
2025-10-31,1231.8499755859375,2086.51953125,1036.428955078125,60.97999954223633,746.873046875,1190.0531005859375,3982.199951171875,2276.99365234375,1486.48828125,971.2362670898438,2421.637939453125,1334.0533447265625,1450.9034423828125,88.6344985961914,400.8021545410156,3450.959716796875,16025.0595703125,243.53118896484372,1479.5592041015625,920.4095458984376,1675.3974609375,2947.064208984375,406.6269226074219,231.96368408203125,57776.3515625,25722.099609375
2025-11-03,1232.749267578125,2079.825439453125,1036.72705078125,61.04999923706055,767.5632934570312,1188.463134765625,4000.300048828125,2296.39990234375,1488.4168701171875,976.499267578125,2416.23583984375,1335.14404296875,1454.0355224609375,88.77539825439453,394.6997680664063,3512.018310546875,15495.37890625,245.6101226806641,1477.866943359375,932.8847045898438,1690.9554443359375,2907.35888671875,413.5693054199219,231.79981994628903,58101.44921875,25763.349609375
2025-11-04,1225.6546630859375,2071.432373046875,1050.5421142578125,60.560001373291016,764.9954833984375,1192.43798828125,3947.699951171875,2282.168701171875,1474.53076171875,969.2196655273438,2402.190185546875,1325.7235107421875,1436.808349609375,88.72339630126953,389.8845825195313,3543.98291015625,15221.1337890625,240.6511993408203,1466.3203125,940.644775390625,1674.703857421875,2881.723876953125,403.15570068359375,229.3131561279297,57827.05078125,25597.650390625
2025-11-06,1227.55322265625,2061.44091796875,1035.534423828125,59.43000030517578,748.947021484375,1197.6051025390625,3979.89990234375,2183.147216796875,1471.92724609375,968.6294555664062,2392.662841796875,1309.3614501953125,1435.6336669921875,88.55690002441406,388.5496826171875,3580.895263671875,15298.357421875,239.84060668945312,1489.2144775390625,943.739013671875,1670.6409912109375,2901.6728515625,404.4945983886719,231.36610412597656,57554.25,25509.69921875
2025-11-07,1221.857666015625,2100.307861328125,1060.0833740234375,59.75,750.0333862304688,1197.803955078125,3999.39990234375,2132.392578125,1458.4268798828125,966.317626953125,2389.693115234375,1331.7724609375,1445.5198974609375,88.6729965209961,385.2601318359375,3651.85009765625,15325.08984375,240.50816345214844,1471.19775390625,938.92578125,1676.0911865234375,2883.265869140625,402.3623046875,227.9348907470703,57876.80078125,25492.30078125
2025-11-10,1216.0621337890625,2116.493896484375,1078.3709716796875,60.130001068115234,750.5765380859375,1191.1461181640625,4111.7998046875,2157.272216796875,1485.52392578125,968.4818725585938,2384.54541015625,1336.730712890625,1481.4425048828125,88.65799713134766,386.69036865234375,3625.8232421875,15428.0556640625,239.7452392578125,1482.44580078125,934.3090209960938,1682.433349609375,2915.4541015625,407.0732116699219,231.1636962890625,57937.55078125,25574.349609375
2025-11-11,1221.557861328125,1987.703857421875,999.05859375,61.040000915527344,755.761474609375,1203.865478515625,4106.7998046875,2148.11669921875,1513.9710693359375,975.564697265625,2403.05712890625,1346.944580078125,1497.88671875,88.70709991455078,387.929931640625,3710.13818359375,15489.4384765625,237.88563537597656,1486.5269775390625,936.4209594726562,1700.567626953125,2936.46337890625,404.2466735839844,232.94677734375,58138.1484375,25694.94921875
2025-11-12,1220.6585693359375,2033.7645263671875,1007.0097045898438,58.4900016784668,751.76171875,1221.8514404296875,4204.39990234375,2183.246826171875,1537.1146240234375,973.4005126953124,2400.08740234375,1347.53955078125,1518.8333740234375,88.46649932861328,388.0729370117188,3715.283935546875,15539.931640625,242.0816650390625,1504.5435791015625,940.2028198242188,1716.4228515625,3018.18701171875,398.8414916992188,236.3490753173828,58274.6484375,25875.80078125
2025-11-13,1224.2557373046875,2054.44677734375,999.2573852539062,58.68999862670898,755.3170166015625,1227.1180419921875,4186.89990234375,2195.48779296875,1541.4541015625,970.596923828125,2383.357666015625,1374.3138427734375,1509.14306640625,88.59400177001953,386.83343505859375,3661.053466796875,15592.404296875,239.2207489013672,1503.9464111328125,937.1085815429688,1721.6749267578125,2993.03369140625,394.6760559082031,236.45509338378903,58381.94921875,25879.150390625
2025-11-14,1240.6431884765625,2064.038818359375,1012.27734375,60.09000015258789,755.3663940429688,1238.1480712890625,4087.60009765625,2185.2373046875,1537.693359375,973.4988403320312,2403.255126953125,1361.521728515625,1470.9691162109375,88.81610107421875,389.1694641113281,3660.162841796875,15528.05078125,241.9075164794922,1511.9095458984375,950.7133178710938,1741.196533203125,2993.322998046875,387.9815979003906,235.52981567382807,58517.55078125,25910.05078125
2025-11-17,1248.636962890625,2077.8271484375,1020.5266723632812,59.90999984741211,758.97119140625,1236.5582275390625,4068.300048828125,2174.091064453125,1549.072265625,980.3357543945312,2400.582275390625,1367.4715576171875,1475.66748046875,88.68199920654297,388.1683044433594,3696.08544921875,15720.1220703125,242.34716796875,1511.3123779296875,956.1159057617188,1747.93505859375,2989.660888671875,369.6337890625,235.22140502929688,58962.69921875,26013.44921875
2025-11-18,1264.4249267578125,2048.451904296875,1007.4072265625,60.7400016784668,741.0462036132812,1235.9620361328125,4061.300048828125,2140.45361328125,1538.2718505859375,976.302490234375,2379.793701171875,1361.9183349609375,1454.91650390625,88.63590240478516,386.9764404296875,3656.40234375,15771.60546875,241.2724609375,1512.4072265625,955.2318725585938,1742.8812255859375,2975.108642578125,368.2452697753906,232.1853485107422,58899.25,25910.05078125
2025-11-19,1269.4210205078125,2048.451904296875,999.4561157226562,59.43999862670898,734.4293212890625,1242.321533203125,4077.699951171875,2120.151611328125,1603.2664794921875,978.41748046875,2417.015380859375,1371.5372314453125,1508.4578857421875,88.55680084228516,384.7833862304688,3683.814453125,15611.2158203125,243.27532958984372,1511.9095458984375,965.3494873046876,1767.9521484375,3033.51025390625,357.8812866210937,237.16831970214844,59216.05078125,26052.650390625
2025-11-20,1284.2095947265625,2093.8134765625,1022.3156127929688,59.13999938964844,731.910888671875,1240.731689453125,4056.5,2113.58349609375,1586.6805419921875,992.4356689453124,2403.947998046875,1371.4381103515625,1503.955322265625,88.48719787597656,386.5950317382813,3678.07470703125,15643.8876953125,242.34716796875,1541.9705810546875,964.1707153320312,1761.3128662109375,3030.715576171875,356.83990478515625,237.35145568847656,59347.69921875,26192.150390625
2025-11-21,1274.81689453125,2050.650146484375,997.9652709960938,58.060001373291016,716.356201171875,1236.061279296875,4076.699951171875,2080.841796875,1550.6151123046875,981.8114013671876,2409.19482421875,1358.0509033203125,1512.2752685546875,88.69219970703125,388.8834228515625,3710.6328125,15818.1376953125,241.2724609375,1539.4820556640625,955.3792114257812,1763.5919189453125,3036.30517578125,359.2697448730469,235.6454925537109,58867.69921875,26068.150390625
2025-11-24,1268.0220947265625,2029.068603515625,987.927001953125,58.84000015258789,708.8010864257812,1218.4727783203125,4091.89990234375,2036.555908203125,1552.929443359375,982.8934936523438,2399.790283203125,1356.960205078125,1515.2117919921875,89.63400268554688,384.7833862304688,3652.44384765625,15799.326171875,240.1000518798828,1528.831298828125,953.4146118164062,1764.68212890625,3027.245849609375,355.35223388671875,238.32492065429688,58835.3515625,25959.5
2025-11-25,1265.32421875,2028.468994140625,980.1746826171876,57.95000076293945,712.3563842773438,1228.3104248046875,4139.2001953125,2083.927001953125,1543.9613037109375,973.6956176757812,2389.792236328125,1346.4488525390625,1498.1802978515625,89.14779663085938,382.1612548828125,3631.167236328125,15731.0126953125,239.70925903320312,1532.61376953125,966.1844482421876,1760.71826171875,3006.04443359375,349.5503845214844,236.7538909912109,58820.30078125,25884.80078125
2025-11-26,1289.2056884765625,2083.322265625,1004.5249633789062,58.650001525878906,721.6892700195312,1240.135498046875,4165.2001953125,2104.228759765625,1560.161865234375,987.5662231445312,2400.7802734375,1363.5050048828125,1524.902099609375,89.15059661865234,383.5915222167969,3648.089599609375,15995.357421875,242.00521850585935,1562.6748046875,966.4791870117188,1788.56396484375,3048.15869140625,356.29443359375,241.1392974853516,59528.05078125,26205.30078125
2025-11-27,1286.3079833984375,2101.40673828125,1027.48388671875,58.650001525878906,716.4055786132812,1241.4273681640625,4165.2001953125,2086.2158203125,1570.86572265625,993.0750732421876,2427.013427734375,1380.5611572265625,1533.2220458984375,89.16300201416016,385.4985046386719,3642.943603515625,15744.873046875,238.39028930664065,1556.2047119140625,955.624755859375,1793.9150390625,3022.81298828125,354.8563537597656,240.53207397460935,59737.30078125,26215.55078125
2025-11-28,1278.7137451171875,2092.214599609375,1031.1612548828125,58.54999923706055,714.6278686523438,1250.867431640625,4218.2998046875,2104.427978515625,1566.2369384765625,991.2059936523438,2441.763671875,1377.189697265625,1527.055419921875,89.36479949951172,385.4508361816406,3718.252685546875,15741.9033203125,237.65753173828125,1560.285888671875,961.6658935546876,1815.022216796875,3023.680419921875,353.86456298828125,240.50315856933597,59752.69921875,26202.94921875
2025-12-01,1274.7169189453125,2080.025146484375,1014.8613891601562,59.31999969482422,703.66552734375,1252.1591796875,4239.2998046875,2086.414794921875,1584.2696533203125,985.7954711914062,2439.6845703125,1378.478759765625,1530.872802734375,89.3499984741211,385.4508361816406,3702.716064453125,15936.9443359375,239.20120239257807,1558.892333984375,955.870361328125,1791.041259765625,3019.72900390625,360.8069763183594,241.2260284423828,59681.3515625,26175.75
2025-12-02,1257.030517578125,2064.138427734375,1019.2345581054688,58.63999938964844,703.3692626953125,1267.1640625,4186.60009765625,2087.609130859375,1577.1336669921875,973.6956176757812,2452.850830078125,1361.521728515625,1527.9364013671875,89.61270141601562,382.3043212890625,3677.876708984375,16077.5322265625,237.94085693359372,1539.1834716796875,950.1730346679688,1783.2127685546875,3021.94580078125,358.7738647460937,241.1199951171875,59273.80078125,26032.19921875
2025-12-03,1269.720703125,2044.255615234375,1015.1596069335938,58.95000076293945,699.2213134765625,1272.62939453125,4199.2998046875,2057.85302734375,1581.955322265625,984.2214965820312,2423.350830078125,1379.8670654296875,1545.261474609375,89.91719818115234,381.875244140625,3611.473876953125,15922.09375,234.5017852783203,1531.718017578125,934.2107543945312,1790.3475341796875,3064.63818359375,353.9141845703125,245.4764862060547,59348.25,25986.0
2025-12-04,1279.0135498046875,2047.452880859375,1022.8125,59.66999816894531,700.5545654296875,1269.5489501953125,4211.7998046875,2069.59619140625,1595.552001953125,980.9752197265624,2437.40771484375,1375.1070556640625,1563.7611083984375,90.17050170898438,384.3066101074219,3633.443359375,15834.96875,236.6609649658203,1528.53271484375,931.31298828125,1801.8427734375,3112.0537109375,353.5174865722656,247.6354522705078,59288.69921875,26033.75
2025-12-05,1281.51171875,2094.712646484375,1041.5970458984375,60.08000183105469,710.8256225585938,1267.1640625,4212.89990234375,2072.382568359375,1622.9385986328125,986.9759521484376,2315.052490234375,1380.858642578125,1581.9671630859375,89.8364028930664,386.1182861328125,3678.470703125,16120.10546875,235.6839599609375,1533.5096435546875,954.2987060546876,1788.9603271484375,3120.72705078125,350.69091796875,250.50767517089844,59777.19921875,26186.44921875
2025-12-08,1272.8184814453125,2057.4443359375,1020.1290893554688,58.880001068115234,678.9261474609375,1258.5189208984375,4187.2001953125,1965.598876953125,1628.338623046875,986.7791748046876,2290.699951171875,1377.98291015625,1576.681640625,89.93800354003906,383.5915222167969,3643.4384765625,16026.0498046875,233.0362701416016,1535.898681640625,939.466064453125,1779.942626953125,3119.0888671875,345.4345092773437,251.9244842529297,59238.55078125,25960.55078125
2025-12-09,1274.916748046875,2067.735595703125,1010.4883422851562,58.25,681.493896484375,1238.3468017578125,4206.7001953125,2033.1722412109373,1598.4449462890625,980.8768310546876,2283.275634765625,1363.7032470703125,1565.1314697265625,90.12999725341795,382.399658203125,3598.1142578125,15860.7099609375,234.325927734375,1522.3612060546875,942.3638305664062,1759.9254150390625,3091.911865234375,341.8641357421875,248.09811401367188,59222.3515625,25839.650390625
2025-12-10,1277.6146240234375,2064.038818359375,1004.1273803710938,58.459999084472656,676.3089599609375,1242.9178466796875,4196.39990234375,2004.6103515625,1606.545166015625,973.6956176757812,2278.52392578125,1352.2001953125,1551.2322998046875,89.91690063476562,384.4019775390625,3592.275634765625,15859.7197265625,233.7885589599609,1529.8267822265625,942.7567749023438,1769.3394775390625,3073.504638671875,340.5748291015625,248.64749145507807,58960.3984375,25758.0
2025-12-11,1271.7191162109375,2064.038818359375,1000.2512817382812,57.59999847412109,685.0492553710938,1265.4747314453125,4285.5,2025.807861328125,1612.7169189453125,984.0247802734376,2282.384765625,1348.63037109375,1564.1527099609375,89.79299926757812,384.1636047363281,3627.10986328125,16086.443359375,232.9288024902344,1537.889404296875,946.1947631835938,1790.843017578125,3076.10693359375,343.798095703125,249.8715362548828,59209.8515625,25898.55078125
2025-12-12,1285.10888671875,2081.323974609375,1011.0846557617188,57.43999862670898,690.7279663085938,1271.23828125,4300.10009765625,2065.117919921875,1613.48828125,985.2052612304688,2237.837890625,1354.5802001953125,1564.348388671875,90.25299835205078,381.4938354492188,3641.3603515625,16357.71875,232.5477752685547,1549.3365478515625,946.0965576171876,1777.26708984375,3103.66943359375,344.5915222167969,251.1726837158203,59389.94921875,26046.94921875
2025-12-15,1283.8099365234375,2068.734619140625,1006.5127563476562,56.81999969482422,689.24658203125,1272.530029296875,4306.7001953125,2057.85302734375,1623.90283203125,979.89306640625,2270.406494140625,1353.786865234375,1572.766357421875,90.5770034790039,383.5915222167969,3570.50439453125,16251.7822265625,229.9391632080078,1549.037841796875,950.1239624023438,1780.83447265625,3113.017333984375,344.2939758300781,252.27145385742188,59461.80078125,26027.30078125
2025-12-16,1218.66015625,2033.4647216796875,992.3001708984376,55.27000045776367,683.370361328125,1268.8533935546875,4304.5,2013.8656005859373,1592.7554931640625,978.1223754882812,2258.13134765625,1354.5802001953125,1559.1607666015625,90.7769012451172,383.0194091796875,3583.369140625,16191.388671875,226.8713531494141,1535.201904296875,944.1319580078124,1765.1776123046875,3088.828125,342.60797119140625,249.84262084960935,59034.6015625,25860.099609375
2025-12-17,1223.756103515625,2019.4766845703125,993.4927368164062,55.93999862670898,674.6300659179688,1263.9842529296875,4347.5,2005.2073974609373,1595.937744140625,967.989990234375,2252.686767578125,1341.0938720703125,1568.0679931640625,90.94889831542967,381.2077941894531,3575.25439453125,16234.951171875,227.5552520751953,1537.292236328125,958.5716552734376,1776.672607421875,3101.067138671875,343.5005798339844,251.6931915283203,58926.75,25818.55078125
2025-12-18,1228.852294921875,2024.572509765625,994.1884765625,56.150001525878906,670.6302490234375,1271.933837890625,4339.5,1990.1800537109373,1602.109375,963.7599487304688,2242.6884765625,1345.4571533203125,1592.3427734375,90.4136962890625,381.7798767089844,3549.326904296875,16166.6376953125,226.66616821289065,1537.292236328125,960.2415771484376,1730.097900390625,3161.78173828125,342.955078125,254.3051300048828,58912.8515625,25815.55078125
2025-12-19,1229.651611328125,2042.0574951171875,1002.1396484375,56.65999984741211,682.629638671875,1270.1451416015625,4361.39990234375,2034.963623046875,1583.7874755859375,969.465576171875,2257.04248046875,1342.7796630859375,1603.9906005859375,90.25579833984376,382.399658203125,3566.150146484375,16250.79296875,227.53570556640625,1557.8968505859375,962.94287109375,1729.10693359375,3162.938232421875,349.74871826171875,254.8834381103516,59069.19921875,25966.400390625
2025-12-22,1232.2496337890625,2048.052490234375,1001.6427001953124,58.0099983215332,683.4690551757812,1275.3123779296875,4444.60009765625,2020.6329345703125,1610.6917724609375,971.6298217773438,2266.44677734375,1357.059326171875,1653.8125,89.56999969482422,383.9729309082031,3579.11376953125,16483.455078125,228.79605102539065,1568.1495361328125,957.0491333007812,1753.7816162109375,3204.281982421875,356.1952514648437,262.8060607910156,59304.0,26172.400390625
2025-12-23,1224.0560302734375,2045.854248046875,1005.220703125,58.380001068115234,685.641845703125,1275.4117431640625,4482.7998046875,2009.7852783203125,1619.94921875,980.3849487304688,2279.414794921875,1351.605224609375,1632.9637451171875,89.60389709472656,388.40667724609375,3587.4267578125,16420.091796875,230.0759429931641,1563.4710693359375,954.691650390625,1740.0074462890625,3189.92236328125,360.26153564453125,261.5820007324219,59299.55078125,26177.150390625
2025-12-24,1225.35498046875,2033.96435546875,1005.5188598632812,58.34999847412109,686.2837524414062,1257.8233642578125,4480.60009765625,1996.44970703125,1614.9346923828125,980.9752197265624,2259.22021484375,1348.43212890625,1628.16748046875,89.50789642333984,387.6915588378906,3598.906005859375,16536.91796875,228.39547729492188,1551.0286865234375,951.7938842773438,1721.278564453125,3198.59619140625,356.2448425292969,258.3628234863281,59183.6015625,26142.099609375
2025-12-26,1227.25341796875,2015.8797607421875,993.8903198242188,56.7400016784668,686.3825073242188,1261.30126953125,4529.10009765625,1992.966552734375,1601.6273193359375,975.9581909179688,2262.387939453125,1339.110595703125,1621.0220947265625,90.10590362548828,385.3554992675781,3585.447509765625,16430.982421875,229.13800048828125,1552.0240478515625,949.1907348632812,1703.936767578125,3161.0107421875,355.8481140136719,256.6664733886719,59011.3515625,26042.30078125
2025-12-29,1231.050537109375,2010.384521484375,991.902587890625,58.08000183105469,680.2100219726562,1260.6055908203125,4325.10009765625,1988.189697265625,1572.6015625,975.564697265625,2270.20849609375,1332.070068359375,1609.863525390625,89.82929992675781,383.8775634765625,3554.769775390625,16377.51953125,229.4213409423828,1538.4866943359375,947.962890625,1701.65771484375,3133.544677734375,355.6497802734375,254.68101501464844,58932.3515625,25942.099609375
2025-12-30,1245.039794921875,2024.67236328125,983.2556762695312,57.95000076293945,672.21044921875,1257.8233642578125,4370.10009765625,1968.186279296875,1557.55810546875,974.7777709960938,2267.1396484375,1331.276611328125,1587.2528076171875,89.9000015258789,381.9705810546875,3622.260986328125,16481.4765625,229.2845458984375,1532.71337890625,956.2141723632812,1704.6304931640625,3129.01513671875,358.7738647460937,254.11236572265625,59171.25,25938.849609375
2025-12-31,1268.4217529296875,2038.160888671875,980.77099609375,57.41999816894531,678.8767700195312,1263.3880615234375,4325.60009765625,1994.7579345703125,1565.369140625,975.0728759765624,2292.580810546875,1331.67333984375,1581.1842041015625,89.76940155029297,384.2589721679688,3670.652587890625,16530.978515625,234.853515625,1563.172607421875,964.8092651367188,1704.135009765625,3089.887939453125,364.3277893066406,253.75575256347656,59581.8515625,26129.599609375
2026-01-01,1273.41796875,2035.2633056640625,967.1546630859376,57.41999816894531,682.8271484375,1245.50146484375,4325.60009765625,2005.6055908203125,1576.1693115234375,975.023681640625,2299.609375,1326.8143310546875,1595.2791748046875,89.76940155029297,346.9295959472656,3721.914306640625,16541.869140625,232.4696044921875,1568.3485107421875,967.3140869140624,1705.5223388671875,3110.31884765625,364.526123046875,257.67852783203125,59711.55078125,26146.55078125
2026-01-02,1265.9237060546875,2036.662109375,984.398681640625,57.31999969482422,689.5428466796875,1248.1844482421875,4314.39990234375,2058.549560546875,1581.6658935546875,985.3035888671876,2324.357666015625,1344.06884765625,1605.6546630859375,89.96189880371094,333.77130126953125,3762.884033203125,16791.36328125,235.90869140625,1584.9718017578125,981.2626953125,1712.35986328125,3132.7734375,367.3031311035156,259.268798828125,60150.94921875,26328.55078125
2026-01-05,1284.8092041015625,2037.4613037109373,972.7702026367188,58.31999969482422,702.52978515625,1242.1229248046875,4436.89990234375,2113.981689453125,1550.2293701171875,961.5957641601562,2360.09423828125,1360.0341796875,1572.374755859375,90.00700378417969,333.4376220703125,3750.909912109375,16984.423828125,232.61614990234372,1570.8370361328125,987.7457885742188,1713.2518310546875,3099.428955078125,370.4767761230469,253.7749938964844,60044.19921875,26250.30078125
2026-01-06,1292.802978515625,2042.8568115234373,971.3787231445312,57.130001068115234,697.5424194335938,1248.2838134765625,4482.2001953125,2117.663818359375,1558.618896484375,946.544677734375,2400.285400390625,1399.4022216796875,1578.0518798828125,90.23300170898438,326.5248107910156,3746.2587890625,17120.0625,236.32879638671875,1500.6614990234375,1000.8594360351562,1744.2684326171875,3137.6884765625,365.8650207519531,255.9918212890625,60118.3984375,26178.69921875
2026-01-07,1294.501708984375,2030.1676025390625,962.8809814453124,55.9900016784668,694.5302124023438,1234.96826171875,4449.2998046875,2127.914306640625,1588.898193359375,933.608642578125,2375.239990234375,1415.7642822265625,1604.2843017578125,90.16609954833984,325.3805847167969,3709.841064453125,16641.865234375,233.56385803222656,1497.277099609375,989.3175048828124,1766.4656982421875,3176.044921875,360.3607177734375,261.0036926269531,59990.8515625,26140.75
2026-01-08,1285.808349609375,2007.187255859375,966.01171875,57.7599983215332,683.8147583007812,1199.2945556640625,4449.7001953125,2085.021728515625,1587.9339599609375,931.296875,2362.66796875,1423.00341796875,1579.128662109375,89.8644027709961,325.0468444824219,3685.298828125,16498.306640625,226.09950256347656,1463.831787109375,980.3294677734376,1744.763916015625,3087.67138671875,356.4927978515625,252.71481323242188,59686.5,25876.849609375
2026-01-09,1271.019775390625,1990.7012939453125,953.7371215820312,59.119998931884766,662.5813598632812,1202.4742431640625,4490.2998046875,1981.9200439453125,1602.109375,923.72216796875,2348.7099609375,1392.56005859375,1579.91162109375,89.90540313720703,321.47125244140625,3639.084228515625,16336.927734375,228.70811462402344,1468.51025390625,982.7852172851562,1714.2427978515625,3091.43017578125,351.23638916015625,252.473876953125,59251.55078125,25683.30078125
2026-01-12,1273.218017578125,1997.19580078125,946.084228515625,59.5,651.4708251953125,1207.84033203125,4604.2998046875,1921.5120849609373,1608.088134765625,921.7055053710938,2381.9716796875,1401.286376953125,1562.09716796875,90.23600006103516,322.6631164550781,3643.7353515625,16417.12109375,230.29087829589844,1476.373779296875,997.1758422851562,1720.2874755859375,3122.076416015625,347.6659851074219,253.58224487304688,59450.5,25790.25
2026-01-13,1261.0274658203125,2009.4852294921875,943.2019653320312,61.150001525878906,644.3107299804688,1183.7928466796875,4589.2001953125,1869.76220703125,1605.5809326171875,922.0989990234376,2365.439697265625,1424.9866943359375,1565.1314697265625,90.13269805908205,319.1351928710937,3623.4482421875,16262.6728515625,238.1753387451172,1446.11376953125,1010.2402954101562,1713.053466796875,3149.446044921875,346.8725891113281,254.64247131347656,59578.80078125,25732.30078125
2026-01-14,1297.7991943359375,1999.194091796875,940.1705932617188,62.02000045776367,642.9774780273438,1179.0230712890625,4626.2998046875,1862.397705078125,1608.9560546875,910.3926391601562,2329.80224609375,1406.5421142578125,1565.91455078125,90.27300262451172,319.182861328125,3611.572998046875,15991.3974609375,242.5230255126953,1452.086181640625,1010.14208984375,1685.3070068359375,3076.684814453125,346.92218017578125,250.78717041015625,59580.1484375,25665.599609375
2026-01-16,1293.20263671875,2000.792724609375,944.4442749023438,59.43999862670898,641.7922973632812,1168.0924072265625,4588.39990234375,1879.9130859375,1649.264892578125,915.95068359375,2336.6328125,1399.0057373046875,1654.00830078125,90.36160278320312,313.8909606933594,3620.1826171875,15701.310546875,241.4873962402344,1451.1903076171875,1023.8451538085938,1653.794921875,3146.54931640625,350.69091796875,257.77490234375,60095.1484375,25694.349609375
2026-01-19,1306.492431640625,2016.0797119140625,963.5269775390624,59.43999862670898,633.8915405273438,1159.8446044921875,4588.39990234375,1789.15185546875,1667.525390625,912.8027954101562,2389.593994140625,1369.05810546875,1645.59033203125,90.7020034790039,317.7049255371094,3619.390869140625,16015.1591796875,237.520751953125,1407.0941162109375,1020.0142211914062,1660.236083984375,3104.258056640625,341.1698913574219,237.0526580810547,59891.3515625,25585.5
2026-01-20,1292.503173828125,1957.030029296875,927.4984741210938,60.34000015258789,605.300537109375,1159.3477783203125,4759.60009765625,1686.5477294921875,1638.8720703125,916.049072265625,2355.14453125,1364.29833984375,1623.7628173828125,90.90450286865234,311.12579345703125,3520.529052734375,15721.1123046875,234.86328125,1387.5843505859375,1018.0496215820312,1599.193603515625,3044.10791015625,335.07049560546875,231.2215118408203,59404.19921875,25232.5
2026-01-21,1283.9097900390625,1958.22900390625,930.5298461914062,60.619998931884766,609.9916381835938,1149.9075927734375,4831.7998046875,1636.48974609375,1634.209716796875,905.3755493164062,2344.15625,1337.7222900390625,1619.358154296875,91.11840057373048,309.6478881835937,3516.372802734375,15613.1962890625,236.7977600097656,1398.1356201171875,1010.4368286132812,1598.3017578125,3064.027099609375,336.458984375,230.8841857910156,58800.30078125,25157.5
2026-01-22,1293.80224609375,1991.400634765625,937.0894775390624,59.36000061035156,605.6954956054688,1209.82763671875,4908.7998046875,1612.605224609375,1654.218505859375,903.75244140625,2366.52880859375,1334.2515869140625,1628.265380859375,91.53690338134766,309.7432556152344,3536.560791015625,15608.24609375,238.40005493164065,1396.0452880859375,1029.7879638671875,1619.408935546875,3091.305419921875,344.4427185058594,231.9443817138672,59200.1015625,25289.900390625
2026-01-23,1257.030517578125,1947.3382568359373,922.18115234375,61.06999969482422,581.1536865234375,1227.8135986328125,4976.2001953125,1533.7861328125,1658.006591796875,901.1947021484376,2385.238525390625,1332.169189453125,1635.4107666015625,91.55829620361328,308.36065673828125,3506.57568359375,15315.1884765625,239.8264923095703,1379.720703125,1011.271728515625,1617.1297607421875,3103.178466796875,341.6162109375,229.77577209472656,58473.1015625,25048.650390625
2026-01-27,1314.7860107421875,1916.06494140625,909.1115112304688,62.38999938964844,601.9920043945312,1231.9871826171875,5079.89990234375,1510.5982666015625,1670.82763671875,911.3272094726562,2376.724853515625,1350.0186767578125,1647.05859375,91.71309661865234,303.83154296875,3358.2333984375,15093.416015625,242.2494659423828,1374.146484375,1034.5030517578125,1624.06640625,3098.762939453125,337.7482604980469,232.148681640625,59205.44921875,25175.400390625
2026-01-28,1318.782958984375,1938.645751953125,929.4365844726562,63.209999084472656,617.7936401367188,1214.796142578125,5301.60009765625,1542.8424072265625,1679.9578857421875,917.524658203125,2354.451416015625,1356.2659912109375,1631.2017822265625,91.5343017578125,306.2153015136719,3413.3544921875,14729.0751953125,262.4051513671875,1390.2718505859375,1044.6697998046875,1596.0224609375,3140.073486328125,337.64910888671875,234.66989135742188,59598.80078125,25342.75
2026-01-29,1362.6490478515625,1946.4390869140625,929.4365844726562,65.41999816894531,630.6324462890625,1201.2818603515625,5318.39990234375,1558.9644775390625,1672.1875,920.2791137695312,2328.911376953125,1372.0330810546875,1624.35009765625,92.04080200195312,303.7839050292969,3349.22802734375,14357.8037109375,269.0586242675781,1384.59814453125,1047.3218994140625,1574.915283203125,3085.41796875,348.9057006835937,237.09222412109372,59957.8515625,25418.900390625
2026-01-30,1369.343994140625,1950.9351806640625,924.1688842773438,65.20999908447266,627.8671875,1210.423828125,4713.89990234375,1569.2149658203125,1646.9337158203125,914.1307983398438,2349.10595703125,1343.672119140625,1606.241943359375,91.78189849853516,307.1687927246094,3396.135498046875,14453.83984375,262.77642822265625,1388.9779052734375,1058.078125,1580.861083984375,3065.302734375,347.17010498046875,234.22496032714844,59610.44921875,25320.650390625
2026-02-02,1310.4893798828125,1928.454345703125,898.1787109375,62.13999938964844,618.5343627929688,1175.0482177734375,4622.5,1552.59521484375,1628.67333984375,912.9994506835938,2333.56396484375,1341.4906005859375,1594.8875732421875,91.68699645996094,300.06524658203125,3427.208984375,14240.9775390625,248.1115264892578,1384.0009765625,1010.4859008789062,1613.166015625,3110.1455078125,359.9143981933594,239.56399536132807,58619.0,25088.400390625
2026-02-03,1355.15478515625,2010.9840087890625,958.5078735351562,63.209999084472656,642.3355712890625,1227.6148681640625,4903.7001953125,1691.22509765625,1646.6424560546875,933.2643432617188,2344.750244140625,1378.08203125,1620.9241943359375,90.24559783935548,301.924560546875,3491.236572265625,14635.01953125,251.0914001464844,1430.4859619140625,1045.3572998046875,1686.6943359375,3164.80078125,368.9891052246094,239.94960021972656,60041.30078125,25727.55078125
2026-02-04,1337.6683349609375,2017.8780517578125,957.41455078125,65.13999938964844,651.6683349609375,1232.384521484375,4920.39990234375,1703.4659423828125,1575.2520751953125,937.5927124023438,2347.1259765625,1396.625732421875,1503.2701416015625,90.4228973388672,305.5264587402344,3536.857666015625,14921.146484375,260.8126525878906,1450.095458984375,1049.2864990234375,1688.9736328125,2942.84375,372.3611755371094,230.7051696777344,60238.1484375,25776.0
2026-02-05,1329.5745849609375,1998.394775390625,958.855712890625,63.290000915527344,653.100341796875,1237.0550537109375,4861.39990234375,1681.67138671875,1563.7906494140625,934.248046875,2330.693115234375,1384.8251953125,1488.00048828125,90.125,301.9732666015625,3534.87841796875,14909.265625,263.01092529296875,1436.757080078125,1054.49267578125,1698.1494140625,2935.38623046875,371.0718383789063,230.75460815429688,60063.6484375,25642.80078125
2026-02-06,1340.5660400390625,2022.47412109375,975.7021484375,63.54999923706055,655.52001953125,1233.3782958984375,4951.2001953125,1691.623291015625,1547.9583740234375,925.7879638671876,2399.790283203125,1394.344970703125,1475.177978515625,90.3147964477539,317.1595153808594,3540.816162109375,14847.8818359375,262.7666931152344,1444.123046875,1047.5184326171875,1690.6690673828125,2886.422119140625,366.4601135253906,228.11476135253903,60120.55078125,25693.69921875
2026-02-09,1340.3663330078125,2022.873779296875,977.143310546875,64.36000061035156,662.8282470703125,1267.462158203125,5050.89990234375,1792.7344970703125,1556.020263671875,922.0006103515624,2410.481689453125,1384.626953125,1465.4876708984375,90.58799743652344,314.23907470703125,3572.087890625,14829.0712890625,260.470703125,1454.873291015625,1125.708984375,1700.1441650390625,2892.8984375,374.2951049804688,227.4819793701172,60669.3515625,25867.30078125
2026-02-10,1355.6544189453125,2026.1710205078125,959.7005004882812,63.959999084472656,663.4701538085938,1248.0850830078125,5003.7998046875,1812.0411376953125,1527.94970703125,917.2295532226562,2428.89453125,1394.7415771484375,1466.0750732421875,90.8227996826172,312.876220703125,3637.599853515625,14995.400390625,265.8930969238281,1451.7874755859375,1123.8426513671875,1703.3359375,2928.61572265625,376.2290649414063,228.85629272460935,60626.3984375,25935.150390625
2026-02-11,1346.2618408203125,2025.2718505859373,963.0300903320312,64.62999725341797,663.717041015625,1262.2950439453125,5071.60009765625,1843.1905517578125,1507.066650390625,912.0157470703124,2438.1005859375,1394.344970703125,1440.7236328125,90.58789825439452,309.80975341796875,3636.708984375,15258.755859375,268.2867736816406,1461.9405517578125,1161.9556884765625,1706.627197265625,2855.21875,381.5350646972656,227.21502685546875,60745.3515625,25953.849609375
2026-02-12,1338.9674072265625,2035.3631591796875,992.995849609375,62.84000015258789,643.7181396484375,1266.865966796875,4923.7001953125,1812.936767578125,1433.7337646484375,905.6215209960938,2385.436279296875,1418.045166015625,1356.64306640625,90.73570251464844,309.0309753417969,3555.75927734375,15173.6103515625,269.9965515136719,1442.231689453125,1171.2874755859375,1710.4173583984375,2698.514404296875,380.29534912109375,216.606201171875,60739.75,25807.19921875
2026-02-13,1331.2733154296875,2021.4749755859373,1018.4891357421876,62.88999938964844,618.6331176757812,1260.1087646484375,5022.0,1797.909423828125,1413.4334716796875,889.1932373046875,2281.988525390625,1402.77392578125,1340.1009521484375,90.56410217285156,305.4291076660156,3496.679443359375,15085.49609375,261.2522888183594,1413.0665283203125,1177.377685546875,1693.062744140625,2641.700439453125,377.1216735839844,211.6725311279297,60186.6484375,25471.099609375
2026-02-16,1357.2532958984375,2049.1513671875,1006.5624389648438,62.88999938964844,635.8173217773438,1261.400634765625,5022.0,1823.8837890625,1419.84423828125,910.7368774414062,2295.649658203125,1399.7989501953125,1336.6751708984375,90.57119750976562,309.5177307128906,3473.225830078125,14901.3447265625,265.306884765625,1430.4859619140625,1186.70947265625,1696.054931640625,2655.830322265625,374.1463317871094,210.85189819335935,60949.1015625,25682.75
2026-02-17,1356.154052734375,2042.656982421875,1007.9539184570312,62.33000183105469,631.126220703125,1276.70361328125,4882.89990234375,1836.2242431640625,1440.047119140625,910.6385498046876,2289.01708984375,1395.7332763671875,1361.73291015625,90.78299713134766,316.8188171386719,3452.93896484375,15028.072265625,265.6000061035156,1416.450927734375,1191.9156494140625,1712.611572265625,2666.427490234375,379.7002868652344,213.2544708251953,61174.0,25725.400390625
2026-02-18,1375.9388427734375,2058.84326171875,1017.544921875,65.19000244140625,634.484130859375,1272.23193359375,4986.5,1876.03173828125,1425.089111328125,909.6548461914062,2300.1044921875,1396.4273681640625,1344.603515625,90.6261978149414,323.6331787109375,3493.809814453125,15013.2216796875,264.6000061035156,1434.666748046875,1197.3182373046875,1719.8924560546875,2644.349609375,379.7002868652344,209.55670166015625,61550.80078125,25819.349609375
2026-02-19,1355.5545654296875,2031.4664306640625,1010.836181640625,66.43000030517578,612.8062744140625,1274.2193603515625,4975.89990234375,1815.4246826171875,1408.771484375,900.702880859375,2256.349365234375,1377.189697265625,1341.471435546875,90.7935028076172,317.3542175292969,3396.135498046875,14754.81640625,274.6499938964844,1403.0130615234375,1184.3519287109375,1708.9212646484375,2627.66845703125,372.6091003417969,208.82505798339844,60739.55078125,25454.349609375
2026-02-20,1367.24560546875,2056.744873046875,1023.90576171875,66.38999938964844,621.4971313476562,1272.331298828125,5059.2998046875,1816.91748046875,1395.2703857421875,897.0138549804688,2291.195068359375,1382.8419189453125,1324.5377197265625,91.04109954833984,318.32769775390625,3377.3330078125,14828.0810546875,278.6499938964844,1412.8675537109375,1194.5677490234375,1719.8924560546875,2635.81298828125,374.8901672363281,207.4903106689453,61172.0,25571.25
2026-02-23,1385.63134765625,2049.850830078125,1024.700927734375,66.30999755859375,618.5343627929688,1299.1611328125,5204.7001953125,1820.8983154296875,1385.265869140625,908.5726928710938,2321.78369140625,1387.7010498046875,1299.3822021484375,90.72660064697266,316.7701416015625,3411.276611328125,14922.13671875,275.6499938964844,1421.4278564453125,1206.0606689453125,1727.7718505859375,2626.0986328125,376.82415771484375,203.56512451171875,61264.25,25713.0
2026-02-24,1386.5306396484375,2041.5579833984373,1017.2964477539062,65.62999725341797,604.0660400390625,1292.0064697265625,5155.7998046875,1762.18212890625,1300.762939453125,895.6858520507812,2334.85107421875,1373.2230224609375,1248.4835205078125,91.02010345458984,314.9205322265625,3397.52099609375,14777.587890625,276.5,1422.2242431640625,1201.640380859375,1727.273193359375,2525.423095703125,374.4438781738281,197.8800506591797,61047.30078125,25424.650390625
2026-02-25,1401.9188232421875,2047.5528564453125,1014.8117065429688,65.41999816894531,603.62158203125,1298.266845703125,5206.39990234375,1789.15185546875,1338.6435546875,892.8330078125,2350.98681640625,1388.791748046875,1262.7742919921875,90.91799926757812,311.2699890136719,3455.01708984375,14920.15625,277.45001220703125,1392.063720703125,1178.85107421875,1759.58837890625,2579.980224609375,378.70849609375,199.63995361328125,61043.3515625,25482.5
2026-02-26,1394.424560546875,2039.5596923828125,1006.76123046875,65.20999908447266,603.2265014648438,1310.9862060546875,5176.5,1789.15185546875,1334.0784912109375,883.9794311523438,2359.30224609375,1393.155029296875,1261.7955322265625,90.95099639892578,309.8584289550781,3448.386962890625,15061.734375,280.1000061035156,1400.3255615234375,1188.084716796875,1781.0322265625,2598.03515625,388.3286743164063,198.8094482421875,61187.69921875,25496.55078125
2026-02-27,1382.83349609375,1991.700439453125,989.8154296875,67.0199966430664,596.3626708984375,1278.1942138671875,5230.5,1722.673095703125,1349.2308349609375,873.3060302734375,2314.557373046875,1367.3724365234375,1272.5625,91.00740051269533,305.2830810546875,3362.0927734375,14709.2744140625,279.70001220703125,1387.48486328125,1180.4227294921875,1732.4595947265625,2587.92822265625,379.5019226074219,198.69081115722656,60529.0,25178.650390625
2026-03-02,1371.2425537109375,1940.244384765625,972.2732543945312,71.2300033569336,582.8819580078125,1286.2430419921875,5294.39990234375,1725.1611328125,1331.6502685546875,865.0918579101562,2297.233642578125,1362.5133056640625,1261.5997314453125,91.07959747314452,306.548583984375,3299.648681640625,14244.9375,282.20001220703125,1351.75,1168.831787109375,1747.9190673828125,2564.4765625,367.5510559082031,196.32778930664065,59839.6484375,24865.69921875
2026-03-04,1350.2586669921875,1887.689208984375,939.3257446289062,74.66000366210938,561.9942016601562,1283.063232421875,5120.2001953125,1685.552490234375,1324.8511962890625,854.5167846679688,2238.53076171875,1353.9852294921875,1279.7078857421875,92.00859832763672,303.6768493652344,3230.376220703125,14017.224609375,276.95001220703125,1338.8099365234375,1153.704345703125,1745.92431640625,2539.2587890625,348.3106689453125,193.3418884277344,58755.25,24480.5
2026-03-05,1348.060302734375,1910.1700439453125,956.5200805664062,81.01000213623047,577.8945922851562,1305.22265625,5065.2998046875,1735.41162109375,1315.2352294921875,863.4686889648438,2232.294189453125,1346.2503662109375,1278.141845703125,92.1230010986328,303.23876953125,3313.206298828125,14271.6689453125,276.3500061035156,1383.005615234375,1148.79296875,1779.8353271484375,2530.427490234375,352.2281494140625,193.4704132080078,59055.8515625,24765.900390625
2026-03-06,1314.7860107421875,1867.306640625,944.3945922851562,90.9000015258789,570.3887939453125,1295.5838623046875,5146.10009765625,1659.279541015625,1317.7606201171875,843.10546875,2203.2890625,1302.419921875,1280.686767578125,91.78690338134766,301.48651123046875,3297.867431640625,14018.21484375,278.95001220703125,1398.334716796875,1122.7620849609375,1794.6964111328125,2509.625244140625,347.8643493652344,193.19357299804688,57783.25,24450.44921875
2026-03-09,1287.3072509765625,1839.929931640625,932.31884765625,94.7699966430664,567.821044921875,1278.8897705078125,5091.5,1637.683837890625,1319.606201171875,827.0215454101562,2172.50244140625,1267.7125244140625,1287.14697265625,91.93620300292967,297.8846435546875,3154.473388671875,13373.6875,270.79998779296875,1417.4462890625,1079.050048828125,1802.675537109375,2479.99169921875,329.26861572265625,196.50575256347656,56019.80078125,24028.05078125
2026-03-10,1313.686767578125,1866.2076416015625,934.05810546875,83.44999694824219,577.302001953125,1306.3157958984375,5229.7001953125,1667.340576171875,1322.4229736328125,835.629150390625,2168.146484375,1300.9324951171875,1268.1578369140625,91.220703125,300.8537292480469,3259.470703125,13729.1181640625,269.20001220703125,1402.3162841796875,1092.5074462890625,1808.0614013671875,2465.9599609375,342.36004638671875,198.6611328125,56950.80078125,24261.599609375
2026-03-11,1254.832275390625,1793.7694091796875,888.1901245117188,87.25,566.0927734375,1317.1470947265625,5167.39990234375,1643.157470703125,1311.54443359375,820.38134765625,2139.636474609375,1283.777099609375,1249.2667236328125,92.16510009765624,300.8050842285156,3135.27490234375,13362.796875,270.75,1383.8017578125,1071.781005859375,1821.127197265625,2418.6640625,332.591064453125,199.9464569091797,55735.75,23866.849609375
2026-03-12,1233.5487060546875,1769.290283203125,857.8267211914062,95.7300033569336,551.179931640625,1310.6881103515625,5115.7998046875,1608.52490234375,1319.1204833984375,819.2008666992188,2115.383056640625,1255.9119873046875,1238.9891357421875,92.22879791259766,296.0350341796875,2999.698486328125,12881.62890625,270.54998779296875,1385.7926025390625,1065.9854736328125,1820.52880859375,2396.5859375,321.8799133300781,200.22329711914065,55100.94921875,23639.150390625
2026-03-13,1196.3773193359375,1736.5181884765625,849.825927734375,98.70999908447266,536.0203247070312,1284.1563720703125,5052.5,1569.81201171875,1287.3590087890625,803.7071533203125,2138.250732421875,1244.3099365234375,1221.8597412109375,92.38990020751952,293.455322265625,2900.638916015625,12465.8056640625,264.1000061035156,1374.3455810546875,1028.4619140625,1796.890625,2365.284423828125,311.5158996582031,195.34896850585935,53757.8515625,23151.099609375
2026-03-16,1213.763916015625,1772.3875732421875,872.7848510742188,93.5,523.7740478515625,1268.8533935546875,4994.0,1552.4957275390625,1290.4671630859375,826.9231567382812,2153.79248046875,1262.258544921875,1223.3280029296875,92.5635986328125,300.0749816894531,3004.5478515625,12630.154296875,260.45001220703125,1388.6793212890625,1047.8131103515625,1778.5386962890625,2364.0087890625,311.8134155273437,192.9068603515625,54413.3984375,23408.80078125
2026-03-17,1227.153564453125,1773.1868896484375,863.2931518554688,96.20999908447266,541.0076904296875,1275.7099609375,5001.0,1576.5792236328125,1283.182373046875,831.5958251953125,2136.46875,1277.9263916015625,1206.785888671875,92.28269958496094,296.76513671875,3096.38330078125,12843.0166015625,264.75,1391.167724609375,1045.8485107421875,1789.70947265625,2346.837158203125,316.5739440917969,189.1596527099609,54876.0,23581.150390625
2026-03-18,1252.2342529296875,1790.2723388671875,874.7228393554688,96.31999969482422,556.1179809570312,1286.640625,4889.89990234375,1635.096435546875,1318.246337890625,829.333251953125,2113.79931640625,1278.521484375,1240.261474609375,92.39129638671876,295.986328125,3181.19287109375,12918.26171875,265.0,1401.6195068359375,1050.8582763671875,1773.651611328125,2395.01611328125,322.0782775878906,192.1060028076172,55326.05078125,23777.80078125
2026-03-19,1206.06982421875,1713.4378662109375,827.1155395507812,96.13999938964844,535.5264892578125,1266.468505859375,4600.7001953125,1544.6336669921875,1274.1494140625,785.2130126953125,2056.383544921875,1239.6490478515625,1194.9422607421875,93.24659729003906,290.0968017578125,3013.7509765625,12473.7255859375,269.1000061035156,1378.4267578125,1030.3282470703125,1739.8402099609375,2311.806640625,306.75537109375,186.2825164794922,53451.0,23002.150390625
2026-03-20,1202.9722900390625,1708.8419189453125,825.4755859375,98.31999969482422,534.0451049804688,1290.7147216796875,4570.39990234375,1542.0462646484375,1295.4207763671875,767.7518310546875,2061.72900390625,1234.9884033203125,1229.2987060546875,93.0822982788086,291.9950866699219,3034.236083984375,12475.7060546875,265.3999938964844,1407.8905029296875,1039.26708984375,1772.4547119140625,2345.7578125,311.5158996582031,188.744384765625,53427.05078125,23114.5
2026-03-23,1169.6978759765625,1674.071533203125,807.63525390625,88.12999725341797,508.3674926757813,1245.402099609375,4404.10009765625,1489.997802734375,1319.606201171875,732.04248046875,2031.5361328125,1212.4781494140625,1230.1796875,93.89530181884766,282.7470397949219,2925.082275390625,12232.15234375,265.45001220703125,1401.3209228515625,1013.6292724609376,1753.8035888671875,2339.085205078125,302.7386779785156,185.42233276367188,51437.75,22512.650390625
2026-03-24,1191.78076171875,1702.9468994140625,843.8129272460938,92.3499984741211,514.5399780273438,1251.662353515625,4399.2998046875,1533.0894775390625,1333.88427734375,752.454833984375,2064.005859375,1240.7398681640625,1251.224365234375,93.2436981201172,283.5258178710937,2999.797607421875,12340.068359375,268.04998779296875,1405.302490234375,1012.5487670898438,1748.717041015625,2353.803955078125,308.6397399902344,186.6087951660156,52605.6484375,22912.400390625
2026-03-25,1221.158203125,1744.711181640625,877.356689453125,90.31999969482422,527.7244262695312,1292.5032958984375,4549.7998046875,1557.3721923828125,1341.6546630859375,769.5717163085938,2113.304443359375,1249.1688232421875,1252.00732421875,94.29969787597656,287.8578186035156,3095.591796875,12584.6123046875,270.20001220703125,1406.596435546875,1041.821044921875,1790.7069091796875,2332.80517578125,315.334228515625,186.915283203125,53708.1015625,23306.44921875
2026-03-27,1204.271240234375,1693.255126953125,838.6446533203125,99.63999938964844,516.5151977539062,1273.623046875,4492.0,1497.959228515625,1325.23974609375,743.8963623046875,2053.512451171875,1223.4854736328125,1242.806396484375,94.30950164794922,286.88433837890625,3009.69384765625,12265.8134765625,281.95001220703125,1341.8956298828125,1001.4487915039062,1788.91162109375,2344.97265625,300.70556640625,189.43649291992188,52274.6015625,22819.599609375
2026-03-30,1160.4051513671875,1630.4088134765625,796.6527709960938,102.87999725341795,497.84954833984375,1246.9920654296875,4526.0,1464.222412109375,1303.093994140625,719.6473999023438,2034.505859375,1195.8187255859375,1224.1109619140625,94.78179931640624,280.0699768066406,2923.99365234375,12183.638671875,284.6499938964844,1337.7149658203125,962.058837890625,1752.606689453125,2314.652099609375,293.7631530761719,185.52120971679688,50275.3515625,22331.400390625
2026-04-01,1192.1805419921875,1645.5958251953125,812.3065795898438,100.12000274658205,503.4294738769531,1201.9774169921875,4783.2001953125,1500.8453369140625,1315.5267333984375,730.17333984375,2043.91015625,1202.561767578125,1248.6793212890625,93.48429870605467,283.9638977050781,2999.99560546875,12384.62109375,288.04998779296875,1362.8984375,999.7789306640624,1723.9818115234375,2363.02734375,300.4576416015625,189.02122497558597,51448.6484375,22679.400390625
2026-04-02,1196.9769287109375,1639.3011474609375,821.7982177734375,111.54000091552734,515.7744750976562,1209.6290283203125,4651.5,1501.04443359375,1361.9547119140625,738.6826171875,2044.5042724609373,1205.635986328125,1273.247802734375,92.6426010131836,285.0834045410156,2980.4013671875,12505.4072265625,287.20001220703125,1344.2845458984375,1000.3683471679688,1689.1729736328125,2404.730224609375,300.8047180175781,192.7091217041016,51548.75,22713.099609375
2026-04-06,1244.34033203125,1670.874267578125,845.6515502929688,112.41000366210938,522.6383056640625,1210.1258544921875,4656.7998046875,1577.0767822265625,1363.023193359375,758.45556640625,2063.807861328125,1221.10546875,1278.5333251953125,92.97100067138672,287.0303649902344,2990.198486328125,12561.8408203125,281.8500061035156,1298.6953125,1014.4642333984376,1690.17041015625,2427.4951171875,304.8710021972656,195.06224060058597,52609.1015625,22968.25
2026-04-07,1249.1365966796875,1682.9639892578125,849.8756103515625,112.9499969482422,527.4775390625,1188.5625,4657.10009765625,1597.2791748046875,1400.223876953125,759.4392700195312,2089.34814453125,1235.0875244140625,1311.0301513671875,92.81659698486328,290.5348815917969,2975.3544921875,12670.7470703125,286.6499938964844,1298.5958251953125,1012.1558227539062,1713.5091552734375,2492.1591796875,306.1603088378906,202.4083404541016,52716.25,23123.650390625
2026-04-08,1331.9727783203125,1783.0784912109375,909.4593505859376,94.41000366210938,565.7470703125,1183.8922119140625,4749.5,1694.0115966796875,1419.067138671875,802.82177734375,2123.995849609375,1298.2550048828125,1317.68603515625,92.86019897460938,294.4288024902344,3176.739501953125,13466.7529296875,285.5,1341.5970458984375,1042.656005859375,1710.1180419921875,2511.195068359375,331.9960021972656,201.12301635742188,55703.8984375,23997.349609375
2026-04-09,1317.48388671875,1766.19287109375,897.7314453125,97.87000274658205,555.9698486328125,1204.262939453125,4792.2001953125,1687.3438720703125,1422.855224609375,784.72119140625,2111.720458984375,1270.58837890625,1303.395263671875,92.2748031616211,294.9642028808594,3133.889404296875,13453.8818359375,288.6000061035156,1323.87890625,1022.5189819335938,1712.611572265625,2540.436279296875,330.5083312988281,200.5792236328125,54821.69921875,23775.099609375
2026-04-10,1349.759033203125,1807.657470703125,918.9013061523438,96.56999969482422,562.537353515625,1224.4349365234375,4761.89990234375,1708.2427978515625,1409.5484619140625,797.1161499023438,2133.59814453125,1310.848876953125,1265.12353515625,92.46980285644533,296.1810607910156,3225.923095703125,13572.6884765625,286.5,1343.9859619140625,1047.8131103515625,1650.57421875,2476.94970703125,339.78143310546875,202.5665435791016,55912.75,24050.599609375
2026-04-13,1352.556884765625,1786.775390625,893.457763671875,99.08000183105467,561.352294921875,1228.1116943359375,4742.39990234375,1698.589599609375,1388.3741455078125,781.7699584960938,2105.781005859375,1339.8046875,1249.756103515625,94.50879669189452,290.72955322265625,3186.734375,12945.982421875,287.54998779296875,1309.0474853515625,1044.7188720703125,1647.881103515625,2426.2197265625,342.6575622558594,200.6781005859375,55605.05078125,23842.650390625
2026-04-15,1354.4554443359375,1824.243408203125,907.5709838867188,91.29000091552734,580.1660766601562,1210.1258544921875,4800.0,1731.5302734375,1409.6455078125,796.72265625,2135.875,1336.829833984375,1277.6524658203125,93.16539764404295,294.0393981933594,3222.6572265625,13156.865234375,287.6000061035156,1337.9140625,1052.528076171875,1692.1651611328125,2506.975830078125,354.9555358886719,207.3815460205078,56301.94921875,24231.30078125
2026-04-16,1348.5599365234375,1828.33984375,900.3652954101562,94.69000244140624,582.38818359375,1213.703125,4785.39990234375,1738.9942626953125,1408.5770263671875,782.5077514648438,2117.561279296875,1334.2515869140625,1291.2579345703125,93.38680267333984,295.35357666015625,3188.812744140625,13202.4072265625,282.75,1337.1177978515625,1048.255126953125,1688.67431640625,2528.56298828125,353.3686828613281,207.88577270507807,56086.3984375,24196.75
2026-04-17,1358.0526123046875,1837.3321533203125,902.700927734375,83.8499984741211,594.2887573242188,1227.9129638671875,4857.60009765625,1750.3394775390625,1400.90380859375,786.8853759765625,2218.237060546875,1335.540771484375,1290.7685546875,93.0478973388672,298.6634216308594,3166.9423828125,13319.234375,284.04998779296875,1358.7178955078125,1061.1231689453125,1671.120361328125,2533.07666015625,357.137451171875,202.0128631591797,56565.69921875,24353.55078125
2026-04-20,1353.656005859375,1829.0391845703125,912.1428833007812,89.61000061035156,589.005126953125,1224.83251953125,4806.60009765625,1751.2349853515625,1387.3056640625,782.5077514648438,2209.03076171875,1344.862060546875,1284.7977294921875,92.60330200195312,296.9111633300781,3188.1201171875,13316.263671875,283.3500061035156,1357.0257568359375,1088.2344970703125,1664.23828125,2531.212646484375,352.7736511230469,200.19363403320312,56582.3515625,24364.849609375
2026-04-21,1376.6383056640625,1849.821533203125,933.1139526367188,92.12999725341795,600.016845703125,1212.9080810546875,4698.39990234375,1796.317138671875,1399.8353271484375,798.5425415039062,2287.43310546875,1376.79296875,1285.385009765625,93.12359619140624,301.4378356933594,3213.552978515625,13327.154296875,283.1000061035156,1347.07177734375,1092.1636962890625,1660.84716796875,2561.532958984375,352.97198486328125,202.695068359375,57371.44921875,24576.599609375
2026-04-22,1378.536865234375,1841.3287353515625,929.0390014648438,92.95999908447266,603.0784301757812,1209.330810546875,4732.5,1823.38623046875,1248.4100341796875,786.8853759765625,2344.9482421875,1356.166748046875,1241.729736328125,93.622802734375,297.3978881835937,3116.967041015625,13204.3876953125,283.6499938964844,1355.8311767578125,1083.76513671875,1665.435302734375,2490.883544921875,358.873046875,201.69647216796875,57124.44921875,24378.099609375
2026-04-23,1368.5445556640625,1791.0716552734375,912.7391967773438,95.8499984741211,585.44970703125,1322.6124267578125,4705.10009765625,1782.384521484375,1240.9310302734375,771.5883178710938,2342.572265625,1336.730712890625,1214.32275390625,93.80049896240234,297.20318603515625,3016.027099609375,13029.1474609375,286.25,1337.21728515625,1074.875244140625,1675.708251953125,2474.496826171875,349.05450439453125,200.4704742431641,56305.0,24173.05078125
2026-04-24,1364.847412109375,1769.1903076171875,915.9196166992188,94.4000015258789,579.77099609375,1308.800048828125,4722.2998046875,1760.888427734375,1191.040283203125,772.0802001953125,2303.8662109375,1315.1129150390625,1130.144287109375,94.11289978027344,293.6013488769531,3006.82373046875,12918.26171875,284.79998779296875,1321.6890869140625,1081.60400390625,1616.164306640625,2351.939453125,347.6164245605469,197.1088714599609,56089.75,23897.94921875
2026-04-27,1323.179443359375,1770.68896484375,916.1680908203124,96.37000274658205,585.1040649414062,1326.09033203125,4675.39990234375,1819.405517578125,1215.78759765625,776.9496459960938,2304.856201171875,1303.114013671875,1145.5118408203125,94.25029754638672,295.7916564941406,3070.15869140625,13090.53125,285.8999938964844,1359.51416015625,1092.1636962890625,1728.96875,2401.6884765625,351.43475341796875,202.734619140625,56264.30078125,24092.69921875
2026-04-28,1288.0067138671875,1777.4832763671875,918.0068359375,99.93000030517578,580.6104736328125,1346.063720703125,4591.5,1815.8228759765625,1183.9130859375,769.817626953125,2266.44677734375,1281.1988525390625,1127.697265625,94.2584991455078,296.3757629394531,3056.00732421875,12763.8125,301.29998779296875,1382.5078125,1071.9775390625,1742.732666015625,2398.8427734375,347.9139404296875,199.3038024902344,55400.3515625,23995.69921875
2026-04-29,1295.4010009765625,1762.69580078125,924.3179931640624,106.87999725341795,587.0792846679688,1321.4200439453125,4545.2001953125,1853.341552734375,1188.0706787109375,766.3253784179688,2291.095947265625,1270.290771484375,1142.7711181640625,94.64550018310548,307.86279296875,3119.540283203125,13125.18359375,301.3999938964844,1418.83984375,1067.655517578125,1774.050537109375,2428.280029296875,349.79833984375,198.41395568847656,55403.6015625,24177.650390625
2026-04-30,1267.3226318359375,1745.7103271484375,931.2752685546876,105.06999969482422,579.7216186523438,1314.5634765625,4614.7001953125,1826.371826171875,1186.9818115234375,759.1441650390625,2228.2353515625,1252.8380126953125,1156.768310546875,94.9166030883789,306.548583984375,3065.3095703125,13181.6162109375,299.54998779296875,1424.215087890625,1049.5321044921875,1803.5732421875,2427.4951171875,338.74005126953125,198.38429260253903,54863.3515625,23997.55078125
2026-05-04,1274.1173095703125,1768.890625,944.3945922851562,106.41999816894533,599.6712036132812,1279.08837890625,4519.5,1890.6611328125,1188.36767578125,766.7189331054688,2286.04736328125,1260.1761474609375,1143.652099609375,94.90299987792967,302.8493957519531,3074.216064453125,13444.9716796875,292.8999938964844,1456.3663330078125,1049.4830322265625,1818.7333984375,2385.6943359375,340.2276916503906,198.4831695556641,54878.5,24119.30078125
2026-05-05,1258.729248046875,1793.0699462890625,952.7432861328124,102.2699966430664,589.8939208984375,1263.189208984375,4555.7998046875,1800.7955322265625,1188.0706787109375,759.734375,2303.965087890625,1240.839111328125,1153.1466064453125,95.2593994140625,303.19012451171875,3177.43212890625,13292.5029296875,289.95001220703125,1456.864013671875,1041.133544921875,1816.04052734375,2381.76953125,337.3515625,197.5241241455078,54547.05078125,24032.80078125
2026-05-06,1293.20263671875,1834.5345458984373,974.7579345703124,95.08000183105467,602.0413818359375,1302.738525390625,4681.89990234375,1858.2178955078125,1177.0828857421875,783.58984375,2293.768798828125,1268.8033447265625,1142.4774169921875,95.18299865722656,302.4599914550781,3266.496826171875,13585.5595703125,280.79998779296875,1431.2823486328125,1076.5943603515625,1845.3636474609373,2389.71728515625,355.2034606933594,196.8715667724609,55981.05078125,24330.94921875
2026-05-07,1291.7037353515625,1822.9444580078125,966.8068237304688,94.80999755859376,611.1766967773438,1299.35986328125,4699.7998046875,1869.5631103515625,1171.4404296875,783.0979614257812,2249.32080078125,1268.3074951171875,1138.07275390625,94.60800170898438,299.2474975585937,3335.67041015625,13633.08203125,283.8999938964844,1429.590087890625,1072.6651611328125,1829.60498046875,2356.35498046875,356.29443359375,195.13145446777344,56047.3984375,24326.650390625
2026-05-08,1267.3226318359375,1816.749755859375,949.5131225585938,95.41999816894533,600.7081298828125,1285.7462158203125,4720.39990234375,1864.587158203125,1186.2889404296875,768.145263671875,2264.664794921875,1254.226318359375,1154.2232666015625,94.25299835205078,299.29620361328125,3295.7890625,13589.51953125,279.20001220703125,1428.5947265625,1001.2523193359376,1843.0697021484373,2349.486083984375,352.52569580078125,195.6752471923828,55310.55078125,24176.150390625
2026-05-11,1271.319580078125,1792.6702880859375,930.3310546875,98.06999969482422,582.9313354492188,1271.83447265625,4718.7001953125,1785.668701171875,1182.82421875,751.2251586914062,2283.968505859375,1255.8128662109375,1152.0699462890625,94.42530059814452,297.7386169433594,3212.167236328125,13348.935546875,281.0,1381.81103515625,956.3615112304688,1867.8048095703125,2348.014404296875,343.1534423828125,194.4591217041016,54439.8984375,23815.849609375
2026-05-12,1259.12890625,1743.3125,898.6756591796875,102.18000030517578,562.142333984375,1261.996826171875,4677.60009765625,1704.16259765625,1134.220458984375,738.2399291992188,2239.2236328125,1229.93115234375,1116.1473388671875,95.3914031982422,292.7252197265625,3142.993896484375,13041.0283203125,294.5,1357.722412109375,957.3438110351562,1840.8753662109373,2257.151611328125,334.0787353515625,187.42941284179688,53555.19921875,23379.55078125
2026-05-13,1254.7322998046875,1727.426025390625,890.6748657226562,101.0199966430664,567.031005859375,1257.3265380859375,4697.7001953125,1722.2750244140625,1131.646728515625,737.4037475585938,2244.47021484375,1225.2703857421875,1099.3115234375,95.63300323486328,296.3757629394531,3079.461181640625,12972.71484375,297.1499938964844,1352.54638671875,952.9234619140624,1820.0301513671875,2230.167236328125,334.0787353515625,185.6793975830078,53456.1484375,23412.599609375
2026-05-14,1253.6331787109375,1738.71630859375,906.5770874023438,101.16999816894533,576.0181274414062,1295.3851318359375,4678.10009765625,1725.1611328125,1112.6407470703125,757.0291748046875,2226.057373046875,1235.5833740234375,1071.8067626953125,95.69580078125,299.0528259277344,3140.91552734375,12944.9931640625,300.8999938964844,1355.5325927734375,962.5499877929688,1858.32958984375,2203.8701171875,335.96307373046875,186.1737518310547,54128.94921875,23689.599609375
2026-05-15,1243.8408203125,1726.6265869140625,904.887451171875,105.41999816894533,559.7227172851562,1328.2764892578125,4555.7998046875,1705.8543701171875,1121.15380859375,755.0125122070312,2249.32080078125,1234.095947265625,1095.2984619140625,95.70989990234376,301.2431640625,3090.643798828125,13089.541015625,299.3500061035156,1330.24951171875,963.2000122070312,1873.2904052734373,2221.532470703125,353.6166381835937,187.85455322265625,53710.3515625,23643.5
2026-05-18,1236.946044921875,1751.6053466796875,915.4723510742188,108.66000366210938,566.0433959960938,1322.8111572265625,4552.5,1678.188232421875,1135.0123291015625,756.143798828125,2231.502197265625,1240.6407470703125,1118.3006591796875,95.97029876708984,301.924560546875,3051.653076171875,12886.5791015625,297.20001220703125,1329.7518310546875,939.4000244140624,1900.818359375,2240.3720703125,350.2445983886719,190.0000457763672,53537.0,23649.94921875
2026-05-19,1237.3458251953125,1748.3082275390625,917.9074096679688,107.7699966430664,570.24072265625,1326.785888671875,4506.2998046875,1707.148193359375,1167.48095703125,750.044677734375,2210.41650390625,1230.4268798828125,1171.5484619140625,96.27020263671876,302.0705871582031,3060.163818359375,12827.17578125,296.5,1316.6124267578125,948.7999877929688,1877.3797607421875,2283.448974609375,358.2283935546875,192.96617126464844,53409.1484375,23618.0
2026-05-20,1248.8369140625,1770.4892578125,917.4601440429688,98.26000213623048,576.0675048828125,1313.56982421875,4531.2998046875,1711.12890625,1157.9779052734375,747.1427001953125,2187.05419921875,1226.9561767578125,1168.4161376953125,96.56580352783205,299.3935241699219,3089.7529296875,12873.708984375,298.29998779296875,1353.442138671875,950.9000244140624,1875.385009765625,2283.7431640625,358.2779846191406,194.89414978027344,53562.19921875,23659.0
2026-05-21,1252.334228515625,1750.7060546875,902.1046142578124,96.3499984741211,580.6598510742188,1310.191162109375,4539.7998046875,1728.5447998046875,1156.39404296875,746.7984008789062,2157.059326171875,1232.41015625,1156.180908203125,96.5282974243164,299.8802490234375,3066.7939453125,12880.638671875,295.8500061035156,1343.388671875,950.9000244140624,1886.3563232421875,2283.546875,358.3771667480469,197.4845733642578,53439.3984375,23654.69921875
2026-05-22,1284.409423828125,1764.494384765625,910.9501953125,96.5999984741211,579.4253540039062,1298.96240234375,4521.0,1724.56396484375,1152.236572265625,754.3239135742188,2181.411865234375,1253.73046875,1149.622802734375,96.17389678955078,293.6986999511719,3049.278076171875,12857.8681640625,290.0,1348.26611328125,949.2000122070312,1839.7783203125,2273.83251953125,360.3607177734375,200.8165283203125,54055.3515625,23719.30078125
2026-05-25,1310.189453125,1805.8590087890625,936.1453247070312,96.5999984741211,584.9559326171875,1323.0098876953125,4521.0,1758.798583984375,1153.9193115234375,774.0476684570312,2174.383056640625,1281.0006103515625,1143.75,95.71949768066406,295.8890075683594,3106.37841796875,13039.0478515625,284.95001220703125,1360.7086181640625,969.5999755859376,1835.7886962890625,2295.61328125,370.1792602539063,204.50439453125,55293.6484375,24031.69921875
2026-05-26,1298.298828125,1799.1646728515625,924.5167846679688,93.88999938964844,582.4868774414062,1319.531982421875,4500.39990234375,1751.7325439453125,1150.15771484375,766.22705078125,2187.153076171875,1268.4066162109375,1142.966796875,95.25279998779295,293.6499938964844,3075.0078125,13076.669921875,287.5,1350.0579833984375,968.5,1835.98828125,2263.78759765625,382.4276428222656,201.4295196533203,55092.8984375,23913.69921875
2026-05-27,1303.094970703125,1807.5576171875,925.4609985351562,88.68000030517578,586.5361328125,1310.6881103515625,4447.5,1779.9959716796875,1153.42431640625,746.3065185546875,2176.263916015625,1262.0601806640625,1135.3321533203125,95.90499877929688,291.95001220703125,3089.1591796875,13231.119140625,274.04998779296875,1344.2845458984375,967.7999877929688,1839.4791259765625,2271.744140625,397.6513671875,199.3038024902344,54853.8515625,23907.150390625
2026-05-29,1285.6085205078125,1782.079345703125,902.700927734375,87.36000061035156,583.2769775390625,1295.2857666015625,4560.5,1754.2205810546875,1171.83642578125,732.4359130859375,2131.816162109375,1245.896484375,1136.3109130859375,96.04820251464844,286.8999938964844,3013.94921875,12996.4755859375,265.3999938964844,1315.119384765625,964.4000244140624,1794.4969482421875,2246.58203125,390.6593627929688,201.9436492919922,54239.19921875,23547.75
2026-06-01,1274.916748046875,1757.400390625,883.6182250976562,92.16000366210938,572.8577880859375,1282.268310546875,4475.2001953125,1705.953857421875,1183.022216796875,730.6160278320312,2063.31298828125,1229.3360595703125,1177.02978515625,95.00299835205078,279.6499938964844,2939.33251953125,12817.275390625,264.29998779296875,1313.9249267578125,954.0999755859376,1791.8040771484375,2284.8720703125,381.7333984375,204.0792694091797,53643.1015625,23382.599609375
2026-06-02,1250.1358642578125,1739.915283203125,876.6112670898438,93.76000213623048,584.511474609375,1265.9716796875,4489.10009765625,1712.2236328125,1230.93310546875,736.0757446289062,2072.6181640625,1216.3455810546875,1243.8831787109375,95.55139923095705,283.25,2967.140625,12892.51953125,265.04998779296875,1308.5498046875,956.6500244140624,1785.2213134765625,2433.556884765625,386.9898071289063,207.47052001953125,53714.6484375,23483.55078125
2026-06-03,1254.232666015625,1732.9212646484375,871.4430541992188,96.0199966430664,574.3391723632812,1255.339111328125,4436.7001953125,1696.5992431640625,1167.0849609375,741.3878784179688,2069.549560546875,1231.6168212890625,1196.7039794921875,95.26300048828124,277.0,2979.8076171875,12914.30078125,267.75,1307.15625,970.4500122070312,1783.824951171875,2229.475830078125,394.8743896484375,201.79534912109372,54185.94921875,23405.599609375
2026-06-04,1252.334228515625,1708.34228515625,869.0577392578125,93.04000091552734,570.6356811523438,1259.5125732421875,4475.7998046875,1686.149658203125,1156.4931640625,741.9288940429688,2058.462158203125,1241.2357177734375,1175.855224609375,96.16449737548828,280.29998779296875,2984.755615234375,12934.1025390625,267.54998779296875,1297.699951171875,979.25,1775.4468994140625,2228.77978515625,396.4116516113281,202.0128631591797,54307.8515625,23416.55078125
2026-06-05,1271.319580078125,1701.747802734375,883.9661254882812,90.54000091552734,570.5369873046875,1270.1451416015625,4337.10009765625,1700.0823974609375,1143.0303955078125,734.8952026367188,2100.138427734375,1251.548828125,1172.1357421875,95.79029846191406,280.70001220703125,3008.902099609375,12920.2412109375,264.75,1291.0,977.7000122070312,1777.5413818359375,2186.9091796875,394.5272521972656,196.13003540039065,54496.25,23366.69921875
2026-06-08,1267.1226806640625,1673.1722412109375,865.77783203125,91.3000030517578,554.3402709960938,1267.5615234375,4335.89990234375,1646.640625,1139.6649169921875,726.6319580078125,2088.853271484375,1239.748291015625,1162.4453125,94.95030212402344,279.45001220703125,2935.17626953125,12783.61328125,264.6499938964844,1263.300048828125,981.9500122070312,1784.1241455078125,2139.668212890625,385.7996826171875,179.7075958251953,54063.75,23123.0
2026-06-09,1291.404052734375,1691.656494140625,881.4813842773438,88.19999694824219,568.0186157226562,1260.50634765625,4260.0,1676.19775390625,1134.7154541015625,726.3367919921875,2111.32470703125,1264.3409423828125,1155.300048828125,95.68830108642578,280.0,2959.02587890625,12989.544921875,259.0,1269.199951171875,1002.7000122070312,1774.3497314453125,2139.2705078125,384.6095275878906,179.61862182617188,55194.5,23242.099609375
2026-06-10,1313.487060546875,1662.7811279296875,878.6984252929688,90.02999877929688,556.2167358398438,1263.68603515625,4108.2001953125,1633.6036376953125,1120.658935546875,734.698486328125,2147.655029296875,1282.488037109375,1145.300048828125,95.36029815673828,283.6499938964844,2921.816650390625,12943.0126953125,251.8999938964844,1258.800048828125,1003.25,1781.73046875,2142.154541015625,377.8655090332031,176.9095458984375,55100.30078125,23214.94921875
2026-06-11,1316.284912109375,1643.6973876953125,865.231201171875,87.70999908447266,556.0192260742188,1267.958984375,4090.300048828125,1610.2166748046875,1098.980224609375,732.485107421875,2118.254150390625,1305.9898681640625,1114.5999755859375,95.64450073242188,282.3999938964844,2969.71337890625,12967.763671875,252.6000061035156,1263.0,1000.7000122070312,1789.510009765625,2123.95458984375,372.8074340820313,175.36717224121094,55176.75,23161.599609375
2026-06-12,1355.2548828125,1687.659912109375,912.6895141601562,84.87999725341797,579.77099609375,1267.36279296875,4215.0,1683.263671875,1098.38623046875,759.8819580078125,2146.962158203125,1329.5909423828125,1116.4000244140625,95.76010131835938,285.1000061035156,3011.27685546875,13233.099609375,246.1999969482422,1293.0,1017.1500244140624,1802.9747314453125,2149.61376953125,386.79144287109375,178.10589599609375,56814.80078125,23622.900390625
2026-06-15,1367.24560546875,1748.707763671875,936.5428466796876,80.75,606.831298828125,1271.43701171875,4328.0,1757.7037353515625,1107.98828125,764.7022094726562,2134.39013671875,1316.501220703125,1134.9000244140625,95.11029815673828,287.8999938964844,3101.727294921875,13667.734375,243.6499938964844,1307.0,1020.8499755859376,1801.2791748046875,2150.21044921875,393.1387939453125,179.33189392089844,57198.80078125,23853.900390625
2026-06-16,1364.6474609375,1785.7762451171875,953.786865234375,76.05000305175781,621.4971313476562,1268.8533935546875,4330.89990234375,1785.86767578125,1147.2869873046875,772.1294555664062,2177.748779296875,1323.145263671875,1143.5999755859375,94.74169921875,291.6499938964844,3105.289794921875,13554.8681640625,248.1999969482422,1328.800048828125,1015.2999877929688,1795.9930419921875,2187.0087890625,390.3618469238281,180.6073303222656,57297.1484375,23989.150390625
2026-06-17,1349.8590087890625,1763.095458984375,952.5445556640624,76.79000091552734,615.8184204101562,1261.003173828125,4358.89990234375,1779.697509765625,1155.00830078125,774.2935791015625,2175.47216796875,1325.6243896484375,1157.699951171875,94.88860321044922,290.75,3100.341552734375,13494.474609375,245.0,1332.699951171875,1026.5,1815.6416015625,2210.8779296875,357.98046875,182.3870086669922,57585.05078125,24085.69921875
2026-06-18,1359.0518798828125,1770.189453125,952.9917602539062,76.5999984741211,632.7557983398438,1259.5125732421875,4224.10009765625,1801.4920654296875,1150.058837890625,786.0,2196.16162109375,1331.078369140625,1127.5,94.85890197753906,291.1499938964844,3103.904296875,13349.92578125,245.3000030517578,1328.0999755859375,1042.699951171875,1820.0301513671875,2191.285400390625,361.6499938964844,180.77540588378903,57963.80078125,24168.0
2026-06-19,1356.8536376953125,1767.8914794921875,955.9237060546876,76.5999984741211,616.7566528320312,1264.0836181640625,4224.10009765625,1787.260986328125,1120.262939453125,779.7999877929688,2172.50244140625,1335.2431640625,1051.4000244140625,94.33989715576172,292.5,3042.845703125,13261.810546875,246.25,1309.5,1035.0999755859375,1833.4947509765625,2113.412353515625,359.5,178.75843811035156,57685.75,24013.099609375
2026-06-22,1357.552978515625,1780.680419921875,962.384033203125,74.81999969482422,619.8181762695312,1282.56640625,4181.89990234375,1790.2464599609375,1119.0750732421875,786.4000244140625,2162.89990234375,1341.0938720703125,1065.4000244140625,94.3302993774414,291.25,3031.56396484375,13287.552734375,245.4499969482422,1326.5,1040.75,1858.030517578125,2116.197021484375,361.5,178.1454315185547,57935.6015625,24102.900390625
2026-06-23,1362.44921875,1763.4952392578125,956.5200805664062,73.20999908447266,604.7572631835938,1293.099609375,4129.89990234375,1781.0906982421875,1098.287353515625,774.6500244140625,2160.10009765625,1327.11181640625,1029.300048828125,94.70059967041016,290.0,3005.7353515625,13317.25390625,244.3500061035156,1309.5,1024.199951171875,1863.1170654296875,2048.368896484375,354.54998779296875,172.5196990966797,57183.75,23824.099609375
2026-06-24,1383.43310546875,1778.98193359375,984.8956298828124,70.33999633789062,610.4854125976562,1320.02880859375,3990.300048828125,1811.842041015625,1102.642822265625,793.2000122070312,2157.800048828125,1362.11669921875,1056.5999755859375,95.18370056152344,290.3500061035156,3032.652587890625,13116.2724609375,240.0,1313.5999755859375,1034.5999755859375,1869.5003662109373,2097.49951171875,349.70001220703125,172.50979614257812,58150.3515625,24021.650390625
2026-06-25,1376.138671875,1763.095458984375,974.4100952148438,71.91999816894531,613.6456909179688,1341.989501953125,4030.5,1841.69775390625,1089.576171875,796.2999877929688,2174.199951171875,1375.9005126953125,1041.199951171875,94.4406967163086,290.0,3149.12939453125,13608.3310546875,233.1000061035156,1318.0999755859375,1045.4000244140625,1857.9307861328125,2083.27734375,353.20001220703125,173.02394104003906,58177.05078125,24056.0
2026-06-29,1355.7545166015625,1757.800048828125,976.0499877929688,70.75,607.1275634765625,1367.03076171875,4022.300048828125,1821.29638671875,1091.259033203125,798.9000244140625,2151.300048828125,1375.9996337890625,1036.699951171875,94.36029815673828,290.70001220703125,3060.8564453125,13278.6416015625,234.0500030517578,1301.0,1036.0999755859375,1869.8994140625,2086.4599609375,345.04998779296875,173.49850463867188,57727.3515625,23946.25
2026-06-30,1344.6629638671875,1780.199951171875,1004.75,69.5,612.36181640625,1348.5479736328125,4022.89990234375,1857.6207275390625,1060.9683837890625,797.9500122070312,2118.199951171875,1363.7032470703125,1000.4000244140624,94.79049682617188,286.95001220703125,3036.907958984375,13974.65234375,234.8999938964844,1293.9000244140625,1026.9000244140625,1857.6314697265625,2020.422119140625,352.20001220703125,168.4659881591797,57542.8984375,23865.75
2026-07-01,1367.6451416015625,1797.5999755859375,1014.9000244140624,68.58000183105469,640.6566162109375,1331.4564208984375,4068.300048828125,1950.1734619140625,1023.7482299804688,796.1500244140625,2182.0,1368.264892578125,985.2999877929688,94.91799926757812,290.29998779296875,3097.471923828125,14251.8681640625,234.9900054931641,1308.0,1047.4000244140625,1861.32177734375,1971.788818359375,347.79998779296875,168.20892333984375,58033.05078125,24005.849609375
2026-07-02,1361.5499267578125,1855.699951171875,1018.4000244140624,68.69000244140625,650.038818359375,1337.2197265625,4112.7001953125,1959.2296142578125,1067.20458984375,795.9000244140625,2210.60009765625,1388.2960205078125,1040.9000244140625,95.4175033569336,289.8999938964844,3142.39990234375,14205.3349609375,235.9600067138672,1303.5,1051.5999755859375,1866.1092529296875,2056.82275390625,345.95001220703125,172.0352325439453,58031.6484375,24175.69921875
2026-07-03,1341.065673828125,1895.5999755859373,1031.4000244140625,68.69000244140625,667.5193481445312,1365.4407958984375,4112.7001953125,1986.79638671875,1127.4891357421875,801.0499877929688,2201.199951171875,1399.6007080078125,1047.199951171875,95.527099609375,289.95001220703125,3136.89990234375,14223.15625,237.83999633789065,1304.0,1040.0,1899.8209228515625,2082.083984375,344.1000061035156,174.09173583984375,57938.5,24270.849609375
2026-07-06,1338.567626953125,1870.699951171875,1029.0999755859375,68.55000305175781,664.9515991210938,1359.2799072265625,4155.10009765625,2036.555908203125,1122.7376708984375,829.8499755859375,2202.0,1414.9710693359375,1042.199951171875,95.2147979736328,288.25,3201.199951171875,14312.26171875,243.8999938964844,1321.300048828125,1037.699951171875,1907.800048828125,2046.3798828125,347.04998779296875,172.35162353515625,58291.5,24430.349609375
2026-07-07,1339.966552734375,1885.300048828125,1042.5,70.44000244140625,643.0267944335938,1346.063720703125,4145.2998046875,2033.271728515625,1156.39404296875,829.2999877929688,2208.800048828125,1402.873046875,1071.800048828125,95.60350036621094,288.75,3196.39990234375,14393.4462890625,244.17999267578125,1308.4000244140625,1038.0999755859375,1903.4000244140625,2084.669921875,342.29998779296875,171.04652404785156,58200.69921875,24398.69921875
2026-07-08,1308.4908447265625,1854.9000244140625,1010.4000244140624,73.5199966430664,626.1388549804688,1340.4990234375,4070.89990234375,1969.9776611328125,1134.0224609375,810.2999877929688,2135.800048828125,1369.05810546875,1069.300048828125,95.59339904785156,280.6499938964844,3102.5,13812.2822265625,247.0,1275.9000244140625,1016.9000244140624,1888.199951171875,2046.2803955078125,332.04998779296875,170.76968383789062,56742.6015625,23882.05078125
2026-07-09,1296.5999755859375,1895.0,1003.7999877929688,72.08000183105469,651.4214477539062,1261.5,4130.60009765625,2020.13525390625,1138.77392578125,817.5499877929688,2144.5,1369.1572265625,1050.800048828125,95.86180114746094,282.04998779296875,3085.39990234375,13591.5,243.6499938964844,1279.800048828125,1022.0999755859376,1938.699951171875,2038.323974609375,331.5,170.80921936035156,57252.44921875,23962.80078125
2026-07-10,1323.699951171875,1916.0,1020.5,71.41000366210938,677.2471923828125,1244.300048828125,4104.10009765625,2122.7392578125,1152.33544921875,824.9500122070312,2150.60009765625,1389.48583984375,1068.0,95.39019775390624,281.75,3129.39990234375,13716.2470703125,244.9600067138672,1307.800048828125,1036.0,1935.5,2057.717529296875,337.95001220703125,173.47874450683594,58045.8984375,24206.900390625
2026-07-13,1319.4000244140625,1908.0999755859373,1022.5999755859376,78.13999938964844,673.8893432617188,1234.5,3997.0,2152.197021484375,1208.8583984375,817.9500122070312,2130.60009765625,1397.716552734375,1102.5999755859375,95.3249969482422,279.6499938964844,3160.39990234375,13558.828125,248.4499969482422,1296.9000244140625,1037.0,1921.4000244140625,2169.604248046875,342.25,176.41519165039062,58131.44921875,24211.0
2026-07-14,1317.5999755859375,1869.199951171875,1006.5999755859376,79.33999633789062,663.12451171875,1246.199951171875,4061.10009765625,2097.262451171875,1154.9091796875,809.4000244140625,2120.199951171875,1395.9315185546875,1092.9000244140625,96.29889678955078,275.54998779296875,3093.300048828125,13354.8759765625,248.8999938964844,1293.0,1015.4000244140624,1942.5999755859373,2188.60009765625,333.3500061035156,175.1397705078125,57462.30078125,24052.05078125
2026-07-15,1312.300048828125,1849.5999755859373,1021.2999877929688,79.5999984741211,649.5943603515625,1229.5,4044.0,2094.27685546875,1156.196044921875,815.4500122070312,2102.60009765625,1404.3604736328125,1076.300048828125,96.42530059814452,276.6499938964844,3082.89990234375,13447.94140625,247.17999267578125,1295.5,1030.0999755859375,1951.5,2189.199951171875,333.0,172.67788696289062,57757.8515625,24078.5
2026-07-16,1307.5999755859375,1838.5999755859373,1037.5999755859375,78.94999694824219,640.0640258789062,1224.4000244140625,3985.60009765625,2080.244873046875,1175.4000244140625,808.2999877929688,2098.39990234375,1406.34375,1082.4000244140625,96.49859619140624,279.3500061035156,3117.800048828125,13645.953125,246.75,1296.5999755859375,1031.199951171875,1950.0999755859373,2201.0,331.79998779296875,175.73300170898438,57582.25,24072.75
2026-07-17,1328.5,1854.0,1056.300048828125,82.48999786376953,659.519775390625,1211.199951171875,4012.699951171875,2091.988037109375,1203.9000244140625,819.5999755859375,2143.800048828125,1432.2257080078125,1096.5,96.6521987915039,280.70001220703125,3179.199951171875,13665.75390625,247.2899932861328,1327.199951171875,1044.300048828125,1932.5999755859373,2269.0,335.6000061035156,174.0126495361328,58521.3984375,24334.30078125
2026-07-20,1256.0,1861.5,1064.0,83.2300033569336,660.309814453125,1223.0999755859375,4010.300048828125,2108.508056640625,1221.300048828125,777.5999755859375,2139.699951171875,1447.99267578125,1087.0999755859375,96.28479766845705,282.70001220703125,3165.5,13379.6279296875,249.5800018310547,1323.0999755859375,1060.0,1956.4000244140625,2251.10009765625,336.45001220703125,174.3883514404297,57945.0,24238.5
2026-07-21,1258.199951171875,1900.5999755859373,1069.199951171875,84.91000366210938,665.2972412109375,1206.0,4071.10009765625,2153.888671875,1239.5,761.4500122070312,2142.5,1450.868408203125,1073.5,96.4896011352539,281.0,3201.699951171875,13461.802734375,249.88999938964844,1303.699951171875,1044.4000244140625,1961.9000244140625,2221.10009765625,333.79998779296875,172.99427795410156,57835.3515625,24187.69921875
2026-07-22,1238.4000244140625,1876.4000244140625,1060.300048828125,86.83000183105469,643.421875,1182.800048828125,4146.89990234375,2071.089111328125,1237.300048828125,753.1500244140625,2154.60009765625,1428.6556396484375,1052.0999755859375,96.34089660644533,280.79998779296875,3175.300048828125,13410.3193359375,251.8999938964844,1288.5999755859375,1025.0,1943.0,2208.300048828125,327.70001220703125,172.4702606201172,57126.80078125,23996.25
2026-07-23,1223.0,1889.4000244140625,1039.800048828125,92.19000244140624,634.2371826171875,1166.300048828125,4046.60009765625,2031.181884765625,1244.699951171875,747.25,2161.800048828125,1422.606689453125,1047.4000244140625,96.55709838867188,281.29998779296875,3229.699951171875,13269.7314453125,252.3699951171875,1272.199951171875,1012.5999755859376,1954.0,2242.89990234375,324.29998779296875,172.84597778320312,56592.0,23869.599609375
2026-07-24,1227.300048828125,1876.699951171875,1012.7999877929688,89.30999755859375,637.2000122070312,1151.699951171875,4067.60009765625,2018.9410400390625,1271.0,742.7999877929688,2145.0,1420.9208984375,1040.9000244140625,96.87689971923828,283.45001220703125,3161.39990234375,13308.34375,248.75999450683597,1278.0,1015.0,1941.0999755859373,2254.300048828125,323.79998779296875,175.1199951171875,56693.5,23767.44921875
2026-07-27,1227.5,1913.0,1048.300048828125,82.61000061035156,650.9000244140625,1150.800048828125,4074.5,2068.800048828125,1295.9000244140625,739.5499877929688,2174.60009765625,1433.6138916015625,1079.199951171875,96.56729888916016,285.8500061035156,3238.60009765625,13593.48046875,238.55999755859372,1280.0,1020.5999755859376,1973.699951171875,2295.60009765625,327.6499938964844,178.52999877929688,57087.19921875,23995.94921875
2026-07-28,1223.5,1927.9000244140625,1048.4000244140625,79.26000213623047,663.0499877929688,1135.5999755859375,4036.300048828125,2136.60009765625,1318.5999755859375,735.4000244140625,2022.699951171875,1418.8385009765625,1105.699951171875,95.77410125732422,284.6499938964844,3271.199951171875,13664.763671875,238.91000366210935,1267.699951171875,1013.2000122070312,1976.699951171875,2398.0,324.3999938964844,181.1199951171875,56755.6015625,23985.349609375
2026-07-29,1235.4000244140625,1924.4000244140625,1054.4000244140625,84.45999908447266,670.25,1142.300048828125,4034.699951171875,2156.0,1344.300048828125,748.2000122070312,2117.800048828125,1425.879150390625,1155.5999755859375,95.59870147705078,286.25,3221.800048828125,13809.3125,238.30999755859372,1275.9000244140625,1013.7000122070312,1989.9000244140625,2446.60009765625,329.79998779296875,183.6100006103516,57205.8984375,24250.19921875
2026-07-30,1228.9000244140625,1909.4000244140625,1053.5,83.58999633789062,654.8499755859375,1144.800048828125,4100.10009765625,2110.89990234375,1352.699951171875,753.9500122070312,2107.89990234375,1421.91259765625,1155.0999755859375,95.72859954833984,285.04998779296875,3283.699951171875,14046.92578125,241.58999633789065,1292.9000244140625,1025.300048828125,2001.0999755859373,2431.800048828125,334.20001220703125,186.3300018310547,57147.5,24317.150390625
2026-07-31,1229.5,2029.0999755859373,1141.199951171875,84.66999816894531,659.2999877929688,1148.0999755859375,4049.10009765625,2105.699951171875,1346.9000244140625,748.1500244140625,2101.300048828125,1423.4000244140625,1130.0999755859375,95.68479919433594,281.0,3398.5,14092.46875,242.52999877929688,1307.800048828125,1027.4000244140625,1990.5,2365.60009765625,339.75,183.6499938964844,57264.8515625,24383.599609375
2026-08-03,1272.0,2096.0,1153.0,80.33999633789062,668.5499877929688,1180.0,4033.699951171875,2089.699951171875,1377.0,753.0,2138.0,1460.0,1180.0,95.4021987915039,287.0,3428.60009765625,14009.3037109375,242.0,1319.0,1045.0,1963.5,2473.699951171875,349.29998779296875,188.66000366210935,58247.94921875,24774.30078125
2026-08-04,1261.800048828125,2105.0,1149.0,75.7699966430664,643.4000244140625,1172.5999755859375,4095.39990234375,2033.5999755859373,1369.9000244140625,742.0,2096.5,1454.5999755859375,1167.5,95.33159637451172,289.0,3433.0,14027.125,242.0,1290.9000244140625,1042.699951171875,1964.0,2460.0,348.54998779296875,186.3000030517578,57907.19921875,24614.900390625
2026-08-05,1253.9000244140625,2086.0,1158.800048828125,75.22000122070312,649.0999755859375,1176.0,4245.7998046875,2099.0,1350.0,735.0,2085.300048828125,1450.0999755859375,1174.0,95.09719848632812,286.95001220703125,3455.39990234375,14048.90625,240.1999969482422,1280.0,1055.0,1940.0,2413.0,349.79998779296875,186.9900054931641,57739.94921875,24624.650390625
2026-08-06,1256.0,2086.0,1144.800048828125,77.29000091552734,642.0,1171.0,4242.0,2081.89990234375,1335.0,734.2999877929688,2079.5,1457.5,1165.0,95.07730102539062,285.8999938964844,3406.0,13940.0,237.8000030517578,1325.0,1085.0,1951.0,2373.0,345.3500061035156,186.1199951171875,58063.6484375,24636.0
2026-08-07,1238.0,2008.9000244140625,1078.0,78.18000030517578,642.0,1172.0,4340.7001953125,2070.0,1356.5999755859375,731.0,2096.0,1421.0,1175.0999755859375,95.31189727783205,286.1000061035156,3502.0,14037.0,238.8500061035156,1334.800048828125,1097.199951171875,1945.0,2452.699951171875,347.0,187.52999877929688,57746.44921875,24570.650390625
2026-08-10,1247.300048828125,2021.300048828125,1102.199951171875,82.12999725341797,660.0,1158.800048828125,4361.7998046875,2108.39990234375,1357.199951171875,731.0,2087.199951171875,1431.800048828125,1183.0,95.21029663085938,282.6499938964844,3517.0,14097.0,239.83999633789065,1327.300048828125,1071.0,1944.4000244140625,2425.699951171875,347.1000061035156,185.5,57686.94921875,24583.80078125
2026-08-11,1229.800048828125,2032.0,1093.300048828125,83.19999694824219,650.0999755859375,1205.0,4383.0,2037.9000244140625,1365.4000244140625,729.0,2064.89990234375,1429.5999755859375,1190.699951171875,95.39669799804688,279.0,3460.10009765625,13990.0,239.4499969482422,1323.9000244140625,1066.0,1942.0,2445.699951171875,347.6000061035156,184.6000061035156,57446.25,24471.69921875
2026-08-12,1230.0,2020.5,1094.199951171875,83.2699966430664,661.75,1200.0,4408.89990234375,2015.0,1365.4000244140625,729.0,2063.0,1431.699951171875,1176.0999755859375,95.37989807128906,276.1499938964844,3403.60009765625,13875.0,239.0500030517578,1329.0,1082.0,1944.0,2349.699951171875,343.0,183.94000244140625,57885.8515625,24435.94921875
2026-08-13,1221.800048828125,2025.0,1090.800048828125,81.25,664.0,1206.0,4363.60009765625,2028.0,1370.0,725.0,2092.0,1406.800048828125,1175.0,95.34429931640624,278.5,3428.199951171875,13905.0,239.8999938964844,1317.0,1083.0,1932.0,2375.0,349.6000061035156,183.1000061035156,57635.25,24395.849609375
2026-08-14,1217.4000244140625,2008.300048828125,1087.0,82.4000015258789,665.0,1200.0,4380.39990234375,1990.0,1360.0,727.0,2077.0,1417.0,1169.199951171875,95.40119934082033,278.20001220703125,3428.300048828125,13834.0,236.3999938964844,1310.0,1067.699951171875,1930.0,2361.0,334.5,184.0,57491.1015625,24366.0
2026-08-17,1227.300048828125,2005.0,1089.300048828125,84.5,671.0,1192.0,4417.7998046875,2054.0,1325.0,729.0,2055.0,1415.300048828125,1139.9000244140625,95.45030212402344,273.04998779296875,3390.39990234375,13760.0,238.4900054931641,1316.0,1061.199951171875,1882.0,2313.199951171875,330.20001220703125,181.8999938964844,57497.80078125,24287.650390625
2026-08-18,1243.0,2011.199951171875,1094.300048828125,84.94000244140625,665.75,1178.800048828125,4366.0,1997.4000244140625,1298.0,723.0,2035.0,1412.0,1115.0,95.69409942626952,270.0,3421.5,13691.0,239.5,1322.0,1053.0,1875.0999755859373,2280.0,322.79998779296875,178.05999755859375,57262.3984375,24154.900390625
2026-08-19,1235.0,2012.0,1080.199951171875,85.83000183105469,669.9000244140625,1170.0,4489.39990234375,2007.300048828125,1324.800048828125,720.0,2020.699951171875,1402.0,1119.800048828125,95.81639862060548,267.04998779296875,3415.0,13690.0,238.0,1311.0,1048.5999755859375,1900.0,2289.0,321.29998779296875,179.5500030517578,57239.75,24078.30078125
2026-08-20,1251.0,2016.0,1095.0,87.83000183105469,676.1500244140625,1180.0,4516.2998046875,2020.0,1318.4000244140625,725.0499877929688,2028.0,1411.9000244140625,1130.0,95.49600219726562,271.6499938964844,3424.800048828125,13809.0,238.5,1313.199951171875,1048.0,1904.0,2298.0,320.25,181.0,57495.8984375,24231.849609375
2026-08-21,1245.800048828125,2032.5,1095.0,87.05999755859375,678.0999755859375,1174.699951171875,4624.10009765625,2035.0,1302.5,726.9500122070312,2015.0,1420.0,1121.0,95.77220153808594,269.3999938964844,3412.199951171875,13565.0,236.3999938964844,1316.0,1048.699951171875,1902.4000244140625,2302.0,317.8999938964844,180.7899932861328,57761.94921875,24252.0
2026-08-24,1236.0,2001.699951171875,1077.0,85.01000213623047,689.0,1190.0,4640.7998046875,2039.9000244140625,1322.0,729.0,2030.0,1415.0,1130.0,95.70030212402344,269.70001220703125,3414.10009765625,13620.0,236.5500030517578,1309.800048828125,1039.5,1910.0,2284.10009765625,314.3999938964844,181.30999755859372,57525.94921875,24219.05078125
2026-08-25,1235.0,2004.0,1087.4000244140625,82.36000061035156,682.9500122070312,1193.5,4638.10009765625,2049.0,1315.800048828125,727.5,2024.199951171875,1422.699951171875,1144.0,95.7230987548828,271.3999938964844,3443.0,13678.0,234.0,1317.0,1048.0,1922.0,2296.199951171875,314.25,180.08999633789062,57514.19921875,24334.55078125
2026-08-26,1255.0,2010.0,1085.0,82.2300033569336,672.5,1182.0,4598.2001953125,2035.0999755859373,1298.5,727.2000122070312,2021.0,1430.0,1120.0,93.5460968017578,270.25,3398.199951171875,13520.0,232.2100067138672,1298.0,1052.0,1899.5,2270.0,313.1000061035156,177.35000610351562,57783.75,24207.75
2026-08-27,1256.0,2011.0,1083.0,83.52999877929688,676.1500244140625,1177.0,4609.7001953125,2069.39990234375,1282.0,711.0,2009.0,1443.0,1110.800048828125,95.4302978515625,269.0,3330.0,13440.0,232.0,1282.199951171875,1042.9000244140625,1913.300048828125,2248.39990234375,316.0,176.39999389648438,57509.94921875,24090.849609375
2026-08-31,1300.0,2021.0,1057.0,85.76000213623047,691.0499877929688,1154.4000244140625,4431.10009765625,2014.699951171875,1312.199951171875,709.0,1967.4000244140625,1454.0,1133.800048828125,95.38030242919922,255.5,3282.0,13547.0,231.8000030517578,1277.0,1060.0,1984.800048828125,2399.300048828125,308.8500061035156,184.5,58024.94921875,24080.400390625
2026-09-01,1258.0,1972.0,1053.9000244140625,89.66999816894531,675.1500244140625,1171.0,4391.2998046875,1978.0,1351.4000244140625,711.9000244140625,1994.800048828125,1438.0,1156.0,94.94000244140624,266.6000061035156,3259.0,12950.0,236.4499969482422,1309.0,1034.5,1929.0,2369.0,310.0,181.6999969482422,57409.6015625,24055.80078125
