Date,AXISBANK.NS,BAJAJFINSV.NS,BAJFINANCE.NS,CL=F,DLF.NS,DRREDDY.NS,GC=F,GODREJPROP.NS,HCLTECH.NS,HDFCBANK.NS,HINDUNILVR.NS,ICICIBANK.NS,INFY.NS,INR=X,ITC.NS,M&M.NS,MARUTI.NS,ONGC.NS,RELIANCE.NS,SBIN.NS,SUNPHARMA.NS,TCS.NS,TMPV.NS,WIPRO.NS,^NSEBANK,^NSEI
2021-01-05,0.0636305161687567,-0.008754017917129153,-0.018634220059617235,0.048509059745994954,-0.01043802564751417,0.002778606634417091,0.004113745153939696,-0.0004263302095267596,0.01116893759030324,0.007556285402595675,0.009911497460840524,0.010438002825701176,0.004308110863255221,0.0031193128827182726,-0.009137913884158633,-0.012014536335833936,-0.006082627856641154,-0.020629285510090134,-0.012431944506426595,0.0024905808793662665,-0.0015717199855350694,0.017618106030510727,0.00993206064427321,0.024974961180009414,0.016333253820197458,0.004712380865514287
2021-01-06,-0.015351071738248012,-0.0039112683271944615,-0.017327560092627703,0.014019642672962185,-0.0028954721895587676,0.0002650719827486103,-0.023454666821867143,0.03839044417684612,-0.013264851269718658,-0.004310642474249837,-0.013568620223749162,0.017589745928392686,-0.009042978538378654,0.0007474350947362929,-0.028611896210485432,-0.005404641889516837,-0.0035073523663773365,0.021063817005019025,-0.026372019475932595,0.011712660516998152,0.003065739668672185,-0.013417251435529298,0.011387084423059246,0.00024607957979561057,0.002384801549452975,-0.0037501320469031096
2021-01-07,0.02575462185819344,0.02295025376635884,0.010079029647412252,0.003950242123644809,0.01804596388589763,-0.003290408285457347,0.002831834047367865,-0.0053402523430892135,-0.015998870866566484,-0.0030269994294057634,-0.020043001829463836,-0.010243396339084998,-0.015560653577063044,-0.00020171809750302305,-0.012658263102208966,0.01127571946343009,-0.008199450946126063,0.009798670019578015,-0.0016193650715606855,0.009296660272894552,-0.005617184158351329,-0.006128266496793322,0.006909001251547364,0.0008611490292051993,0.00497201040568207,-0.0006291696120880319
2021-01-08,0.002384302556999396,0.020427367049366207,0.00019673622681404268,0.027739519902017173,0.011817473413619384,0.012777888977227203,-0.040893202554750485,0.007124145575762908,0.03334902662819661,0.010873930032573753,0.00943505487601981,0.0017557737424029884,0.03957523973803578,0.001172281003827047,-0.006410123378932542,0.03506181245611417,0.05932425577143419,0.02809013101435509,0.011799081911534559,-0.005909003614731234,0.03140064110472851,0.02904897041227361,0.007115615578442425,0.05765219888104145,0.004011727198394377,0.014847223590326086
2021-01-11,-0.008547735654721222,-0.02022551580629306,-0.01923460050787329,0.0001913920599532215,-0.005436897283794262,0.014714298537617632,0.008451011507727868,0.006629519671682793,0.06077522192309792,0.0138301282535227,0.01584982475816621,0.004888859512266919,0.048853064210610864,-0.0009884992947749582,0.004962535110818012,0.024140172794441028,0.027180650057203826,0.018877131048570917,-0.018849912132535618,-0.012237784877469071,0.00032208666189292856,0.017799432438935225,0.11355023007453369,0.038586738378621366,-0.0026585630573816577,0.009583718134137165
2021-01-12,0.013119434455570733,-0.0030157550598876037,0.011626600188103131,0.018373188219572345,0.08341773093620808,-0.011621242689918154,-0.003622378492815659,0.0007808423136583809,0.006634456957439028,0.020358893475568296,-0.021901125588747794,0.006058386272362215,-0.0032334579048272083,0.00190939190396211,0.0195062474493386,-0.011722167338840128,-0.005429514010118708,0.008776206930064534,0.03151933005626928,0.035398194227511226,-0.01827699745619893,-0.00050350026420376,0.07772501459941106,0.02439561589204664,0.010628479201955532,0.005433314024232416
2021-01-13,0.017907359755108487,-0.0184563100227636,-0.027626770994280903,-0.005638023721524332,0.048215348823771764,-0.011925936554592953,0.005806039953402564,-0.030766613946566324,-0.005790577457729262,-0.006988369318864818,-0.001494040093913629,0.0155110227562123,0.011226529251343376,-0.004740564664579505,0.023250308956451526,0.06219139636633919,-0.0058866211749688535,0.01739981289223347,-0.009325219115527972,0.048888857169595346,-0.01205612147525359,-0.005008332035988383,0.02018497282366538,0.0028403664457516964,0.007286843035998025,9.609083312889233e-05
2021-01-14,-0.017156153466594604,-0.005265085739187159,-0.005211253945553551,0.01247400962607248,0.004100498213557291,0.003572779728307607,-0.0017802798884744009,-0.000490074783626171,-0.02675319268920251,-0.001291969522596692,0.011043793531151591,-0.005750274448815262,-0.012003068324553223,6.694555084774123e-05,0.013727658451780256,0.0018712550606656553,0.0011794280737891238,-0.0019002261876615023,0.011244191726201613,0.001466632572544313,0.007886538935747867,0.03100260595500659,0.01030508391413587,-0.010130732805040843,-0.0016853912036477459,0.002111247340323086
2021-01-15,-0.001701292583126568,-0.012718220948301107,0.0012813764674806105,-0.022587252032214677,-0.007635000315411533,-0.018101704652702777,-0.011349510590620282,-0.03196883492788816,-0.03687815165585295,-0.0014297572543522374,-0.019762050355911498,-0.01861552944586331,-0.018642910946128244,-0.0011247559440176191,0.017277545201615174,-0.01235100707210779,-0.015301747938621713,-0.03474537866439242,-0.011807660208438264,-0.011065604400204543,-0.004530152404660259,-0.005337200327202751,0.0620153513037669,-0.034774931527494224,-0.008393314609717595,-0.011092344158201595
2021-01-18,-0.02645024005020047,-0.03259566350583898,-0.033530537810319005,0.0,-0.008230458802349405,-0.030827954102417454,0.0,-0.020654024742733146,-0.00838593744237559,0.01121602434665947,-0.007889665140929925,-0.018140118523386928,-0.024461597431328475,0.0009768534379541727,0.0087216772209473,-0.012993306631372548,-0.024187621136566695,-0.04684408524908723,0.024000515386600307,-0.03093640630041883,-0.03781209391140239,-0.0035875551123535354,-0.05512863249303235,-0.015961741539932794,-0.01349126023535796,-0.010558650142566628
2021-01-19,0.017884435541671184,0.0681719300294954,0.05070081959864159,0.011841079538914112,0.042756654547873474,0.0072841892694834875,0.0055758765099303,0.0390767169371069,0.0023942509670376033,0.013990866857093609,0.01309695939544775,0.0249462319130076,0.0035058941563319568,0.00040598196117747065,-0.00409549263381237,-0.0011743328478838189,0.011742370577184857,0.01500241344508324,0.016356249727778716,0.014093964105930556,0.0259693223778259,0.012089921841012874,0.051636500585580114,-0.0030123246628649403,0.019272718766444763,0.016794730817062842
2021-01-20,0.010467278507588107,0.0015800557461724818,0.004597620940697489,0.0049075526326343155,0.0050173696924200595,-0.0016211743101165466,0.01435173928462219,0.008815256920546188,0.015653083147983526,-0.0078797537606351,-0.0030468726770830346,0.008326544872261366,0.017316518499645328,4.37819745233714e-05,-0.005483144011531049,0.020357565726546456,0.028065229676713876,0.007645295965697851,0.018994255824033468,0.013228410524996015,-0.0031009823491993105,0.014751004963208914,0.06282615702842409,0.03416606995367388,0.003665368979473227,0.008508265623863087
2021-01-21,0.00014777220243300526,0.012815722394923235,0.027368622789816,-0.002066127101495785,-0.026682906982792298,-0.005599800492331775,-0.0003215475524342981,-0.030795309888886124,-0.0019593809591884614,-0.011527984334318786,0.004966072117666753,0.0030851058177898683,0.00018678035096098,-0.0038393025878495912,-0.01814837534502589,-0.019708798659603177,-0.008373263704074763,-0.041982848395913264,0.021754950309497367,-0.025450254646106285,-0.01984212931306184,-0.010562412541248234,0.05711179772112085,0.0019103621304910057,-0.010963691425731836,-0.0037112802046228577
2021-01-22,-0.04638599239376018,0.002010320841795865,-0.028476016156523176,-0.01618672300136037,-0.04704632409692444,-0.003028223291995813,-0.005146677427195323,-0.018177208136368583,-0.007550417303890278,-0.021189419192648273,0.017612632633911662,-0.03419580416359724,0.0008584369932838065,0.0006035633888576974,-0.014038350656563114,-0.012186800280629684,-0.003454434228008063,-0.020591415973898797,-0.02372097520215999,-0.0378157733033706,-0.013209552241330136,0.008934271897429902,-0.004301495083489981,-0.00011243832228502448,-0.03167899319281575,-0.014972171647596122
2021-01-25,0.021567213518525863,0.014099966239023098,-0.012840637986144654,0.009565716388390433,0.0020416142867376585,0.009033174491877682,-0.00043106470812126485,-0.017143657018583114,-0.03885200700567781,0.013369705631601336,-0.004046893519182304,0.007961941287605079,-0.011746527146787478,0.0005619960375828903,-0.013763685628867983,-0.004822208199195321,-0.008367559385767831,-0.015094137738236535,-0.05298599842522378,-0.009693380786702455,0.01947148817802513,-0.0035722077115951656,-0.03525131583477137,-0.016863438329884572,0.0009994079880071283,-0.009254169343308138
2021-01-27,-0.03994533679321233,-0.007913968521166104,-0.012976949195662502,0.0015159752826123807,-0.041489068185841416,-0.034058648434144634,-0.005391126135306901,-0.022641613712083286,0.008443346128273355,-0.0364014444618187,-0.003458815805988058,-0.029179664094502566,-0.018186996513985254,-0.0010398507732093387,0.01371498731253551,-0.030960839064222867,-0.013857046694680797,-0.01806243396523588,-0.02369912157844023,-0.018864719304721334,-0.028308515515306776,-0.009190893037346881,-0.04173391137411264,0.021040688112561323,-0.029291518803610583,-0.019060488041877988
2021-01-28,0.0610663408025196,-0.018715449968871423,-0.007172328089433688,-0.009649921215852508,0.008695491365059427,-0.007638669851871782,-0.0037942435402282815,-0.04189950843185375,-0.02255352761324725,-0.027064359211454114,-0.03801282167026687,0.011295273884213586,-0.019062353474355143,0.0016059185353904937,-0.019226212662184494,-0.006429001998325856,-0.03587901347128475,0.01059112025310327,-0.00973603668028078,0.02430630518937793,-0.009564740128223392,-0.01977901556587436,-0.002616876187340078,-0.03259046848639435,0.0024351988422179893,-0.010735650281904374
2021-01-29,-0.011629662654183415,-0.025968026551538514,-0.015737303974444394,-0.0026748068253782398,-0.02126433768648983,-0.05523612783564791,0.005114546106532281,0.01158660696564362,-0.02136090560462367,0.013890313825489553,-0.015866766724837,0.016564024951086553,-0.029109996951763084,-0.001345956317893915,-0.016214864908429605,-0.020130732078172175,-0.05031954855735099,-0.025924160216933778,-0.018438160366494705,-0.0008854786509672197,0.03871715104285789,-0.026653994358201816,-0.01536727224738954,-0.032415012658343345,0.006825140837490418,-0.013240422354072856
2021-02-01,0.070070864946145,0.11453377652010421,0.0684437760828629,0.025862039356128852,0.102564092925862,-0.03792336502163207,0.0073079627798224855,0.05142388768790185,0.015700210992872554,0.06202807500864438,-0.00675845283410903,0.12439477401874788,0.017634645434860152,-0.00044141178971146555,0.06248459544471463,0.0607657051524757,0.026801449582289028,0.028878860681185836,0.02896394086089149,0.10138260315814374,0.006738197947218971,0.008999636037442027,0.0643319565901086,0.00861466836776481,0.08256213004063939,0.047423511101338356
2021-02-02,0.006837244256186592,-0.025252391665614993,0.0226544592506448,0.022595688173889794,0.045624026375756355,0.012273692280474036,-0.016283344815692047,0.05874344233125672,0.028330018522699785,0.0567462481119243,-0.008071417283626703,0.02244134658829866,0.00820831581556325,0.0029242317979023547,0.01041922994141431,0.02729042678834781,0.03444700377511323,0.022014411041096915,0.016092421652527333,0.07209524806504475,0.03270379178873095,0.020418108081621478,0.15164521641475592,0.016251523793370026,0.03562645774569484,0.02567357148195737
2021-02-03,0.027443232108231186,0.00630511402313183,0.013898555096088172,0.01698320550915855,-0.015449835231101994,0.03726715583775331,0.0009286813285305229,-0.0075741786225824725,0.005499376317053217,0.009131270460442042,0.0010757077499292667,0.008099171713573217,0.010540762936026127,-0.002783088156271152,-0.006645346029337196,0.020015892475688357,-0.00855674841274734,0.005384825585252662,0.002518439944950268,0.008555922599755128,0.032406022502816656,-0.0010613789444434696,0.02795034228135096,0.01202270110590109,0.014315222149266837,0.009701122671723184
2021-02-04,0.01376402385884501,0.017250358929041143,0.04952233710142839,0.009696551065604853,0.05104309412805996,0.003957488876825899,-0.023632751834819055,-0.03495568718771902,-0.002344076624151703,0.0027304247735988607,0.0057106248032845475,0.009560346363160166,-0.0041256567504751596,-0.0007994948356149223,0.06089960414295881,0.039966452016785725,0.0066936649866848885,0.04606310262066837,-0.0032890368334022035,0.0570024911323066,0.0036555266080673388,-0.003625064366871489,-0.014652699295013116,-0.008304428082956061,0.01686929510477575,0.0071467580293813615
2021-02-05,-0.032665662161344367,0.002231733598162311,0.006121846787673135,0.011026123722783554,0.0018048988852266135,0.028481320106756414,0.012298060092657215,0.04237696534779589,-0.012008540148328861,0.011715634604479552,0.010665036732047994,-0.022520985899201595,-0.005666990007441308,0.0012037097927419804,0.0191346685650442,-0.0011540049313248923,-0.019090347372389904,0.0,-0.0002858775840982597,0.10701214074629717,0.005146483920665412,-0.00956548323275308,-0.03142724025827781,-0.010118533052449918,0.00876221960609902,0.0019199973566108586
2021-02-08,0.02299891850019309,0.030738978982080223,-0.007375431287114043,0.019701016299795926,0.02538482490003169,0.012268544296849315,0.011596443600907724,0.01936078599556912,0.012260110090121401,0.0047885494673953755,-0.014496296902008377,0.02515670613562304,0.024722973095624212,-0.0022058041411174845,-0.005334076102449847,0.07267463444418198,0.010735139201477839,0.020481518120746722,0.014398980331438604,0.01004834194991755,-0.00015755513663462395,0.017780445829536973,0.06346947853743212,0.022911394124260465,0.009231607615098447,0.01283480273296811
2021-02-09,0.008626045229016333,-0.007923304397829067,-0.01771651859758938,0.006727607062894991,-0.019325959368453605,-0.0032306039533878117,0.0018560098088049592,0.00028085624896978523,-0.006421296779319574,0.004111597735099615,-0.00912053968558868,0.005956140640807517,0.0015344163979436054,0.0019935956303789304,-0.017588910201715158,-0.03597579947226903,0.0069244308449907255,0.013547521074004365,0.002408417757886694,-0.005666748865971849,-0.008821514427252986,-0.011573959107158527,-0.03244525300046819,0.009303964425020572,0.002024597612581447,-0.0004300136336804483
2021-02-10,-0.01037041675385364,0.028798040150314064,0.0139992911604363,0.005483202389950925,0.014332113482130815,-0.00413907598887131,0.002887771272711781,0.0281833857792666,0.008249374600669324,-0.01867428848242092,0.008685606387878186,-0.001894615718357362,-0.0069320026133767865,-0.0010284475432124074,-0.0063319417389630095,0.021396628638119974,-0.0007014512356120495,-0.00990113976955187,0.009278352724789718,-0.0064590870050627025,0.005612636525646142,0.011457980589052896,0.01184433392413986,-0.0007966034701676339,-0.007582480287598892,-0.00018530340410816137
2021-02-11,0.007212804830050823,-0.0011047791034408672,0.016645620269569505,-0.007498272399807271,-0.005619753162556584,0.00020740007678465844,-0.008529800815017863,0.011503654060499802,0.011412635158270845,-0.00594283773794313,0.012301577352006987,-0.0023728657949145804,-0.00296958624442456,-0.0006533506289559954,-0.004834098942578469,5.4597150820789864e-05,0.005989509261274062,-0.005499834809865933,0.04122987976524839,-0.005353601751909909,0.026391321460753625,-0.0022721545417414557,-0.011857692452019064,-0.004555811949720212,-0.0008663407408959767,0.004421924647502795
2021-02-12,0.013917037140664057,0.006083245151687455,0.0018681171667231933,0.02111949702589211,0.006781815926569124,-0.006849679916741902,-0.0018083449964251264,0.00458966356237811,-0.010304979780466406,0.006105430747154639,-0.009478419681115291,0.026876927285575558,0.013267426538995819,-0.0013431837667785551,-0.03974381969109819,-0.006180173207783746,-0.012892499996308815,-0.024635584738249228,-0.006858973422834591,0.007689290527027159,-0.02563511421497522,-0.004741021805274914,0.0012307256356034468,0.0114417705815828,0.009979751829896077,-0.0006590524229219685
2021-02-15,0.05810234724576535,0.025187838122618267,0.03628904038406344,0.0,0.017642281681435668,-0.01714323429951048,0.0,0.01444506280080482,-0.00598691784339056,0.021903346155916603,-0.011755345623001956,0.040688805805074946,-0.00011464834917729316,-0.001577514800350066,0.005288726012705469,0.0036321687015843374,0.003719453899018621,0.01494850037328077,-0.004408344046632484,0.03510109282246732,0.0005583121463135221,-0.015967744825478136,0.024431483057916203,-0.0052037175371389965,0.03315941080755902,0.00998465984153385
2021-02-16,-0.02386653134357508,-0.007316607799144892,-0.0033912887287645965,0.00975278299061988,0.005516328643524027,-0.0028132532495835916,-0.013394831324706091,0.008543656983167613,-0.0024617199091899744,0.006216847410931425,-0.0086222906431076,-0.023147189907841037,-0.014698521937610565,0.0006047200957295384,-0.0016011686325344554,0.000383782145033873,0.01321630782367511,0.05383426914259082,0.013234358289437198,-0.011303512974963459,0.005816587679764673,-0.009889135958537465,-0.012449277571284667,-0.004889786435408938,-0.005571454434520229,-8.162092525865194e-05
2021-02-17,0.0034836529708985875,-0.02628447655153776,-0.009565381305969622,0.018151543154644845,-0.012852727074427084,-0.020450978779299023,-0.014522577506703604,-0.011492038232849944,-0.009555824356023646,-0.02468249866485417,-0.014662282448906216,-0.001519052876572835,-0.0070520328814550615,0.004079026142486564,-0.0022911189862573345,0.003014719801578636,-0.025184912424400796,0.0024510387533713818,0.011531915349055621,0.023362813107537184,-0.015685549448562486,-0.011483644853431563,0.002885645611584442,-0.016797950363271474,-0.005052816234042412,-0.006827318687430917
2021-02-18,-0.0009642825850344483,0.0013058025624601566,-0.02485465117876251,-0.010140643409782824,-0.02746902807420637,0.003564963785834374,0.0012986555585965398,0.0,0.00519501199961625,-0.02029623487060006,-0.007879398168230356,-0.01931982109186392,0.008701765915719362,-0.001887918243767439,0.005051755110067724,-0.02240567720907105,-0.0007530805252320416,0.0826403885404583,-0.007464261914458481,0.008378723126229337,-0.00837028322292177,-0.005125280594583725,-0.019082153701293403,0.006392350737010499,-0.008776503734273744,-0.005914312869584326
2021-02-19,-0.035199459789988174,0.005049634307017659,-0.0117558129144123,-0.021150012716708022,-0.018448870181499433,0.013970187890042007,0.0013533463296615533,0.01192452993774995,0.0021620559345629786,-0.009779416722859091,0.015953532759363398,-0.03195543684085522,-0.0008896012129092634,-0.00263611637689265,-0.013251125848587342,-0.01699359330473671,-0.02328086942479035,-0.05058700862468912,0.006093673204914163,-0.037692712221146674,-0.014203553690622761,0.004742967523531094,-0.03705423279348541,-0.006929249933657511,-0.020373337512917478,-0.009074717063029758
2021-02-22,-0.04028548726694359,-0.024374648869567417,-0.022026171515101778,0.037981092779372005,-0.021623458790849592,-0.04532789776215962,0.01740055270532359,-0.051633067832932644,-0.031573895918397765,0.005782527493882528,-0.006189540213751954,-0.022754514099850742,-0.020212235272279222,-0.0007216912458157809,-0.01759095929744392,-0.04793867752776004,-0.03230229702974752,0.011417750560022366,-0.03470656371886194,-0.02515327311003912,-0.019759440894666747,-0.03691594433856815,-0.023569055698906216,-0.026165881436133853,-0.016305112517319476,-0.020428174591586412
2021-02-23,-0.004864779655176177,0.0008050561197581185,0.0012739204031773088,0.0029272480983124627,0.038422292386673274,0.005795243795779115,-0.0012729987380144525,0.03575389299780474,-0.011085185347306292,-0.012176886926186792,0.005374825471590183,0.010576286241133825,0.0009089853504211654,-0.0015023659608690565,0.007003055362176491,0.0045992731152824096,-0.016362287865138714,0.055503098476086254,0.007644068992788577,0.015661242821833232,0.014698422219800555,0.007351805103212428,0.06403943319159189,-0.007642709552142191,-0.003977846465297308,0.0021872625461001327
2021-02-24,0.0467210972940324,0.01907836804779217,0.03328543481298607,0.025133826784161206,0.025540217602507242,-0.013258831442232721,-0.004433606679094204,-0.0014369195357031295,0.0066488813532290525,0.050550851098810634,-0.00018367112617290182,0.04024011174154629,0.006277915035929782,-0.000924870831920388,0.0016786271922304419,0.010285996316792723,-0.002517678004744006,0.012477700640352252,0.018557430387080576,0.02692100677038156,-0.0043043650135591305,-0.010770864418567339,-0.007253131895797571,0.0182913101482165,0.03802583695918771,0.01864318245786234
2021-02-25,0.028356003321412082,0.006358131438559456,-0.005923067959423212,0.004903472834673739,0.004789422678661337,0.010055218246864506,-0.012246715487089666,0.03764805383296599,0.014464951288262418,-3.1153003655193245e-05,-0.007136734086865881,-0.020433590928745082,0.0001962185298551855,0.00031781677688891286,0.001436371190776109,0.01106404894059887,-0.003250492317741438,0.047975655136703654,0.04044154289368773,0.00246160236796511,0.01346759919159135,0.016010399280729226,0.03575317471795292,-0.0042544347823889606,0.002652683905504327,0.007699213013950157
2021-02-26,-0.0594953574219963,-0.059998381172354454,-0.04792977665277087,-0.03195338923819435,-0.038767194942240124,-0.011964009292442679,-0.026093354480996478,-0.0063211210177214205,-0.021307400142654864,-0.044820700723016915,-0.014445551566129478,-0.04816866943430431,-0.016672413130035202,0.010371550452057399,-0.02534054279971598,-0.06123393904362795,-0.009263608328545558,-0.06761868646030078,-0.027304302464423058,-0.04198895466126473,-0.024526248650014737,-0.0337196777698604,-0.030616743753876796,-0.026109642147306378,-0.04775504772918315,-0.03763569324758598
2021-03-01,0.005173893881099012,0.013002009666271963,0.00036091492588630203,-0.013983749761814046,0.015867822846080015,0.0060657161852235575,-0.003240539126816877,-0.0003895066649670653,0.02298091851157169,0.015967160802318858,0.005323374848961171,0.01773310100426917,0.010930909899004693,0.006083311126836799,0.014962218117755777,0.016183003144643937,0.02167877175734989,0.05450449841313132,0.007622860568287537,0.012302951142800334,0.016565720176632492,0.010330509817113587,0.016565892999986342,0.009992757278446396,0.01414796908240068,0.015995389118723446
2021-03-02,0.003705998684938372,0.010532918706538608,0.00939837631404905,-0.014676771085198381,0.02050113634233175,-0.010935408807748126,0.006153831980225011,-0.02045523607510724,0.02515162183123043,0.005965740294862298,0.016119348492043883,0.0035341562577213548,0.029597666159820513,-0.003892866554251251,0.014499661639868044,0.0495454601756653,0.02838207071516541,-0.030328942546573257,0.0020459786045381456,-0.001898959821846402,0.01613036700315784,0.0280932589729046,0.0531526706624581,0.038609905386310706,0.003504665010490182,0.010672985341787733
2021-03-03,0.03104274031355536,0.052505934336061655,0.042623609256931205,0.02560667413049167,0.03380101943178948,0.022214868949864908,-0.010270571235681092,0.01064013352656068,0.012057727965348874,0.011892718998016472,0.00713980644343426,0.035380963335960525,0.029934892087541964,-0.0004352255898493196,0.00023824510253378506,-0.009301801486899075,-0.012392280387157562,0.004405207045465875,0.04563166737352975,0.027524056334601976,0.016525309424291867,0.017546185196447794,0.007953816026045502,0.0118496271463564,0.02677467190480831,0.021884698711632122
2021-03-04,-0.022746897665888888,-0.025554152812650055,-0.010283388382183567,0.04161232216961652,0.00678596981119628,0.0161019710319934,-0.00880318149968351,0.0007214794746450703,-0.007511105561604059,-0.0219303206435294,0.0015501148266034992,-0.017956113564661202,-0.009824862116308952,-0.005414993688459324,-0.001190751833755943,-0.007980800916340569,0.0009683747078552685,-0.011403706725879093,-0.01192054850882629,-0.02320708145034467,-0.008648986303875228,-0.003072828212138057,-0.02668590554970407,0.007577406324759339,-0.015550831660152808,-0.010812930524138231
2021-03-05,-0.00821118602708959,-0.01696463523668046,-0.007473641867661973,0.035406461569869485,-0.025428816357221717,-0.01804352215748095,-0.0012939367339462882,-0.018320583681973868,-0.017223298711823043,-0.014207014470713819,0.0019116794335765075,-0.018203852018249367,-0.010260447520483273,0.0034453378701693183,-0.0054839124369208125,-0.005737943217468677,0.016461956775845943,0.0199645237098085,0.0013098169960363837,-0.0303297748809771,-0.01252111280313628,-0.013657449342333816,-0.04142089921083214,-0.04090702173708971,-0.01604218853804873,-0.009459104528952489
2021-03-08,0.017174184508055745,-0.011950065564707568,-0.022819684150812036,-0.01573601670085989,-0.0058159225936231795,-5.5588409308748865e-05,-0.011955270216799208,-0.009448201602475947,0.02166770487292924,-0.006862772633098202,-0.012062270557947063,-0.002297101625576059,0.014468116605669046,2.190801949319976e-05,-0.0026375645719061147,0.01261295137277152,0.0014484534768881563,0.028708205128251674,0.005691600745795888,0.015508983155283929,0.005890080926154395,-0.00036526459759922414,-0.011994544492377579,-0.009385744302867871,0.0013512523035104085,0.0012117060677612201
2021-03-09,0.0028924982860552007,0.01321771182718745,0.017742255326865353,-0.01598771509203245,-0.015336105430790892,-0.009783610087994665,0.02318652056161219,-0.013784925235053591,0.011695615766259104,0.028298806495982376,0.011013934914489987,0.028040413394158303,0.007336745559368918,0.002688263745077135,-0.0009613980792936294,0.0011751758851386018,0.005792380465789115,-0.012684851704766853,-2.2897267121679832e-05,-0.005133516719513342,-0.003578317967805722,0.014632677053810994,-0.018832688831497246,0.005516934653434058,0.016722464690996253,0.00950777560179139
2021-03-10,0.02052455564317701,0.002237009790088118,0.024007230707212113,0.006717704902752919,0.009152257537330177,0.011712330192015674,0.002854494048556644,0.0002049858769341828,0.01577352971075041,-0.004320011362846543,0.013349938772576397,0.0007998758802758577,0.016795926981389986,-0.0075562528676555996,-0.006256108675264049,0.01384979669699482,-0.004033316884622606,-0.02012854699291855,-0.004153264360988729,0.00025808280870531775,0.021873937681364808,0.006555413392546949,0.019828711606300287,0.017891254130738554,0.002025704081653812,0.005060099883821945
2021-03-12,-0.013342135691501,-0.005740066897386931,0.0023082042891944266,0.01815639547824599,-0.018297498563370262,-0.01642077937295927,-0.0011617775196050006,-0.00908861085443069,-0.009357588414008466,-0.0024425127405607316,-0.010368893464061557,-0.02038048218878319,0.0048970002210706465,-0.0018811426872517023,-0.006295300853429109,-0.009261420033012224,-0.024188366377775883,0.005681917065223141,-0.020325819238168563,-0.01702359923507002,-0.019808424247117595,-0.004233120420801484,-0.012132509037599548,-0.003515450640450113,-0.012289216919211032,-0.009479506235763657
2021-03-15,-0.00825993862350538,-0.02466748939703378,-0.021374814207208326,-0.0033531659603187602,-0.013776147689815166,-0.019033088572214085,0.005466719635977002,-0.014309909566061263,0.01337735701102627,-0.015013429358501584,0.0027670537415771523,-0.015256465078162806,-0.0009089281036942509,0.0006057175663030101,0.0012183155839644577,-0.013320835394730168,-0.0009722640082555634,-0.006084346764457349,-0.013426364457221673,0.007347096505384787,-0.013200715994479695,0.0026813591945815674,0.0031490481387195235,0.002704739398940559,-0.008848649878794412,-0.006749419963093084
2021-03-16,-0.008933371862758444,-0.007818190021333993,0.003106885506053425,-0.009022730438869253,-0.00016453303232089045,0.024745360331607014,0.0009832559129330232,-0.0055970816908748056,0.015014830092958897,-0.01079377121308489,0.01501680087615287,-0.014167455944384288,0.007571253226969388,-0.002307303279853512,0.011681520092206688,-0.0018356870236313494,0.008604360066008176,0.006558693005236815,-0.003935633009403694,-0.013935989886612932,-0.0052849612632259735,0.014317571404623974,0.004395004873505082,0.006919055459090551,-0.010742533165575385,-0.001275984104457617
2021-03-17,-0.01335144476586747,-0.009174816752046122,-0.01762297069257579,-0.0030864902502700797,-0.04289936812706374,-0.02109145592197237,-0.0021957279622206727,-0.022092499525988907,-0.019657387648931657,-0.011110035836114363,-0.00790989107161022,-0.009160338983884797,0.0021675782860572923,4.208433173946702e-06,0.01323089822105561,-0.007000036971486101,-0.01197844386738045,-0.04995639365077065,-0.021541468821019594,-0.027473223386598966,-0.029138032518301382,0.0009326285956776648,-0.04422581786545976,-0.02247834476730437,-0.016530873500568033,-0.012685759862868795
2021-03-18,-0.012570473812889227,-0.009968236778693962,0.0022483249265803362,-0.07120740840208939,-0.010132354485096084,-0.0328522875919709,0.003127115005246095,-0.03154901441486491,-0.040204525921440526,-0.0029091385060073804,-0.0049858005450904574,-0.018490269026602557,-0.03597684065252771,-0.003033846707414689,0.03347569479915946,0.010394865861659941,0.006950087332236787,0.007773046340766587,-0.02250220047979612,-0.0028519852227948395,-0.017443450924097048,-0.024558521149843027,0.003924302248099698,-0.022637947992881102,-0.010881034434355286,-0.011102973071742905
2021-03-19,0.010434717602785026,0.0011134531499814582,0.015153177297180909,0.023666636149088482,-0.0027756932652928112,0.014646019546532107,0.0053112074249646035,-0.02102453498779544,0.013400078929427517,0.004359612882262498,0.0437207762821874,0.013912882611970767,0.005496818359189026,0.0051621323882862225,0.024350900092655836,0.0054986153311706865,-2.813824834990708e-05,0.002722406910019348,0.03628484127426446,0.011032331237937898,0.00652676140029107,0.004511654400356724,0.006351783138812017,0.0008533164081927502,0.009002635210286103,0.012786942826028547
2021-03-22,-0.013838111151500576,-0.0036861974603370484,-0.01171794212385735,0.002116591859179895,0.017049319519549577,0.018598884618541422,-0.002067288121894273,0.07152344313953196,0.01905367850518891,-0.01893154972208866,0.017797805598090077,-0.022500551603751306,0.019599167566713316,-0.003630190307558845,0.013680234960371962,0.003234413306014483,-0.0017289957256146904,-0.008144763598095017,-0.009414115197229678,-0.011181287097195347,0.021960929934705442,0.02604743134351062,-0.01909699937320064,0.009622632572443557,-0.01633855017364816,-0.000515437423697751
2021-03-23,0.020036269663017636,-6.912782555090757e-05,-0.0019575153560495995,-0.061575970146321324,0.019329560219764508,0.004203098212700596,-0.00753832275760602,0.019688378390892325,0.0021455545123594266,0.021100678461575928,-0.006756809119458529,0.02258257574420841,0.0005471127195852965,-0.00033834660938969474,-0.01681417451701339,-0.00984725250340135,0.011969587925139136,-0.022354050698018435,0.012170343234483738,0.015531214033780882,-0.005329879658055647,0.004137716233498123,0.014354088746695526,0.00253322755244878,0.017288349053977248,0.00531673999743143
2021-03-24,-0.033057223965286764,-0.02159983783131436,-0.02017160338768431,0.05921056237925115,-0.04631663733618019,-0.0049745650626068505,0.00475449265051342,-0.03187942719534831,-0.005301307733751259,-0.014231829732947565,-0.008000212959601516,-0.032230538210583415,-0.012978093888940223,0.0032010980855285975,-0.028127811529340963,-0.03936527715641469,-0.016705390687274058,-0.02193184787521485,-0.019257482541120696,-0.03447804847200919,-0.004338003096745591,-0.006841388264500092,-0.04212751968649975,-0.010830232893225045,-0.026068825144804575,-0.017911176994211853
2021-03-25,-0.016704506074811887,-0.01570295882160766,-0.02810116340316482,-0.042824434763252484,-0.025162815201184352,0.00690713150510236,-0.004616538685031757,-0.044336015306014276,-0.019064321947483198,-0.010447826117385928,-0.03517233849020951,0.007136406855032362,-0.014736659467970425,0.0004599983230759719,-0.020143403831845874,-0.02427913668904247,-0.039533306879680485,-0.026717614956413782,-0.027279892788558913,-0.012922044068150562,-0.016316280667928895,-0.018022387992027045,-0.030225918048390477,-0.02761568230329281,-0.008614364963962728,-0.015430189146808937
2021-03-26,0.005182849265467304,0.045255038290977545,0.011879783035936509,0.041154368013920584,0.007942396365281379,0.00580985791943478,0.004232086877204555,0.026086574588062073,0.0015673447437207777,0.01910011616169527,0.0361411551455022,0.0122474570198301,0.0017992421727921482,-0.00045149007477995884,-0.003308163324344693,0.009662831448878473,-0.0003536954234314438,0.0039216211274961665,0.0016069749980764936,0.00563058686450435,0.019887103767983527,0.0006360932497189165,0.03799680817640416,0.010634386718377131,0.009445115025611406,0.012733031929623273
2021-03-30,-0.004081889033305419,0.0036863040189722973,0.0020256930083561997,-0.006888666151116274,0.00035801693696368986,0.025465387056807343,-0.027883574713840842,-0.010718031374886472,0.038860562948954236,0.04184266192771946,0.03488087951655294,0.02229716329616993,0.03674601874572936,0.0017778819133795754,0.01730668614517783,-0.005441991785492761,0.009927150885852276,0.01074217805607769,0.01737155266556978,0.010078309558690268,0.01788167506602667,0.029917154638798404,0.0021930503627975995,0.03515711850589187,0.016714618681823668,0.02328481586755049
2021-03-31,0.0030200676557960993,0.01749574545443533,-0.008414120295303529,-0.022956224726055297,0.027748014192703785,-0.0004869986852508168,0.017756413077116395,0.04034167106920794,-0.013205358190429783,-0.03864970113628674,0.013652895559379319,-0.01580869207997715,-0.012452186426610612,0.009669800782973192,0.018410749781997193,0.0003144685542424419,0.0010800166872755312,-0.01304362714192775,-0.012910956740638246,0.00970068427660653,0.00016716236295288844,0.006110672228606395,0.015990654349496314,-0.009447478371153228,-0.01686200007495453,-0.010400699094332388
2021-04-01,0.022295474576935925,0.01250436850909531,0.023748312985071074,0.0387086024583132,0.016547714462973317,0.015865871229210793,0.007410404253727965,-0.01094722487195543,0.02030210630549356,-0.004619659792917452,-0.013324958197853176,0.021130689318716644,0.012536089708029774,-0.003292224416830747,0.007093720148154681,0.015529635298635824,0.009432542560658286,0.021537042018329622,0.009360490793702603,0.017430647702779467,0.021662729399794856,-0.004043784343733203,0.0197149800011458,0.0054328891097390475,0.01663769738997356,0.012024574166918489
2021-04-05,-0.03892008897947341,-0.03144700856251037,-0.05873324814564562,-0.04556548742549782,-0.05157637407254123,-0.006768305344886705,0.0002896032435564244,-0.02821007642524842,0.030819975427002877,-0.024987339610466175,-0.010796014044275326,-0.03894711113352278,0.017831644388190515,0.002356453080580412,-0.03408312363362187,-0.041047305234917175,-0.022436818553037696,-0.008624886034249601,-0.014466902424288719,-0.046135088431195515,-0.0031928591121703764,0.023349006111900827,-0.008773375369751757,0.02173391536699154,-0.03482628937575993,-0.015439860548026041
2021-04-06,-0.010725988930916142,0.003991954618458804,0.006166322563186943,0.011594207800246004,0.007407385133370692,0.013749248237413525,0.008396062536189852,0.013978347328161167,-0.004934480743089775,-0.0064500817500797725,0.014790491857336052,-0.00936548322027797,0.0008154936560100801,-0.0013150973445493763,0.00047036190004812184,0.008586639619503122,-0.0025484749632975756,0.004833469060215867,-0.004165407470804294,-0.008485487760791943,0.01913593134982783,0.007965975578371864,0.00885102876753785,0.003995673892263296,-0.005431650963336754,0.003122067245233451
2021-04-07,0.015267723295169455,0.002111590265049257,0.01682304712758409,0.007416123599016666,0.015423244032469086,0.015890159158185257,-0.0008039186988587632,-0.0017141136804773582,0.008556688039576432,0.004825599820693194,-0.0012664790945760007,0.02076354378724843,0.013571282994507161,0.002872494857047325,0.0054081190328152395,0.01945971402759583,0.016841248249744423,0.006733945622032778,0.00934838153750861,0.02282139582577347,0.0009671311168866215,0.002052068262869966,0.00016245106492474015,0.02540104118231845,0.015071664321584688,0.009231436965811968
2021-04-08,-0.009662190939694115,0.012075883512437935,-0.009375272425714343,-0.0028442694050624384,-0.009360536508104866,-0.0007671283574105514,0.009597191814547434,0.012347950528255547,0.00028931968669287933,-0.00995020867239238,0.0019330687893517329,-0.0016445692364419617,0.006747530717757133,0.012403035105908788,-0.0025725180758937594,-0.0014441774431953602,-0.0055571512821797064,-0.010033603387591183,0.0012481491459233052,-0.008227707778098226,-0.010949193769796528,0.014045833782502681,0.019980474436787743,0.009360717950736452,-0.006315322836646375,0.0036945688638336804
2021-04-09,-0.019659513351385383,-0.002667117157650556,-0.03125565588863077,-0.004697966215862381,-0.003209159989618904,0.015194976470029209,-0.007684426015928891,-0.016924748745664853,0.00761452308509325,-0.00771218662641282,0.02742840011404435,-0.018207015697366047,0.0008330656313446649,0.001922076531746919,-0.0007035073638258504,-0.005030466065513828,3.648136070055763e-05,0.0019307291916110803,-0.011618888011341921,-0.007311435983865744,0.03663008072214491,0.001477212877945,0.01353724543456214,0.01809554173386818,-0.010212620789122218,-0.0026187118170183377
2021-04-12,-0.04878790974775071,-0.048384787264927676,-0.07415393483670574,0.0064059519566785905,-0.11786810536814407,0.04971315123670217,-0.006940915113484825,-0.06801999811610382,-0.03443654549724473,-0.03847370893498325,-0.005653971118605661,-0.04883455234637768,-0.010616850036944125,0.0024817062692661374,-0.0366025229568111,-0.05011698984431889,-0.04489455575501489,-0.05539499660621927,-0.035770960564216914,-0.06841364146612883,-0.02732641236142197,-0.02278584107135484,-0.0994658547824746,-0.038880365422883756,-0.05103697906888427,-0.03532558930400764
2021-04-13,0.039962255767932886,0.07023242341947156,0.048270902583348096,0.008040193234541748,0.036901868816501926,-0.04395676738699894,0.008664510410739235,0.027216602308096416,-0.02575796400487207,0.02435907215874389,-0.003086953305950657,0.04094327447173396,-0.020059645457891295,0.0034992539519109744,0.016561236921480038,0.07950767053856955,0.045271846913480074,0.04079552198090175,0.010804928313034479,0.03694695973756312,0.012916842190277222,-0.04389248524093037,0.05688371358311883,-0.03155345016793065,0.03181343405567194,0.013556195506029933
2021-04-15,0.011875953581140797,-0.00683218746620895,-0.014475171060290393,0.05450313663449391,-0.030113445756830726,0.014286326492407131,0.010995346340092471,0.03355061964648409,0.008643327236630194,0.021244663621013737,0.0025463537119574386,0.026043607695342086,-0.026053174665058743,0.0004680941112316095,-0.00958326195679271,-0.00758087356922732,-0.025169390557886806,0.029887221059532232,0.006470625418655063,0.004985298848375175,0.009404754962612838,0.03701588623868002,0.002146343360531766,0.02804641803873964,0.010740726396657685,0.005284484560774683
2021-04-16,0.0005233636906283312,0.008732327981499255,-0.009377164552173745,-0.005200094880527084,0.017943557325097892,0.009844057704470277,0.007703622633885132,-0.008050487924768701,0.021020458090938332,-0.0010140181667643855,-0.0007111550749661077,-0.014342851459327566,-0.005144342035811489,-0.003981260183605118,0.0060473728558909645,0.02055646424928348,0.0005794524399036494,0.020932327802437367,-0.006274759590539913,-0.008170545322642275,0.02021315674103219,-0.007393789129204409,0.021416741890809776,0.08938940742646606,-0.004216381045431872,0.002496282165007191
2021-04-19,-0.03145542186785355,-0.036117866941724586,-0.029675488424074414,0.003960082302711498,-0.06199244354848943,0.01529655621042858,-0.005396276327114924,-0.025394613788662146,-0.017921562350268205,-0.011374326920105426,-0.0090489490918495,-0.012699392266861564,0.0065005932985673365,-0.002197317520651554,-0.011300510347175163,-0.03249554887830475,-0.02050957640410689,-0.039608354130060475,-0.015734123672051403,-0.025742770803991788,-0.008358575421688053,-0.010437357034109973,-0.02774191429646866,0.0075659768504277025,-0.024049758787178077,-0.017676978554819645
2021-04-20,0.005554185460262762,0.03690638520522338,0.029924455528405502,-0.014831215297646083,-0.010135169383106657,0.03797223366729563,0.004464804060731575,0.01888034929893556,-0.033480713989997635,-0.014868183680486702,-0.016087549233841814,-0.0011613404927539595,-0.008219990484524042,0.00422453440795123,-0.009970886365664122,0.020378630247723573,0.02071626380564684,-0.001940729949541642,-0.00028920389144559966,-0.004982496596419028,0.007024225207145518,-0.005456022311774444,-0.011114884955822135,-0.005605565680386615,-0.0030664927247620044,-0.004390823034999047
2021-04-22,0.010663508781605158,0.0035083503514430348,0.016266935750814948,-0.01617550198185247,0.05375426195900279,0.008358004148089071,0.0021942847221105843,0.002033821569392913,0.0006241661692500955,0.02235150788831608,-0.020042160935303865,0.03595087674168851,-0.00018503073082631882,0.007362624542319507,0.011544979104192166,-0.014115694079675167,0.0005192441223880184,0.0024305789575833625,0.0027614975976399947,0.021699478430193597,-0.008060101461328184,-0.008188427346710103,-0.011742923184075549,0.03520531250335357,0.021531412408800632,0.007676757575422188
2021-04-23,0.019204516926368376,0.006373079127594217,-0.004457349026881663,0.011557855786187288,-0.020445247977993852,-0.02560644813929336,-0.0023579335768069143,-0.013005179259320432,-0.006497475525789276,-0.005870067573423232,-0.017727983934956337,-0.01597054202122794,-0.012804189409649003,-0.004478341852358181,-0.0026712209641264195,-0.027260296542227058,0.003909603855284383,-0.006789564449349528,-0.0010753680493256201,-0.0005939842269633289,-0.0031252364121236997,-0.0029821538136511894,-0.0018672555501613175,-0.02250079634013069,-0.0018972497284068801,-0.004498133053794207
2021-04-26,0.043345492978168254,0.00858151129949003,0.014728444843812083,-0.00370131227060555,0.020045377523614016,0.0,0.0012380141653769439,0.0405956831247094,-0.028096207920013994,-0.006611680499674311,0.022922963090536097,0.037108574877757095,0.007309978943343509,-0.002977621659878582,-0.00024352399022020688,0.0033422985433209096,-0.005572184429793348,0.003906403886227983,0.01759125383929483,0.023331665106018473,-0.005094443067086729,-0.0027978339678780273,0.004762002683487809,0.009669862353630654,0.01742780850369141,0.010016518287169873
2021-04-27,-0.0012848032868266746,0.008958540580845886,0.02712948029293516,0.016637034111379068,0.027957947688021623,-0.0018651509440595904,-0.0006744330062985471,0.0005855377035286491,5.37925083918811e-05,0.024131617099987013,0.008133294601195162,0.012941916031445677,0.003684244212216914,-0.0007105798853614953,0.0004871666171988309,-0.0026905434380873894,-0.010566361634104737,0.0038908990763322215,0.026214745013368734,0.02541398276592477,0.007168680257998661,0.010061687072331349,0.020649843413333535,0.0098897045449029,0.014258607652732902,0.011601643402658013
2021-04-28,0.012293670086957587,0.03943475534128904,0.0854769641181834,0.014617127481985293,-0.01103678872803382,-0.0025309527538148746,-0.0026996900045697103,-0.00830255571062255,-0.005436723262444376,0.026482244608310168,0.01121904401083218,0.03774533644987743,0.005561707098764135,-0.003206664722986252,0.0004869294014495651,0.004753337410794423,0.0007687928690740531,0.006782884662779987,0.004349530835747961,0.02931602055606186,0.00649216568022104,-0.00252199333986991,0.014593701759610056,0.008761982008502534,0.030164727322368412,0.014433855260107098
2021-04-29,0.015886451008489733,0.06551920055445581,0.03862020399300925,0.01800816653441273,-0.0063770008775494436,0.011468006480269466,-0.0028761424127984325,0.017739926007489748,0.0019277077958423927,-0.0029117919456657093,0.0004365081753066047,0.0001608996945567931,0.0002579457260880602,-0.003529317644112462,-0.005839435747286292,-0.00958957885423839,-0.0012398944492884034,0.001443690116080143,0.013393174818125742,-0.011007161636399032,0.0017094780650790398,-0.0028330462327126327,-0.013076115991929704,0.0011241325252833168,-0.0002461502962433082,0.0020418099664161193
2021-04-30,-0.006255309672189235,-0.012069911881579687,-0.006007353573185492,-0.02199661987672563,-0.008022458158161272,0.011916251267564126,-0.00045242167799219857,-0.00826240560997249,-0.011654028659179194,-0.04088270979340314,-0.022366824793317197,-0.03371140897399372,-0.0014744758075044828,-0.0027721208074252823,-0.008321197846482553,-0.028466387133250115,-0.016753868762745983,0.03940410961717422,-0.014599432102889609,-0.016416215339644546,0.015438354271714028,-0.02555177673612663,-0.026664435162419786,0.0059200988867871285,-0.027664720306733614,-0.017710812045177438
2021-05-03,-0.016995460407044694,4.5468044724827905e-06,0.01820457371602413,0.014312614131922974,0.002224063384770991,0.004425524841687123,0.013636606642951188,-0.042861881028362414,0.009733428090854979,0.0015222477764840203,0.02304842862395451,-0.0062446668218136825,-0.0016981981317624184,-0.00014835489249420686,-0.008144093300754718,0.0005315142779065418,0.022027279369911668,-0.004160774829977232,-0.017773903461682727,-0.008203803931638665,0.007257972850609473,0.00044483060867195334,-0.002892623080925527,-0.010958811604160568,-0.009640977769060477,0.00020851346320172048
2021-05-04,-0.0034150744723118187,-0.005003901916779907,0.011637435486238967,0.01860760765059477,-0.007867740803432999,-0.022888796842479575,-0.008708259112053973,-0.019737296826489503,-0.007436406838458587,-0.018452425554491114,-0.00014545221271122788,-0.00871403516966418,-0.016752274594720062,-0.0034725961963204544,-0.006718124727751573,-0.015671556312901846,-0.013580233626251381,0.01810587276770126,-0.021668706679636607,0.00256700823017586,-0.021313693736362382,0.004198057035645686,-0.01211605255887982,-0.01108023784321388,-0.0060186721778269225,-0.00940610742344028
2021-05-05,0.024059431685904853,0.011650712458570744,-0.017914104731257208,-0.0009134599750061367,0.010370108886794238,0.01849131725329256,0.004673908395987247,-0.04708491859807662,0.00937915261328004,0.01026403048550395,-0.00539944581996854,0.019017764587268005,0.009101646885512515,-0.0007936533358187114,0.009018017654432331,0.008635122398430894,0.012576404036340527,0.013223903528931436,0.0018262285308079385,0.011095316596469562,0.05928835556609702,0.015067031403824815,0.007082349643598995,0.0179478535881048,0.01590772236696658,0.0083709591539336
2021-05-06,-0.0020216839047312307,-0.007782721041638796,0.0024750843329230943,-0.014017952269492095,0.008251132907550307,0.001453130552518056,0.017599924244015464,0.02542099455357505,0.007257299701435294,-0.0012121161173054285,-0.0019418499976593395,0.00895828101000884,0.014983273537382269,0.00027785970060234533,0.006702916378484636,-0.0002005536977119915,0.011616030256055287,-0.007650983929143207,0.0056767441323244405,0.0004220564123158521,-0.005852886073439034,0.005087588235772822,0.03344775019455737,0.044231499705070565,0.0013452440855432624,0.0073164109749706
2021-05-07,0.0013970242235705754,0.026342385388088863,-0.006330387059830689,0.0029362145587148447,0.029740648800926417,0.0012093076587951224,0.008592660746867153,-0.006456755305439432,0.00043679475932045797,0.009886475316356114,0.008870398994588635,-0.00180868703404935,-0.006646545231247858,-0.002496010817701011,0.01282386912686806,0.026759351037556778,0.005459903704332136,0.010884500643915995,0.0003883213390243334,0.007593810405310153,7.36249220929519e-05,0.006894142721280305,0.004979206600316033,0.0057584224966491515,0.0023364377552634874,0.006679247748155426
2021-05-10,-0.002092784058316921,0.00119696539413372,0.0006734965746617583,0.0003081146779084776,0.03159513037220174,0.029538112129381844,0.0034951802192093595,-0.003249456373693671,-0.002673530123042056,0.003604934247384728,0.008999618055115288,0.010130375266131697,-0.009611280609948647,-0.004413460572826433,0.0009739988620012241,0.017005524419704265,0.009092877113198838,0.021982894762562655,-0.0028729524963184705,0.00963026120228494,0.02759567412564068,0.004021489138076539,0.03996697734136134,0.020766583823465634,0.007229932044503284,0.008041422748121585
2021-05-11,-0.011045082487374902,-0.012261467172672513,-0.013242485794476178,0.00554529606446863,-0.0022546939311627323,-0.00593151959735716,-0.0008707350127551416,0.013442336691194212,-0.007276130473812925,-0.011479977511914652,-0.012659754358039343,-0.005544402435473383,-0.00664416586714589,0.00286124551934952,-0.007540733844087377,-0.005701928307610071,-0.00404346686945245,0.0368744880729579,0.0036081369758147464,0.00815596040166544,0.01417931744239298,-0.0072799433628216725,0.002223227081862733,-0.014355026781131208,-0.008152652735535004,-0.006130201191218876
2021-05-12,-0.022690237891666243,-0.009389926622634825,-0.012221774207994196,0.012254948938686727,-0.0007534036678863432,0.0010385486768453855,-0.00724442978989015,-0.01485251821760425,-0.0013223665599437773,-0.0028855662137290405,-0.030452632352241715,-0.02476026378418672,-0.0027430471234521914,-0.0016993308553889808,-0.003676544253658598,-0.021004998063825164,0.012008930504897153,-0.025402276409445812,-0.010345840698802622,0.00836402762684929,-0.007414201115199193,-0.011208738577758615,0.03311688756471054,-0.020833284999235646,-0.012773634804225886,-0.0103866808073666
2021-05-14,-0.009113282113359378,-0.010502330556602546,-0.005234786792093438,-0.010744537905551188,-0.055597315525308444,-0.01973048464641236,0.008394628022096118,-0.01543917623971669,0.004690263701456976,-0.00903906684710043,0.0205673957319632,0.0042874617370523005,-0.00798787326757533,0.0009512945310390375,0.04428045040643713,-0.02395692457886711,-0.011903109485828178,-0.01867918496427723,0.012623226592734627,-0.019717102443206125,-0.016219465352604656,-0.011691927201259888,-0.04217811218183276,-0.01802599309741404,-0.008712768316834096,-0.0012724250884564858
2021-05-17,0.03540145286047469,0.025324571907268556,0.018713670248318603,0.013767689439655673,0.03472357155568018,0.010285203425758338,0.016105324115969877,0.022764486669574202,0.012961972516502884,0.038504516737391636,-0.00025251775889245653,0.04403156385422169,0.009875432766506265,-0.002260202751343421,0.0016489693448398235,0.01625079515873873,-0.0027535905413614836,0.011509438924888649,0.011897948617754395,0.06283810475172125,-0.0062189809935288,0.005980744860168308,0.028342966680283466,0.002708272284884572,0.04009060011648624,0.01671576048197254
2021-05-18,0.003383776191142829,0.013107517169478111,0.04763246203305749,-0.011770013864614959,0.010221669722521254,-0.006637923197860052,0.0001606687165327525,0.003202623930183668,0.010247781895708075,0.025308156164232987,-0.0008417127466211483,0.015394619337919524,0.007973451878172444,-0.0001255620620164155,-0.011994315717760662,0.05858948274227549,0.013880957835802565,0.016192433361178926,0.014079172078624191,-0.0022186369901557867,0.005311850270027563,0.006205470557852477,0.03534712188334055,0.016506608077631713,0.013842209205614964,0.012393443335275034
2021-05-19,0.0072367035204568,-0.015938783930137035,-0.010116387273439775,-0.032524008595155696,0.012027674515975972,0.004285460200698754,0.007227754388629659,0.02238625013570461,-0.00021461859955973495,-0.012528039308440042,-0.006107162878498218,-0.012239426142038545,-0.0022387525572641342,-0.001931253739480776,-0.01094974073747812,-0.01617147411453812,-0.005168080666994923,-0.010335966264388707,0.004577584766063403,0.005624635721246163,0.01823966827693435,-0.0022012755541033213,-0.05414354135692501,0.007085988381551722,-0.006992373244090633,-0.005159432408138875
2021-05-20,-0.015206303910781704,0.001137022202831517,-0.007538416835608297,-0.02067552652575244,0.008677493185273333,-0.00028643458164523405,0.0002657736602469374,0.00593266160973327,-0.007515615293661626,-0.01741859099494869,-0.00661099354697936,-0.010952176246594614,0.0017203411480151143,0.0012950363685815258,-0.00361008474207003,0.023509191363789705,-0.005615568306129193,-0.026979847103948296,-0.0058336899641382445,0.00039012788994852166,-0.02352848051224654,-0.007138360549149847,-0.02146600274845012,-0.006645074695630915,-0.010409574698164059,-0.00825677606093067
2021-05-21,0.03541573004027798,0.003317546812635852,0.007694053301089854,0.024657576354655486,0.003927355799914656,-0.003790747218960666,-0.00271022293756773,0.012881693694335228,0.006761296159414565,0.045016786315511315,0.007721481189958412,0.038554789739023265,0.011349179846325885,-0.0027450978757739275,0.009903355304400119,0.019545498190719046,0.011398272915358998,0.0084973133844084,0.008638038852341934,0.043297464728602186,0.005168517154628072,0.006699555212874131,0.017549499888067643,0.008755432705963129,0.03816900969421155,0.01806313567497475
2021-05-24,0.014023818563212442,-0.008730580924941611,-0.005122746546440182,0.03884871263870715,0.032228066946228484,0.010677846437966654,0.00420952982341638,0.03608502897989063,0.002310133681445503,0.008448482039024263,-0.010879395370413047,0.007626930691578604,-0.004762062642182818,-0.0015351380809321968,0.011719760435178417,-0.010928689115431989,0.008356955900622909,0.0026607431387173364,-0.008439201513184114,0.02704382516795234,0.0007965980773434467,0.00032451614752648794,-0.0039922811628839705,0.004291044253365239,0.009729364620962189,0.001476108604989923
2021-05-25,-0.012952950432886357,0.018720709826365978,0.002810820512086032,0.0003027500702874608,0.00703856962863858,0.007406590780178801,0.007163323875032379,-0.0069139138945750744,0.008362029071059762,-0.02053052221539864,0.0032098808225862197,0.004557033103666397,0.010051533986810357,-0.001003931069259889,-0.002836936131603962,0.0015432252729776774,0.005850226445039297,0.013710630782512556,-0.011331192795632772,0.0007280613303830563,0.0074533459846388705,0.015489792446847783,0.01090264323304857,0.005146690943486076,-0.008058726562686913,0.0007073438653115716
2021-05-26,0.004852733535233522,0.046638249777993135,0.027141930889031718,0.0021189555062068877,0.04372761435585959,-0.004895119249202939,0.0016859350315305832,0.004132549183792467,0.005528376625686615,-0.001284541826669705,0.004244752466094681,0.0033831880254793223,0.02618248981486282,-0.0004352225904301621,-0.001422409074071762,0.01226501778329947,0.01772331535927596,-0.01090740106219723,0.0035146691266525476,0.002909963264142723,0.011061608509833398,0.014290247024440594,0.0007930306309944513,0.01874201782842344,0.0006404557276948886,0.006115021504864648
2021-05-27,0.02074553110306865,-0.0014781667277041777,-0.0154129676149094,0.009666204478147034,-0.02678587130664778,-0.003093560368320092,-0.0029454044666445967,0.009714140546556393,-0.0035950952856781404,0.003791261029794324,-0.011724925206834769,-0.0003831923580773777,0.0035786427944479726,-0.0018185659296692247,0.002611417200833799,0.009011277184770128,-0.009297304304055842,-0.013233386858133467,0.0030709397516326398,0.02817091074410749,-0.006109580546541538,0.0068069868680993295,0.009825847245382047,0.025889281504670514,0.011845521346197874,0.002378821196545866
2021-05-28,-0.013993496214353973,-0.01477017883528109,-0.012574170549262242,-0.007928179377626243,0.010232914714266128,-0.014101752087630315,0.0035870913136444305,-0.001321955597065383,0.00015933971162396254,0.014028867660626165,-0.002020260474690283,-0.014105108715070092,0.0019965139302864365,0.00014445693745002153,0.00828798801246089,0.020818141515518418,0.00015794017072745525,0.0044701927813739495,0.06006788377707206,-0.007408300153192715,-0.042530496477889645,-0.011446361510663916,0.00047075618899850014,-0.004067575513511668,0.0013219832219326655,0.006376433707514062
2021-05-31,0.014665066268457316,0.007948251219559221,0.0030655536399259997,0.0,0.007509774311013295,0.022061375166068098,0.0,0.00724344265171184,0.0028114811456143585,0.008247661460462297,0.007903802416952876,0.030635424338322004,0.002662024608754976,-0.0039830136460597965,0.017379088413597588,-0.04480697294763469,0.016685711484519805,0.011571093077922923,0.03126782522966698,0.005449469333103085,-0.0021648308818871254,0.0049467053890248636,0.0,0.0006498136018551204,0.010961409303091862,0.009533088035724946
2021-06-01,-0.007393073619106572,0.0019990078598532968,0.027869584367341105,0.02110979391316503,-0.003986884227229148,0.0013845720293528263,0.00021026250410649538,-0.006278720678422833,0.005818968048977968,-0.0027375634673948435,0.0077990740497733135,-0.019087218049155807,-0.00469982302632721,0.0012942680293033249,-0.006232720003343406,-0.002042289957323362,0.0006844692574836664,0.034755812393199026,0.00398108449654333,0.019323682996766456,0.004114896546986824,-0.0019468853445279155,-0.002039278442730663,0.006956696028323828,-0.005332546942642291,-0.0005101904286871628
2021-06-02,-0.010937402893630876,-0.0005326539321732771,0.004123047919147638,0.016391030572105336,0.012530358328542768,-0.0007805950333769074,0.0024173501113669005,0.021710370861282913,-0.0073105242772442125,-0.0050937560150147165,0.00021208668966687938,-0.0026919555167566056,-0.006163464569474919,0.005074075033033143,-0.02903609426631326,-0.00012396041829987325,0.01319252750952793,0.0012755051164241582,0.014915290209732257,0.010865868654165611,0.009537135482970971,-0.007469087608780733,0.015403981543110179,0.00036855243276923133,0.0010343549094218307,8.67158252806366e-05
2021-06-03,0.018521109300769334,-0.0003171114563917943,0.015984882318620164,-0.0002906330368847021,0.0232038090820208,-0.005609641338389149,-0.019030169765727356,0.01146946968366569,-0.004556295071328931,0.011004039439873825,0.0018865459700192488,0.002930667693221478,0.007979118149261,0.0015112180002390119,0.00023936648497135948,-0.00514756125755067,0.0034516785769178604,0.04033968960344603,0.003816041454581587,0.014772117807633878,-0.002878309063655493,0.003770432476066121,0.008204273880011437,-0.007274506152182725,0.007781173476007819,0.0073284506253876724
2021-06-04,-0.011456868131374254,0.028409850811920823,0.015580733685031989,0.011771620647109238,-0.0023516358542043925,-0.0052151547553334066,0.009940197809753748,0.0016706435797293473,-0.0030868103501091593,-0.012890061193908453,-0.008970802648015752,-0.011611003348998561,-0.0028786210697069325,0.0010839967284566043,-0.001434996791406351,0.003179352290096027,0.0007213070946754385,0.024081593753510155,-0.008666595675147715,-0.013760995190412961,-0.0022945031482672906,0.0007959421921990284,0.028558291562178706,0.003988571005004937,-0.01002417478428208,-0.001281017305247989
2021-06-07,0.012195954591653457,-0.026909208493732018,-0.0439979460721559,-0.005601829564242378,0.005724747146761411,-0.006812849513750385,0.0037040955757943195,-0.0036551301756525545,0.013933818435327483,-0.0007329286412749436,-0.0011742840159619794,0.008557787791854565,0.0028869314514097244,-0.0018413317082458525,0.012934008284604337,-0.0009321494662819507,0.008448030930086503,-0.0023912984952741967,0.01684552419107921,-0.0031134309093018286,0.0020773098898934084,0.01254880866233865,0.031497303798249776,0.013026546937558336,0.004307018041947108,0.0051945814919991395
2021-06-08,-0.006324084397670959,-0.008069499288557713,0.004476459499437091,0.01184457106836323,0.019420887568567746,0.010643683995763986,-0.002425188495272401,0.0024219261294180505,0.018534247420896044,-0.011200973412832216,0.008421449899951083,-0.008947976131792545,0.01676654062403804,-0.001375619740446754,0.010404340185100835,0.0049761022912653274,0.008397840617911934,-0.002796577241328313,-0.005746623295711073,-0.011683060430668912,0.005034328559125889,0.005324832948629288,0.020984050667226306,0.0042863460248359075,-0.010110355807685045,-0.0007333060957773752
2021-06-09,-0.01286254204481796,-0.014851173094897474,-0.014056311953311473,-0.001284853152949239,-0.02167854752627696,-0.009848877611635776,0.0005284853745930462,-0.0026292832631702456,0.004238951638277921,-0.001854481218309223,-0.0012719151850393295,-0.009807001250665581,0.0016634582851382529,0.002278568130811287,-0.005382525727379184,-0.004208727802364032,-0.013323286086538655,-0.0060096743135892305,-0.017881323724166176,-0.013459736292159019,-0.008692462027194758,3.124465595361059e-05,-0.02664775548236531,-0.011623570717528398,-0.00811747576998778,-0.006654976944212576
2021-06-10,0.010179864108076142,0.0375686727332436,0.07258797422470509,0.004717007366684234,0.053046761603841475,0.013259160207677034,0.0005282062253282316,0.025258246604401124,-0.0028312254609499377,0.0005068521059188313,0.009677636734268358,0.006760056172564255,0.006358969544701054,0.00013695738607522046,0.013419258222244324,0.0031076638483196195,-0.005401334062553054,-0.0008060953005811777,0.0036781225571227427,0.025625820933199872,0.004755954426849396,0.005171577087663026,0.004077464248403384,0.018467203167535695,0.009502713264960772,0.0065492869160790335
2021-06-11,-0.007792985702997246,-0.0071374917975560725,0.005520428779567599,0.008820639330011204,-0.011477776330973022,0.03041348469690197,-0.00886914116295856,-0.011953109889352054,0.015280960179257175,0.0035784542977497225,-0.005170792289617587,-0.007339118240543452,0.015867328859910934,0.00036994337117191023,-0.006688928838085806,0.002540503444300901,0.0033194635227793423,-0.003227150652364008,0.01734563669356448,-0.006130768371678141,0.007765786090287108,0.01771946016564674,0.01740384412691931,9.04155153507169e-05,-0.0023852830305325368,0.003914130633349666
2021-06-14,-0.00297919109732947,0.0015661586334623223,0.012115962991493534,-0.0004231618550520899,-0.03499428145049954,0.001531176760426023,-0.007137543538833557,-0.008123838695174967,0.0008641460946126056,-0.004642260453305291,0.006427022027846618,-0.0008653221738406103,0.010297723448539076,0.0030035941979555947,-0.002886054536382354,-0.0019160125458225208,-0.006360880170240835,0.010117433196786818,0.014346051578172814,0.001745823450739703,-0.006164886823409654,0.0007787715747342716,0.014825474874863964,0.013169757924700765,-0.0027619167568543324,0.0007911718082738162
2021-06-15,0.019898183059051888,-0.010686512670873505,-0.005327540290295141,0.017494434836540007,0.03208556435764098,-0.009246596010380248,-0.005096566523605128,0.015706998460265353,0.0012700805732546172,0.007299958459768607,0.011566219585441129,0.015980443854684,0.008277603605232553,-0.0006936419557327378,-0.0012061123778521754,0.0014241549229465633,-0.0016160819329094078,0.004407005403787023,0.002271810460953372,-0.0019751929900533316,-0.00575968833474394,-0.004150875401870202,-0.009130512952450043,-0.006588308919410535,0.008501941937466784,0.003630213545097627
2021-06-16,-0.001465102006992125,0.004869038979191442,-0.012911744831125116,0.0004159564358627854,-0.008743507875956569,-0.0008778580170670791,0.0026961445133459883,-0.015149906237416855,-0.006139226888947635,-0.003791350284916062,0.006668277012059853,-0.008058326294514084,0.004545711290088628,0.0022396896398795274,0.003863808472955199,-0.0030296709145595235,-0.007256316066791779,0.01076971769167856,-0.017066589044980707,-0.008265328157016971,-0.006907408351847,0.0035552732553587596,-0.009498142229670825,-0.004750130693865873,-0.006929490135503369,-0.006408632752808119
2021-06-17,-0.014937237278630944,-0.0031711874204298773,-0.005154715691220502,-0.01538462351873171,-0.030055665882573357,-0.02212336828075434,-0.04608763171383434,-0.013185391360602705,0.007147123134862543,-0.012461110048238688,0.004070001774758358,-0.011091832743748031,0.009928540934429853,0.00653616391307299,-0.01058452990655312,-0.0005582463190307863,-0.02036740619012456,-0.0126281787747905,0.0018311644669275484,-0.013381907282270178,-0.005235077945786815,0.013254527634609214,-0.010591237622417427,0.006213475494533549,-0.011373213439169194,-0.0048295020472909345
2021-06-18,-0.003114033088075563,0.015297994527024406,0.006082384079033165,0.008445924357947998,-0.006904554535114182,-0.0004916971699356898,-0.0033262060275397465,-0.003555965348635004,-0.011303691673977045,0.009344489077468987,0.026967634961518883,-0.004107404154956584,0.005350091705145887,0.0058219735865217,-0.005348927453492913,-0.029974054047981702,-0.001435028805050531,-0.038769107500615796,0.004513405038613527,-0.017489580850055253,0.005187608016758993,-0.006163772154531455,-0.02386808093451731,-0.01592977547339125,-0.0013696992587888257,-0.000513069646403852
2021-06-21,0.004413984164271634,0.013088195540949643,0.004755950370775253,0.02819659812494102,0.026284617331907345,-0.00035956774379264367,0.007862449359187895,0.023430243956273022,0.006921406543817454,0.006014250656841691,0.012667013112688918,0.0013482657432184464,-0.0019957009361130096,-0.0014814119176906893,-0.0004886658049803039,-0.006013618283556954,-0.008542469789921903,0.005821327756832861,0.005211897498097917,0.016589982018261562,0.00426321954392872,-0.007339451735557945,-0.009187977530843883,-0.013914123190816974,0.00906593328958838,0.004026588209654625
2021-06-22,-0.0002706287669173024,-0.0020360208378619182,-0.01621975011734167,-0.008145615988127686,-0.019167268343237676,0.004988659492084935,-0.0030867661069026164,-0.01246830993186887,-0.001934887181193612,-0.0032913935352423263,-0.009585220740911393,-0.0006337067256486639,0.007698523538835822,-0.00011730580666835522,0.003179207653984273,-0.0021239665095370563,0.05297191962717607,0.009094573445924237,-0.0051401803857810124,-0.0026206169720159878,-0.006777522948958947,0.00858510068069318,0.010768859418811783,0.026560811067709134,-0.003621842132177533,0.0016670371193598932
2021-06-23,-0.009467519241164846,0.012413745768981688,-0.00019932348795470567,0.00027380609265548195,-0.012634844139844503,-0.0016955277530131818,0.003377807709884495,0.002425296085787787,-0.007346094050503904,0.0011457838430262157,-0.003915416734204591,-0.009748788702336086,-0.005754580024585065,0.00265728823637712,-0.005606853738793771,0.008707433067779657,0.023026902658352055,0.010651644002767524,-0.009165426688211298,0.00047765531009424933,-0.0023244404787227113,-0.012056262101438509,-0.00784249995874664,-0.029466978019402235,-0.0049216284411122135,-0.005439749231269109
2021-06-24,0.009285055500445338,0.004152445836557606,0.0046545529277057796,0.0030104161903514726,-0.009554634751478108,-0.0040947168345130125,-0.0037592285578361695,-0.015477131170299252,0.01726778829316089,0.01396817383917659,0.0038904474723040483,0.014967369185395096,0.03728835051983759,-0.0011475058170744568,-0.003432623108035604,0.012596606406090727,0.012747677565789095,-0.010944590349405203,-0.02351103902246232,-0.003939213011254994,-0.0006763318920447459,0.034402628252260925,-0.001789692533364251,0.016476712594131193,0.0073176097051117495,0.006597840798329813
2021-06-25,0.030034558488239327,0.012433920349479433,0.005327890024018123,0.010231923175643143,0.01257536429706807,0.005996909760280333,0.0005631899153806241,0.01264867653942714,0.006011892055505896,0.0058756756300712976,-0.01666556890875881,0.023578461802504558,0.009620309464299037,-0.0007623547400297248,0.008856249416605566,0.0030943609440012843,0.016147650268980573,-0.009016385458744836,-0.02277688928671262,0.027804370870162964,0.011206197141526042,0.002134120480543622,0.01494087516309417,-0.00282315896988683,0.015437758142798463,0.0044266891189239654
2021-06-28,0.0013790915445930363,-0.008705389561083465,-0.006377806870626612,-0.01539499449921189,-0.001190875119509549,0.017883662716236648,0.0016886187331002223,0.0006779785069257471,-0.010395199503181352,-0.004455249276143047,0.004716668770720522,0.002002973622071913,-0.0015244935263557524,0.0003059355297687638,-0.007071589053397553,-0.0009443777615235627,-0.006896366143203547,0.011993219401973843,-0.00876705974323233,-0.004780814871875871,0.00602475261491997,-0.01302930103562927,0.00927439808316266,-0.0001824502395956218,-0.00014701910751335756,-0.0028782098242977616
2021-06-29,-0.013706675424229986,-0.006301670787090097,0.0025427411780039044,0.0009600835455807477,-0.021631622171038867,0.005338439745192325,-0.009440282641204889,0.002888730338361567,-0.0017254087851188427,0.00013323766394246483,0.013149586954851245,-0.015685067195993607,-0.005566659925576922,0.0009756101572839793,-0.0014733137843310207,-0.014996900699184024,-0.01431629223469122,-0.024110949113562485,0.0008628894671345311,-0.01230230078494532,0.0019221666532462933,0.0012285034061552125,-0.003646483124426947,-0.008768852563069696,-0.009874265265887416,-0.0041891404314852165
2021-06-30,-0.004854041856332647,-0.01551635020719,-0.006038894161753183,0.006714138684990489,-0.021239617180259573,-0.0018496717897111825,0.0045382345010247516,-0.005867423516435988,-0.00010159778060681024,-0.0027628802770696126,-0.008525317390722376,-0.014372546473712444,0.011355787444378374,2.9578700706300864e-05,-0.0029513565688082943,-0.00498963246964268,0.003792953179422076,-0.014237913928402013,0.010944478266729174,-0.005456686104608699,-0.0031730479649169085,0.001466763574117902,-0.00570935100200709,0.0056210803010239285,-0.006800867567237967,-0.0017112919035373597
2021-07-01,-0.0024721795779442113,-0.024163749966124026,-0.008095290200553329,0.023955384605798935,-0.0030237703464868204,0.02497669454282958,0.0028800403463464797,-0.008584996351692409,0.002033467697186264,-0.007443798783608568,0.0027109544236005867,-7.938336374846422e-05,-0.012904845713975654,0.0011227249722296495,0.0014799508250964433,0.0022500809478820383,0.00911398658726803,0.009770534191555935,-0.006017058537492348,0.0028624900161429156,0.012880323201724941,-0.0012702368496307903,0.013692683805135442,-0.011545948191157618,-0.002536515989296273,-0.002639697229908089
2021-07-02,0.005626560805074954,-0.005585346927981516,0.005128138858876419,-0.0009304757636671157,0.012845458759776385,0.0030944275331870053,0.0037727074045654785,0.001876195524764368,-0.0008624910439812838,-0.004271022848511441,0.0037531842432021456,0.014900643379098577,0.00474236906479697,0.0023395673923847227,-0.002955432151882764,0.004041335017416436,-0.001390980621662874,-0.0033655442572622096,0.014823937955543931,0.00951484820714632,-0.004238812068806275,-0.00480318360106935,0.0018881298960575776,-0.0013905406811661747,0.003629800244419279,0.002691338986766656
2021-07-05,0.012922049662389634,0.014693149029305852,0.012496186139991039,0.0,0.034701572900422084,-0.006779532310261072,0.0,0.03975798343678716,-0.004976051023643402,0.010166074461453123,0.004723768515646043,0.011870280029273816,0.007111847172567964,-0.0008478356140493304,0.006175696512020767,0.01169189672879356,0.0033801806404625268,0.02110592572664971,0.00993401858604459,0.01943927872564366,-0.001541358464183351,-0.001338210291108144,0.0034792370164371533,-0.004177554988077592,0.011551379551419938,0.007133188273225066
2021-07-06,-0.002630319012698612,0.014064968151427104,0.021357993300250566,-0.023815870520370153,-0.009533596881019402,0.00027984004823555786,0.006114677753476183,-0.006823216388226694,-0.007859472674831114,0.02624640642110343,-0.010623896340672179,0.003781630067426489,-0.0106084608673368,-0.002201797535420824,-0.005647061152103672,-0.012440853299852672,-0.011119280153992661,0.004547286722962118,-0.011812891233395018,-0.0067030416377728,-0.01021748064845307,-0.017675409426195277,-0.08436859204573754,-0.0069915926479927615,0.010426809265903225,-0.0010167521731027085
2021-07-07,0.005999866220292249,0.02343529410811529,-0.0006128254883651651,-0.015946650600259793,0.013750421682385383,0.004088984149007713,0.004460551993309192,0.03372276661892859,0.0033949730620659313,0.003127642350778004,0.0037005815568804667,0.0056898270671481566,0.0015362937281642175,0.005989128612584604,0.006173031493896586,-0.003836763224753015,-0.008722650220890804,-0.013168643711973238,-0.006941769693679434,0.0072135936205630635,0.010174551302497559,0.0038777121170430195,0.0006311409595260997,-0.0008446850298992059,0.005400763886784565,0.0038816171589777237
2021-07-08,-0.011141690858399333,-0.0030112234621707534,-0.011440355480758169,0.010249383995051264,-0.023906270384343897,-0.01714297435476675,-0.0010546902104149325,-0.018521044267471587,0.0014865965079231547,-0.012374290251331854,-0.013740720427034114,-0.018501481038993517,-0.0024606236613656796,0.0007891361474665626,-0.008589032327403823,-0.003402416984329082,-0.00647024371050986,-0.023769712425688705,-0.008270036017711702,-0.019406317115157612,-0.019409126257023845,-0.005022912458438,-0.033901071067582444,-0.002161210820481263,-0.013899440525733109,-0.0095562557277451
2021-07-09,-0.009345233608887615,0.04222917159010975,0.0029994867172091766,0.02220996795947272,0.043425197235632096,0.0034089749654488966,0.005779075658564725,0.017736234301071185,5.1345844965133836e-05,-0.012134594399773047,0.0015931635713930525,-0.005219015127639004,0.001377698790432147,-0.0013432165575479882,-0.003217863931997189,-0.006054594877584751,0.003310246245277426,0.0072618833145443595,-0.010226449526772319,-0.001649106251378929,0.0014996163469460644,-0.01545217857237624,-0.0001632957061307172,-0.009792850776631723,-0.005730855757959619,-0.0024224839292732447
2021-07-12,0.008362912449754845,0.004212632469125399,0.00218367492865168,-0.006169515819942961,0.035292268410373584,0.006226744171266896,-0.0024861878453038555,0.022661987988572108,0.0026614958488164753,-0.009986443074373796,-0.0029775019069632203,0.012058648655597803,-0.009629457651720186,-0.003090092050313409,-0.001241465107843065,0.0016849031654109226,0.005979073140065738,0.005513064883369889,0.006228349658132792,0.008731609108347138,0.0009731226020888162,-0.004690990483606994,0.003754573819106044,9.49900107998225e-05,0.003619610138428042,0.00017844744498685117
2021-07-13,0.022757461887221497,3.859724157750932e-05,0.0007724121926928618,0.015519589062886974,0.010451757315504517,-0.01041079813554402,0.002160079985634278,9.916531806419826e-05,-0.011741191888916092,0.009986383520146802,-0.0030482700125374906,0.028936229631464805,-0.0018736097556647513,0.0006873475910931237,0.003729410236475106,0.010739544056230788,-0.0053210296949497415,0.01560519559449114,0.007485214630338577,0.003860036242522291,0.021613978492865726,-0.001738039270478664,0.01138399497907261,-0.001901652808972254,0.013480581607897113,0.007630985495128417
2021-07-14,-0.0009081815121556591,0.006336531059338624,-0.0033146696710776302,-0.028172793974512,-0.0076384222735550455,-0.008506400514023182,0.00823478734001215,-0.008519675842572516,0.022211827949185636,-0.0017977530432081723,-0.0089667973571107,-0.0009023851621809964,0.020680145474602174,0.0015749723909017632,0.0111468522539242,0.006400716925318628,-0.013942855021745748,0.003322130277513713,-0.006524721153241986,0.00454438338704044,0.004319186193515234,0.008470374630352717,-0.004502423928790522,0.07021068029020894,-0.0001443231507035625,0.0026308921169333477
2021-07-15,0.0053243662479594,-0.0024824675259813578,-0.0006847915860124232,-0.020237874786326326,0.034637629877638965,0.0005194162547794701,0.0022474239303842403,0.03500418332096866,0.05083626807603525,0.014374861377744796,-0.0010355484647045499,0.004666390664881392,0.0024732490566332643,-0.0025449333406092345,0.010534131531848123,0.0032159415173314,-0.0026957125367382817,-0.03228472820980821,-0.0017497462916327144,0.0015079933943635826,-0.004300611053628667,-0.0014343204764362127,0.0022613937175817167,0.02528032648877887,0.006711776169136874,0.004431072328003882
2021-07-16,-0.003875225196459109,-0.016455818890391383,-0.0006934296544666152,0.0022330220419752855,0.02541849894205761,0.002391841046154086,-0.007602288464482521,0.015445985036193877,-0.03342147275702867,0.001085027690122864,0.0020934421079981114,-0.010712643401990074,-0.016036146405995044,0.0009118091995197197,0.008000096965177894,-0.00012828759504857068,-0.00047203716748689395,-0.0008554880575418755,0.014430794842088757,-0.003937955009924665,0.008199139495132624,-0.00254442075337602,0.0032232445160720324,0.003212184349169478,-0.004340177395068978,-5.0225736783704455e-05
2021-07-19,-0.02068342033417614,-0.0019300806551842964,-0.017965965569107012,-0.07505917801000395,0.0013603038395710865,0.002367345338339266,-0.003196499767497918,-0.005609118940515523,-0.00477608283343689,-0.03373075989750496,-0.0036197161302828906,-0.006663515776553108,-0.008840034286804799,0.0012717874852836708,-0.0007215602404927468,-0.005129456741775451,-0.01889498324931571,-0.018835602531963924,-0.006367154523638563,-0.004883696247220848,0.0009439629600511701,-0.00319255378087846,-0.007710771590432319,-0.006836562622481113,-0.01881308144188021,-0.010738912280361723
2021-07-20,-0.012513305849603196,-0.009743550115109745,-0.012226848414819469,0.015055706527669743,-0.02671700847887526,-0.013894603311205955,0.001216383757163264,-0.014691333991608158,-0.022995371896132988,-0.018932736377208936,0.010898266595374073,-0.021344720806646955,0.00541625352419195,0.004845157076586171,-0.004572870415282981,-0.020108247031463744,0.00937131178473094,-0.01745196904166757,-0.0024537279226765074,-0.01635895725437786,-0.018570883809334804,0.006656806169752949,-0.021693547029325688,-0.009933941021439074,-0.01892146597208455,-0.0076369809214345
2021-07-22,0.0013409071599244093,0.037107374070201926,0.04269707684195034,0.06659753211373154,0.02512412450662671,0.007569156763516327,-0.003258061921983524,0.0060806502022956455,0.0014326118227963036,0.003845700509361505,-0.02330678663165986,0.02188807932450909,0.025902250873402588,-0.007376645995970321,0.0009671666552497626,-0.002302075846057461,0.009242756867770208,0.02575490625187471,0.012847498395148982,0.0027321925762198163,0.016039533927290073,0.003291270562989279,0.001323799022240335,0.028340382389747676,0.007608521571401017,0.012279233123449584
2021-07-23,0.011583647446422818,0.010455887371581873,-0.0023644855781533858,0.002224948193114251,0.01104377396541345,0.0069923834179952404,-0.0019944463079986097,0.004018540460804854,0.01573672650524749,-0.004107039468530416,-0.008430932699430072,0.03155735665190629,0.0001571466885454953,0.00015855241135986908,0.02608686371773472,0.007581235865944169,-0.0007809990316288706,-0.0017315346888147065,-0.007073002585455068,0.016230313063036572,0.009748318653807875,-0.0010883940979261597,-0.023136632184751815,0.025590284834785537,0.010297741899945478,0.002022238326785386
2021-07-26,0.0011913427899685747,0.02453178045141491,-0.002985067372113903,-0.002220008788571315,-0.0005983800156590391,-0.0020105152343830035,-0.0014988748782024386,-0.013095999098869937,0.0063379465600272855,-0.0056836233854041796,-0.003986247761377015,0.00014774996830579923,0.008456741221039676,-4.1706917599526605e-05,-0.005885122281678923,-0.012954702919812933,-0.00795867367808245,-0.006504834303967089,-0.013700936682390141,-0.013056746263000352,0.013544645226976959,-0.0047620138965186465,-0.008120378657063831,-0.014520539818012934,-0.0024176296636904127,-0.0019929055322251976
2021-07-27,-0.032526757298976916,0.020909381456708065,0.01119699652923778,-0.00361566017229209,0.009132987278512639,-0.10494792829601785,0.0004447928225070896,-0.005418195742568743,-0.0023132168393487085,0.003624786948402736,-0.0026825315761161983,0.0010342850592686137,-0.0008415010491237274,-0.0021410785592292925,-0.011839740407514898,-0.011600157610330397,0.0006150000707592085,0.0008730384276136594,-0.01052085233295752,0.015710057031041114,-0.02146721341294311,-0.004566209644324859,-0.005969602535131013,0.0016935964265862857,-0.004356311303239657,-0.004929081202650898
2021-07-28,-0.012026698351580878,0.011783108457474212,0.0049024108073207895,0.010327953217171393,-0.014688433175858773,-0.023041969014579444,0.0,0.0059369935083439795,-0.00897165056209337,-0.015592905410149793,0.008111525547878307,0.011218556600701923,0.0019031491998657835,0.0028644570199480857,0.0021565281485018684,-0.022600698413939746,-0.010386317125234634,-0.0026166488510883656,-0.008588761210561846,-0.010350098661417229,-0.0007262622695121124,0.004665562436465542,-0.023850352365900718,0.00084547947520619,-0.007602567702019392,-0.002352898858342667
2021-07-29,-0.00781585550844932,0.04498758545270043,0.02205377738480796,0.016991343656641567,0.024092647136504608,-0.012489985257151726,0.01761597731140596,0.014398323001254987,0.024921300893800735,0.0006702195111558673,-0.01128580131591006,0.006515015944524416,0.007100055368525426,-0.0015072965996990595,-0.014586199782726017,0.003773813010131466,-0.023942684351344168,0.003498170149355273,0.007804278423062971,0.03772027288744195,0.02209937366116388,-0.000625484636341378,0.02970648554067057,-0.0025340699782577802,0.0045928206889367384,0.004395444954646832
2021-07-30,-0.011641638466630688,-0.025813443457812002,-0.02687453400210149,0.004482398659995557,-0.0070575753231753025,0.008249977484164894,-0.010157260857305395,0.024487683889570677,0.01721907501206199,0.005781807275114348,-0.0006209550254078211,-0.007272848429393908,-0.004019742912231283,-0.0018550946284918712,-0.005338355085775182,0.015927122273944105,-0.002259304196702061,0.0047928871744802315,-0.008742244375658736,-0.022081248112988172,0.10092456313653275,-0.008870960649919213,0.0035848611058826307,-0.005589117166182933,-0.0030886436215342705,-0.000976039499086867
2021-08-02,0.017280254202260314,-0.006823797524750819,-0.004431707703863252,-0.036375861028019485,0.042055297811039116,-0.0020481458578230916,0.00303431538898824,0.03454301426124329,0.0101956171365305,-0.0026639559201301344,-0.00021418857221233711,-0.0016116352347437246,0.01307057184589433,0.0017117126188741505,0.011466052819070427,0.019647477082689546,0.01422404854676218,0.015611475760494598,0.01827743091148748,0.007179268547647499,0.0013566590184470595,0.016401124149607593,0.00986556623478041,0.008686047541111686,0.0036331431296423577,0.007746000136419795
2021-08-03,0.024197495204185016,0.012024732928640702,0.021191912193124773,-0.009823246655234374,0.009379000325302256,0.0042857982550030815,-0.00440019806799774,0.0011160561507288502,0.003911332494733077,0.008470114458775768,0.023169393942472194,0.01320806073590397,0.014495339409323238,-0.0006331920438747973,0.012542185187328414,0.017355106155544142,0.017302590655114747,0.006831858637105226,0.0073581807750970896,0.02667276163801091,0.02554838476318766,0.020345548623934562,0.023075535032337724,0.012072762849691054,0.014331523262714363,0.015460955882416139
2021-08-04,0.02057937558064249,-0.007541204552829139,0.004303603898815789,-0.034155273754276405,-0.013233737907082932,0.009975158480688862,0.0002209957568410914,-0.013377152201286102,0.00048113386081571896,0.02132848102911611,-0.004084812569148277,0.035124523696172805,-0.0035947072375014377,-0.0015820842456268913,-0.006193505977327818,-0.005967360647134212,-0.013403998513621063,-0.004665098283581526,0.007663836112378419,0.023404265493568,-0.011386471277875176,-0.003333420029746015,-0.018274495663114343,-0.0043377576313455846,0.023307661531640544,0.007938242467802281
2021-08-05,-0.005969683861608566,-0.013554419074383373,-0.017439371209008847,0.01379302701342966,0.0017118275382388415,0.0028309309604510613,-0.0029826149760081577,-0.019940820973030404,0.02038583237173297,0.013341948374384405,-0.008161129809243217,-0.017071185788164578,0.0026072007349111637,-0.00040966627362004626,0.03187929018071922,-0.009004859148113886,-0.004300137218692046,-0.004260948520948382,0.014497886536268378,-0.03304526401349106,0.0005091156410930164,0.0030543376986187365,0.005198764324259919,0.006870132517884375,-0.0053653478222119855,0.0022018725316477195
2021-08-06,-0.011277200250424335,0.0007681133837174059,-0.003833208835352986,-0.011723803756369944,-0.02350075584480471,0.0008365120041879948,-0.024984752199831872,-0.013772022321481447,-0.0105549221468626,0.005253213186261707,0.005852999458946462,-0.006833253722844157,-0.002025836385381008,-0.0013749242166742892,-0.004645724145791563,-0.0014486798003420231,0.010423266441387913,-0.0017113516118364425,-0.02117837166899106,-0.014031873867240363,-0.0012085957014296156,0.007871773136561178,0.0011675970547413428,-0.004826194506213022,-0.0007116080740046105,-0.003461233501561467
2021-08-09,0.019774552728897943,0.016939629586929517,-0.0050045789161901055,-0.026361972093488895,-0.0016043723932916976,0.0067274332017077665,-0.020795440673828103,-0.012416320106821366,0.000571786975170463,0.007536747115090892,0.00548200667469434,0.007453442135095134,0.00793846608033899,0.005526321318185312,-0.0021004329305046587,0.022024443480648026,-0.0026827886975365756,-0.014144909477708634,-0.005696483426030907,-0.0051645830338763465,0.004585005235560935,0.0038972068701295104,-0.0064988050550576215,-0.002006746287714911,0.006135336068997521,0.0012347307242392969
2021-08-10,0.008007944049367222,-0.014491484283623013,-0.0037217810500038695,0.027226195354952187,-0.02337480374872203,-0.010117305566289203,0.0031333551918095726,-0.00911733974023421,0.012516951378354735,0.002493716701292392,-0.001132475516442133,-0.0027742494043895283,0.008386743197351887,-0.0003382926025148336,-0.018475256136498808,0.014646017790372223,-0.01126831910509618,-0.0013043425451884083,0.005247535100724843,-0.016036044246898085,0.005768125229294041,0.0033708616906342748,-0.013082841745132634,0.011813004941528815,0.00014300732145433592,0.0013439090538649445
2021-08-11,-0.0009847952351600409,0.012089862738050794,-0.0003727974896070574,0.014057681528810484,-0.008077771677985734,-0.005220312477988043,0.012494201166051155,-0.0017433977088402441,0.003055261158303013,-0.008423888920709888,0.0036318981919321036,-0.010486649635076173,0.00017890583995949783,-0.00041227674916910484,-0.005718196462680347,-0.009665459547972821,0.0027920073549976276,0.018719933258231958,0.014008431455171166,0.0037518974036501174,-0.017394527674688853,0.0030895299412962984,0.004248859553071638,-0.004305570109333856,-0.006319174236172009,0.00013208706805212245
2021-08-12,-0.004534749400816773,0.009467699966254406,0.005139623373692448,-0.0023105221965252776,0.007540384470020811,-0.005995945391772617,-0.0007998311211925291,0.007115174119011414,0.027696129311467033,0.004314609525961854,0.0007737847474962312,0.01124662326378334,0.007183192375847192,-0.0044670119439425005,0.0011980299146183704,-0.0032104083435150477,-0.001352939240291784,-0.006410231281500978,-0.0032116291781412176,-0.0021026365338124853,-0.0011544970787050746,0.0022576125511963863,0.03570810224985865,0.007650538114778005,0.003648897252346739,0.005045395484346349
2021-08-13,0.0033670505426082187,-0.0016177558241258216,-0.006927904462360024,-0.009407930683705934,-0.0043406311803955155,-0.013612070407634347,0.014979960647155455,-0.006775862488672457,0.020930168862035137,0.016517906634791357,0.005099892085562274,0.004919013732815891,0.013375850704104852,0.002120082843019455,0.012206785654053753,0.0031563398844833834,-0.0013975030161345048,-0.0012903174898366565,0.01665473483755253,0.009481488771109436,-0.00044943497362093243,0.0333110573730353,0.004085014991866753,0.01592812409875277,0.0064640690242743215,0.010064482340847336
2021-08-16,0.0027635268695416215,0.01619017692815783,0.0358316395138758,-0.016803060854117646,-0.008869521217919285,0.0019237844997896936,0.006590848109512271,0.00019401031617727327,0.0037515344671348316,0.002882837760567858,0.009107581479124827,-0.00305043311324682,-0.004555374762678643,-0.0005831454925401269,-0.0026010582763161816,0.02652024697034383,-0.025042242989562258,-0.005167938240444481,0.012979881641939306,-0.0147263704995374,0.003212141703989868,0.002757429687003654,-0.011554120977291693,-0.0023558032593261613,-0.0020693909633678897,0.002054024277023725
2021-08-17,-0.006889817337292881,0.01291803901057964,0.00516699873389137,-0.010402802319998017,-0.013044138502350755,0.00844217231084432,-0.001063307621077203,-0.015387124987797374,0.017176256264769707,-0.010420619859499936,0.02365640341465114,-0.002063805116979678,0.021854948812617403,-0.0011021054830390176,-0.008060684298104137,-0.010821903849485448,0.008576326633206177,-0.014285657557202236,-0.004255894046206188,-0.007885107697202853,0.004290359770830587,0.023063725145082925,-0.019756258918067315,0.03395477201951369,-0.006290526548186515,0.0031122785775283823
2021-08-18,-0.0031053234915955352,0.01825979805793243,0.020904285521091248,-0.016969474629254244,0.005378794534180553,-0.002861461146517308,-0.0019047755821078871,-0.01040746566262818,-0.007611760473092866,-0.0010893616757412516,0.000906036160404744,-0.01839701974487795,-0.004708014198157251,0.0030957012245416138,-0.0011949729987050794,0.0008853182552963634,-0.006579017231731821,-0.005709274098077199,0.0038812459414041545,-0.004270463760143617,-0.0015940072346495304,0.0021109879103862195,-0.014611941814026697,-0.008662539002052605,-0.008725152363983302,-0.00275360231817956
2021-08-20,-0.018756650324967983,-0.0018525677793521655,0.017878647397960412,-0.04796821621699743,-0.05533479223045301,-0.027960058271126575,-0.0003367622329137898,-0.014697106774667956,-0.014899697610739504,0.001156591346403335,0.05363940315720317,-0.011041466180007453,-0.00028832055942273893,0.0008713357321312731,-0.00023937327791057061,-0.007202793479823,0.0015789138086634846,-0.026501844388476026,-0.011230474504325794,-0.030974451981201412,-0.027781452779512605,-0.00029473262131274325,-0.03494127689673587,-0.014855698961076635,-0.014643622843102388,-0.007142898400624986
2021-08-23,-0.005606238843390843,0.019584628617328237,0.013676475203530991,0.053273422835076634,-0.001302970667467207,-0.009031971892592083,0.012464879939289686,-0.006128103700982157,0.040945232365053874,0.006502756207225291,0.00563101879489869,0.002937976973822254,0.003346728550802869,-0.0017170655983431704,-0.012446030712052303,-0.025138466258093017,-0.0036491673466468866,0.014065406438486194,0.006563509169880577,0.006884646568783737,0.00026354525469041157,0.021884940486567528,-0.021723625129736024,0.014192524312176547,0.002584472293328588,0.0027931806783987323
2021-08-24,0.013924668732074208,0.0779078187978266,0.03375203653867409,0.028945788292900954,0.028049640336569537,0.016069145082352465,0.0013309807448156352,-0.011383224274194026,-0.008769454180392544,0.02246488263180746,-0.0004365613400523216,0.017211144062424744,-0.010294782529701618,-0.002632447417281303,-0.0026661776999029607,0.015994269194600452,-0.0033255981241336885,0.012975401640562323,0.009873581191915726,0.019780306084175026,0.01580289103906929,-0.006653244795444935,0.010290398949198476,0.007473820113416352,0.016732132297849756,0.007768362083601765
2021-08-25,-0.009780844262575306,-0.03385439112137101,-0.005035676925430388,0.012140948826012021,-0.025063572221625252,-0.008381698144711236,-0.009636699517796443,-0.012713785517847298,0.0012576013866631985,-0.0009301079326867745,0.004557530978903879,-0.004896163255878161,0.008542241598087585,0.0005248522913487985,0.003159215137257476,-0.007839198539572712,-0.013486270932599242,0.021643053208574736,0.00865488113030155,-0.003232799081848592,-0.0029818368823494312,0.012675974940821622,0.016440237606931474,-0.0029987790368956047,-0.003524100128284302,0.0006045728309951315
2021-08-26,0.009877454102866112,0.003420567726956092,-0.0018718679782420145,-0.013750767013069765,0.0008135746724331483,-0.009991275119054288,0.002236886315413855,0.017181562031401976,0.011348034466679868,-0.0016694710351549125,0.00809071815756357,0.011214957218419475,-0.00452307811576369,-0.0006042204676184326,-0.008720805773422602,0.012110599855271076,-0.015324537063737043,-0.0008646444340171255,0.012644153623798893,-0.0132132603876296,-0.0110525684278584,0.003511755328484467,-0.00035157751133130244,-0.004274535419702352,0.0008795853863030612,0.00013525983096518424
2021-08-27,0.008106365828707052,0.014838209034544025,0.004998511074123302,0.01957875601711656,0.013818905828201666,0.02154990224585851,0.01361456594065169,0.005766899525322611,-0.0038546019648848517,-0.004084173918354583,0.00433158460924421,0.0013594789378377214,-0.01093934932243057,0.0007557322133944222,0.00635375393084181,-0.00799837023419292,0.0024589173336146963,0.009519770655149973,-0.00136744603578709,0.004138807667316335,0.01479207372833602,0.013154015388741502,0.005100327934889348,0.009539662951810524,0.0002877828187295428,0.004105261588480014
2021-08-30,0.04206526238798247,0.02252468427746157,0.028550579729116343,0.006837376131936912,0.02565742746890476,0.016802361174959035,-0.004183626383395644,0.01401234643941196,0.0003870421265816937,0.012787078285420028,0.003640882278868718,0.0198643182839342,-0.006290938238965427,-0.008892078263128544,0.010199027099930591,0.021157120737288926,0.0259702892160929,0.030004193672424684,0.01923761514847544,0.02485149790620489,0.019953395880937697,-0.005066708871613201,0.021697452263861994,-0.00393714997864314,0.020204677077007238,0.013519836521704187
2021-08-31,0.0031247936648901575,0.03552752686421745,0.05010115967190765,-0.010258620052950529,0.002345224155102743,0.005600851508006821,0.0033167495854062867,-0.0035801214283023297,0.01624567246833153,0.008385092754390921,0.013543225088579192,0.007566586844459877,0.0049467636677942295,-0.0011619015864269278,0.015865485532453816,0.002210819616971671,0.007238663841232729,0.003329129663323549,-0.00532967064277301,0.007925134538181888,0.008701611485563365,0.023005290765848674,-0.015927502962681195,0.013439687011609358,0.002117166350166455,0.011880446175423387
2021-09-01,0.015766056462885203,-0.02113566884691842,-0.0006512331589391129,0.001313815151688047,0.038371685938949796,0.01262744334308974,-0.0010468454071971278,0.04805238165808312,-0.014928561612640223,-0.0014544139549831359,0.00323026283894845,0.0011822084380757047,-0.016818568323632044,-0.005646345469667802,-0.008518572051695261,-0.02949699865111355,-0.00893946166654902,-0.007050959510010113,0.003963335580176253,0.00903645308038592,-0.006989359373060555,-0.018883306903744956,0.027671438722263852,0.001716321030843515,0.004109778553266219,-0.00326573477436376
2021-09-02,0.004756498187905578,-0.004947529538883,-0.002812723411619089,0.020411161986103155,0.018176099769685372,0.020205933604704462,-0.002426796356136074,0.022331880713339247,0.006954717908477681,0.0062694003302972146,0.024937001326467367,0.007292797246645444,0.006765236882282144,-0.00015886581513890885,0.0011931691781432718,-0.022665120948874296,0.0011790867420791162,-0.008771807602471315,0.012042019447124908,-0.00034890554554167785,0.0018388495702967855,0.032786644649026586,-0.007112656241843873,0.014640535119145204,0.007026766886199409,0.009246783727399066
2021-09-03,-0.005855275524847436,0.0018619558195005492,0.0033274104986842357,-0.010001385478031866,0.014163709990095086,0.007994364846216628,0.012274049782443841,-0.009402038819074532,0.0017054639058369236,-0.008149748164367199,-0.012263236876668304,-0.001172263392367645,0.006837933208156288,0.0009481196654548274,0.0040526242460459105,-0.0033891024159069527,0.010334478012362203,0.03750499559105336,0.04101270985450123,0.0038394558154775105,-0.0006961668449565472,0.0013814212575233853,0.008186859052582873,0.005602703739180148,-0.0019046097856725286,0.005190230833697296
2021-09-06,0.003508753320706104,0.0007558344538196593,-0.0022662135348854306,0.0,0.005237050967498602,0.0035520631700005634,0.0,0.015723872310905884,0.021621537326455664,-0.006567162301401197,0.005024130860295184,-0.00434895656755252,0.017493273117606067,-0.0008185581908923822,-0.006172919027688906,0.006467662879136027,-0.0023605080829000036,-0.011778798298547666,0.015532844507936128,-0.0008112306492683574,-0.00652412490018528,0.002589837668638406,0.006428809750220088,0.04785533652197582,-0.004591772489850654,0.0031287476677577253
2021-09-07,-0.01617127192809442,0.0020421795568301704,-0.00653458197036394,-0.013566206220032018,-0.027351668716868338,-0.003763323866412871,-0.0191162813552318,-0.017411619972568126,-0.014956330839621002,0.002267399321721486,-0.001043161151736527,-0.005893388098963559,-0.013725116665435522,0.0015823302449375909,0.011705602319324937,-0.002186305852931558,0.0044179421022563226,-0.013974745204466177,0.006307756702908174,-0.0045238253900918846,-0.01829763476619284,-0.009371999977236478,-0.009581405615435634,-0.017772490858585344,-0.0033764492743180163,-0.0009035189246697772
2021-09-08,0.008694500611776679,-0.01313670358228436,0.0007913085648492135,0.013899116296197223,-0.004017273528606036,0.0028280662124609,-0.0028955249019967377,0.0037088175402837376,0.005582680132300677,0.004556293777706388,0.008352374241578753,0.0056492574678719265,-0.007851713399732008,0.00383535952490921,-0.002361348130089924,0.002191096259508196,-0.013944747996469942,0.007197550622007887,-0.003912667624433763,0.005243573118429046,0.009806503564486979,-0.01094103475023589,0.002206343167492353,-0.017871789944828964,0.008209810212272961,-0.0004953092983268625
2021-09-09,-0.005725352423038399,0.011457842678941121,-0.004361335707282921,-0.01673886884597986,-0.005228423087454637,0.00015261788816545163,0.0037415945858505495,-0.0010106318564270245,0.008201690004639328,-0.004947965475538885,0.003480964585952595,-0.0009709450502485284,-0.0009744771900491722,0.005431196681465522,0.006627369379727854,-0.005299786316153021,0.0030968630011356524,0.026901817348503165,-0.0023648033720258255,0.0022024097809392185,-0.0014793852336139057,0.004570658220952151,0.012531812797943243,0.00022642325023713994,-0.002311807108594355,0.0009075978909154347
2021-09-13,-0.0022781304906810407,0.01120555860722594,0.002005076539778994,0.03390075696045103,0.020123050979681922,0.003939393997778762,-0.0030043531438266324,0.015396316954911393,0.008218284944812693,-0.008319521795064788,-0.008645793585443706,-0.017841011624077807,0.00017755386124962413,-0.0035872804619511145,0.007053697481840482,-0.006926481907685855,0.010503907798872891,0.007368088331695111,-0.02228315502949929,0.0012721919748108768,0.005152808697888256,0.014229624095976057,0.007526324006634777,0.012682279138257035,-0.005762880439238893,-0.000803098507419775
2021-09-14,0.007674336620293376,-0.006314027806526901,-0.0037606120546384014,0.00014197497038659357,0.0078020204997311104,-0.00013178089468735,0.007087026323590928,0.006164792618899906,0.025033085590091764,-0.004499985241001037,-0.008541546223787222,7.068165368884216e-05,-0.00339860434138628,0.00022444797782550374,0.009105886402741348,0.006237002493257426,0.0030187609199670007,0.0073141966844487705,-0.0013072822428386033,0.0003465276137264439,0.0014097170876792298,0.010545162014818477,0.0162681773546971,0.004025360097344111,0.0038729003225133063,0.001423151293159064
2021-09-15,-0.0037764423349764265,-0.0001396484089464245,-0.0004583604584785794,0.030513788728570912,0.0004383065832849198,0.006459330510888428,-0.006815496808666444,0.010768574413040133,0.027933656444563137,-0.0011300395425390963,0.004669670676896942,0.009753199441726146,0.015004455686800311,0.0014957765941774337,-0.0004628168246156861,0.006531546444710878,0.002110377113473394,0.03630485870380795,0.0041588963078713626,0.02505776477276922,-0.0009599892594123194,0.01766645810983869,0.019111377682547115,0.0008910593833881819,0.006533137476485207,0.00802354538262362
2021-09-16,0.014152137042680257,-0.005698523608314687,-0.00035743522246378667,0.0,-0.00014606913833969948,-0.006176185518101285,-0.021089069578919428,0.0044391157097651845,-0.007972118048721,0.008501371791566514,-0.0025942270820730196,0.017988544967898257,-0.005375553784322862,-0.002889297396876933,0.06828699747418798,0.0024500407747471975,0.0031769568205328724,0.0019462728343888624,0.02098135641527321,0.0447223476216525,0.0005126560156991644,-0.012959812414678473,-0.0009616836784697158,-0.009198259911905149,0.022152060415943753,0.006281634763507293
2021-09-17,0.005918213408757866,0.00640638218065015,0.002334293731524939,-0.008814204438351125,-0.022342369953470276,-0.009610809946430154,-0.0029636106487113123,-0.006644424372211022,0.00015859089493286405,0.01423119431702169,-0.016617017118225608,-0.009694671128784749,-0.0064326361103826946,0.0017279843285649132,0.001733481119996494,-0.0036991022932947315,0.012047527043067552,-0.007381454466463988,-0.015505320633798725,-0.020702997097591713,-0.014275749550742511,-0.01932984411260419,-0.009786713216073273,-0.003893267600467931,0.0038054350024110395,-0.002515647600612625
2021-09-20,-0.014244059055785074,0.01061469136325699,0.0018373212030422525,-0.023343063452561208,-0.03510063378637984,-0.022438083593131486,0.0070881583634456735,0.009450391560202442,0.010171980838030725,-0.014094664413635383,0.02868974278144787,-0.014094341795454102,-0.002039869775164349,0.00178339211426648,0.011248086942415192,-0.021348512915665974,-0.009131148605715067,0.005870892110808823,0.001589687819135488,-0.036665975334045586,-0.017404900927985967,-0.001136472682181977,-0.03127005061395416,-0.004133769118192521,-0.017620090444521952,-0.010705054879733056
2021-09-21,-0.0006282859869642943,0.03339198137840649,0.04990313031585902,0.0038411813849723586,0.023838960945879117,0.016481879683883705,0.00805991076076995,0.04784347196215655,0.01829713278476519,-0.005064688235628112,0.004320635622719449,0.002605376174477092,0.018129473152511455,-0.0005034424677480276,0.033155196280304056,0.0005419879549954931,-0.024948226221635728,0.05214003493445607,0.004322716289465456,0.003086029487692432,0.010575092549118814,0.010317805552096715,0.010035028820451819,0.007698132510994382,0.0024270211084269633,0.00949017386246398
2021-09-22,-0.008801225218405317,0.0015636528668361294,-0.0025852882798689247,0.023667883448451832,0.11596609258093937,-0.0015040738230448492,0.000394116650830556,0.1319583237292734,0.012312358186769012,-0.011759361133968693,-0.009937918422974978,-0.011940501526557235,-0.000901791357108328,0.0018151908845411846,0.00828158861741124,0.019026224517552537,0.007968074586187868,-0.011464605910055048,0.010728894591538696,0.00011396827576359847,0.007324941792513862,-0.000207201036296234,0.02699116329541229,0.0008240036991591371,-0.007820490131046465,-0.0008740239935656202
2021-09-23,0.030189749132225607,0.050474868550758556,0.013523879951422346,0.01481378437069547,0.08887684655121597,-0.010120940032379067,-0.01632239590082285,0.12721031948903483,0.009730109072055848,0.023668192652728015,-0.0007899289178719959,0.01940720183971667,0.014939885359247063,0.0011139190565248036,-0.0041068234087418,0.007907099083289237,0.002298395786209495,0.030677173906533017,0.024439411733982563,0.02495149488204662,-0.00032458086351827564,0.0018386353857302584,0.03676250063513198,0.009204382574545145,0.02238626222810569,0.015746528367181822
2021-09-24,-0.017361282352547525,0.001196948904995443,-0.013375120233612314,0.009276947842630001,0.02140114924682668,-0.0014488136161650012,0.0011443611923540598,-0.0035693255515142353,0.022510055642351423,0.020095628821650724,-0.01281326192801624,0.008298321884091742,0.012223250033438937,-0.0004724809048004541,-0.016701051968888492,0.027687977198890046,0.015416275125445633,-0.01197813182002272,-0.002891770496363799,-0.020120005924716744,0.0007794802287897085,0.00052972488008729,-0.011042000699959753,0.0032627693119933188,0.0015513820185919514,0.0016972499684944076
2021-09-27,-0.0013783879317348369,-0.02671379927166706,0.0002630220827719576,0.019870147669719174,0.023267019130348565,0.0002715198585858669,0.00017148587557769268,0.04300794805776342,-0.046384929229171035,0.014704460582459111,-0.01352563090916914,0.009751751963484878,-0.024208344450993624,-0.0003670044788598448,0.0010483890040082766,0.04092629390820113,0.06489984106659685,0.028655450860927134,0.01681635160998618,0.013272871653993157,-0.009604742286884016,-0.008873003539720314,0.04308836182117659,-0.03340724198074385,0.009012597935410538,0.00010644538279747096
2021-09-28,-0.009724606106542466,-0.02666223095032394,-0.032345778513671264,-0.0021205571794071787,-0.023690383828101957,0.008660863876896352,-0.00811425781249997,-0.022531364070068283,-0.020228623712980065,-0.006184248611867171,0.005296268624669143,-0.0176027247173407,-0.019783447110676478,0.00016806542024006,-0.003979787120642175,-0.006532298917405921,0.002755307809217067,0.01571404379848862,0.00934855428536352,-0.0038065723115022765,0.015791727226468266,-0.015064171326282128,-0.007085733694099372,-0.02186886650322939,-0.005927202625206629,-0.0059646824901542495
2021-09-29,-0.008933152793060728,-0.006643732214191234,-0.0036986041306209527,-0.006109696890411187,0.0019509624952529503,0.0099003522454717,-0.008238304197409896,0.033703437290311555,0.009614036325004571,-0.013126584173985822,-0.01415272181149052,-0.010667267845536399,0.0030527181419948146,0.004578341392434959,0.0014722289784743214,0.007505756774426553,-0.005361100295945609,0.01793270483051934,-0.007927406257516645,0.03394021143512793,0.04670370331455964,0.0033739304620357125,0.0028848648141142075,0.001798085037345798,-0.00532345351312824,-0.0021015082285871234
2021-09-30,-0.019944984275339972,0.020248124899892694,0.0203181922550415,0.002672683995033509,0.015455713075834154,-6.146490053626774e-05,0.019634068445033348,0.0010390678683822596,-0.001288073772989562,0.0006901808293415801,0.006144368262307243,-0.012191645007715302,-0.010075436781982416,0.0021398594262243,-0.008190023321467343,-0.01114390084786665,-0.006229597693627964,-0.0017271778021067385,-0.0034024615602448183,-0.015217387047412378,0.008566508447118704,-0.004311793610828452,0.009386899733637488,-0.010378515598848725,-0.00842270662597433,-0.005259376020738893
2021-10-01,0.002087331531556824,-0.034236137312907755,-0.018954986987026246,0.01132878166000495,0.0,0.015397419246250488,0.0009684675694106026,-0.03399791744239089,-0.0045327321611100535,-0.007680561905361705,0.0008329308453547402,-0.012128270074893921,-0.005999299062468877,-0.0009095077745976399,-0.003387683821975518,0.030882162814188208,-0.023950594986502427,0.01211073659691242,0.0017666290795725903,-0.0029801700050521296,0.010204611820290532,-0.012011504139347817,-0.0001499754457492397,0.003390483464227767,-0.0053227760141074665,-0.004886983449795879
2021-10-04,0.014124858604488866,0.03658200765142383,0.022903710978597003,0.022931016817949068,0.017257894601647727,0.01752460547469581,0.0052361702742600436,0.04667981092739981,0.0038469763534503265,0.0019271313254858313,-0.006601184569967389,0.011338427093156689,0.00816742497341938,-0.001377730454932613,0.005311238510863792,0.016065801216957,0.0011171004390231332,0.009230961186412312,0.012858067858482869,0.02546219317926468,0.006532756408943463,0.011554419326745835,0.026102555359672763,0.007544421140005753,0.009502798561006998,0.009080467581137563
2021-10-05,0.004621239244227304,0.002319526018628837,0.003788099079792495,0.01687706148208612,-0.020617390276187808,-0.001606274454849843,-0.003736822425772557,-0.022288392973241367,0.02072485495831078,0.006117003643006713,0.008357557599269594,-0.0044274147566113475,0.00836933577293908,0.005673474863940209,-0.00803030322886289,0.0022587594858549664,0.012265835937384617,0.10873935073697161,0.020753805424915672,0.003346692924842909,-0.01382212399979843,0.01590124798564241,0.008625849649762651,0.009047532089486499,0.004293638915632059,0.007407660919946268
2021-10-06,-0.004663858288180722,-0.012937419159993024,0.0014178098536852257,-0.01900418084632438,-0.01816420774308458,-0.015492690426469724,0.0005114937636678807,0.0007001803637995963,-0.02275607531076218,0.012191022944282537,-0.00834372846634679,-0.010902263201523432,-0.011371619419183743,-0.00012870347313176378,-0.014699591324807137,-0.010616260435229119,-0.008128577888433686,0.027192536968788206,-0.018913692423749295,-0.01613942473469787,-0.0242534424953168,-0.005843716329677506,-0.025800992493954622,-0.017159955297595397,-0.005814678007250107,-0.009892144870289554
2021-10-07,-0.002375140734352632,-0.008307519135931307,0.0016481957722229712,0.011235990483702496,0.03553050102311639,-0.013214706392083109,-0.0014768392990273105,0.08296711229608089,0.024187686444247847,-0.0027245757622289535,-0.006198659436929432,0.018419218889362154,0.010426863680973897,0.0026393747439412696,0.007351175813540722,0.052931395050718866,0.040733351463118295,-0.04580594167827279,0.0049025981854153855,0.001530977875359385,0.028291464446802195,0.021517412146488946,0.12036911111038617,0.011325214111466808,0.0061738156798176735,0.008180302016037588
2021-10-08,0.006241231260303071,0.00453331627284248,-0.0020263789559689105,0.013409902700376897,-0.015972606563995018,-0.008566548254057338,-0.0009101630147998474,-0.047359538581507765,0.012133544048283484,-0.0048743015956597135,-0.010995134862536116,0.001708921633581717,0.019426377935526817,0.0009363254791869835,-0.005365875206590154,-0.0005123916672696849,-0.008341701649812294,0.0034288583710462284,0.038427305688108815,0.00021842883656986167,-0.002247358174072067,0.010981414812185841,0.01713152246559213,0.028306859391861394,0.000584083925151635,0.005893622760496431
2021-10-11,0.0066500281957682095,0.009373594178863742,0.010980158328953493,0.014744778720152008,0.021642419352988496,0.009310771929479822,-0.0009679856487631033,0.004005085869535963,-0.014559857805237497,0.019436513104346353,0.001912886269748837,0.014074460964463631,-0.019085129118389332,0.006358406373169645,0.027406106432629418,0.0202779228926786,0.03644676129032254,0.02516284809869096,-0.006963167745418053,0.024563361560199892,0.013574399229062228,-0.06353459960509256,0.08565069318139518,-0.012629298565891567,0.01372721489352191,0.0028359561343596074
2021-10-12,0.012704057555966042,0.02871742072382455,0.004944315498428553,0.0014903471384131173,0.009768138173537944,0.003258873614422786,0.002108784505683081,0.028134916204993532,-0.040333122498740326,-0.0025707402682854097,0.011738764992173634,-0.006589208280022962,-0.0034300212019289233,0.0012854488767619632,0.013652609518500336,-0.006141085058275375,-0.0009089782148663517,-0.008787698217704532,0.005711259658344625,0.029302040701702392,-0.003423266908065603,-0.008885805176153672,0.012267175839390632,0.009650600483400051,0.005946078887910877,0.0025632525445875576
2021-10-13,-0.0031989407346483256,-0.0018876892417029056,0.009362568513230363,-0.0024801209047115025,-0.0034965159372040144,0.0036962123588744067,0.020133026992374514,0.009217455521770779,0.011996809049473312,0.006013880698483964,-0.010985908122074228,0.0019053520531471246,0.01427165022796495,0.0010781965705335406,0.03273932953517855,0.05083698469319775,-0.02750914673230731,-0.021705926427012523,0.010176950739658741,-0.0026914583461835617,0.015487565391663738,0.0006431989824531303,0.20446702847125153,0.020482352025212647,0.00296591078599584,0.00943759784921161
2021-10-14,0.009375818000752378,0.016529858461459046,-0.008374121338088125,0.01081545363976355,0.017309978530731795,0.006137945182812965,0.0016725205339054305,0.018185100792525555,-0.011222187068848699,0.02927895957009885,0.00105778876577034,0.02443816870633131,0.0038323422428565568,-0.002352881483866809,0.029494485672219684,-0.00422303987924566,0.0019714018260614807,-0.005937520846910571,0.002022285443575189,0.01847619523852817,-0.0014836568282120544,-0.010073433635045315,-0.018346767116826923,0.053003335588053035,0.018251200605178486,0.009734787740718787
2021-10-18,0.014026546063597323,0.010225066270451055,0.0003371153670876925,0.013897490059548767,0.015750754216824925,-0.01637536957934904,-0.01775471876811907,1.9996175241399072e-05,-0.023777960193598124,-0.010133971896993832,0.0016796195542123638,0.024955416503339878,0.04452866710358183,-0.003989039310587361,0.023387068630681185,-0.021956211265539705,0.02135548206292559,0.019176339066061754,0.0026662530650831684,0.014981715293619802,-0.006418609990210822,0.009885296786090292,0.02411571929316092,0.0021179568970772777,0.008741600887207213,0.007552396132719963
2021-10-19,-0.01432432279558582,0.021340717071216764,-0.016051071482569013,0.006307576754816191,-0.061799590483860745,-0.015520191933988903,0.002776463173266297,-0.04492972318103383,0.008760022196039552,0.011015956130792981,-0.040391854673313854,0.0026828688029574277,0.016739574023751036,0.0030610792832146405,-0.06322599073973612,0.0071902443317366505,-0.00017622462088329183,-0.02159175346083475,0.008956185425907037,-0.019580360734439695,-0.010228566663544436,-0.0035644871375513087,-0.054356385019635245,0.0025360826217477594,-0.003636214734027532,-0.003155307734996393
2021-10-20,0.003929441444849413,-0.024813329213436597,0.002849173121112658,0.010969186019189614,-0.003619190201876399,-0.009975370518032434,0.00813698638830096,-0.033739797973577956,0.0006495930933019256,-0.008793678624262058,-0.0267589878266542,-0.0021407050260090488,-0.010866350594832541,-0.0015337785702385087,0.002642926890841224,-0.01978199744235487,-0.008477504224893462,-0.023329001607798716,-0.011512242708952458,0.02396566239701725,-0.015047915772595233,-0.006961744175680296,0.010375587046721257,-0.013491495673817466,-0.0005640050384054796,-0.008260625212080042
2021-10-21,0.0037275649883110606,-0.0012684707563725972,-0.003098815738848515,-0.016334836076273618,-0.014166411966495374,-0.02150868862841615,-0.0016254831308486484,-0.01160326550484958,-0.009976229730673802,0.0014636267972212291,-0.013273634722445693,0.012938397370821697,-0.027020215510701995,-0.004138778416967748,-0.0077048183464024644,-0.0026128868486424706,-0.0020418793750648367,0.0006457335306973011,-0.02884761256869739,0.0061012176674906105,0.00429502149399319,-0.021156245214956737,0.04333541457376544,-0.008049171709475944,0.012956108219202678,-0.004844908296702255
2021-10-22,0.01101762539116935,0.004227654061497832,-0.00350232308495646,0.015272753166429842,0.01608933803076318,-0.0030526482123371945,0.008028323164233742,0.029786658330626326,-0.013793653658330629,0.0026546612128115488,0.003414242601957218,0.005029801878482454,-0.01930259852201488,0.0007513213904473126,-0.033101876288547105,-0.010200754410378599,-0.021959762742954525,0.013225750511880019,0.0018683960600891503,0.0,-0.007148101280700203,-0.009526004925428544,-0.033661474567379224,-0.019962686853612355,0.007330683480209821,-0.003476668084567369
2021-10-25,0.0347739567388643,-0.03060322660945658,-0.008242480821528564,0.0,-0.03021886445957167,0.008344978285355964,0.005847953216374213,-0.030413864602448215,-0.023952980592556572,-0.01413061581945374,0.0007132471831130527,0.10852102365600014,-0.007122934677773252,0.0017136874261038937,-0.013524880728582933,0.003210106785140887,-0.020016448604529113,0.027698002725454307,-0.009743496684755382,0.00705827227015976,0.0007999954543023158,-0.001686220588245857,-0.02240776440564074,-0.021541549017958794,0.021544389306166423,0.000579633328010587
2021-10-26,-0.003786348286704211,0.014717649280425738,0.02733223840782051,0.010625589385741652,0.0366446990574949,-0.0021277900512119974,-0.007364368121885345,0.028889168714234748,0.0012009840477573697,-0.002564819353821357,-0.0016389523584944277,-0.014613341028691829,0.0065875802455821475,0.0012827615927200053,0.01413907222359101,0.004322407795249061,0.005061709746058796,0.010532835897485882,0.02277264738150553,0.011944696276893207,0.0003687272891865767,-0.002963037557988657,0.05990829071516912,0.0006739746129225122,0.0011143531550248387,0.007889480889700096
2021-10-27,-0.06461584506377827,-0.01859878887357047,-0.047545343825238784,-0.023508539018291197,-0.0034868720391832975,-0.0007500329077445578,0.0029006935816493495,0.01626684870418571,0.00887064717135222,-0.006020251349854511,-0.01651698905506216,0.006751819694014838,0.014820803611325761,-0.0026767435639024617,0.007393060522869588,-0.008663568531203314,0.008071289571246698,-0.03188223478250629,-0.012645313594175533,0.01287683967289266,0.014259425743144094,0.0020530743479516556,-0.021134312857395754,0.004415035541591061,-0.008825522535915398,-0.0031448386638428527
2021-10-28,-0.03701585422370379,-0.0013490494295543831,0.0002805721128049665,0.001814588553582741,-0.043074248364648904,-0.01989194098587055,0.002057929318445062,-0.047390217060589324,-0.021365238972809508,-0.02994896215532228,-0.002900281592100651,-0.04347300431185086,-0.014488569549046981,0.0021512172470654622,-0.05598665473941333,-0.003326658389130266,0.0018283850859104334,-0.048765042194386266,-0.010961536350749479,-0.03428681629195229,-0.02120947550297536,-0.01951448181446902,-0.03384218815037088,-0.021159134124172807,-0.03340487582227036,-0.0194223384240636
2021-10-29,-0.02155996683492656,-0.009259144569895406,-0.011230106627639569,0.009177661618607225,0.005169552335131611,0.0195298313593808,-0.01032414289408945,-0.016362350968830208,-0.007161402189089228,-0.006745645952346391,0.0014648792216604978,0.004194332757019081,-0.021216003383915716,-0.003368420753009471,-0.008440731079487285,0.0004526539059446222,0.015292315065830175,-0.007656392114745114,-0.02399344174764484,0.0015957216028763543,-0.015601793502353356,-0.006984861828803646,0.005508807723869635,-0.015451531802993301,-0.00995583128744193,-0.010393515763905459
2021-11-01,0.013948772634650553,-0.014334128460218754,0.001858123881015139,0.005743728116386793,0.025714987087339214,0.030530978634334183,0.0067863015064146825,0.05014997924445885,0.039737613701261276,0.01418320365591108,0.005829272510859962,0.0023065986712136333,0.019367314834444205,0.0017526843365835987,0.016353068398037518,-0.015719605910902712,0.017795120055165592,0.02750750366145649,0.0006111415861287384,0.026983993264797945,0.021132009177877276,0.02314771014429584,0.004134842171659825,0.013452054018972648,0.01657006686388085,0.014599655057507821
2021-11-02,0.004652126332843398,-0.0013150267998823795,0.0055838722653973605,-0.0016656678710912365,0.0518527604269885,-0.011527797488581015,-0.0035652746371263033,0.0019400347568203635,-0.015598668721890752,0.000903276155638455,0.004902023298050562,-0.003669704350154235,-0.0012644876957600415,-0.0013132061270326734,-0.005510078417878539,-0.010168234590860581,0.02313688470767694,-0.0013059562339808872,-0.014579531519139377,0.011634695142613172,0.00443464952555872,0.002243690060445669,0.004426548637408656,-0.0025174262576070916,0.004393381850918088,-0.002270048271341696
2021-11-03,-0.006945876404737872,-0.0018898263545394922,0.008168779179683394,-0.036348503380355335,-0.0009300784089077974,0.00538338407348915,-0.014032524331145213,0.03344895463208153,0.004869037658607134,-0.015746060663628714,-0.0031211200016979523,-0.01872767949095777,0.002709154792960522,-0.0015756356605073352,-0.013962887781758027,-0.014509626926899277,-0.0073796108130695925,-0.006211202630143853,-0.006877774626004807,0.011405027540876578,-0.03366435022475245,0.0023105602263222558,-0.006046959334575663,-0.0019882621505505904,-0.013430588283162459,-0.0033400508475575075
2021-11-04,0.0031309301479138796,0.004829052087467867,0.0011774867203813155,-0.025352498593666506,0.0,-0.0011526141379885058,0.0166704608874213,0.0005970250574749425,0.0057380203149357545,0.007904166782488842,0.0047688238715553055,-0.004898630947412053,0.003641696077781864,-0.003700836474209046,0.018431208976009472,0.028091844201032723,0.001700152740712113,0.0003290942696407839,0.006140048449735369,0.0053064574491688,0.009518381718040203,0.004696010339013901,0.009898985566192176,0.001838928010852836,0.00435628397011234,0.004913376165984751
2021-11-08,-0.0025235483935086567,0.04124979926072281,0.019740462429284067,0.03958892073638709,0.029209874936838576,0.004741668802926258,0.01918573586952732,0.006955078812784565,-0.0002113743974995197,0.00395243428329195,0.0037352190812265373,-0.0024932164894171382,0.016854893150063832,-0.0032833798497603484,0.014345549066444807,-0.01529465422101739,-0.008105791939746587,0.01874376485803131,0.0012407928778661592,-0.013573447446971532,0.00571994856447855,-0.0016816705900317697,0.023892212129186685,0.007113353905532138,-0.0034226492039236556,0.008469704042186388
2021-11-09,-0.007988749974070175,-0.008037775265051894,-0.012529747914842182,0.02709631651939448,-0.010854854293946947,0.0007517875210780733,0.001532191485392076,-0.010564793126688232,-0.008496617011303442,-0.0174973900765113,-0.0003082781776918564,0.00820358396026255,0.0028778417617991714,-0.0036742717476164755,-0.004569146564175841,0.03798716358485388,-0.01393056150878702,0.011297620280458665,0.007893788588704487,0.011275861583079916,0.001687372265775089,0.000842131563437043,0.016453868860474286,0.00015183157493892097,-0.0017609813714735134,-0.001344921435271762
2021-11-10,0.005771408460270244,0.008455090562588197,0.0005211255750738886,-0.03339281208597611,-0.0066301584822785475,0.007720637291258825,0.009507171280887183,-0.021190129006303904,-0.0031121032814432903,-0.010812373734231051,-0.012751173706876062,-0.007183217007968201,-0.0013488071173134442,0.0034672543511240494,0.009180408419144248,0.030824378513132356,-0.00869673122232717,0.006702754237302155,0.01118297852146899,-0.008976686489954089,0.012167089099473172,-0.006104157218394524,0.0021583443956985082,-0.008884451894607959,-0.008777277428644648,-0.0014991358050348014
2021-11-11,-0.015079628766070274,-0.02481699827674666,-0.01698212369794716,0.00307351870242889,-0.042577656371033945,-0.002981673145521224,0.008443372911926206,-0.03243080959004163,-0.007227510325060416,-0.004468813044505526,-0.009978637838314652,-0.012101550873552136,-0.003936287169337249,0.0031021660751191504,-0.003682040654053531,0.005545593868772958,-0.007747906072975486,-0.026632766127540952,0.0018236100905368868,-0.02822281328434173,-0.020034533165832702,0.0011191806650792113,-0.01429267621932273,-0.01654914980259481,-0.01186606066405893,-0.007970140510272006
2021-11-12,-0.002710042415417502,0.022519267822735944,0.016960140151732972,-0.009805067511588605,0.02968750322490843,0.005877530011713539,0.002522581239459143,-0.000370848563785664,0.010037139134320139,0.0030355498014253968,0.012099311848367211,0.00667576794279201,0.02705801232392102,-0.0011128543858798245,0.012608612641438643,0.014111965471146348,0.003541922189942648,0.007491925585274117,0.015090591979010304,0.003434048623195629,0.014657008273862626,0.01085079967502689,0.007150531559576567,0.02843566469123604,0.004490494459896688,0.012820606684330382
2021-11-15,-0.0038039860520511226,-0.007841736730144322,-0.005917561927488713,0.0011139539159645828,-0.010038505932978281,0.00627679435289763,-0.0009636751456705284,0.01998305194865657,-0.0012794311730696117,0.002736746138027213,0.008233132487829531,-0.004249227439189873,0.003904152124976523,0.0002408241977196468,0.022327303589555925,-0.010023508052619201,0.0031083324720153627,0.020368442760437144,-0.0059003108555825134,-0.009386963031240425,0.005207531189728609,0.007728458483182488,-0.0031553341827870174,-0.0017421733293407904,-0.000800353139686738,0.0003700663573213969
2021-11-16,-0.00968288151070118,0.0043709967837539665,0.00284704692921256,-0.0014836192045299956,-0.0005895052025840508,-0.01150071911049988,-0.006698462120752757,-0.0067158745779623,-0.006362799262766061,-0.005939959093516856,-0.007464910044336137,-0.011961770581642495,0.0028817657500368465,0.0012792629474958073,-0.011129745785101286,0.03436018818644637,0.07293664431112679,-0.004119026413357596,-0.023236746190568813,-0.02260387063631364,-0.01511041511501865,0.0008721480529736425,0.026906568004065434,0.003869892435608646,-0.010212575346798869,-0.006087981951756416
2021-11-17,-0.019004374065507368,0.0025069146878577975,0.006875610106848562,-0.02971770012871533,-0.01380372897199833,-0.010233397045550818,0.008685787547471513,-0.043000776304006894,-0.009412062175237157,-0.01111118601505845,-0.006440381525338212,-0.00359933858073902,-0.0027061389505811384,0.0003157941022453592,0.017201040874128992,-0.006091888007949464,0.02787442703018317,0.0015907633064629056,-0.021406901648374332,0.006160437127362917,-0.008892144915941036,-0.009700581025288035,0.021385267157269405,0.0005292230310913748,-0.006932134020441905,-0.005586294529162039
2021-11-18,-0.008422928281763498,-0.018304204062352336,-0.01612855188990947,0.00829506790219492,-0.004905011668490666,-0.020311087081994694,-0.004653126918264139,-0.020160302995712476,-0.027984018031733893,0.005618143647062368,0.003450177881985983,0.002101843651437063,-0.004503635566922903,-0.002669928329889437,-0.008350826299398428,-0.03221745632609585,-0.01904590711997478,-0.01969497090079997,0.003774479782572726,0.011341927003142072,-0.0008847134433577208,-0.01311809712167411,-0.0385739166236122,-0.015639107946898156,-0.0017165845666139434,-0.007478195643460861
2021-11-22,-0.028243715870910235,-0.047290243389782494,-0.05700097979540952,-0.02860400044457323,-0.037148182518630835,-0.01366815788823239,-0.02955400322407309,-0.028106880709602766,-0.00901615481938467,-0.01562317416740766,-0.004521811711358903,-0.014287643879494882,-0.011239759573060115,0.0005762643011713031,-0.02778948447200058,-0.024737439218452617,-0.031137668348856007,-0.015121069926592567,-0.044292966508417964,-0.03453743599564563,-0.025169181562622156,-0.004977351975146926,-0.04630182574105912,-0.011359360033280974,-0.02231519305001628,-0.019603372100156835
2021-11-23,-0.0010925254495162129,0.017239957662282368,0.00793378289869806,0.0228013029315961,0.01872891548756428,0.005284823707296882,-0.012458471760797396,0.028896191141048577,0.0022520055152635,0.0001321367624960157,0.002365182492863438,-0.00019955327068232886,-0.012788340524121478,0.001711984507633657,0.003031642061117168,0.0005549623498497525,-0.001322425382765391,0.0010234944484459607,0.009349468674200168,0.013671873794331546,0.018747998039847058,0.0016915868051037286,0.019337642114911624,-0.0019407602817135272,0.003878330492506743,0.004983697932798847
2021-11-24,-0.0007292661893157915,0.00233764651965207,0.008855459077538486,-0.001401281660529441,-0.010908263497960813,-0.0073188436198475815,0.0003364034684258943,0.0023652687999040634,0.006156827135608722,0.00164955470630046,-0.008123758606168208,0.011105984611329722,-0.023547776850683544,0.00023104529133499696,-0.016839346481169915,-0.00904200380371012,-0.023497557695099536,0.04601218301920018,-0.01443930273824845,0.00020278915266835895,-0.007959698193790055,-0.006047396508597314,-0.013824491206593681,-0.00980083883047711,0.004538172653459238,-0.0050446817378146935
2021-11-25,-0.0076625251741059275,-0.002289158244735412,-0.007175316492675998,0.0,0.009293713257126468,-0.0014027133395260183,0.0,0.02604817143608007,0.0047791950675299955,0.005203974203287887,-0.0108220694217116,-0.012036271995057413,0.015565993881988538,0.0023909815998639505,0.01581022016587763,-0.0022390766727190536,-0.012641174178755654,0.01075284074876115,0.06019812461773921,-0.005272193130325675,0.005070819584788389,0.0007549231301375858,0.00839047145222338,0.0003142973156025075,-0.0020618614781302558,0.006959452503032093
2021-11-26,-0.026695196297282675,-0.039513297121403945,-0.04473188397522665,-0.1306288805140844,-0.07464699869832858,0.034693729483682434,0.000672649099607403,-0.0641258378518128,-0.013113576444385044,-0.02362461043597741,-0.005938596166110366,-0.03841287542770244,-0.017853006327990806,-0.0015973421796482423,-0.03156086529448454,-0.04202193370048035,-0.05308676386622391,-0.05157951093070701,-0.03223090379790439,-0.04087245606813017,-0.019925803568744627,0.00027570905539398005,-0.06605783157774814,-0.02395181617054265,-0.0358426034197693,-0.029071254187753914
2021-11-29,-0.016093768393070196,0.01245921344179668,0.014499685808877949,0.026412257990629184,-0.005307141769196444,-0.011218909947322664,-0.0016803898044864818,-0.016056261001828664,0.020810035317605946,0.007617812204399055,-0.0024410803219687693,-0.005261721625335003,0.0027784571149542803,0.006386074253933893,-0.0111604553256065,-0.003455438472265593,-0.0029286783289925733,-0.02039442663399782,0.011978803947236383,-0.01147722459106848,-0.0211781705495806,0.016000226561098785,0.002716173854185655,0.014723513722360027,-0.0013615730619974675,0.0016151341742889347
2021-11-30,0.006988360614179179,0.020541227013065155,0.013249872793462902,-0.05389559410354117,-0.00013344370787871096,-0.004630080439807394,-0.004881374069370614,-0.03171526664367441,0.004853644403314705,-0.005128920308706708,-0.0050871226123900826,-0.005637639068505784,0.00960884009029761,0.0009776161712855558,-0.0015803240858608403,-0.017983093989059062,-0.011427438596988138,-0.013879048092897195,-0.014785997028714748,-0.009782864507713929,0.003395245955541082,0.007752696743402732,-0.0061760928774236,0.010545673743490136,-0.007814773377761042,-0.004148599194972014
2021-12-01,0.03652843727924693,0.00844690555568861,0.005923738309664639,-0.009217295369275735,0.022145194082996866,-0.014863506396598503,0.004510599971877527,-0.015124937631624813,0.015851915366194236,0.0074318539292919095,0.01177976768406741,0.01868839607077888,0.0013138313827976145,-5.326504564728829e-05,0.003391468410394838,-0.0009574680055863816,0.02906855484116,0.001055337005421375,0.025609192579209905,0.03202685572847619,-0.010947475009626007,0.01378526433857763,0.036306118430125434,-0.0038447197909331488,0.01875870482587283,0.01081664117042136
2021-12-02,-0.005150038498254905,0.021584173728076417,0.02014574345229092,0.014183320260853893,0.005089989554398544,0.012243903661740774,-0.011731042153381721,0.02758707326325971,0.024206855457489018,0.014023307881202207,0.01639760536456847,-0.007283163760228528,0.0194470905229418,-0.0004397650032448297,0.015998062629873466,0.017790832661947587,0.007108276414677928,0.012302323350090294,0.006424663400820707,0.003576790910046146,0.028040490838715515,0.018195414364515328,0.008101001172907019,0.018903711862280126,0.003941969465822703,0.013674571102433752
2021-12-03,-0.004585099316299468,-0.015173209470699,-0.0154933625215663,-0.003608990432624526,0.0029866632486810207,-0.014208396719577854,0.01209748930472121,-0.0003217121984524507,-0.011226185388898302,-0.00799590988057941,-0.016636720303634167,-0.008444021587042161,-0.007264514745846884,-0.00045856976270919336,-0.016855168332923443,-0.014831418837209065,-0.01587052840822356,0.01319443432570866,-0.030046046911858637,-0.008071307718729215,-0.018858016309748815,-0.0006724417759977896,0.0020872711309884995,-0.009353767146920267,-0.00852139679390218,-0.01177768586739425
2021-12-06,-0.014710190061685391,-0.03403631282960917,-0.01662124616847549,0.04874729283736201,-0.025116470942784686,-0.02127702798185005,-0.002525252525252486,-0.0290331829664513,-0.029750785153915493,-0.00644197909567179,-0.015851142749712888,-0.009423552085895737,-0.02319132525151879,0.003340782278652865,-0.016918477816114996,-0.01768319580797506,-0.0230068700503836,-0.01747766839603182,-0.01895563223734431,-0.016590909651783337,-0.01948651287044345,-0.02858178654851018,-0.026869478326314478,-0.025360968497389558,-0.012742649164796283,-0.01654091957599968
2021-12-07,0.03604283525981611,0.012759407467827666,0.021778683414707345,0.03683990886007793,0.03904379098365318,0.004890327714647924,0.002869184577179995,0.01973034293310394,0.011525978089351518,0.014562972048566047,0.006546550391652639,0.0353744998194494,0.009644291810239292,0.0020907465325012975,0.01262041357632282,0.004621997235619624,0.020410727976024612,0.01778857114372112,0.008147649248844813,0.024500279843001183,0.008885567008156903,0.013601301402367483,0.03125000209524553,0.012650196610123121,0.024695013840847047,0.015636548581649423
2021-12-08,0.01470156920722876,0.029963729179303122,0.036371288073565156,0.004302533594218838,0.01661557290410509,0.011060260994106619,0.00044881007465624734,0.021323394991503042,0.019092860616345853,0.018417942056729197,0.00818413698384357,0.02552246339534614,0.024362406934316683,0.0002295154431104507,0.019487847870248487,0.017918777435348643,0.03455036879894924,0.017135028870992164,0.015219319377924645,0.031151710701811997,0.01862301295780866,0.011828889397196063,0.025114226798547135,0.014705773589092086,0.01819579076659439,0.017060948527881648
2021-12-09,-0.004518773022372469,-0.0014214495422927298,0.01070426563672,-0.019624076243335065,0.002262940202278907,0.00515238607495383,-0.004934422287571905,0.000758731309501437,-0.0026032151875111653,-0.01734464798888269,-0.00036315344725557086,0.002123630231129159,0.005760304583602327,-0.0003354931972582298,0.046454932649664604,0.012310351369652306,-0.0017686058129273707,-0.00707541365616382,0.015859543451571145,-0.00589978169443528,0.0029041048626656796,-0.006934206592163705,0.00010128697886457871,0.002337607841034428,-0.005424435492015989,0.002696066593683266
2021-12-10,-0.008502011194239656,0.006506887435647757,0.0016397355055819407,0.010290325661350463,0.051429974174678206,-0.00020675290274618785,0.004677137914072427,0.02683000102059463,-0.005434407846981015,-0.0028162535523548193,-0.0029704121479372514,0.00397352629700376,-0.0023816473244478997,0.0028639845192213187,0.002973523049372373,0.010104667232235132,0.0005255211550165839,0.001357339689437076,0.0010178650289247582,0.012381095169743839,0.002105937315131312,0.009731393326588345,0.0010121964567986197,-0.0076959076112955715,0.0006256190747768731,-0.00031677089480919296
2021-12-13,0.02318148440911938,-0.021856391519492258,-0.03136533612166181,-0.005302040785911788,-0.011691711463724275,0.0014151526204841947,0.0019070191079164633,-0.015648779981584537,-0.00266726763757541,-0.007487353439203148,-0.012195768003048335,-0.005276982790351048,-0.00829888854608396,0.0014656464698841187,-0.006353108637730753,-0.01930911448921646,0.012221038408515517,-0.01084386437113527,-0.020049319051604564,-0.013947805670137092,0.0016417243934538917,-0.007465569703884678,0.0018203140407582197,0.011202443164413767,-0.004861807680354935,-0.008169055116863166
2021-12-14,0.009801154865704875,-0.011573477022146728,-0.02117396429387386,-0.007855204816974215,0.006760068952687881,0.010163383918328162,-0.008901093869696508,0.007815691575087769,0.0028039929754328785,-0.005757234027786606,0.006054023984578327,0.0061670495107628565,0.004298712974015073,0.0015440177575143377,-0.025575410387888575,-0.007413106872202313,-0.003093217750529842,0.0065092091054603785,-0.012242446842934296,0.0015374586970406945,-0.008588781348450647,0.003920049485330868,-0.012011796092572746,0.0023243101661523102,-0.0008476894670060853,-0.002495911181322197
2021-12-15,0.002250643614186032,-0.027027193198061572,-0.030944603334062903,0.0019793493991784317,-0.014388463423230968,-0.009953586321139407,-0.004405811523136682,-0.03342134251522022,-0.011571402256873364,-0.0016305110818753965,0.0011429740314428116,-0.008435904995493959,-0.010244525326078002,0.002905385900869417,-0.019903934374059795,0.011172913349398073,0.009982493736674591,-0.020081819210805762,-0.0029198017592187986,-0.007675765881355878,0.02519661825173425,-0.014749547272001728,0.00459739141705473,-0.016231305764578985,-0.002829617032378162,-0.005974060321640162
2021-12-16,-0.004000050619385909,0.0025599033851211317,0.02652175932002976,0.021306539414643444,-0.014233626200091498,-0.0006413185817258915,0.01928968595877656,-0.007104173377368905,0.00944392624229673,6.661401898111485e-05,-0.004933246618319731,-0.014755875649376415,0.021566207411616967,0.0021591830137848156,-0.005132717001348763,0.008390390182570373,-0.015479784334161195,0.009725931931539922,0.01293574070326331,-0.007528830087408789,-0.013740198705964879,0.0031507601491693737,0.0006102482457752689,0.012413545466619658,-0.006548194439253474,0.0015678167505297491
2021-12-17,-0.029239722107122113,-0.02988324020434263,-0.018175116924314838,-0.021000230737016623,-0.03689991312791918,-0.017270788707745455,0.004007610675737183,-0.056989934559045,0.010045358096249402,-0.018032239907191827,-0.03431480224240813,-0.01733799204758435,0.027799625513687642,-0.0005760231994995646,-0.02220736319805927,-0.02191489181571271,-0.02069575002732993,-0.04093600421738608,-0.026394304330311313,-0.027746111706527965,0.005886559476899311,0.0007679077376669952,-0.04421174886961532,0.041129872936635836,-0.025445513178490087,-0.01525945397337003
2021-12-20,-0.02112071172241614,-0.02332721393711379,-0.03868233160940848,-0.03711539981321654,-0.06022560223157336,0.009462263330823006,-0.005599344374567328,-0.04167764657139639,-0.009817475555329525,-0.03217814263812224,0.017419473188105217,-0.02519541800110825,-0.012054706393892611,-0.002120414162391282,-0.02546452781929842,-0.024322992513003072,-0.0013703936665332428,-0.03873751454859553,-0.026960721372406793,-0.039760474241945065,-0.006502159881248248,-0.007658394339263297,-0.049234495444919424,-0.007230047593704492,-0.03309488161567531,-0.021842546279377872
2021-12-21,-0.012604725193832933,0.000363247435164471,-0.00853159711886775,0.04235672354477105,0.016907586044462297,0.013199761387758135,-0.0032334988658628827,0.006699307277800548,0.03888275404836872,0.01132818890617604,0.0016526797471450028,0.014648708419014556,0.007059897069360499,-0.00325368003920401,0.00047097036134791104,-0.002578895452671204,0.00391809692595424,0.015298594358688966,0.014885687708144468,-0.0071238346593618385,0.0191110368718328,0.014451036855684052,0.014651761578950095,0.03731510555879303,0.004878012816877497,0.00942870544420904
2021-12-22,0.005256480254852036,0.0071974354888060255,0.029441112446278783,0.023059608075271854,0.011665367605799615,0.0059728602797588515,0.0076625935369984965,0.01878179252713874,0.014771724737841607,0.0023582014337393264,0.002111720824848451,0.017283336632117008,0.007231104238757169,-0.0009542949516628818,-0.0023529225083152028,0.008002982906378575,0.014845842124128206,0.005512571605160499,0.023731729652557654,0.022085261140677437,0.024340117887099,0.006221717786164982,0.037257467943228706,-0.007455304492962833,0.012183635048767405,0.011007170994593363
2021-12-23,0.014118155914049968,0.014047486780651486,0.02164320373250095,0.014156112548875166,0.017097391743703838,0.009960200865340108,0.005328583323728875,0.012686249372014569,0.0038024700982179915,-0.0007611711547452771,0.010098215761902729,-0.0020470381502761814,0.018030430705765044,-0.003011077814855212,0.02500011197736396,0.00995466131232714,-0.004930151650668568,0.027046895480268285,-0.000359268518361322,0.013052472480665767,-0.006332265090590483,0.008799813098032905,0.003931939327309397,0.012980430636506002,0.004614579309520472,0.006909306212627531
2021-12-24,-0.016647086872748962,-0.015420581514395848,-0.009504623018452674,0.0,-0.010685358903494757,-0.011960077169678174,0.0,-0.025161296186360538,0.030755140827659178,-0.0036009060798892767,-0.0016081610521360146,-0.0057431341993745555,0.0031760203137265464,-0.005183056018317367,0.0032212021451494266,-0.017173564455395418,-0.009482645547361446,-0.014234949899037286,0.0031921894255733108,-0.01050238058342623,-0.00889627275634508,0.0022386986384772545,-0.010056019821306661,0.005615307113623347,-0.009493797695571793,-0.004032754879180422
2021-12-27,0.006966444054479215,0.005813271723720703,0.005655426394048257,0.02412249298295266,0.007903083433992819,0.02118080489683738,-0.0017115590048089047,0.006069967722085456,0.0015804407245847418,0.00827029477685115,0.0019373718288440145,0.012240544568750789,0.001422104904614363,0.003298427499539125,-0.0020643905300984366,0.007260239724480977,-0.0037720001020233873,-0.008302916200208843,-0.0010747620717350692,0.002407201263300518,0.011076971110145717,0.006864846748843023,0.007591898732345559,0.0016462946985178473,0.005762105301614362,0.004851870910828504
2021-12-28,0.004909536318021157,0.005479837235554896,0.002307236607972607,0.005425481854771652,0.008363744595104139,0.0014565650452094125,0.0011614266989066202,0.008669363132195462,0.013179176837126771,0.006892700983913702,0.003345784153284459,-0.0002718264200797238,0.011708632363817584,-0.004444022136842252,0.011491700324832266,0.024616685439865282,0.0010907331452267854,0.01565317383757936,0.011876379224062816,0.006877162724266084,0.02644504995840058,0.0028273483934506682,0.0192083290145304,0.008362160685667641,0.0035911991886541372,0.008603409174043453
2021-12-29,-0.007328416604878374,0.009204483790022033,0.0007240811351489906,0.00763351113496924,-0.00025914762685808057,0.018835185888989026,-0.0028173548356557054,0.0014010678970310941,0.006230845457631196,-0.004757750319906884,-0.0009745908443241635,-0.00013599328260449628,-0.0012976924605730966,-0.0031381330016490017,-0.014996597566786951,-0.007154030227689123,0.007207811426220401,-0.004301090679064035,0.0017094455067609982,-0.014744276201782758,0.02907618922943489,-0.0031970093337990724,-0.008746404371949734,-0.0024808828620370704,-0.003933629904380509,-0.0011402602889762914
2021-12-30,-0.002460900579287273,-0.005015732410694751,-0.005866790308317826,0.0056165140920581,-0.016852507354931268,0.014803956981745747,0.004210279590453503,-0.009632239368923545,0.019467292495222388,0.005261953704210454,0.008128060254147806,0.0,0.0038714646618884796,-0.0023373536551122287,-0.003460225246340598,-0.0040829798221058144,-0.00922435141398692,0.011519096171958454,-0.018064497166480953,-0.005941829540195065,-0.005185969718083383,0.010569049460482205,-0.011764684204319531,0.014779036554446678,0.0005194215739185992,-0.0005606259494814747
2021-12-31,0.014502502324048372,0.014761036116547555,0.015455807496529417,-0.023119870485598715,0.029667742152439613,0.00046895388294276863,0.008164643474810607,0.017033959083708528,0.0015565589326738127,0.012247749362366944,0.014856288581454269,0.006048772426850313,-0.0026942015548117038,-0.0018653421836821726,0.009490747407236544,0.009465793854622984,0.01980166528030214,0.013522980508015259,0.0038362947829064797,0.01937131290523242,0.0134819127136101,0.001232150033066981,0.025510166029206083,0.001750473993138213,0.011923894557349435,0.008724831757606522
2022-01-03,0.026232428980335065,0.03505393570396986,0.03472699656390921,0.011567647349721266,0.011012836622114275,-0.01097407323926436,-0.015376183631156004,0.016988898575782008,0.005344642135707067,0.0272069195044351,0.00048740718996809207,0.03316900015662627,0.005668037288649952,0.0011097961160928538,0.004815362804375223,-0.008779842521994041,0.013121933244599315,0.004564699062852284,0.015074962249145063,0.022477832671858433,0.0038428817101243684,0.021239292638858043,0.03150917479715365,0.0046831250112668865,0.02649823426940845,0.015653315812207858
2022-01-04,0.018381626248458183,0.009077536891776594,0.017092292083182636,0.011961041151597351,-0.0007598968447887211,-0.0036471744213649737,0.008113802038371976,-0.006986666580751866,0.005504577882403661,0.005856708793870347,0.016918697904105384,0.010657650786317197,0.0003688120257308025,-0.00148300245129529,0.005248677570646398,0.002470553021895361,0.01411501747039301,0.03320528805482925,0.022567968002737526,0.026975408950873137,-0.013251719678001872,0.01754944879415965,-0.016077167179334606,0.003895879200132679,0.011483394605989794,0.01018687423526421
2022-01-05,0.025029911809787198,0.04977687842985734,0.04464121402403909,0.011170290092400004,0.019267187107740336,-0.009316632410951708,0.0058434264531077584,0.01608204922156453,-0.017023484894094998,0.023747847959019408,0.006059114608847116,0.019667463214074532,-0.028697114919690847,0.0017687311023197871,0.0013622892160329858,0.009196301927672845,0.019036433071028647,0.017252921351602613,0.004678356417559648,0.01840741231411247,-0.003103604066346022,-0.0061264206239842744,0.0003062737166990015,-0.011088018660987964,0.0232287926329513,0.0067395852346920915
2022-01-06,0.0046774624985339575,-0.00010548491620143707,0.010096731684828608,0.020680804648785633,-0.007710222013834311,-0.010635854259834043,-0.01967555896877271,-0.0089290384218087,-0.019721634015262057,-0.01603979986365711,-0.010099997666753957,-0.0038068806791706766,-0.014555626490362128,-0.0014060174188116337,-0.008387992841697778,0.0004169391684611945,0.013729370975326782,0.002993010756722869,-0.02150133717633973,-0.0014215335949697705,-0.006586127996223268,-0.01385666595226076,-0.0018376552974149751,-0.010861914674204387,-0.005455522558563963,-0.010005417462796928
2022-01-07,0.00041070686767397113,-0.012765157501510638,-0.011473678096750484,-0.007047540461187607,0.004135790980187792,-0.006551382742795764,0.004640268940963033,-0.006330294194138442,0.004397495273121388,0.0070140941840364235,0.010349561914727579,0.010445237629721937,-0.0019253402379525442,-0.0001451458849398568,-0.0013719437633312737,-0.012918966266513565,0.003032153397822368,0.04144573647862626,0.008069530620796517,-0.000915226322259155,-0.0007833993844266196,0.012094708398392218,0.0035798077466511202,0.008147182881504955,0.006651181904417269,0.003764183651131514
2022-01-10,0.016698664583695733,0.002359678515088115,0.009393936793831603,-0.008491738352191969,0.01834746299878276,-0.001985779545773836,0.0007790898241861743,0.015860442527992902,-0.001898861640929006,0.005546414541822697,-0.0037661672966430304,0.022061150884340908,0.02009032779834441,-0.002006195020322399,0.022435917059192345,0.015621216407093241,0.027776403457492327,0.008277721459030829,0.0008210614828010332,0.025241797217265827,-0.0027143037495265254,0.006837780542737981,0.026702155291636887,-0.02529863892285833,0.016118244206273724,0.010700318921871732
2022-01-11,0.0006056931189546422,3.9273221186242324e-05,-0.007948293629375325,0.038220602524166036,0.002206082445481483,-0.006341721178158455,0.011232179102341977,-0.004293527688462695,0.043125792938470964,0.0043292940755785825,-0.0014128419649793722,-0.00012326482261448835,0.0026207497262826784,-0.002867879980486321,-0.0060457438489216475,-0.0006532401752958883,0.0022458931794027137,0.016419151635080453,0.007198431169831654,0.004566649528179312,0.006894982184278309,0.0092915367690527,-0.004764820552124127,0.0009373657757534293,0.002459114584288269,0.002913311252602302
2022-01-12,0.004843684649910918,0.007629434914241839,0.013644325394286616,0.017483355671057854,0.021279195552528662,0.005172143541458674,0.004728898988996644,0.022396471638448823,0.006326117457230884,-0.00590714705564821,0.003952438621600773,0.01615970139779188,0.01177497496454305,-0.0032636917690374023,0.00360442229314506,0.04652958423333198,0.0033031203405660126,0.02485269241088206,0.0266946962935124,0.008498792033294844,0.004565023895925613,-0.01430032209320109,0.011869165115529823,-0.004033857567008359,0.007422857368732272,0.008673115731830494
2022-01-13,-0.008234560086911147,0.016152503605636914,0.004353997148430544,-0.006292311797034489,-0.016165709950771934,0.006935270961197837,-0.003283712872338862,-0.013394002377959291,-0.013238245907082002,-0.018404957329288818,0.0004351402033140328,0.0011533443442683922,0.010306537465587517,-0.0002194288256299748,0.0053873026381896505,0.017545994435407053,-0.011467728295427748,-0.006062683571202765,0.005632428402380318,0.0021558138452260067,0.03503944591971919,0.009844622429138195,0.00926558219091378,-0.06017198567920001,-0.006651612071568946,0.0024956237305924223
2022-01-14,-0.025651432080673997,-0.0008395066538189333,0.003054432626614867,0.02070137471242295,0.01594458070736393,-0.007776177873034862,-0.0025806892696492723,0.017850613419395867,0.0022108576609538577,0.011223924612215663,-0.02091809286290236,-0.005699065315434071,0.017160502697416202,0.002346842694858964,-0.006028109718640651,-0.016518013605814952,0.0008852470639475474,-0.017688131879077806,0.0014593802120246302,-0.005866737720118476,-0.006643599405529388,0.018022496565037738,-0.0040042703732698914,-0.015313573790397994,-0.0025877843783118637,-0.00011232356375068253
2022-01-17,-0.012539761499420377,0.008836075092554019,0.0026046442790166324,0.0,0.015454631554893794,-0.0035828221519268455,0.0,0.0069233937024124614,-0.05866705309846987,-0.015305944128263915,0.010936477521639842,-0.0008536620375826365,0.0052608294803455635,0.005498005971102504,0.008984567886187733,0.022242389387856498,0.022426515606136288,0.029804264557740767,0.005218428270123976,0.011114351653085386,-0.0076182658180395935,0.012852349047846934,0.029613538242345028,0.010706497900871081,-0.004020072672423991,0.0028675682661627455
2022-01-18,0.01761028851365176,-0.011815142115432997,-0.013829815216152341,0.01920783364606682,-0.04695622459912552,0.004526701903530661,-0.0023121118479906277,-0.0378674167866635,-0.03098325413712344,0.00509357933452792,-0.008390514877537725,0.004638124737891491,-0.009667440394252935,-0.0016658111946615817,-0.01714165067357365,-0.009602517710279757,-0.04238713296884444,-0.012059152309211507,-0.011930572511824944,-0.014007850138973765,-0.007618501611507789,-0.007103477131153113,-0.027047529627854616,-0.02064493410205226,-0.0001530171047977591,-0.010653690567923424
2022-01-19,0.006067162276059079,-0.004200364543655133,-0.022236652072204266,0.017909385155464808,0.010770031295312954,-0.0018323639073913878,0.016994937884445838,-0.02724580516451658,-0.016847863085049597,-0.0070623392998786505,-0.02515323952898585,-0.017616400489577466,-0.0279577946479026,0.0049101159752769075,-0.0018118325950606806,0.0025219705021031213,0.012703614056849721,0.03906023719257967,-7.930194622152165e-05,0.017758423976653503,-0.009684656966231553,-0.01730847821615833,0.019674990295334593,-0.01918503027868712,-0.004421511424929969,-0.00964224043394124
2022-01-20,-0.0009593196674066995,-0.04526946641435059,-0.005487387432218771,-0.0006899443333189259,-0.0009797433505507325,-0.01993618250669138,-0.0003255252530436348,0.008535073265916404,-0.011646439197425917,-0.006223349014481072,-0.02082329226399926,0.0020405724243521828,-0.023218319407441124,-0.002284840131227761,-0.007261188733390211,-0.015541071560679631,0.002576110231109263,-0.019970681994749828,-0.017508522161574835,-0.008530340545480963,-0.02206324564086881,-0.022505145449522757,-0.009887582091799962,-0.009579099426964444,-0.005007766618031373,-0.010112406160797005
2022-01-21,-0.022499643833198024,-0.05352284708989141,-0.020782819708594302,-0.02025318878396498,-0.03126152491158618,-0.020777247571732604,-0.005807300500339174,-0.03650246230657572,-0.006296075984450256,0.0083498774298989,0.02811907465729968,-0.007096604585603128,-0.02083697710260468,4.027379622861815e-05,-0.007771332206357395,-0.0060193572328745,0.019069650224109003,-0.019178991144124358,0.000161334312000605,-0.01701208440747337,-0.013719412416859256,0.001816228019305255,-0.02685674199328092,-0.014897421385430598,-0.007306311182848191,-0.007875745304668613
2022-01-24,-0.011087711601730832,-0.038447766384059445,-0.059942498729093074,-0.0214940315265868,-0.05846617667914156,-0.02931398077729419,0.005404466688426757,-0.07946736276832145,-0.03685924228141624,-0.022969196031845218,-0.017545193311215845,-0.007519993702907346,-0.027383993148847652,-0.0005238456872753705,-0.024188095625627293,-0.02342322731545976,-0.01676522854912521,0.012526925684234858,-0.04033751393364238,-0.017008192777481113,-0.009768266320247077,-0.016212331101007615,-0.046627418703873436,-0.053384059897242375,-0.01668027008052575,-0.02656790518738339
2022-01-25,0.06755595545587845,-0.011345163093977484,0.004616616659640194,0.027487708349970053,0.022177411599249464,0.008821411946348778,0.005972742733147518,-0.010236165820449172,-0.0010668971635479085,0.0009416729594029505,0.018668311801557147,0.004007622031415359,-0.008435194476361763,0.003112322803116463,0.011803587556449946,-0.0002340459430166808,0.0683407081964007,-0.003319258148103632,-0.0019554038262533657,0.041485381857305326,0.008990327864835779,-0.0003845996785103445,0.025289871022796895,-0.017546969614028685,0.0205480531033424,0.007513491221694313
2022-01-27,0.02878236383015631,-0.010889306932519549,-0.01820148563195534,0.011799090586851024,-0.01604199454520505,-0.03327381532411999,-0.03206126405205456,-0.017694315959385976,-0.040891588135204326,-0.008803529616996597,-0.013707063372198625,-0.008731947058212675,-0.0252881288827147,0.0033518526411349114,0.0013999319069357696,0.004154483739799986,0.025294679220848826,0.0033303123143888502,-0.014811007420607925,0.027785909610209547,0.005012242935066524,-0.03200342856209104,0.007848399273160833,-0.03189978345540456,0.007302428638440883,-0.00971173291462768
2022-01-28,-0.011824058554041672,-0.010488342840874743,0.004424356269391305,0.0024246516914070426,0.011225397829119022,-0.008869216905921462,-0.004684115421483281,0.01375819735767636,0.002504938304005444,-0.007932488809630489,-0.005140911305531626,-0.016988600672025456,0.0045276962626561446,0.0041965491848174885,0.013979477465704049,0.013519059245676868,-0.03052648042583772,0.01870840474557567,-0.000962183546857287,-0.010397995481419398,0.018778290636556783,0.011180360231838993,0.005865725639852881,0.013584092592178632,-0.007706330306413323,-0.0004793161771092791
2022-01-31,0.010919349152792579,0.032292047078093855,0.019367417669744924,0.015319072054016392,0.033170236022527,0.019959309051025276,0.005658566557111833,0.05088545290543722,0.017539216503148936,0.015342659777696221,-0.004291609742451241,0.009793293311262774,0.029652386445706114,-0.0022642907421945857,0.011948596286848634,0.01857065972938199,0.005420499185818883,0.02251171342950342,0.02172669153807205,0.028369447038610662,0.008642146301704345,0.012520218991905141,0.04112197934669881,0.03703717575149246,0.007587081512387517,0.0139107178709299
2022-02-01,0.011448221207388531,0.013658961809353665,0.0020499417929904507,0.0005671630345758238,0.03555895818395305,0.0015455210572479228,0.0029526734418523493,0.0037022310075434106,0.030380278274678263,0.0076057195010648115,0.014029815656886102,0.027256541037327997,0.02064846928426567,-0.006439319071544047,0.03428690865407891,-0.018175638877297118,-0.004408297223977731,-0.009559409769465899,-0.003310215728674293,-0.011146224732091037,0.0686040418727425,0.017236497577267418,-0.025977799866279128,0.007073238671651438,0.013960286484384188,0.013667938611870323
2022-02-02,0.028392194172481622,0.05043730564332605,0.033195156626392164,0.0006803309531120405,-0.01296941411587893,0.02457385688788838,0.004943566129181232,0.035259921702570196,0.03367743892966124,0.02284586722992521,0.009650077656967904,0.0042576996769685405,0.008493026732251163,0.0025443662610320494,0.019319465980148776,-0.0004024611066364425,-0.005158159339740287,0.0020471914686768233,0.0020388184506612284,0.014089719638351816,-0.0012336039615693517,0.014615947263089568,0.004164211558345565,0.01968237001458184,0.021425557706360232,0.011557838585399605
2022-02-03,-0.005658422558813103,-0.02142344033829624,-0.018875705253485364,0.022773560595811926,0.00926055774736212,-0.009217869670761658,-0.0034269021330998184,-0.06416220736361411,-0.012126715587852388,-0.010351533331896423,-0.012779827650062692,-0.005898641428599083,-0.02716687493562453,0.001028881982949592,0.009907426838753786,-0.015126202317285564,0.009207065419330585,-0.022183056845339832,-0.012921975816892806,0.0005558028056391606,-0.007971775011946236,-0.00819470658870991,-0.003751981148730321,-0.016581700375609354,-0.008148887454932474,-0.012362248664229525
2022-02-04,-0.0012506803638273611,-0.00870740817121518,0.006715223352981692,0.02259888103899743,-0.009299474545187314,-0.005188874528030962,0.001996658672178242,-0.09650149713524048,0.006094566947759006,0.005708308139831253,0.003677081475341959,-0.004821084006588761,0.0014666186050886765,-0.002385715197588012,-0.0006398480962100939,-0.016935280762192195,-0.005015510145019997,0.012536971462309143,-0.009116990185826901,-0.0181447597878881,0.011770848430794345,-0.0025360357731936123,-0.007730416577074961,-0.011240705664086859,-0.005656167500663889,-0.0024998826581151823
2022-02-07,-0.01120792515432445,-0.03050771174145439,-0.03182271340453102,-0.010724709023431034,-0.030913724610856175,-0.009823261893581403,0.007749363549869104,0.036266573068508334,-0.0055420618226463825,-0.03664689331497284,-0.02124338564242989,-0.02316620027718541,-0.014990439129791255,-2.279295462614961e-05,-0.01749886253134003,-0.014494496167160031,-0.00454924687109215,0.014740746956793727,-0.0060908711500688995,0.005563103840515726,-0.007718613592013535,-0.009410543684417627,-0.011985568584733541,-0.025797937411087046,-0.020467053287933967,-0.017281112927623465
2022-02-08,0.011334966611735497,0.01768161452902217,0.01794925124228519,-0.021462977343655654,-0.00671582228246459,0.0029587765470691085,0.003295616873810525,-0.006628081669151742,0.003974496248584813,-0.004291280361399363,0.002989883019815842,0.007756817341576072,0.0013411117164852104,0.00021577140782502724,0.004561290910232829,0.003074144240386101,0.010315202563968784,-0.029924486313935184,0.01680965018037961,-0.003563216945381975,0.007947596466536533,-0.00940710009803003,-0.0037404774891148795,0.005834772894288909,0.0008685351550090648,0.0030876976246183574
2022-02-09,0.006636991068900588,0.01680193646166983,0.008837803587961712,0.0033572409322819574,0.004681061106672768,0.010828448459852424,0.004708187726313318,-0.002610881821420996,0.01630887217544319,0.024455460157560394,0.005873470918973833,0.012996898496518972,0.011646123645779438,0.0004941948961194598,-0.004756786127812496,0.009795096074646903,0.04070040882590176,-0.01796951558219595,0.011650876378170638,0.007339838588974912,-0.0007326229054712696,0.004567835844245582,0.01725020037674896,0.01552874940450577,0.01529906514215984,0.01141215233034587
2022-02-10,0.007401829275225147,0.00835292112035324,0.002760895865199009,0.002453642452856286,0.012423845895650043,0.0004464754113218117,0.0005448997529460264,0.01909962544250976,0.008002348923300762,0.018362586679309345,0.0024149321698592185,0.0033631632181814197,0.018592056520402078,0.0015221978072712528,0.009124479404096775,0.015294054447746896,-0.016090456210682946,0.03141198327213557,-0.0010277595723325872,0.009901820127852234,0.008855554051514947,0.00260596069391017,0.012369107820909164,0.008260849429088557,0.010378072520244475,0.008133901085124018
2022-02-11,-0.007409251626956381,-0.017110344810076117,-0.017570481527890203,0.035825559847585176,-0.032084775030243096,-0.010364606828754286,0.0025052269788561343,-0.010306364623590136,-0.022388762065892354,-0.00409793579880624,-0.011015395614009438,-0.0182495304312974,-0.02726604362300067,0.009751511215507547,0.0008611842856771634,0.0007032710346912552,-0.007756560889856545,-0.005617739465933691,-0.0019529297851957894,-0.020257141395303657,-0.015878378690830197,-0.019998176008902524,-0.016947529782593396,-0.02126727788262406,-0.012655448198186203,-0.01312629691281364
2022-02-14,-0.03788251951052579,-0.02724183159876814,-0.03218234597677827,0.025349093974556425,-0.06220298283162129,-0.027928126886252014,0.014776157350273156,-0.056554176312576754,-0.014823197003921318,-0.029726497466201374,-0.013042543229713321,-0.04691454844945708,-0.022743689011669233,-0.002613178568683483,-0.033250659859374476,-0.033503146094443825,-0.042433821165312136,-0.011596783856041237,-0.015927566748771604,-0.05324766617272869,-0.017327655811658293,0.010500766802647776,-0.054926238153687246,-0.03517689588849304,-0.04176566212329624,-0.03061622289529342
2022-02-15,0.03051667023842808,0.04472976474938117,0.05247617216089351,-0.035512250389282185,0.046472315202937375,0.017350148497973672,-0.007066355017063652,0.0557668909829967,0.019277211501136815,0.02992468573915108,0.02761868436902115,0.02965374651159003,0.03331934910578016,0.004571196067359784,0.016176849898056567,0.03581589610602154,0.030634525027384063,-0.012334782034423064,0.0339525374190508,0.04666933658336592,0.013817504855503815,0.022511021977359436,0.06904223190923142,0.03996688344757926,0.03418042205523242,0.03025912638397754
2022-02-16,0.00012545296795174465,-0.006277807992853046,-0.01028422877223134,0.017269512029492784,-0.00995817602018223,0.009093930818187435,0.008302729101975048,0.02097410937472266,-0.0006419737044841556,-0.0013506039902763112,-0.0015718898986054608,-0.015462902655313027,-0.0028475089391752917,-0.006746411401259866,-0.0011212071425952264,0.011291925516949464,-0.004609971680297975,0.026804809198847313,-0.002067698569007681,-0.015434391028687156,-0.009067014155481612,-0.0012310740246240792,-0.011011895328074117,0.0009764406169932016,-0.0056667231578748645,-0.0017432697608654735
2022-02-17,-0.01787842238748305,-0.005607736359053428,0.0019592821378675573,-0.020286156860866655,-0.006116644950869721,-0.003579269296711707,0.016308416637958123,0.012193532678639762,-0.004067433465798964,-0.00610267628930572,0.00920626583927353,-0.017930753612190098,-0.004904016771727693,-0.001766512799606157,-0.00044883333916712065,-0.002314227316226436,-0.0035535277445625235,0.018985258324305088,0.012660876061137305,-0.0072575866684169155,-0.007250987444612167,-0.007579133875585398,0.003009300835439932,0.0017734104133770856,-0.011122821390563642,-0.001016014719190439
2022-02-18,0.005876326424271605,-0.0052312746792945175,-0.007391422192595365,-0.007519642821954831,-0.016274703155931047,0.004685006066215136,-0.0011048432892540871,-0.023190655559613083,0.0016764662666566288,0.003883224284062292,0.0021666642201429998,-0.0019323548125114165,-0.010349139484637226,0.0002798929025848995,-0.003368569071262817,-0.011887435155501502,0.0019466730788522124,-0.022416065953686615,-0.00781656819940868,0.004581217424807882,0.00040591013416646504,0.00256318407842393,-0.013601379780565637,-0.004337287934441769,0.001798503120840067,-0.0016353356196504576
2022-02-21,0.0018415202045303225,-0.005237185676264522,-0.003378320928646983,0.0,-0.03656322114196486,-0.00529954887654982,0.0,0.011599730381729456,-0.00021451658585946998,0.006446919052541578,-0.007675240472063027,0.007410814059288784,0.013913771711401512,-0.005070406959973628,-0.01757538909945855,-0.012793487355721722,0.005088296488457766,-0.016551369477836753,-0.010105654521864293,-0.006695012186786808,-0.022076887248998034,-0.019636608564079006,0.0026361326439494626,0.01484581684845776,0.0022993640697870354,-0.004031556958107085
2022-02-22,-0.012296378313736422,0.011066527531033987,0.0007136880708766835,0.014055109076382521,-0.0639249421267829,-0.018553995268987378,0.003950279203856821,-0.019373722690351758,-0.013049832547322393,-0.007489652268042324,-0.010829162571438067,-0.004175243841843312,0.0021089270070284716,-0.0022147824058013077,-0.01444956165270439,0.014445398181073266,0.001172501926762104,0.009486142411175846,-0.004541933287048883,-0.026277280822180726,0.002310817943901977,-0.03575857694441997,-0.03276368879896463,-0.011650136420402246,-0.008330843889370443,-0.006651566067580439
2022-02-23,-0.002502692730799838,-0.003449795762442087,0.004735244874666922,-0.0027070926272950713,0.061199304959336454,-0.0041603500757392275,0.0016263446963136197,0.025956523483180893,0.0030010016187407285,-0.00648703154949104,-0.004207037493427768,-0.008917911834357528,0.004901048655880258,0.0014225319061189623,0.005119761911032583,-0.0034574636070954234,0.0088195780947804,-0.025462546779563944,-0.006257844304689342,0.0006019039765021716,-0.006561722435778572,-0.006301432045696886,-0.002613726067098421,0.0052290707101092515,0.000545937396879026,-0.0016937094155936583
2022-02-24,-0.06034483507007815,-0.05506517259482924,-0.05915931223094728,0.007709002130680487,-0.06885546390142927,-0.02581560296469987,0.008328108537978274,-0.09114820576430349,-0.04722467538223818,-0.0543008117779461,-0.039373563734453776,-0.04995965861679674,-0.037123011819501506,0.0001340355665573334,-0.03449876226778059,-0.06409495874693161,-0.05617973895664241,-0.025505391422685042,-0.049830469528904575,-0.05223587346533898,-0.02618272092009144,-0.04549940238849748,-0.10283005740048756,-0.052812588002551286,-0.057871949490684194,-0.04778103847083648
2022-02-25,0.037998028271078566,0.034564930910689906,0.051540343942263256,-0.01314514872099759,0.08829958863415799,0.02054979100862231,-0.020050894018732057,0.01388404086661632,0.028355412558604076,0.025855983648854775,-0.00032241094898077804,0.03201860972595694,0.00980229025024415,0.010388153211868367,0.02613918558804529,0.014827770783714778,0.0177767608470083,0.018193539400026548,0.01250155773624706,0.021792116375200843,0.01625422793117126,0.03501246188132834,0.07430763288280184,0.0336962980947455,0.034138959175071815,0.025261660109649586
2022-02-28,-0.020645102509823432,0.015242080791550539,0.00472081997821272,0.045092314094830055,0.005590616378196911,-0.02710332484048339,0.006838072840743337,0.020863808434252062,-0.0024340045994600823,-0.02049981639481846,0.0006449689072687281,0.017327738000325166,0.012392384181289406,-0.0045127857710662855,0.008880537797988586,-0.020740501849485393,-0.005020231638137029,0.00721006193500795,0.033100432857623874,0.0005176098211161495,0.014851785133891848,0.009500869521232858,-0.012398063377054958,0.000990444624215936,-0.006188503654878885,0.008134034290366632
2022-03-02,0.010573904180840588,0.0025262139710802156,-0.024384902573373002,0.15545337509042567,-0.011118979637038673,-0.051742391876241856,0.011319363864193077,0.001697557742807554,-0.010115938761895649,-0.03645926556121071,-0.010588800953799882,-0.03749854975341105,-0.007460908111317388,0.009767145328134275,-0.002548065441173142,-0.015805675307972278,-0.06013241962235927,0.014316593320069293,0.01652859332877732,-0.018522336361668,-0.027254408455452794,-0.0022649409763424444,-0.014205455647783971,-0.0010794213984447465,-0.02299381482273899,-0.011191633122935585
2022-03-03,-0.016794433217106608,-0.021734234895494864,-0.012178815889411387,-0.02649186569257822,-0.02248809460286827,-0.03485455422684214,0.007027955556467846,0.023194034566632382,0.021648530894190054,-0.0023650522056133383,-0.027034643158188487,-0.023151629208940316,0.010600086610573323,-0.002245401928354318,0.019043240898509284,-0.020941679472377128,-0.027981205616747995,0.04510605109671806,-0.00844264001782602,-0.014443865962893598,0.0,-0.0004935133785949342,-0.023458436644032243,0.025846396368523594,-0.012113857338416745,-0.00649757722841704
2022-03-04,-0.03070571907124575,-0.023618172871904264,-0.03118544074706897,0.07439400271616914,-0.033770823455923416,0.02952515427300928,0.015870528734703626,-0.04760976413454332,-0.001096846554815123,-0.0032822532258791615,-0.03419406135317171,-0.014678564960827978,0.001423659517799658,0.003447052820780838,0.02780308650616803,-0.03903936125874419,-0.04584920226315348,-0.0296534391534391,-0.022179763299058353,-0.011660199405398308,0.010659054115806033,-0.005656796818656162,-0.04541294394029338,0.010095692160331238,-0.015352959213524975,-0.015317032007332254
2022-03-07,-0.06636349754565118,-0.06260926050002591,-0.06315487354971427,0.0321576868161253,-0.04273506264674487,-0.0154754190861085,0.014655767740029635,-0.06240194302445834,0.013834650536058035,-0.03051587866388572,-0.037410296969944246,-0.049851050705101096,0.009603678468996346,0.006934862676489351,-0.002439023980868371,-0.057012306936682244,-0.06599008193420974,0.13131610431387708,-0.03698031499348209,-0.04686671733580838,-0.008437217529553731,-0.011193551665073298,-0.05572203284726451,-0.005996687188626781,-0.04465711014447182,-0.02352668473994779
2022-03-08,0.004269305089371178,0.005391994701609448,0.006016447026224281,0.03601336153610779,0.05102041851051142,0.02630401975395924,0.023170645772699228,0.035968803155908,0.01828110015609674,0.002264477101044049,0.002597854304527525,0.01720848482154369,0.022042091346140325,0.008673397056386367,0.008668461547456596,0.014626149743036665,0.0055030768373136585,-0.04198993692477615,-0.0018086118373122906,0.0,0.039324105172296564,0.03301395293227549,-0.005710646681364562,0.027279708468326058,0.008726501026388611,0.009474776509483585
2022-03-09,0.005668207478791265,0.03906404407029984,0.05041515663526375,-0.12126111859385258,0.029126315692993066,0.01600088005370348,-0.026567301514872077,0.030226511519352295,0.006296092079694615,0.032647852413575595,0.02508977144254887,0.003684321058910589,0.019767249907792328,-0.00215754812738822,0.010357045721078428,0.04881186043670316,0.03240376497010433,-0.020658739579333396,0.05305313246325838,0.02589162404511125,0.015497016710617428,0.009069622966183521,0.03611994547932751,-0.003319354216349768,0.01982464252580729,0.020726290088294297
2022-03-10,0.03077717103636335,0.030119396491841366,0.017365563099498438,-0.024655017299143878,0.04554822295574268,-0.009655508963123727,0.0061432856749545905,0.011381423304882787,0.00799035934168879,0.015716789548626098,0.05207968461424195,0.013708851722174398,0.006920975891386183,-0.010135857972012996,0.011995801877961343,0.005443219547741407,0.02632042348321173,-0.005986468492838348,0.016205644194592805,0.037635564920121656,0.0014972031129103502,-0.003207190668398696,0.03375225472284993,0.004696593369032387,0.0195222080032309,0.01526738719047449
2022-03-11,-0.005899746151338814,0.006565450264773176,0.0065453373038222296,0.03122057435194936,-0.002537722188552749,0.021348743144190774,-0.007707334268670096,0.005929934153537708,0.0010904042505570644,0.002944032933605456,-0.003592063957786884,0.0019213793117676126,-0.0021359225221552203,0.002303802506705477,0.018749920978391454,-0.005481502158292795,-0.015148778007365582,0.007743274840923631,0.002884416164853132,0.0035203881495213807,0.03731829412745591,-0.006020525651109443,-0.0034557268314008294,-0.003484716079953376,0.002049253930390016,0.0021421537513466316
2022-03-14,0.02779190696018463,0.00703309474253655,0.005650324661834238,-0.05780663668688446,-0.029257874193235445,-0.004603076409370299,-0.011650767213810864,-0.003650887648353307,0.007876492420687553,0.03275344293483817,-0.01675876677876198,0.026921389587333477,0.037705809002901436,0.005810454238611262,0.011212197836108606,0.011431652867949227,0.03015815172561953,-0.022197008877800184,0.008211131176224518,0.03146588103097958,-0.01080943212674279,0.012183614286297884,-0.015425130494230777,0.02038556389177204,0.0221702658050551,0.014482565042708062
2022-03-15,-0.016759272224923683,0.0019389131482938637,0.00016498715316304313,-0.06378021122779354,-0.006552241056092756,-0.01451752859784372,-0.015870573572873248,-0.011026361318907996,-0.021615500206446203,-0.012859147103199131,-0.010246397360391346,0.0017235910486288475,-0.027185731249439238,-0.0034344039384266445,-0.00481170734766434,0.024219677210324253,0.014125184489467424,-0.046856723337586725,-0.02290335674850108,0.001442845454624031,-0.000672347404449547,-0.013478139960882984,0.004736452783308032,-0.017470552763908742,-0.008198296312807662,-0.012346456503312231
2022-03-16,0.03681140761530921,0.026478554757646267,0.026107984821432506,-0.01451681346368161,0.04206360332856329,0.011269683542542541,-0.010630023334197602,0.03766276608448127,0.01924644544350196,0.016959252358365262,0.016656854311486446,0.015272256439606613,0.027238560806748024,-0.0029310642338548076,0.01997051501026892,0.016355735354254497,0.00885418906209856,0.02167916434922601,0.016882087443923943,0.014202009465030807,-0.00274785435815339,0.017251579199560663,0.027196994761688353,0.01795146163231487,0.020718083842700796,0.018745100484606647
2022-03-17,0.02127531025805629,0.015252987827006015,0.022483452279770333,0.08354379592718453,0.021237650110696116,0.024937885061226295,0.01787210460478894,0.045893788910220445,-0.00216750687700884,0.0220280058856408,0.014429685851758745,0.017090285162217222,-0.018418491165744677,-0.0031691649850484893,0.009480688957470562,0.02682096628395869,0.027679133169981496,0.017931947256747183,0.03260040923352481,0.018569178339332693,0.02519114648970122,0.004608981785422905,0.02094600766376531,0.004931016284217993,0.01903032591789322,0.018361988356508263
2022-03-21,-0.018058918122698886,-0.011606042733813715,-0.017728611526179217,0.08875508925717135,-0.02520305612730711,-0.009203023761470641,-0.006951238437623131,0.00714110144920399,-0.02410384478074179,0.004357957476467167,-0.02419081226265385,-0.012984273393082169,-0.0008357393517952616,-0.0010233180432738243,-0.001633417726840114,-0.013721110687446192,0.0016314391199241385,0.013211985277202576,-0.00576225032067712,-0.022514435824641854,0.0024134335985410704,-0.01253825166649869,-0.013485316428457628,-0.0019960381045882603,-0.011256325463634975,-0.009802202470463706
2022-03-22,0.007576787558007059,0.019393250682713026,0.016796761229794788,-0.0032108508877336517,0.013421858118332297,0.006342209612091532,-0.004096248322134399,-0.017943826925452155,0.007148570956003075,0.005146290401714326,-0.028129890403359448,0.01048201765247736,0.018536965261754634,0.004749334644104319,0.021472502803056237,0.0026801922799495337,0.007929313017156048,0.016806705517680154,0.025837038765334386,0.006318809905899503,0.0003283501989943538,0.020473032470362584,0.028975270242346474,0.01674982244436629,0.009163366186840438,0.011561223252155806
2022-03-23,-0.006357640553041777,-0.0052894447489445495,0.002719885158612545,0.028364335257270445,-0.004739984467526881,0.02405505544242481,0.00827824481609496,-0.012951604874128941,0.0036548835697980397,-0.009972122094261793,-0.007499292125126011,0.0001390608375262392,-0.007947396863732359,-0.002689136392885816,0.009009000134649447,-0.014638545525092916,-0.01568238486538276,0.0008548704224322634,0.0031801652075913456,-0.006177905959976693,-0.014549853383660105,0.0030940148811418045,-0.010332795046882559,0.0018851794496195229,-0.005535339089088653,-0.0040339354552280104
2022-03-24,-0.006191877823423786,-0.001746309992146311,-0.0010351615379184942,-0.022535490824048265,-0.0009805923429876406,0.04874854564262998,0.012909222511187979,0.0071542827316246616,0.009655487830812826,-0.02474230840557534,-0.006393599352006452,-0.01962967435402463,0.007637195025814281,0.0059197010715372755,0.011309432665214336,-0.010915702682462114,-0.011497952973639203,0.01053547465187954,0.015536446410978177,-0.007235215279408291,0.008936541213101501,0.010087852451628354,-0.005966008393857081,-0.0010634933004506353,-0.017158917586145295,-0.0013278937068936791
2022-03-25,-0.0013847062023712997,-0.0027717773510272936,-0.0034368807248361666,0.01388646287023354,0.023836257353746948,0.00761226685168892,-0.003976308551636443,0.03395659996231837,-0.010695417409038344,-0.008144813236775073,-0.006562015169174651,-0.007029192083074065,-0.005379753755986649,-0.002990070836035863,-0.005885834722125338,-0.0011755760731901876,-0.018724407597993764,-0.009298360881579204,0.0066701339336388,0.007390612503680449,-0.007151951152940206,-0.01130724317995302,-0.002539171134711249,-0.011792716187049801,-0.0032931889231159195,-0.004049875890900112
2022-03-28,0.02045071774599294,0.011366313305362086,0.004000994122774104,-0.06971029266933082,-0.003560622959206894,-0.017425338293987513,-0.007267925523241181,0.0036970051960321104,-0.013058168118043834,0.0013278812954709007,0.0113160889111108,0.015874124954004643,-0.0014121410968446213,-0.000589571599962202,0.014604395929449288,0.005884296813197132,0.008347356492317548,0.0031284325346288,0.010054622432003946,0.013857742784150862,0.003934286923803487,6.721878718285446e-05,0.0013885545092462426,-0.005220584568815245,0.008483398734081549,0.004022619949862971
2022-03-29,0.002445573387161337,-0.0010442645597684708,0.005420229360512785,-0.01623255224202047,0.025151095818913838,0.008890555177344384,-0.014229725682276095,0.0020566007985141077,0.0032217938383145572,0.013260748439537062,0.006050312845804262,0.006968335168962669,0.0064572175604884485,-0.0032040484994162455,-0.009531331535791221,0.005329785849502056,-0.005108844418930558,-0.030337362831074022,0.0002287157860458855,-0.005025119562519165,0.014846950324355346,-0.0006337776926564898,0.0023110243673605257,0.0038319005246314486,0.00383349767036667,0.005998187274997013
2022-03-30,0.01714558730809035,0.03800820438801811,0.030187462283344013,0.034343840218928,0.026545209103144174,0.0071351806968877884,0.01124476987447709,0.020400559745430424,-0.002141028056492411,0.017323303001237633,0.014519084298852958,0.021809210809360824,0.009517392682110826,-0.004832057019798053,-0.021209678234586526,0.02586160503152235,0.021434044504611505,-0.05263160306336878,0.019218112696876677,-0.0014140669092707059,0.0013595898559066733,0.007071117894233536,0.004496189964549702,-0.0028215734556856775,0.013582690400505637,0.009982465582194733
2022-03-31,0.014258166430496377,-0.003996082891079111,0.0011170187148537014,-0.06993137578249586,-0.006268795713775921,-0.013537875667120502,0.008119964402314439,0.003962527905307711,-0.0012442870353175373,-0.004468673359725894,0.01624579042810237,-0.0008210826380001812,0.0015231568361211423,0.002129003388457784,0.005818570413245405,0.01663833227621625,-0.00490889201130662,0.011728387299287268,-0.01429146604820164,-0.0015173087326074697,-0.006354498454413937,0.0022508679190915704,-0.004361234839057371,-0.014813427317330152,0.0010816566365348113,-0.001914477162001882
2022-04-01,0.0176049190366645,0.004615945750438888,0.02040659910993403,-0.010071820388164898,0.014456643609970676,-0.0037249244736843323,-0.015442220572518206,0.011930448445344632,0.005069844177697291,0.024246037449275892,0.014399766350628118,0.008147457574104067,-0.0017306616861300084,0.001073559340212693,0.010572599683060568,0.02479698218398818,0.01835003151195158,0.024710201280632393,0.008008411041148689,0.029682941950876618,-0.006613809146073679,0.005026724619360712,0.017060383660573164,0.016725570473194784,0.021303793768030044,0.011777965258592316
2022-04-04,0.012329697127502648,0.003334412590755731,0.011143020786274604,0.04039490552869429,0.0034977921278913637,0.008809400035207249,0.0052628709887061476,-0.006146029730178415,0.014876276118484633,0.10013290514501594,0.024204218762266416,0.01405769571688209,-0.010821758739776977,0.001127586304977335,0.00848788946595147,0.008650343998112708,0.009707756636535558,0.0005952859973663571,0.0029557510089801564,0.008264420492076097,0.019093153787480777,0.0030862178782811167,0.012694214941758819,0.0063143570815265004,0.040020483905990556,0.021671841339984343
2022-04-05,-0.0012753239176467313,-0.021952296033686758,-0.013643694716941268,-0.012780787281426842,0.017815709685267134,0.0029534014098313577,-0.003265564439800861,-0.005767790420610375,0.007076457582968931,-0.029303719562325137,0.0053324814193991266,-0.006429171686624158,-0.011604164608530088,-0.006800464621781965,0.015658767780938332,0.003418531030070504,-0.0016656370017508193,0.022612538748083333,-0.014134582383567351,-0.005854910722133733,0.0032936562490530896,0.011789399136040268,0.025293716495480734,-0.0024141057091022766,-0.014683490089880236,-0.005317557796472028
2022-04-06,-0.01200357230246829,-0.00587741839921363,-0.005616868633011252,-0.05619846782061888,0.009766434690280601,-0.012275054359404236,-0.0023402152700950918,0.005741463017062687,-0.020870838247930235,-0.03569093760625419,0.001051514567449674,-0.0002696155583231663,-0.0173285176997674,-0.00036166796656889044,0.0005779801664691497,-0.010399939045960815,-0.002273938923472163,0.005528015656897756,-0.0026654851540143243,0.008932229055031105,-0.0010764084265680873,-0.015583920458741018,-0.004147957636587485,-0.009346545656030436,-0.01142954596738166,-0.008339180323571727
2022-04-07,0.023781767126887843,-0.009934150377176265,-0.007724308574324157,-0.0020784014409193086,0.008039273645275014,0.009504798206248166,0.008027535559882004,-0.008800925585537023,0.0023921920466791757,-0.021987826120455023,0.010620599921576046,0.009371752960068314,-0.009760187644028417,0.006552623526792312,-0.011363390331802115,0.0077913795797002194,-0.013390622899575488,-0.02285859254096867,-0.017639980608123218,0.001945686057511331,0.003070922354343253,-0.01895975002182848,-0.014578596678305189,-0.021396833705092932,-0.0020049024874181365,-0.00943974110495216
2022-04-08,0.003534965767360454,0.011785754404756599,0.010479787497180704,0.023221945072172234,-0.012834831069755692,0.02616170230924375,0.00403347117637054,-0.0009598835070540046,-0.006775937779604502,-0.0013845641267596909,0.008430428928762446,0.007681463437500424,0.001987877735316834,-0.00042002050174216876,0.04344427168049325,0.02768788685122492,-0.010804301724620768,0.012140634233637204,0.016635248801730063,0.0022331873933170154,-0.00682115578641207,0.00040707953571050837,0.0056730220504706,0.004820621379963752,0.005184111197900743,0.008208759390795572
2022-04-11,-0.011133612845253604,-0.010218594615976628,-0.0040655822168630396,-0.040403023960848494,0.01792488283339555,-0.011251994038906865,0.0013906434261119482,0.013991936567962604,-0.027330926745765094,-0.012213958590821195,-0.009161464716696321,0.0070262422062430385,-0.02647970701413349,5.396933396117909e-05,-0.0011202001944449202,-0.0006416181333438464,0.0009856923074529345,0.001755604535665034,-0.0020836991295903884,-0.002325109809062309,0.0008653729836003432,0.002916773346076651,0.0,-0.02150280460275633,-0.003662095152597522,-0.006151497975913078
2022-04-12,0.015775240185314177,-0.01567145332015929,-0.008471053898237435,0.06692117400917996,-0.02393366549275422,-0.0018604734232948728,0.014298166980229121,-0.04595664656723519,-0.0020730407751445856,-0.0017712963158327266,-0.014239252324557472,0.005595073395033401,-0.013642442925087317,-0.0010577217607886658,-0.01009353252414702,0.004610007208195821,0.006999025889258714,-0.013434749661525358,-0.01882993203460248,-0.003981381688728192,-0.00443058313082445,-0.001433919339631995,-0.03041706450599635,-0.021712373318907074,0.0035518667993350572,-0.008183810641252287
2022-04-13,-0.006763193062316986,-0.013972362261433169,0.007416118564972818,0.03628232188112657,-0.005717290659054353,-0.01673016048697107,0.00451296816806579,-0.004779791157199842,-0.005348689171587484,-0.019116273991746202,0.009332758294368304,-0.0020945777226644147,0.003500956302985081,0.004124704090207487,0.017937946256413095,0.006157040402133385,-0.01953842169231601,0.03167574521068528,-0.0036703849699961655,0.00945695496926624,0.016769821958282805,-0.007897160610419451,-0.01654116036405051,0.0008949700857610043,-0.007523681024817597,-0.0031174816283502382
2022-04-18,0.007313524990036235,-0.016332969499261774,-0.009142355435074134,0.0379856027287544,-0.006261013783299574,-0.0033145726948508036,0.0009591238839286031,0.0009979615388500118,-0.020753638759239856,-0.047441837023723954,0.011848637272378282,-0.0058380034780622925,-0.07271752778615537,0.0023847054239574117,0.002040507843816153,0.00923684154582749,0.013923261947049737,0.008895243553227683,-0.0030569123759056627,-0.015839328934332597,-0.009874531970535116,-0.03656532918667921,0.0063797719298757105,-0.03683836549351538,-0.019603110113227462,-0.017281188010147552
2022-04-19,-0.0013143536509669929,-0.006741598758233991,-0.00026160329115043623,-0.05221330351798914,-0.028417171287457466,-0.01756143601885618,-0.01371731953567601,-0.024239037188902746,-0.028590781275660282,-0.03815979912490597,-0.029664964086998147,0.011216642151360645,-0.03663496876849104,-0.0006707707186541789,-0.03165490016273853,-0.0018303728677099285,-0.018274157940574853,0.007679072316185476,0.0381116400936381,0.0045142163996469975,-0.005930013249376032,-0.015915195151741002,-0.0204010262505534,-0.015131758630577696,-0.010547497132416206,-0.012519178806467801
2022-04-20,-0.0038857444590026935,-0.013437813144296595,-0.03127611059394653,0.0018525979517276525,-0.00026471929780114145,0.01988265248312837,-0.001738458060354664,0.006194389839950576,0.017893023448702916,0.00901522201299887,0.0245616366250625,-0.014028423665201073,0.016453196563998684,0.002165690257384334,-0.007646746420968964,0.010028504649682635,0.031149507692783684,-0.009314218737905944,0.02940385806737389,-0.004884649651950346,0.0016269428414272813,0.02445324595731746,0.03671015374009645,0.011405387064835848,-0.0007347897132019554,0.010490244596548015
2022-04-21,0.008934155475592398,0.021048685756575702,0.015016004724208276,0.01012166341145826,0.03216841716731089,0.006265422918618757,-0.0037904134758919295,0.011582535481124312,0.008995667710618216,0.01480456430160415,0.01524289381758992,0.009000019231707457,0.019588236400728265,-0.0022133063655337404,0.0032749315061302298,0.033758950203573335,0.027717226493991554,-0.007692311985146416,0.02341409721766441,0.013744285414740043,0.02230638089491732,0.0202009395126721,0.017024229670814517,0.005032731405298252,0.013801529305741411,0.014941678252146096
2022-04-22,-0.026440435294223796,-0.02409423215434392,-0.003831483136292002,-0.016571935692562545,-0.026035691679228368,-0.029523502422729164,-0.007146909475848284,-0.012234176243984152,0.002592847725759073,-0.01364276732019154,-0.032302897728781144,-0.01928239558150402,-0.020601738063003028,0.00011802745318556518,0.002688151725449117,0.010592701152829287,0.0032110139967009843,-0.0008611394620757773,-0.008374961915478263,-0.030408636037643544,-0.020442679420484833,-0.00443709507166834,-0.02053346400638223,-0.0027820700922895902,-0.020951399348867694,-0.012686452605167986
2022-04-25,0.0001280806439738491,-0.012232935277880053,-0.014801644079425968,-0.03458409708877341,-0.04134835623722333,-0.018436612739939906,-0.019575374846258375,-0.04039627151133551,-0.011070179197168795,0.0074875138338244,-0.01231810574481429,0.006085760095378756,-0.015358314822846997,0.002337267850895719,-0.02240523139775097,-0.01808509219932619,0.0009930620848157545,-0.025000084431980985,-0.02312596198607164,-0.011686013178228927,-0.026816561564990016,-0.017812755470731134,-0.031217975279244303,-0.015529154137011503,0.0010432031995322166,-0.012695122564301942
2022-04-26,-0.0073011545344915385,0.01108414314097761,0.033552326102399554,0.03206815509798644,0.0406592485926105,0.009500877388519013,0.0043313297346705415,0.047722981150022825,0.00408303160370127,0.004612837242567114,0.022658621879421137,0.0020605461632523525,0.012747244102476296,0.0008409311146906351,0.014495684865430292,0.03998906106560418,-0.0007077401060976429,-0.015915011251248057,0.029925790567869592,0.021728268090605463,0.02005561787474619,-0.0005355274649593289,0.022933054019976362,-0.00018878093818675001,0.008936475415382228,0.014560121616207233
2022-04-27,-0.011741774355131573,-0.03938953685510149,-0.07270863219643253,0.00314650643487302,-0.008051659026583002,-0.018654272956646123,-0.00815188797779498,-0.007896866414733417,0.0011881083614213583,0.0003645107607683773,-0.0015128234312162814,-0.022620157115244344,-0.017836780497586302,0.003479733919589778,-0.005599634944317922,-0.014146755271313483,-0.014968259444484544,-0.012578816329499753,0.0009727626459143934,-0.01632053264769806,-0.013016861620089082,0.004201476640078861,-0.010692050310344703,-0.019461483354577647,-0.010326925600575354,-0.009441443610115341
2022-04-28,0.018148510014655672,0.012508250677930377,0.0020181707145521255,0.03273871865503697,0.010379192900771272,0.011061986446874839,0.0014846634082219534,0.01174857250333372,0.01382697471708827,-0.0008744500354589402,0.04510279907463399,0.014184849804204758,0.019190999860701385,-0.004191720755415851,0.013980614061970709,-0.0042616998957630825,0.012807546859148422,-0.0003033590148781018,0.014937058872261266,0.02061337466769908,0.016444188357447542,0.00648668930536811,0.013480530452469885,0.0069370269278137275,0.010917592322643666,0.012128508890934642
2022-04-29,-0.06565793422093291,-0.0067081939700464055,-0.008301569772688588,-0.006359132166514958,-0.02054522755228072,0.0023774808345933263,0.010907025037761198,-0.00969255044700379,-0.012128065176972624,0.009661993366017807,-0.00312232008532054,-0.00515293541353079,-0.009509536265706608,0.0015273315425838874,-0.0059364350267135935,-0.0008669328401017529,-0.021595708588384777,-0.026395548053075535,-0.010497107718317022,-0.02206898528381518,0.008306299284996932,-0.010490180806406513,0.0035545931879767956,-0.02631329901101509,-0.009171624763043673,-0.008263240381694681
2022-05-02,-0.001715524197536955,0.003105164012050521,-0.006842185893299102,0.004584924217646558,-0.01156378614196274,-0.0019482604686361649,-0.024878226986457253,0.026883625330408112,-0.011443402887590493,0.013794635522105025,-0.0019464463204491578,-0.003094321840885872,-0.016937323466152288,-0.0008603726807318024,0.013870190919553327,-0.000813329084692449,-0.010760750133412933,-0.02555307733783052,-0.00351223234574638,-0.01067905737127206,-0.005653487960706305,-0.001212354521010206,-0.010854573228783804,-0.027122570439308213,0.0020948298845078206,-0.0019559171203674675
2022-05-04,-0.027703429363309273,-0.04245379650335723,-0.04322277612342107,0.02510221009424707,-0.052101792479128606,-0.03189954040292775,0.0027929697258026742,-0.042580890931385174,-0.020573507552134385,-0.0339815542246803,-0.026428999218858995,-0.022604595674369232,-0.0035365378386289503,-0.0007292097456080837,-0.012920372171039474,-0.027405431904136246,-0.03102274216630918,0.03773585969396143,-0.031218030005678354,-0.023116032072951764,-0.02436652015354146,-0.017685768908566657,-0.02160109201351501,-0.006565715392733762,-0.024864622439945805,-0.022936183451936376
2022-05-05,-0.006858031097789707,-0.012791007865399662,-0.004779371910957009,0.004174052386858973,-0.02411021195730556,-0.007151143325585085,0.003749330476700674,-0.05604570630035566,0.025934283456501284,-0.002249314296796312,-0.0022795089504741295,0.006282386932060513,0.032301155007871785,-0.0060901619340534285,0.008854580087740871,0.003292062223286374,0.0013180385568092312,0.016024553307065093,-0.01958314268221384,0.000729764595274407,-0.025252477814727836,0.009670186241190093,0.0066115582666039785,0.019115433756953237,-0.00089890801783854,0.00030284821366977077
2022-05-06,-0.041218717968445895,-0.03527413974640814,-0.04899779138728333,0.013947852180307585,-0.03191175242327571,-0.008363112910739101,0.003842023037286646,-0.029447054404164175,-0.02038143979731777,-0.026128094042819572,-0.008031044937856557,-0.013103785782860866,-0.026685296632662614,0.007107735420584627,0.017553945924085657,-0.005783875149418027,-0.017333516755330236,0.01273905860793989,-0.007667774995050336,0.008229094636256429,0.005864567009914223,-0.022997706764574244,-0.04163738772814518,-0.03202637752927884,-0.01821175330575242,-0.0162684216398562
2022-05-09,-0.014404421384318633,0.010509125897438132,0.0061079972778703695,-0.060854518624946285,-0.005924274783554284,-0.006322123306284566,-0.01281095907477825,-0.01502917278489968,0.02466194985192338,0.0017075890393138948,-0.015145152485511737,-0.012373963782096209,0.017824103504798128,0.00543095645177516,-0.013875884448796394,0.0016222090365933806,0.011134471386378797,-0.01317755057503367,-0.03905513777218217,-0.01663400346157129,0.0023775279241404768,0.003641635406073984,-0.011259125814133242,-0.004019785116402996,-0.009129505635304902,-0.006666182687180999
2022-05-10,-0.005951572302283159,-0.011154483837126805,-0.017972835514408425,-0.03230181705260382,-0.02750610973676182,0.0020993515368672444,-0.009261726023364947,-0.02539485797379415,-0.003298834543646101,0.01606249985792707,0.03011817689508467,0.001337463722870913,-0.011048275550912035,0.005301689614912286,-0.01216955343878634,-0.007762795720408278,0.021140353960636515,-0.06251905318340945,-0.017333147253463244,-0.0014708197796062805,-0.026598164919271805,-0.0018433086085006822,-0.03020188666603807,-0.011383599343640194,0.006046567286652094,-0.003790968888092272
2022-05-11,0.019098087848359313,-0.022032054495840336,-0.020485723117932175,0.05964311167633052,0.025298474610232935,-0.007651915965218858,0.006902522421520896,0.014186048147057484,-0.010862160451666658,0.005629946228610017,-0.007750648562542706,0.00407696919628231,-0.01690278479001628,-0.0012163167101739703,-0.015784371831893074,-0.0014633492331809217,-0.015892853838509247,0.02686947016433172,-0.0102439601890848,0.002840874586391706,-0.008180014051186513,-0.007779172282845193,-0.009189528742894804,-0.012038094304164915,0.00610459073424896,-0.0044919933245182175
2022-05-12,-0.033762093665077986,-0.03594195806976663,-0.03678315683096134,0.003973116758895001,-0.012413739191782347,-0.0010428019900226015,-0.015545680199365974,-0.0426511883600138,-0.0014139322894111128,-0.022541604201562704,-0.011416896147636968,-0.02576310801611903,-0.011756870890891391,0.0019024266801024314,-0.010756891657673795,-0.024575740853078232,-0.01930658419073894,-0.013240884174761214,-0.02037315273944429,-0.029168000880406053,-0.00561539797277022,-0.0009815179996531809,-0.04083468557455938,0.004026309700245534,-0.03346487124751285,-0.022211752141785834
2022-05-13,-0.021088256176686082,-0.018862934903064676,-0.013882596041655204,0.04108169907835513,-0.010242121041077357,0.011417507278126404,-0.008992227204183023,0.015102839430384929,-0.006843465446978891,-0.008978868117363814,0.025855909711438363,-0.0265162579202195,-0.0029162926501929975,0.000328064816699003,0.022538520210609203,0.0280264196006057,-0.02091362029409527,-0.01884981466287916,0.011336138986545619,-0.03890623899193457,0.0382352936773489,0.0018333645904005103,0.08595208750940664,-0.01086951968519101,-0.012250862929615414,-0.0016352232651188903
2022-05-16,0.004717361017005484,0.003723865557510919,0.023505378923525333,0.03357769170243796,0.026497294109563807,-0.009148117850658943,0.0033750002785990496,0.030017164583511002,-0.007223174247730668,0.010647691548958393,0.010550650558321495,0.008341458241842181,-0.010170436254978932,0.0005487298725981304,-0.01740137521709806,0.015570550894098645,0.02050841398982617,-0.00032555610998463713,0.0002473503963271728,0.023276701749847195,0.003512642246222386,-0.011156842671905753,0.0025970961025505446,-0.0013871019563699294,0.014378992157888959,0.0038112305721171857
2022-05-17,0.025041002707594684,0.025036959749930254,0.03399222869418361,-0.015761781702840927,0.02062010699405392,0.004011988178625803,0.0025916466346154188,0.025847974156910425,0.036714308533235096,0.006819583902924586,0.012515598473233913,0.03953145088594545,0.01970995525846031,0.004118140059887976,0.04171590474166842,0.008247046209700626,0.03935089159985661,0.0628665732770104,0.042003080510910396,0.027032851215566867,0.00694444145103712,0.022151082370655217,0.04637973181801924,0.03985053452017584,0.020962724072845607,0.026321935902047233
2022-05-18,0.00687076711250878,-0.016184807339158613,-0.0037860060065276757,-0.02500004581709292,-0.02738682165185935,0.0004610812217278326,-0.001264947101296654,-0.0393830803062003,-0.008495770896110422,-7.60526048507737e-05,0.02066803182841781,-0.0037324093764229405,-0.006091764197198479,-0.0055651493821060605,0.007933520518318415,0.0027449900264495675,0.004480495238353921,0.000306159699022146,0.0036376079320419308,-0.019901473921745017,0.008298289807444181,-0.0008110893551458442,-0.021219006103804117,-0.011096382215608602,-0.004028955548591173,-0.0011685620062508173
2022-05-19,-0.01402679065392809,-0.027291629536078887,-0.018606314709976868,0.023907316672444834,-0.01338681771208472,0.006055101031696486,0.013932444747874362,-0.04320198642999107,-0.05988634235681367,-0.020435368034278256,-0.01171740969473345,-0.024104147628889017,-0.054366501365157305,0.005785025768252794,0.03317075703488692,-0.033669123910481935,-0.02141008282838819,-0.019607727818272025,-0.02304638678350479,-0.022925721568276658,-0.01618197720975645,-0.05417819511402222,-0.039744606051990705,-0.06254544259801686,-0.024823100903804685,-0.026532725334179386
2022-05-20,0.035219968440834304,0.011910175185310568,0.010969171010908108,0.009090137071412485,0.033998706179056315,0.0813472518399665,0.00032592747782111964,0.032866195698593836,0.019268918377167488,0.02633901972616237,0.027113483284459283,0.02788644962079978,0.019619451749484762,-0.0051259688335997255,0.015780885824094204,0.024077858721448964,0.024586307679293817,0.011874869462868975,0.05830987663619491,0.033295930886660274,0.035100720956057874,0.009518650024924247,0.04853887857127992,0.01872996453381992,0.028837782796383937,0.028891038794289337
2022-05-23,0.003342703266603575,0.0008916129423335306,0.004228888050435087,-0.02596487109638701,-0.0018100571027978019,0.006083662046492799,0.003257682615340096,-0.021486196206424668,-0.010254278110978454,-0.012831442070062815,0.023151674075982065,0.0021141140475147147,0.009105621852957713,0.005131685504690786,-0.0196428546083387,0.042155410103097646,0.04097355616211096,-0.042001132463095225,-0.006687030539442085,-0.003243825584346771,0.00698953959312365,0.008730698820694549,0.008253548877637185,0.013925069371281573,-0.0008401468957871527,-0.0031630222318707046
2022-05-24,-0.016732036472673406,-0.017148137819941067,0.0008283454005872937,-0.004714881386747027,-0.019341197255648424,0.016877335413749917,0.009362445232526051,-0.013638259334662006,-0.026072884208982572,0.01146472037365065,-0.029477225025367315,-0.004078581108883261,-0.01865978801113921,-0.003747127520867255,-0.013296651014909844,0.00525522447748461,-0.012003910273480245,-0.02869131418970905,0.003433173865696748,0.00249507463436327,-0.013177197071234104,-0.010160330077749968,0.010202899998468684,-0.012982736392704974,0.0012423459762453959,-0.005522754266735541
2022-05-25,0.001430510110280503,0.003945132512090277,0.00493206670152313,0.005101623440959102,-0.038520517509789354,-0.009121078990835807,-0.010133518128498498,-0.022685269871696945,-0.01744388441222,0.007468102260863363,-0.004740948166717995,0.007343107297786311,-0.021200438113144093,-0.0006191942542866924,0.006830181106875832,-0.0194856053519602,-0.0019737142597267,0.012944091318964457,-0.0014718309989760758,-0.0018682731336618907,0.001428809666735864,-0.030113339120353078,-0.02055198379338341,-0.03282964364678054,0.0014392511610612502,-0.006161219184365629
2022-05-26,0.02744358700369265,0.00577943590874086,-0.001647302953588281,0.0340795290894087,0.025160205138407887,-0.0007659941093375311,0.0006500234394577475,0.016078828245711607,0.006413912324761517,0.0285218220274015,-0.008047856813607313,0.02123781949503445,0.00957138937025781,0.00023879154345096687,0.001843238086526977,0.0015079209923218873,0.002279391477656212,-0.004587250763632644,-0.009532970403494323,0.0325919484009225,-0.012346380694280512,0.0187206360933303,0.008752978668966627,0.019107501137329175,0.021997972883044836,0.009007387318995308
2022-05-27,0.007391175153040219,0.02249209549317288,0.030200323118809713,0.008589739577440358,0.014694106748118108,0.020062016933391824,0.0021110882118231533,0.012876697861019748,0.02365653805419754,0.018548332618172347,0.022103277372902408,0.015511213938927293,0.026264754485248343,0.0017149507675242592,0.009373860529346079,0.024790222745940005,0.01767461922007163,-0.053324456089915984,-0.004638435591648449,0.00010662476028677759,0.004389175389285294,0.010644567898531854,0.02127655930313299,0.029998974836803693,0.01477139285789808,0.011273847198922216
2022-05-30,0.007772803821785246,0.012983579892103636,0.019637947790177357,0.0,0.06871071052671285,-0.004600926910769965,0.0,0.0391345509282639,0.03586025259304004,0.006824535834301537,0.007873206616858974,0.011759984540961943,0.0447876662230946,0.000796057373525727,-0.0005571700073305763,0.0477515234569601,0.008932402773859982,0.0017384886679485678,0.03483368189866831,0.012048223997399798,-0.01725861084635716,0.03494000070956638,0.02979519834311284,0.019916443962731067,0.005999079292202225,0.018893205092962884
2022-05-31,-0.01218185684845896,0.000769998093238744,-0.004753377631687039,-0.0034761582249042133,-0.0037480616082641305,-0.0001487001728097681,-0.004645436952099624,0.031433183162483225,0.0008173222870606622,-0.008990107073319709,0.0018308310323551513,0.005811732159316518,-0.004765668262683875,-0.002202342946443614,0.0059468261404096445,0.03605956506264607,-0.005933435222667205,0.049982737072215455,-0.012064770096580246,-0.013695781920654237,-0.031183184313671508,-0.0032292940513350965,0.002599445132603906,0.0037794268848567736,-0.009477525821035226,-0.004612433983534836
2022-06-01,0.0012405309701717382,-0.02608634418073208,-0.011837960899554911,0.0051452339470337005,-0.024743159091864864,-0.011591314040827916,0.00032566216538310044,-0.022758120080767386,-0.021955388913273977,0.004247943543951083,-0.019037513207688095,-0.0002656582441540323,-0.01666005662148251,0.0010074975255438545,0.004433752847970762,0.012568324418104737,-0.003382943678965189,-0.009917337711597196,0.00032299576266425767,0.0004271577748329314,-0.024808193729378925,-0.0027195830149078226,0.0023673480687409487,-0.015270309964097839,0.003759190759640374,-0.0037264067061659745
2022-06-02,0.008016804112623177,0.026943771278584938,0.007936391397563192,0.013968424262639223,0.009643888283347168,0.0032762961017882564,0.012586095891780724,0.017255859113996852,0.021416592576798177,-0.006990084976669864,-0.010245027774033022,-0.003853068139550775,0.019918141795324473,-0.0001920154603415325,0.006069465527000162,-0.002673325605211052,-0.0017633862890195084,0.018030056896747304,0.0344789754669006,0.0033099536191232293,0.02418821360370016,0.02020736667828338,-0.012258364840687985,0.007222535970561994,-0.00020079354574309427,0.006370004993115463
2022-06-03,-0.020605970190556655,-0.01889299740861372,-0.004894221318322511,0.017113031171366977,-0.028214555748811376,0.0015808532851082635,-0.011304567686009959,-0.026019778184221076,0.003174065110253199,-0.0034653706840662712,0.0031294135688146874,-0.007269034594751589,0.009084764179817517,-0.00288206344256714,-0.002924966697879894,-0.01522193038103481,-0.027803121651237772,-0.005575672009558663,0.020261808934760595,-0.011386620605430497,0.00645675555564762,0.005010222364979278,-0.016509072767815658,0.0028471593566483655,-0.009507525950456452,-0.002628050201467391
2022-06-06,-0.0075298230202699434,-0.01380447542221741,-0.0011944528546218303,-0.003112667098787325,-0.01149242777536752,-0.007891717973845802,-0.0033597448575715116,0.006678723448745316,-0.0054648888378792115,-0.0013403728755164712,-0.004995667311903262,0.0032916113994050367,0.005487388663184989,0.004313598055976531,0.007700739297528569,0.007096605506234921,0.0007139075535507189,0.015501376408468603,-0.004299225388905481,-0.001722297766146963,-0.00612637819055839,-0.0026743746351113318,0.0010418618873357932,-0.004836954695620177,0.00099642227042529,-0.0008893953501298846
2022-06-07,-0.00944659674412418,-0.014197331325021323,-0.023650672932707506,0.007679355798391407,-0.024782096895918704,-0.037577758866827904,0.004512858334319025,-0.02859035809164534,-0.013882108065365939,-0.011498450534212057,-0.030212687049514075,-0.015400129767590975,-0.015261034578830546,0.0016320463996093437,-0.0032750961799419276,0.006371035983597562,0.01282008093403042,0.05131528311848532,0.001878861767953044,-0.0006469228165542074,-0.013433437188863473,-0.019892389566598445,0.008095387243508778,-0.011728588248608784,-0.008898249489507237,-0.009245946006475991
2022-06-08,-0.010888160188614937,0.01023611524097734,0.012877319538015186,0.022611145343251815,0.02337266621765921,0.013320696185065817,0.002381609967016196,0.01505554012774235,0.007136301259211608,0.0035226875271594515,-0.006579117406197876,-0.007820329023743855,-0.004446716452349064,-0.0019326178800830318,-0.021905785313712678,0.0023499602330459,0.010634597900566423,0.009576685647534333,-0.017563714649198148,0.017047938012859865,-0.001178855221097841,0.012326344660563482,-0.0004589650001455281,0.0058803445065749305,-0.0014245096927381073,-0.0036609606157923524
2022-06-09,0.004099519472019031,0.0004813306843940435,-0.009363071077222007,-0.004913589969061216,-0.004138677173334382,0.029470310469936756,-0.0016739432718125835,0.019739012160251423,-0.001504295367884323,0.0075325988423151635,0.00029594235568053406,0.00445503708225381,0.00999990010730678,0.0006913256508238597,0.011011630877803213,9.568188391995136e-05,0.004738823740077169,0.013157795363489155,0.027422434610761437,-0.009229882445763726,0.013691370743327047,0.006741854321236529,-0.016412261301054998,0.009885187443260168,0.0039862018240330865,0.00744972774168895
2022-06-10,-0.0009073982592571195,-0.017440505581083454,-0.03917054309794332,-0.006913043803121521,-0.008465345453972373,0.006627391451981435,0.012278207795517693,-0.04243211648334977,-0.012929808772235152,-0.019307546011351207,0.0010010536741658083,-0.017400102337243095,-0.02521435554960727,0.0012146282706446687,-0.0025845140599283223,-0.008228894681452603,0.0006620097939020742,-0.005436309221102165,-0.03019208099833859,-0.01092191731337222,-0.015311096728187867,-0.01960836191462456,-0.0010501287531685666,-0.02968092442224135,-0.017148177124533648,-0.016767698414100085
2022-06-13,-0.017784095218617235,-0.07079209968367806,-0.05456547785558341,0.002154654348021312,-0.044706571351620705,-0.01938386734179376,-0.023243387656959658,-0.05356327683024864,-0.02319391061032472,-0.01813336702922841,-0.0013638775503084233,-0.044444620700078596,-0.03541450749710828,0.004611929211136623,-0.020359046719894303,-0.03106605090090442,-0.004221765165391966,-0.03097467260067477,-0.018918759505305083,-0.03464331488349004,-0.01915575788416013,-0.04175712629845063,-0.049877313498588705,-0.03221625486700963,-0.03125949420860352,-0.026379749115209128
2022-06-14,0.002773622149204069,-0.00435165276576277,0.003265810175104855,-0.01653849330152035,0.019986862483730494,0.010276001335150609,-0.010120350109409149,-0.0028559077039150838,0.005142276259020306,-0.011005702743868362,-0.011789296802773075,-0.00363364378412101,0.011267083979655146,-0.0002174317407791504,0.0030227086378882273,0.014885985637083543,-0.011383767764407748,-0.022563591582111187,-0.013068402588741646,0.005046540605440519,-0.005364663753018806,-0.0028110113826999017,-0.003811268609520413,-0.0004482439182496023,-0.0028288784617130913,-0.00268160945598539
2022-06-15,-0.0003841885849427129,0.04174114181306132,0.020313492938573097,-0.030438095831943568,0.010514614669981714,0.0056714819820096185,0.0032053323172838155,0.003912860575198351,-0.0070219333133832995,-0.0034678804100678473,-0.002532346536904817,0.002552891505998689,-0.012738327136478711,-0.002240287775121197,-0.007722600756747355,0.0061319501435486146,0.005351080201206226,-0.029176152258835075,-0.012099928940978555,0.007252829469988509,-0.003333184245877141,-0.0013238314789643102,0.02209062446796617,-0.013007351084383889,0.0008300101071729848,-0.0025393443813560568
2022-06-16,-0.02398150659995657,-0.028603598794140872,-0.03665481336701648,0.01977277623424012,-0.04130538865117028,-0.01107139977769156,0.01674648902443132,-0.03760996281893192,-0.02520444804750721,-0.020000753487493195,6.977814034159202e-05,-0.012731954232179099,-0.01757832416838101,-0.0010937499235695869,-0.010250598633080532,-0.019746504136261556,-0.002527635329861222,-0.05184921775831752,-0.013981535673703749,-0.021601741356101045,-0.00936395803461254,-0.020054253530769173,-0.051074561776759064,-0.040445476737405506,-0.02165334748734138,-0.021128447854290244
2022-06-17,0.00047251628495348363,0.02466470358112649,0.025672388870587648,-0.06828811148376046,-0.006742266369985317,-0.03283958921670682,-0.005472165494464609,-0.010688571645714684,-0.006425342513806442,0.006594832097513104,-0.016886292600874375,0.01230660922410265,-0.007085573124940736,0.0009948548239637756,0.009973109636957078,-0.00756025923069259,-0.018567493997621032,-0.01462914706906393,0.011718844177273757,-0.0013587451758447777,-0.02602500825748777,-0.016900117018037952,-0.010179449923077177,-0.040492405573726464,0.0038614923890227804,-0.00436829362663993
2022-06-20,-0.010862645167850404,-0.0038452029317771474,0.00939176699095512,0.0,-0.011589304254248423,0.0012299353810345526,0.0,-0.028571401948733866,0.0013559287619560045,0.025121145230208697,0.04048899391433025,-0.0013102427113071968,0.01935418343964823,-0.00020898778585753952,0.0030384175110516054,-0.014985146604468369,-0.0035378791360302086,-0.04984091578995675,-0.018127437449315442,-0.014285788773499064,0.014998573813548743,0.007607848843596221,-0.01606892848145758,0.023321724445923397,-0.0017790241339202817,0.0037042135956451006
2022-06-21,0.01305117995892946,0.0034373663118656417,0.014386375402957174,0.009948922887682565,0.05561140231205597,0.02814427130348096,-0.0005447810052845448,0.05126423093102406,0.027654905421576226,0.010891285226076963,0.00414414378900152,0.01479696321983881,0.025280263473181908,-0.0003515173424193385,0.021961430602995602,0.015518425849665674,0.015618239181639515,0.0349703709905993,0.01614203738057851,0.03692204316209047,0.015087590172860654,0.03198516263355744,0.03893388429549138,0.025322445914916614,0.015510244960343034,0.018804337854487096
2022-06-22,-0.015239683174018692,-0.026753556529341194,-0.019741562336133223,-0.040307266362120786,-0.034274949840096824,-0.001815439326709578,-0.00016348346331818142,-0.03268864746342748,-0.025643766728349116,-0.004713563944250709,-0.0009750292116181836,-0.013647519181455126,-0.008724732058322693,0.002577884505722716,-0.01704355435063687,-0.014179097736760182,0.0002762053706204526,-0.030553681265289234,-0.03037820162214544,-0.006877362066330606,-0.009969937715616606,0.0034247358253918225,-0.011317802524022369,-0.03269425506462731,-0.01043781508955699,-0.014419265085317434
2022-06-23,0.004068144254132822,0.010257599904252901,0.001571549093131619,-0.01808085275635296,0.029904630351564876,0.0079794352314555,-0.004688490120111077,0.013927430047643963,0.010350549970016942,0.003683575253849769,0.02258438197288637,0.018278455548273342,0.0105757536223956,0.0007448274623000906,0.0007539302977617179,0.04462280222074266,0.06273504726091161,-0.00037077448725808537,-0.016223677292273142,0.008377055711258352,0.019275912349998814,0.026636765720024824,0.03586863842896526,0.01896662419169015,0.008820095479478152,0.009300447519609234
2022-06-24,0.007388639247162043,0.0026053587716889925,0.02562357213773292,0.032128188466172825,0.007657972573272387,0.003434312421360719,0.0004382148488373261,0.0114608083252552,-0.00468448616675432,0.013968542843448173,0.022773580201512322,0.020453400485489937,-0.007814357406456751,-0.0006483606184687352,0.0013182970741334454,0.04315473033814454,0.011147413087504665,0.018917021206721563,0.01423978800119663,0.0063137393053904756,-0.0003637367144702086,-0.004744604790972384,0.00515712305168381,-0.0007158070128088223,0.0148619604617104,0.009166472588529428
2022-06-27,0.004889567275231155,0.0010533018730827237,0.009565627945608446,0.018119279859469373,0.007124687160841248,0.002529220504956964,-0.0030659598061524296,0.009206502629648172,0.02653345375744265,0.0018097009878681458,0.007270354487706188,0.005466329109601098,0.023246146254551237,0.0014063273600870563,0.015422239520650916,0.009934135995539828,0.010229292444694726,0.030214706011965076,-0.002960021863001594,0.015299984524579369,0.013400504571278837,0.006558891252103294,0.012704627867893503,0.014686450931819861,0.005465743442519155,0.008458990377725017
2022-06-28,0.008240432863414693,-0.01989634108809657,-0.011513742219192435,0.01998724511733041,0.00424473103038947,0.012510004981133527,-0.0018672219059124862,-0.0037150504555030217,0.00967409405648989,-0.007631414116713753,-0.001292899351097443,-0.009827790976497996,0.003763608962781273,0.002412767867980836,0.007038381172330466,0.027062037377981296,0.004846863666829515,0.05547723727435239,0.01406132548368988,0.0066131270800458,-0.008436405021140736,0.0010409095493655318,0.006272735956683206,0.005530760480928487,-0.00499238699109561,0.0011464333961117568
2022-06-29,-0.026153923279469637,-0.022412015697190313,-0.011378577658149869,-0.017716565131415063,-0.002661282373708329,-0.002343042779730964,-0.0020908109095598704,0.003770271408924275,-0.014372103998860353,-0.0014488817225625228,-0.03632976414616518,-0.010629265905575669,-0.011417707858322967,0.008058216015045305,0.00809280191996109,-0.00022490718266843235,0.002261655987260136,0.032139040021215814,0.020750151356278,-0.01109320006039849,0.012189122513865058,-0.008333035062335514,-0.0003596601725812665,-0.015213633948048755,-0.011073842998097994,-0.0032239710103227903
2022-06-30,0.017984160462341192,-0.015667425333066642,-0.0168037487949515,-0.036618661757760074,-0.018364329709602334,0.0067478307884913935,-0.005293034043329481,-0.023444954419676756,-0.014480243144103122,0.003013648633323207,-0.0012761970689748603,0.006332201535038218,-0.0009225532516150547,-0.002211827119331544,-0.0020070933837711413,-0.016730257108568014,-0.004483720186776119,-0.016866520969596066,0.006007433297747555,0.014811580174733496,-0.009657856258285191,-0.0071113917427521045,-0.012351773682215295,-0.011170546017484462,0.004665025634041031,-0.001193081241402827
2022-07-01,0.011228149800875498,0.03574910463518721,0.03960733666877059,0.025245821813676184,0.033418353623321684,-0.0017980491349971484,-0.0028822965701698067,0.03791381868454624,0.002157747935395582,0.004265451896270811,0.02320023077575306,-0.004666219128815707,0.011970697026071342,0.0008200083586700213,0.039671013352392315,0.012989888526762305,-0.008045235321458066,-0.13526896738739158,-0.07202442202758896,0.0020390563906966808,-0.0016253527763896436,0.014692000663356408,0.0021857351533136615,0.014301302179777098,0.0034209341959841044,-0.0017870563085186086
2022-07-04,0.016150098223443488,0.005806991043088017,0.0028321431193651936,0.0,0.004951410422779912,-0.007170626412032699,0.0,0.007126548764335272,0.009483896716338647,0.00140361799301858,0.0406817736716818,0.023014545831181454,0.00581303130361821,-0.00015575123011590808,0.026551841104755836,-0.014584288093381526,0.004849569629980177,-0.038534911651217585,0.0020757506315312035,0.014137397462178125,0.00018099105916435931,-0.024146941064448812,-0.010298080066441617,-0.004028563498160831,0.01196948660254904,0.005288188249805481
2022-07-05,-0.008940047603763879,0.011977080652274319,0.005470402803653407,-0.08235728377794271,-0.008160086656550103,0.009128648862309463,-0.020623700640629905,-0.0023049097175910083,-0.002488390033780319,-0.002249907950096497,0.011072544443301968,-0.0009026561476620509,-0.008098175106754035,-0.00014186006374428128,-0.017129274304645392,-0.008476906861708322,-0.011209940318941736,0.011111185387435496,0.008099661897152277,-0.002745879013279162,0.007716310764096734,-0.005795756479011094,0.008691326090612739,-0.01594096398656164,-0.0036829152668231835,-0.0015471713984448465
2022-07-06,0.01457216521318938,0.0437148652139856,0.04515022019016457,-0.009748755986966118,0.023284676692596262,-0.000955837768040535,-0.015268488857152263,0.03582732815840517,0.00453087846591349,0.013788333564513255,0.04034987227741604,0.009034628524004829,0.010637384327258692,0.00543329611072374,0.008365058038147799,0.020888214125880156,0.03369971621143342,-0.05062809150620051,-0.00879476691430836,0.016520220311348144,0.0022733184321257482,0.013819816088037618,0.010558344836185674,0.005923559884738916,0.015032975929009984,0.011318189707300252
2022-07-07,0.0018265537453161507,-0.00508374717816884,-0.009464805347350946,0.042626658171838194,0.022148071571190364,-0.012198196183511367,0.0017292062699769684,0.02367155781915864,0.003294096027515403,0.017903294057906916,-0.010186572362923418,0.022109140835128382,0.0047263068812208875,-0.004088541979577975,0.009160231054325063,0.026028820458740443,-0.0027402129960155674,0.021083211726826923,-0.009847244782926978,0.014168066036331473,0.01402662052569803,0.00831117483500865,0.03482641863869307,0.01141695115557706,0.017365270551431777,0.00894949203151052
2022-07-08,0.016713487210682,0.0029873615402817855,0.0021328697856606293,0.02005254055561867,0.010388749847206169,0.01608458556912229,0.00155357105353926,-0.004280806022496031,-0.006364465719503887,0.0009312969638204383,0.009664615195314141,0.01846351503902932,0.010509113163041928,0.0022481666322731186,0.003767817068760504,0.0002644550820674052,-0.015157497623574101,-0.016194541643169358,0.0013819643327928066,0.0036979970847128563,0.00971202033661167,-0.006812916311399908,0.02483449534603599,-0.004039894905504826,0.00583467093715484,0.005436047866567373
2022-07-11,0.015990448436567606,-0.005411171553560301,-0.0019920976551520697,-0.0066800703456525445,0.016892014662745813,0.02851785399772888,-0.006089840132491808,0.0,-0.04066912182081395,0.006477756334467566,-0.002503022537603594,0.0182612898992367,-0.027270742704908146,0.0013859176284753971,0.006654222924127318,0.02774363617353015,0.0037400910871649984,0.03292200210682261,0.013590153571226171,-0.000716420664194195,-0.000524591798298002,-0.04644069015060315,-0.010191348860379534,-0.01885004504041976,0.009839348764832057,-0.00028356592763323363
2022-07-12,-0.005368864638903403,-0.00614832680818711,0.002055761547832491,-0.07925833692240081,0.001877774517497377,-0.00384365480226434,-0.0038728041455924345,-0.00119001879621361,-0.016692386819395555,-0.010205085669771186,-0.01648198931042022,-0.012475601477034748,-0.02345305153191546,0.0018454288633769078,-0.007796578921363095,-0.015793325244210177,-0.010337722494102364,-0.011155452982298919,-0.001423376510162333,-0.0066570259022202816,-0.006590897384763372,-0.009345733451646354,-0.014872327495385806,-0.00498531643630773,-0.009512315030059115,-0.0097249750439381
2022-07-13,0.005471841369040886,-0.007968968242327956,0.0009109951379615566,0.004799736346455807,0.0018743467845063755,0.003992375270417625,0.006325017138577804,0.016103015097407525,-0.010831925478958171,-0.024393095619293148,0.019677076122788906,-0.00881698493717753,0.004066390089073613,-1.7566908321997587e-05,0.0046121176489521964,-0.005494251843069953,0.0024348297125256213,0.002820404172433566,-0.017723865535532513,0.003196175616861474,0.010039909358785293,-0.014895945055851678,-0.008012968471745374,-0.005987985706771615,-0.008665794727917175,-0.005707292501522909
2022-07-14,-0.017134910203028597,-0.003734107041559964,-0.008173354158949375,-0.005399836510715739,0.003165811940154084,0.016394116963321936,-0.017126024684642305,-0.0034040930398281377,-0.01607194260661593,-0.005007702477536902,2.0058971275105364e-05,-0.0010621391860616836,-0.010799981080380716,0.004166022295390093,-0.010882460244208247,0.012269687573651877,0.015112176359127094,0.021695233412263315,0.008243672909341804,-0.014696821590017284,0.022961187964080754,-0.010558215581752184,0.002224270445234655,-0.012908799597620813,-0.005070653680152359,-0.0017536552323109689
2022-07-15,-0.009053487382077119,0.009721899429785408,0.014466294102667199,0.018897448127604077,0.01463209867036741,-0.006425687520282719,-0.0012320185309108167,0.01981102975960547,-0.021982350732377642,0.008141810492720447,0.028304846139749484,-0.001594818454995317,0.0010499196228948016,0.0008871444264435535,0.009283035267340312,0.026123398398883557,0.024545353091742106,-0.004718582370181523,0.001939813718068395,-0.0005215015214344865,-0.0017047859169369017,-0.0013842765096953036,0.02838452649889378,-0.018931363528009726,0.0009076044878115752,0.0069359576863876615
2022-07-18,0.033675622983811326,0.034606542944546126,0.024445285533249095,0.05133725099121933,-0.0012725388507855984,-0.017575914509477042,0.0039943178220718245,0.006996356205223986,0.0194191797875507,-0.01064579295636292,-0.005839983651354741,0.027689056341127394,0.04163318129806681,-0.0019755852279635944,0.005961577032185694,-0.007761078221862672,-0.008344506445883138,0.02647157181187798,0.008514593544497906,0.023377104038438734,0.005009158129991587,0.023008212587013466,0.024307144307796236,0.02767552887299396,0.019492479435229804,0.014287304158276504
2022-07-19,0.023520844493185145,0.015902030815067247,0.0010147243083589164,0.01578950068883911,0.018827806765203903,-0.004075106499137893,0.00046808381171348223,0.024317206177669082,-0.0006740144515346991,0.0003710826878060569,0.005658766274924121,0.011204625225369691,-0.003859391522809452,0.003886067015180794,-0.002370461365064358,0.019640620925474472,0.0012692336655184544,-0.015396434204416276,0.006130662626290917,0.015602759807986422,-0.00849578428694664,0.003508977180827433,-0.00410299447040563,0.002223372024610315,0.010228109082448533,0.003811764271124396
2022-07-20,0.0072794392752117965,-0.0019325718949588788,0.001393368929199168,-0.018806362133138133,-0.009587274419801561,0.0024393458475928664,-0.0061403508771930015,0.019446605542264406,0.03113416645951128,0.012610696436392788,0.014233152347623346,0.003138341517654908,0.02098855471190042,-0.002179083524639469,0.012219973698734066,-0.017365590055564373,0.003809092708494388,0.03635667627214523,0.027040333735107946,0.021387710889551492,-0.00891115571357104,0.02945432921800295,0.00979853585256829,0.01590059759650142,0.007047775314556581,0.01103388850696918
2022-07-21,0.013957688757191944,0.023806917585815546,0.031690276045862165,-0.05779389339573937,0.011784553843694034,-0.01965806476275711,0.007766961560385477,0.020385079575130582,0.0076847440757150665,-0.0031499451739884776,0.0011328574486031417,0.0037031647258873868,0.011614886643021016,0.0018470654989317659,0.00452729990713463,0.008149907305241566,0.005480690064346927,0.004149362876694429,-0.006672093671831969,0.006783218793101842,0.0024784028093600696,0.003949842210544174,0.0030874350725382804,0.004610569094922967,0.0063631864951065875,0.005108719746296009
2022-07-22,0.021242539960340867,0.0029724780177320387,-0.0013803347035509228,-0.017125080975710305,-0.0012478363487761213,0.0005492118394361256,0.008407791688327837,0.005098454169728983,-0.0045432665504515635,0.023332609991405073,0.012713524772278939,0.017875391660932882,-0.01735273122506964,-0.002843640493043864,0.003338142136139588,0.005063190526251482,0.003859279906425872,-0.004883662747060313,0.00675712664176098,0.0032224272881746785,0.005576867700886945,-0.0019827794167066592,0.00010991385054315295,-0.0076086923519324,0.014860130427820417,0.006877295960614926
2022-07-25,-0.00465287095220468,-0.010561187647389447,-0.004993352858719158,0.02111932486220769,-0.007774594591062778,-0.009820566773241612,-0.004689928608903826,-0.011387575354286139,0.011301468448587482,0.002944413124950529,-0.006437989302534919,0.0010624378952468483,-0.001792464530584792,0.0012647772122436063,0.0018298790294448697,-0.03831183638688418,-0.023706337766966734,-0.02000749513880784,-0.033039019792810764,0.007981240771778308,-0.007032587019015546,-0.0013403133556569857,-0.011760797831767533,0.009614159111913656,-0.00034162454218800153,-0.005290199311757782
2022-07-26,-0.028734392387634644,0.05495053551893703,0.006014101907735547,-0.017786904297724226,0.009654345251808971,-0.02737521200693238,-0.0007562820407940318,-0.017941235882540263,-0.018428186624540932,-0.002040644294057703,-0.029158475133549966,-0.005743482500144781,-0.034883119224553005,-0.001931685720540588,0.004483757965789037,0.00013215446204606351,-0.01110586187914575,-0.012326695924246511,0.00045432178609927654,-0.006952364723882942,-0.0008060314983129313,-0.016057604741867015,-0.018685456922691412,-0.02314362548882587,-0.008655850567266032,-0.00884795806776506
2022-07-27,0.017694063085744505,-0.0004470160095708664,0.02105537604816199,0.024005039994878574,0.021757254173461638,0.017580745416464483,0.0008150576083485461,0.024560149136865217,0.016365801333341423,0.007641280139471629,0.013682208803142748,0.005274335403140817,0.013713167903678825,0.0014888910240484776,0.005620741274996455,0.0018485810257731217,0.015511624902800447,0.003120134935656216,-0.0009496355890294961,0.027226686714291626,0.030369245518318877,0.023412341625000277,0.0065738329919786676,0.0035785066896074635,0.01030667129590479,0.0095821774414373
2022-07-28,0.009666925062398413,0.10032277163148384,0.10634961769930062,-0.008636684647699067,0.03621325113499596,-0.006066323105246241,0.01814907433266244,0.012974356809662968,0.01901016927542387,0.008864989059241601,0.014775813250349712,0.017613983195238214,0.03150831722052039,7.759237362514604e-05,-0.002301669035007614,0.009709162183577202,0.007270607702896781,0.012830590284074184,0.015666278630480646,0.008046229062422139,0.0009507878337586817,0.022468749062112936,-0.0040535598695454755,0.02299257859406678,0.01615924165703908,0.017293731123692924
2022-07-29,-0.0015842119113128605,0.02769772381525004,0.01872372188445426,0.022816890887945362,0.010340322253703071,-0.03983511310875354,0.007198751776515966,0.03260279001931066,0.0024309822803796344,0.012245338888031476,0.0066027942361233105,0.0049103274610993175,0.021286368308120363,-0.00345526812295871,-0.0013180475533294267,0.013314160325685664,0.0060199725331937515,0.029942455749232932,0.021305670641875052,-0.007700369709053523,0.0540315175438939,0.012697452231196005,0.016619580958683988,0.01850968041225154,0.0030297757426691607,0.013505953826479233
2022-08-01,0.008347696142339434,0.001694663696112153,0.007199237705382444,-0.0479619065625867,-0.004404703414796596,0.004914033897733816,0.00346019371572992,0.003084327209617488,0.00395395432544654,0.008332219223991855,-0.01683479045478864,0.005863693768964895,0.0008710886390348449,-0.004734123929632572,0.01468407924062709,0.06294816395436853,0.026198179813603506,0.0316807875121341,0.026061393934928567,0.010220498482139018,-0.025975508220644428,-0.000938772365680296,0.06583619367979843,0.012508907943856062,0.010983897576978485,0.010595531668439406
2022-08-02,-0.00047894048810359635,0.010021203884069019,0.011141747395035484,0.005644890645886136,-0.012065620929312626,-0.00609428747160512,0.0011870975612988666,-0.031839946894894,-0.0011552235560893243,-0.01099475870254929,0.016293921438424785,-0.006861820592566792,-0.00480321401887962,-0.0030191072039795763,0.007967478121561511,0.013532752680899929,0.018842788631856733,-0.012283259287775738,0.0038061543051088886,0.015644118069721324,-0.0015782152144268036,-0.002121917100340931,-0.006156047374907381,0.001398564085355325,0.003187123793144231,0.000311327663805816
2022-08-03,6.841692131565047e-05,0.001297132795547551,-0.0062042265119856,-0.03982201418928444,-0.011814655054342427,0.0026680612461515985,-0.0073965195452072585,-0.026227753514075802,0.006466552820856064,0.00234234961982005,-0.003377429375094887,0.008621252207630326,0.014576437977980916,-0.004448113332435333,-0.005807484476380909,-0.0006377246034575679,-0.016854860133868943,-0.00768103379964391,0.008395554585547194,-0.002305921644838227,-0.022076945593170305,0.014490444088555376,-0.017742737605607184,0.0064012484952438164,-0.0009139070956317719,0.002461808358865669
2022-08-04,-0.012183499068134762,-0.0038440505522672197,0.0027821985787719328,-0.02338410170909877,-0.012358995360407077,0.012608838486306118,0.017349260523321863,-0.024058278172588432,0.0009402098854038865,-0.001185842387479208,0.0006093582890904781,-0.00551651133816633,0.02158217052684952,0.006536541494493342,0.004380936371118249,0.006460766519061467,0.0008090557089568406,0.004423198318517674,-0.013217620170688726,-0.01405178055442946,0.023968877037800373,0.004626309599154332,0.0023513656033682384,0.0072857614155097394,-0.006151688382731946,-0.0003537116074355806
2022-08-05,0.009562168694597917,-0.006549240021249458,-0.0016331848570751983,0.005308348947856256,0.0005440867325234855,0.002145604878911467,-0.00872237941623566,-0.012613282757606536,-0.00036518959682718677,-0.003387049264312769,0.00664006660629024,0.02188358444559091,0.010469541075478483,0.00046257572423424875,0.0043619468619284785,-0.020526149914769865,-0.013996055770311044,0.0018349671108364163,-0.01473634350638664,-0.00412577417172344,-0.0027763487311786017,0.003010662961031807,-0.007784225923058274,0.010333055714113693,0.004371510522839905,0.0008917270739845495
2022-08-08,0.023404220618453042,0.029484567024944175,0.005133640623812719,0.019660711807664377,0.006797171326720086,0.015997698365942226,0.007840275380816442,-0.005204349579511991,0.008666127769603627,0.024526072420997247,0.0018710345624279867,0.004500764497866738,0.0017009803425549475,0.003230364248026918,0.007398978841314463,0.03301230751994688,0.00913332309875936,0.0,0.013082238201012064,-0.020054567693792547,-0.006059178525678388,0.002793306912165061,0.006448221265314302,-0.009431829586841634,0.00835420967223377,0.007334364671648164
2022-08-10,-0.008785364319729871,0.007246884418851796,-0.026259079791062123,0.01289112099390577,-0.004860905788796943,0.004723747952329216,0.004924964471309412,-0.01430442316867453,-0.014492055330692977,0.002906917776384299,-0.0028484716039646196,0.014098793821861078,-0.010466898030700666,0.0021130794371448935,-0.006226935555063373,-0.006775118930391288,-0.004735589604704438,-0.019780227349631918,0.005979376594372754,-0.010953133646839142,0.010215122708872482,-0.005986036691438823,0.015589928981605938,-0.01307792436561439,0.001319486017493654,0.0005506610997998429
2022-08-11,0.02686052601918698,0.005993143518381316,0.023715150575195354,0.026215555582665973,0.010990354595816543,0.003535033417972233,-0.0032858233984645047,0.010318074699943613,0.010818729245969383,0.013230613915752087,-0.011011243404886795,0.012901259137209076,0.010920754933225307,-0.006039307799242555,-0.015906255754564946,-0.0014591479011436537,-0.007415659402296715,-0.0074738282057484895,0.003330147104022352,0.01952591588840158,0.0014679588578587754,0.020347280521933797,0.0023131116331283064,0.019295618712742213,0.015461799204536053,0.007085929368824795
2022-08-12,0.0022403287913927983,0.0018111052244358383,-0.001304791019138718,-0.02384990552619215,0.0009395643483860461,0.0005870845662980795,0.004972914263217554,-0.004775737609122976,-0.006182895782210429,-0.00037025204478335905,-0.007173763569798153,0.017099113272793787,-0.015957273931264893,0.006526062630100027,0.007510175313632184,-0.005330938615839109,-0.01300796589794817,0.04819262535981195,0.016170662741185282,0.011338781497276074,-0.008251416451826699,-0.006121164363475873,0.0018881603911780065,-0.005359835837816629,0.004178285294489381,0.0022170219505635025
2022-08-16,0.005390812355038133,0.00953337854592795,-0.0031877028148400433,-0.060375695294778486,0.01676056593055031,0.008683812311997219,-0.014122108728366833,0.006311998583730327,0.0018821431406659261,0.011446640645654593,0.01909493161868192,0.005546633042839755,0.0014743577140030606,-0.0007674051375895496,0.006482326086143075,0.022907050711944876,0.03500310355720804,0.005387886907848527,0.0069501902350739275,-0.008950531849835186,0.0012588794217931465,-0.0026018589786561686,0.025756489171065766,0.0022930668538478916,0.005054672405300664,0.007181519343531395
2022-08-17,0.009742980863248984,0.0580903326844362,0.03307685908027391,0.0182595845758029,0.003164907210599255,0.0042115029019558214,-0.007274928208307663,0.019917844280275432,0.023377191742913528,0.00515921219648674,0.015182370163402403,0.004549400329797226,0.0061384617146516,-0.005114816520474741,0.0064400407801432635,-0.01090594070689277,-0.006591722992147386,-0.002143577267247787,0.005223984604447951,0.004182976720005227,0.006778995090672035,0.0024757773813424144,-0.009084403870367797,0.013612423598358792,0.005658903083681555,0.006675923198833145
2022-08-18,-0.00913092312646846,-0.0020427055536956784,-0.005161498360653827,0.027125177313500615,0.023136648976915142,-0.021038459932956943,-0.002840424848779999,0.01222800984847372,-0.007240442872522679,0.001192188772331626,-0.000968398511572155,0.0020944052693119275,-0.014505904812830428,0.0027000648266188865,0.009918432003026112,-0.0102805505765583,0.0003745999430488922,-0.006231621576584523,0.001813517822087718,0.007952265385251733,-0.004398407847803765,-0.005836280564618823,-0.0012361469901709388,-0.018056769429460995,0.004927501054733385,0.0006826699360520383
2022-08-19,-0.009868612493592832,-0.030840342761415562,-0.02491236068132019,0.0029833883211758394,-0.03970188398927754,-0.004994020730999971,-0.004386756126012914,-0.030307330352585482,-0.0035438773319205197,-0.012337170208764126,-0.01771038070080999,-0.01660820018660536,0.00893919953105149,0.005128518189338793,-0.01156348127413187,-0.017246194756643796,-0.01885957387670334,-0.007008468907699794,-0.017829799557843584,-0.022541704983432886,-0.013570401441313384,0.0013309735756252827,-0.028465277362723973,-0.005976166199434307,-0.016900259420543406,-0.011029475746944017
2022-08-22,-0.020660061203617186,-0.025534807080556443,-0.02732236796759635,-0.005949028380558663,-0.023816008882097117,-0.0040556487748686365,-0.007782087305979513,-0.045507840519592446,-0.010927354529454036,-0.015203802094848506,-0.0029795591785756192,-0.020852525988301118,-0.01343064044852238,0.001895519551502689,0.00769215829728731,-0.010246927851693788,-0.01719461087476426,-0.02005940695670061,-0.0027736384407561765,-0.017392072324496688,-0.023076653020291937,-0.009215205679290794,-0.0348195634086923,-0.02878941464871332,-0.017652498370036906,-0.0150773300473388
2022-08-23,0.007009402696190881,0.02723085403221348,0.014854650601224817,0.0389005250609491,0.009320209389886092,0.009123661946851769,0.007381804399149372,0.015777371954821096,-0.013080412614412285,-0.003094405365962838,-0.012925142010686175,0.013669767933068622,-0.021102557550268353,-0.0004267303510004927,0.004771032623366311,0.03782513544720145,0.010721008738004745,0.014025654760946304,0.01542240451035326,0.020731563233070016,0.008915100325215919,-0.020852220615083294,0.012868508639666265,-0.007976253174091674,0.010441845307733288,0.00496268217550444
2022-08-24,0.004149723887351353,0.001837071050477368,-0.004273381883819871,0.012267991808045497,0.010456281258215627,-0.0016805232091215982,0.0005724753675562244,0.017459667310941507,0.0023762825382869224,0.004809566738731341,-0.0017355179505307294,0.010880785776850255,-0.003176786039752577,-0.0003667436478137498,-0.005697866411255248,-0.003770345450134993,-0.0018921863839702624,0.016822455307172746,-0.0026634937238599887,-0.0049818741378603315,-0.0083296613764553,-0.008905092523776137,0.0059723512160767545,-0.001200016037263607,0.008808070432261283,0.001561611079505143
2022-08-25,-0.009064836962582756,-0.005360030142396499,-0.018078759660176247,-0.02497631743941786,0.012498395064890255,0.004706061850376919,0.0056642076136728114,0.027114395742246167,-0.005636734051377101,-0.005431603737450441,-0.00542823515366031,-0.0010878433112730956,-0.012585362547689827,-0.0007225780760277134,-0.005571480850063759,-0.006820190133856152,0.0036650221144398643,0.004044101768940989,-0.002916988212469218,0.0021183346200766007,-0.004199777724032239,-0.011412038678221381,-0.00863554366074315,-0.002282809575098188,-0.0022478071272616917,-0.004686182219266755
2022-08-26,0.002085106933408909,0.002443549229645514,0.002121476826805857,0.005836585982710751,0.008760268334415011,-0.0034451989789275883,-0.012288772933933712,0.0013741792517030227,0.0019600130845125463,0.0001706838551207568,-0.0010295141310826539,-0.0017195102887912483,0.00223954928312331,0.0010789620471156613,0.0017608676442877336,0.011908074069094887,-0.0017513910824887846,0.0007323678277133538,-0.005338161470275105,0.006533337398442418,0.003248593675976519,0.0012429902932973302,0.012739462667157087,0.0049373673052162115,0.0009344842124519026,0.002080255529346653
2022-08-29,-0.0217478437351879,-0.012255967387352018,-0.013841428737950467,0.042445784238815065,-0.026578992773164445,-0.0031136167036867057,0.00028800184726174294,-0.026362386649577796,-0.029767752268884284,-0.0175413520871055,0.001652816857732331,-0.0172245761177382,-0.03930198863022927,0.0009539262594371323,0.002077303020201704,0.0016868225478170462,0.013026602727760128,-0.005488528917159119,-0.007773106678349628,-0.017086682342848047,-0.0010225346697757542,-0.027822708255778705,-0.02515855529030786,-0.03091676388819742,-0.018222662899623043,-0.014009988924553851
2022-08-30,0.0312885874452653,0.05444041303280467,0.04909272346651106,-0.05535514512246875,0.054339055233148414,0.008289443397145435,-0.007716241277465952,0.044248993844734574,0.02337873618381181,0.032443874377218185,0.03263048798880841,0.036747143248157865,0.02134432254412011,0.00011011031163987717,0.022165463840688515,0.02498425355923084,0.0280782189964921,0.01986766434609999,0.015514013317729614,0.03185403954794874,0.015695153942533402,0.025091252430195388,0.03915301331614973,0.022752614443301233,0.0329195004123497,0.02578426378902554
2022-09-01,-0.009780384482201754,0.026190754297158003,-0.0171017910711474,-0.05488868193799945,0.02128195075635908,-0.010117725834067892,-0.01543638366972333,0.01253824804355097,-0.013738634014699547,-0.00938682675485536,-0.020245503867353132,-0.014594844774631688,-0.01925725920092991,-0.005240921836678236,-0.009048383588105002,0.0025598559385919817,-0.0063584232076909775,-0.02813857235915873,-0.029397744026215533,0.003858727237729509,-0.023738771473396536,-0.02474178533541127,-0.008915354796943609,-0.007496030619223437,-0.005956454167403535,-0.012190795272107646
2022-09-02,0.0081299066628151,-0.004432374181949417,0.0012601542457975068,0.0030019874656297407,-0.008285116567452677,-0.0028913955073091024,0.0077803096971216235,-0.004560296130099228,-0.00172788107065025,0.009068216850293798,-0.0009208227331685137,-0.002230134758138047,-0.007649126180303889,0.0021119020353672635,0.017474887382068482,0.002972458217350704,-0.01162395113696435,-0.014476744636105043,-0.01167785855983361,0.006375487870650565,-0.0026381341823271676,-0.00041508558859326694,-0.011030086127324479,-0.006700066528398274,0.003047012310800401,-0.0001910505934481499
2022-09-05,0.007864660280424651,0.002703536948609031,0.0008135462916514236,0.0,-0.002278432722013002,0.005799559835871992,0.0,0.006871781553976275,0.012493885887248535,0.006428896816132346,-0.0011523915398864437,0.011519884067325847,0.0057124021824803695,9.666329780722016e-05,0.017638853476239058,0.0034956130032763877,0.0034137852365521137,0.004896514480708936,0.015530454351515788,0.004099008583551944,0.017307800718534105,0.0009582126078200304,-0.005955672365635323,-0.005396143268301734,0.00976004044528267,0.007203850071011875
2022-09-06,-0.008067673819770249,-0.023431661667837944,-0.01067903800176584,0.00011505130102373862,0.002918032492893907,0.00592053928928693,-0.0054977331533621054,-0.005074872965040833,0.00192301065898004,-0.0038126193950160925,-0.01057433078528891,0.0013598923808073593,-0.004242822422331538,0.0007337087845047385,-0.0051695655940250385,-0.0107152205318497,-0.006849179010017248,-0.009744880642566178,0.010526198046027613,-0.0020410462172252286,0.003560939391769269,-0.0020264064065216303,-0.002723274896392902,-0.002589367734024295,-0.003498278828759638,-0.0005774531254664206
2022-09-07,0.007200094658792677,0.005106485968449981,0.006622855922005844,-0.056859978915542286,0.010499673666342746,0.002382496048759508,0.008762658315767169,0.010377393661272105,-0.006504455115161845,-0.004733430266837257,-0.003303540134979799,-0.008430932004286462,0.0017523712136113812,0.0014051405346131585,-0.0032096088363344766,-0.012783253102346626,-0.011683180312092478,0.003027792383716532,-0.005814697483763287,-0.009204286778483173,0.006758657460539164,0.007211281709537554,-0.02599670896723638,0.007417446637314473,-0.005309268614347218,-0.0017671004916441913
2022-09-08,0.03223443769882617,0.01918728400717651,0.012718762267190487,0.019526463588589893,-0.0055082771488065285,0.0052596329951202225,-0.004255843654357938,-0.012220512271247097,-0.000697723885910384,0.010321678526075573,0.004893538959547916,0.025793128757318318,0.012520234806271624,-0.0030702794334345196,0.011652708365837094,0.024967033588202847,0.0006546695948126402,-0.0049056081771543525,0.0014135829452699422,0.022145056786093464,0.0006153105178861029,0.0063657297821471115,-0.008186591992173642,0.013130542857539451,0.019085810110356816,0.009892512965589573
2022-09-09,0.006540604861037469,-0.010194086244439293,-0.010575041341985059,0.03890351884585552,-0.0007552709900079391,-0.003874355035154209,0.004800908180254693,-0.006379756747616816,0.01874229894434354,0.0006676329004051684,0.004481601919750222,0.002725818057697227,0.024222376319052996,0.0007093007673761864,0.0018189501204923797,-0.01562149181627659,0.017672026683706266,0.016306323725679528,-0.006227090926396284,0.015973662807581723,-0.004808270156595684,0.015143741838817393,0.008367294460504882,0.010537709836875742,0.005141950095843173,0.0019439347917691308
2022-09-12,0.020577093128400392,-0.003928744466101253,0.014761412799176199,0.011406819372350219,0.0,0.001421799831142323,0.006933938208037338,0.03554443968713117,0.007432847980810342,-0.0033696666841910305,-0.0032061148838917752,0.006601988385791291,0.016240505122741444,-0.000633563007501281,0.001210282640012661,-0.00322764727332181,-0.002051061797250675,0.0,0.011189684804046696,0.002801153372793852,-0.002584120728820749,0.007862697303482769,0.01143743464935243,0.01162664006508729,0.0039167628927019305,0.005775695663245095
2022-09-13,0.005680404550195695,0.04139613699082245,0.01599431661604167,-0.005354308808830588,0.029856309757156696,-0.0019360318318044634,-0.013367268047154046,-0.012058045347023927,-0.00015695970848794705,0.013089541101563018,0.002402764582135841,0.0030865150287711085,0.005695905984799632,-0.0037724680802766475,0.010577227562248659,0.0021587650025776117,-0.00012904515009859452,-0.0007462332816761119,0.008352492838128,0.005586657660638927,0.0027599791803201157,-0.004193571869536283,0.012860306786769637,0.0015401256102243188,0.007371743987550472,0.007454201929980142
2022-09-14,-0.0031033713306696242,0.011542146769497608,0.010805818148123869,0.013400593643982717,-0.003791917266361411,-0.00911147500234466,-0.004985337243401777,-0.01733704694242677,-0.02449241539291691,0.01027690276053983,-0.005876496023888067,0.008900922301315894,-0.04501758922921306,0.0031138541126467523,0.0028409254133330286,-0.0013847950246307361,0.004559614717507099,-0.005227676816936144,-0.011985911908203084,0.02464142371571465,-0.007189820508460176,-0.033737273380201716,-0.014448270740275215,-0.015024126463004106,0.013023214651615822,-0.0036690976717561608
2022-09-15,-0.016250548340275395,-0.018362064553651303,-0.012981930632589567,-0.03820077706346103,0.009332005764849827,-0.010713921666929194,-0.01833184532032861,-0.018560408800937345,-0.01298296722069181,-0.0052006058221175655,-0.004277906517923813,-0.0005445854895137492,-0.028873475845954566,-0.0018680909818101776,-0.0037275166797337,-0.0007703865778592167,0.02704850399663461,-0.00450457761666867,-0.009909705323294493,0.0006996703310593322,-0.010693092411125593,-0.005143616862863132,-0.006552663199234532,-0.003002760807734095,-0.004738548664631526,-0.007017960667916379
2022-09-16,-0.0008861780260409624,-0.021047328315119906,-0.015190253678325605,0.00011753391785918055,-0.05328468996840752,-0.02198374778058565,0.0037828309507974556,-0.04292795522239301,-0.025002518258349093,-0.018379739296306208,-0.012595641915888245,-0.009263272765965724,-0.03890983908934831,0.004976495932699221,-0.00838069143192599,-0.03619754080532289,-0.002182388749357944,-0.010180981111777676,-0.02477855307540222,-0.01808971863844211,-0.0071486975363072025,-0.030811712673985747,-0.032979348982941525,-0.03228528539418263,-0.010492697616326652,-0.019384853148544656
2022-09-19,0.011149163514003968,0.017897349255631356,0.030519211015921366,0.007284722619384176,-0.010151686593192655,0.0053466583039800675,-0.003290064102798196,-0.01682944431168787,0.0010035017646574662,0.006598595747922875,0.020212467266955025,-0.010889846104319423,0.009621941532624634,-0.001998761511223801,0.012979065807039003,0.030837588236229063,0.009924037467420321,-0.0053333716223373795,0.0013004342878666364,0.018600971557274804,0.007833697192986655,0.0066808078744262644,-0.016300607591673066,0.0007469814783185313,0.003129113283787177,0.0052136885924867205
2022-09-20,0.018356101164634486,0.01905481804745701,0.018582964900036636,-0.014930670227109921,0.017655439779941773,0.02850597801411614,-0.0039010924201674513,0.0021014234169938195,0.01804404356704148,0.012045798215952752,0.0016672060279367962,0.019517302293373895,-0.001258688833828292,0.00022584834824335154,0.0011920006156522778,0.011096759543494983,0.0021550516240333994,0.02029883552029088,0.00015973988163797692,0.003145478314649175,0.0424073253767725,0.003796743871277375,0.020683986373637664,0.007339313941783443,0.013785925936961263,0.011008809885230342
2022-09-21,-0.0076284723357766815,0.0013337143233289606,0.007236056559084103,-0.017880338204883328,-0.03112643102637025,-0.015002435366184064,0.002952355581262056,-0.022228994335557473,-0.01427791707778836,-0.0015453674082395175,0.015501861049804999,-0.001636093460153254,-0.00813793211324576,0.0006926111238361177,0.014732112027918465,0.002839837258431732,-0.005692975190407568,-0.017267379954895024,0.0027568975569711718,-0.0075777560608486505,-0.007292067087712573,-0.01286041287229267,-0.015198693831478649,-0.010249538129876723,-0.006386917867977848,-0.005495005437451739
2022-09-22,-0.021511312209635647,-0.016454013643721788,0.003757783711210605,0.006631244347404364,0.0025017036676753257,0.007139876374027354,0.0037246625814739698,-0.020628600433893585,-0.0036627005216917086,-0.021306084617463972,0.026356948311430095,-0.012947353434073605,-0.006752726482936788,0.0036106397369133347,0.012025230584639113,0.002869862654774069,0.016646987843804473,-0.017188718838120787,-0.009423251212734463,-0.004212666668742426,0.002982453350701686,0.0020656615653662502,0.01063972466146157,-0.006986961199736408,-0.013902877902456923,-0.004997577656902563
2022-09-23,-0.026102363692618535,-0.028465001384739064,-0.027514423577176372,-0.0568930425384675,-0.028237410727812717,-0.0103289899954625,-0.01526214942229942,-0.022138157528440727,-0.002005406539541066,-0.02681694513270594,-0.0039736771530271,-0.02341156317843407,-0.0018274335918571083,0.012635806566750007,0.003912380746379451,-0.02907509146453069,-0.006211435165369705,-0.00038859577725935956,-0.01874418782570053,-0.02943791020131359,0.014427372093322122,-0.008429081100007951,-0.02105513548428073,-0.00904628860279022,-0.026688072938483853,-0.017155677232420508
2022-09-26,-0.03382789133078856,-0.026191955463505612,-0.03298860975890783,-0.025781036758586673,-0.04838511042628002,-0.0027420819309100786,-0.013371421228407288,-0.051019900557148445,0.012111301649812889,-0.013484067372366071,-0.008016128300304182,-0.02402949689447298,0.010838897569890982,0.0023759092365778223,-0.039838290871638926,-0.02821653531048529,-0.05442322956648438,-0.04004672698367273,-0.025476449368327825,-0.013258192815254644,-0.02214756159817033,0.004141202184938297,-0.06050579526534905,0.0011411298460481945,-0.023516746113731668,-0.017951321762256445
2022-09-27,-0.006867564643361468,0.0016399698702700416,-0.0022936000492068676,0.023334649157747966,-0.0036925496463349194,0.01302125159588119,0.002094438638256868,-0.009182316572347804,0.013290178293796862,-0.00897203309925143,0.007028310727744902,-0.009871570401726482,0.009635986566926213,0.004442815267164724,0.00676482866751682,-0.0005257557893021403,-0.0068931020108953245,0.00810052662411942,0.00794985372571988,-0.012515918186898234,-0.003941198984010241,0.007697770692552952,0.00327046237628581,0.009118465651209995,-0.006657835679917734,-0.0005230508522044985
2022-09-28,-0.028542463254406125,-0.016284174521689287,-0.0055710575029880305,0.046496834724572,-0.005702066229893221,0.021068569226535105,0.020716834237260562,0.0005630521164226021,0.002231350030096557,-0.01718720216841907,0.008528725152822103,-0.0035776314508413343,0.0008251669915053661,0.0013331094813706645,-0.029565418884996086,0.005381384722815907,-0.005390769102511128,-0.015267296448346013,-0.026624967782432507,-0.021715006391646807,0.023072931017152687,0.00603159619415905,0.0007522497585448207,-0.0008784492000634136,-0.015623287902802319,-0.00874917846539458
2022-09-29,0.0035593266702456106,-0.00986552240087235,-0.01357170261517393,-0.01119900367446125,0.005304667825417164,0.021312996467671486,-0.0011443172645898558,0.005842890896355479,0.0024434037498859418,-0.0051815024529013876,-0.0005737336576918661,-0.0065920941201208505,0.002832133827637584,-0.0036206776317011524,0.024926985313831862,0.012838063609135864,-0.011676773335298485,0.03345586576531989,-0.0030654203196306407,-0.0059063317335726895,0.014000188202988983,-0.012633197093958048,0.007892802926930065,-0.013189320499690238,-0.002968837448442563,-0.0024023347691036756
2022-09-30,0.019749626871329085,0.025948947415982193,0.032513560666360686,-0.021420724132169333,0.01739879649939846,-0.005733055222446826,0.0023515371806226426,0.027452697910435253,0.010075309379334874,0.028212896537912258,-0.001518110134038353,0.021448066428787493,0.010581613279786017,0.000637307724343783,-0.002552131487411735,0.007827526666325468,0.023571391298806477,0.0011843479058228912,0.022556418774271503,0.01696204109617505,0.01928658239650405,0.0024188437880416913,0.005842096283073417,0.003691389900847719,0.026142304314551,0.01642575596626905
2022-10-03,-0.01425268780064981,-0.018917448416470806,-0.022349469549182488,0.052082016617280624,-0.024810857820772192,0.019362593465101163,0.018346967969246952,-0.024750906185630694,-0.0022523466470505404,-0.0057340063363015,-0.027424925637741016,-0.015835335052172494,-0.01393751842400337,0.0004995400205527467,-0.023479959857764854,-0.01328636880237255,-0.03184708024988714,0.044164054514236106,-0.0034696801250937437,-0.02044848143108724,-0.004374633090868496,-0.006523382578928927,-0.017177518548073478,0.0006341405214451701,-0.015590721787919204,-0.012109264448790458
2022-10-04,0.02774137124128706,0.03312895782761549,0.044187038218355124,0.034556970997991154,0.03234156864562743,-0.0012897479394552436,0.016657777048373124,0.03757462098119668,0.01693092677606778,0.028162997123351463,0.01733073961720022,0.022750116299619316,0.02557848091627446,-0.0003225969475422197,0.02604830112347245,0.007192132954731978,0.01678961019695735,0.011329273102733906,0.018442674527366032,0.024915838960659853,5.290726779350052e-05,0.035578328716021845,0.02577642117240231,0.027883410201464676,0.028409496524926414,0.02291367093271912
2022-10-06,0.016558812129453093,0.0055256945190791384,-0.011290390813725626,0.02230698543757348,0.022974142623388927,-0.0037155201884429,-0.005461637643020878,0.018458755869924515,0.019608763244100658,-0.011011613568524425,-0.020221596026255617,0.020515163890868937,0.018014583582376398,0.0018872441152462116,0.011416396425557807,-0.0027372905984742735,0.0014383592790949695,-0.009335489283558873,0.003687776768330986,0.008635240542822498,0.00989884235891636,0.0034937437747133426,0.015199842600567948,0.011467304847677884,0.004418272888378372,0.0033286441360573793
2022-10-07,0.0007947694937313621,-0.006752172773664911,-0.007968432185741281,0.04737142550562323,0.004219348398618594,-0.004752652254978673,-0.006543174324569634,-0.002804021553292513,-0.007101765182933928,-0.004314709629751001,-0.005470396607517136,-0.0032750939282435443,-0.0027145754516412213,0.008575695915630455,-0.007574630125463888,-0.014360727935937234,0.008743949538288387,0.010554311956245899,0.004232121264687416,-0.013214232830453865,0.001310445477670008,-0.011943757427120283,-0.004709001613138142,-0.004998078902738734,-0.0026678816935823413,-0.0009895331040011834
2022-10-10,0.027987156338032726,-0.008593300387726766,-0.007045512762658301,-0.016299677743728647,-0.007183594684806893,0.0007654301614419268,-0.019523640794986807,-0.006601636358056107,0.005795372237610952,-0.011042689790907945,0.0022695951739646336,-0.0009065636278667855,0.007890144603709182,0.005868914754307397,-0.018706872870323243,0.0033497644243534186,0.009488508806443363,-0.005967995802728221,-0.010915372672779755,0.0010373926006845835,-0.009527401046015016,0.017504376410889533,-0.039306092941087445,0.007841087339809816,-0.002168211581396573,-0.00425364584114718
2022-10-11,0.011199103031117152,-0.006975712692033675,-0.012422134532408702,-0.019532523131181145,-0.02116036557084089,-0.022203244967490487,0.006837343015591246,-0.035566321833574444,-0.02559065173499575,-0.01014125917612363,-0.02108944957707437,-0.01264532307313293,-0.026561446194401372,-0.004969054512781845,-0.004727780973383555,-0.010820452097299427,-0.020112813888722658,-0.016134929558111466,-0.019910281793957707,-0.006311733275732756,-0.0013740727572831846,-0.01571220636349957,-0.006566451170993748,-0.016776032740737246,-0.009737084917860406,-0.014932383199930399
2022-10-12,0.029469803773469083,0.013152675156952176,0.003248732827959566,-0.0232792598385676,0.02329158709064183,-0.00971327512147635,-0.005003814015653085,0.01990645673501379,0.014276787630947307,0.006532685244803549,0.015956764108063792,-0.002584450148866879,0.003441502756388326,-0.0017810717458761616,0.01164556474693268,0.014924127134709142,0.00028182222106787336,0.0019068870268126314,0.007358265042692436,0.012134861973325917,0.011431591983447342,0.010164209428136006,0.008135199360364886,0.008778490114423887,0.010490226706189265,0.008246145339619648
2022-10-13,-0.00828479639857449,-0.0076121774909096995,-0.010316765246232595,0.021084038479006306,-0.0117213927027785,0.0031829577563844413,-0.00017963768146656012,-0.01509717884246431,0.03161749887217247,-0.011491081069858189,-0.00962834854022454,-0.01698616493343663,-0.0061594111212321945,-0.0008982914657673646,-0.0043924514262119185,0.00024037352219719033,-0.004265205019068796,-0.011419837694713664,0.0031785911525819,-0.023135917422571706,0.013447762152852372,0.0008224434649517498,0.006178375370231359,-0.07071939161204288,-0.012642406063449907,-0.006380083772817624
2022-10-14,-0.0018703868423978198,0.0038946977012239703,0.016898312680130756,-0.0392772974528901,-0.01061923151163957,0.013197427808351758,-0.016946137022829322,-0.0015668074089016937,0.020822833161271204,0.03257745664242484,0.003663057951195814,0.019505653046793192,0.038277382257994486,-9.606354784674753e-05,0.01049741943404281,-0.014340563930835715,-0.0037283814833233286,-0.017327782667075242,-0.0050781549032290485,0.011026894252511132,0.008157690598555645,-0.0013371936953538999,-0.006892231609443189,-0.0047481353124326775,0.017647102252724034,0.010070888003887335
2022-10-17,0.01705177986817641,0.01833212731206535,0.011371523624151836,-0.0017521495714224455,0.0019514207504152115,0.005660158762093026,0.00931963774330602,0.006785726139075798,-0.007929874795560954,0.00524673038157264,0.005726176380041803,0.017178976194624607,0.010649368281204108,0.002685210909449065,0.0004515859578684278,-0.0002439150348568786,0.012358792988419465,0.0015673987066617823,0.016050263379610463,0.031202606494802776,0.003789888188328039,0.006664039838516267,-0.0003785058332033131,-0.005830923727277781,0.01564273204137856,0.007337586960815656
2022-10-18,0.002702215369769556,0.004071545773766561,0.004785695093320719,-0.03089163840311937,0.017390136359745734,0.004924863347003372,-0.004828002414001165,0.014870017939963232,0.01467925091079536,-0.0018665098271889446,0.004516441627652634,0.013217439161866018,0.009228405882678592,-0.0026464516653427195,0.024228733190909013,0.019349722948434955,0.009577187198088977,0.007042143877706186,0.017643960967858252,0.03458114437445747,-0.0016837942904354142,0.010588855835207633,0.020575564112506273,0.011196980486481989,0.009977380533481295,0.010117285874136073
2022-10-19,0.016536980233031295,-0.015901557935838695,-0.001353186139040008,0.03296309305714962,0.012717068460174064,-0.009101249131124423,-0.013038204972710687,0.009422222421349824,-0.003552752484577981,0.010250394625502146,-0.007397358426127876,-0.0053518615305073736,-0.012136719585271405,0.0011156156111558069,0.017778660851409667,-0.004307069299126831,-0.009991571316730563,-0.006992898877687281,0.017399312361061625,-0.016090427473524183,-0.0014818735595372168,-0.007266064009147755,-0.012863336186979324,-0.0032955003704691066,0.0013504846204226428,0.0014468379208691928
2022-10-20,-0.004820039840919721,0.015834699325126156,0.007045747717227657,0.005026303797039278,0.008371555235939132,0.007447424744974063,0.0020276797715053085,-0.007607272969375467,0.02184509657490441,-0.006752679563886588,0.006929785311418302,-0.003867204371891586,0.01040101929841053,0.008635713896962827,0.009672284011917665,0.0012816814947476107,-0.0013704490999684182,0.014084512313571773,0.0026865397357431764,0.003614114695045245,0.0035314726056407952,0.011355546857994003,-0.002380618763062614,0.009125752619095095,-0.0067779545270492125,0.0029521745492440132
2022-10-21,0.09027061063910269,-0.023903339108063082,-0.032243943709196365,-0.010816472073338024,-0.009641100571623373,-0.004196382457236636,0.012386528432097199,-0.0029418362950082155,0.009632184809550859,-0.0070404954201847,0.020377601914484123,0.02081806149315879,-0.0002665260825538418,-0.0020639636614437906,-0.011724551592876664,0.005399925700521724,-0.00047078309605164126,0.015046209582992187,-0.01159723028704518,0.009812503386048776,-0.002703031901753472,-0.006302789620417304,-0.00012566097911070884,0.0027523503752520107,0.01707001971483524,0.0007032337856462956
2022-10-24,0.010051056201272335,0.010300050281181639,0.0019117159864074917,-0.0055261752361972505,0.0,0.010783243486837346,-0.001393124668761403,0.0011636499173395265,0.004283624845301093,0.015605546846219509,-0.030445583846436586,0.021110007912437556,0.011562803414568723,-0.0034337282254357504,0.006076525866769211,0.011299070312957848,0.0071408302128532775,0.009502258396185015,0.0033380407849432636,0.017206178597755972,0.009512100519408984,0.007745176010211852,0.008918486455042451,0.005620160149834019,0.012770822661848147,0.008787356376761757
2022-10-25,-0.007257161755189867,-0.02541411061363319,-0.014376064521075649,0.008749087819218238,-0.0001351484751899168,0.014814411343001987,0.0024868670938793525,0.006226345964636559,-0.004943866856437107,-0.00694704614845576,-0.02631087999866244,-0.0013494454220550622,0.005567058561844362,0.002667750453767992,-0.004026549810435931,0.008222153597776005,0.027328924027856027,-0.015436769444478915,-0.015444558769141192,0.014110320505999585,0.004609817688353779,0.00012654371739762027,0.007345640156842137,-0.00013009692091625613,-0.004409807478410799,-0.004196122026705051
2022-10-27,0.013623603727648481,-0.01664117283387212,-0.018555620459156374,0.04406941103702988,0.037187238109102516,0.010996448447117002,0.004779708440443953,0.0242152135082756,0.0054066457602583995,0.0024121933878422652,0.00542838793410505,-0.0007026352743363384,0.00937203881428017,-0.008601811533581083,-0.0014437758558255576,0.00994998389030477,0.00410322574239963,0.008030467194524604,0.003931803985476545,0.0019015070451149363,0.02027139942699896,-0.001486656795872232,0.007786395430634974,-0.005199480094989162,0.004293217768427171,0.004564907874966551
2022-10-28,-0.013221994076296206,0.013765010976622971,0.0051282849539027175,-0.013246523135616028,0.002868367014404516,-0.006958036630674513,-0.012705471311086791,0.003786029504687871,-0.0019861393357162305,0.002956607869641248,0.002084154913920555,-0.017903562453644994,-0.0070211834745609325,0.004788549436254286,0.0,0.01352244360065824,0.04983433946118532,0.014415896636501335,0.03059813684140278,-0.015354330619416379,-0.02140070857411791,0.0018528941875961547,0.005396125656767392,0.00156788441587552,-0.007468622836343863,0.002810605244745412
2022-10-31,0.003266778821393368,0.020624140599129648,0.0195878679823267,-0.015585924036402687,0.0023400438819756175,-0.005885709331947431,-0.0022566182160088655,0.013562332155323986,0.010825086509825388,0.026050586564054345,0.010478390871320409,0.000936393794511714,0.01612442329974173,-0.002465966981195389,0.008386370761163997,0.02817063953205068,0.003692450281795434,0.002617784002590051,0.0092827398189117,0.005344031987299269,0.0271717351589984,0.009452278993509866,0.00695288890845247,0.008610684972510718,0.007734571073087171,0.012672230395564199
2022-11-01,-0.03780352896839945,0.012770426460217976,0.009154469872654447,0.02126434754700801,0.01076523000131191,0.02291540671703962,0.005562672198869079,0.004077607200347666,0.018153047998483496,0.011057717946648005,0.007143621102081665,-0.00011015482409759692,0.022989454128141462,0.005955791383004616,0.0022941206575439743,0.004041187072893804,-0.007661843297422588,0.008205789060831803,-0.007746356810989341,0.005402528133563678,0.0193726224490387,0.02084156518098279,0.020835916851225322,0.015133945140037186,-0.00044417339916724696,0.007395053222392978
2022-11-02,-0.009406396793825933,0.0007898686015523904,-0.007393121182899365,0.0184451420477183,-0.011548824092565524,0.004486987776897822,0.0004255022321428825,-0.021527441863884222,-0.014008729928333463,0.0006277514721100275,-0.013128031235414062,-0.004292276900452974,-0.012523818275526621,-0.0005378359572664193,0.014735411481708871,-0.0012555212979203922,-0.023819222813087904,0.009618910780718304,0.006245422573760928,-0.005286947736030445,0.01480785527070183,-0.005522080470300339,0.0018986661385282932,0.00395007219347443,-0.003460926497459549,-0.003447197631545107
2022-11-03,0.0005790720181195752,0.007659062672050521,-0.004835029308911998,-0.020333353678385402,-0.00103858901317333,0.007518062690320848,-0.011180593601310962,0.007655979624649589,-4.7902649839892675e-05,-0.004391673847599642,0.011138602976592082,0.004366135753036682,-0.01451756008202798,0.002465946637929761,-0.002678712817649198,-0.012533653760213093,0.001051005004272021,-0.0003664522917254942,0.0037319737090240057,0.019255987142678288,-0.007367145841504108,-0.010781314561756572,-0.013976117497631613,-0.01383433592853256,0.0036868367538747115,-0.0016673473084335422
2022-11-04,0.004687166309276902,0.044792441868762634,0.012693959451556935,0.05035729311118531,0.006627704098351783,-0.01411787706492107,0.027776039953065323,0.006758165961877616,0.00019127954447295537,-0.0068986151449638156,-0.01021077065771836,-0.0036868843016362174,-0.010942168723503398,-0.0024924643430052074,-0.00028277659666930965,0.002171644144929763,-0.0010391254368450342,0.010630521285905026,0.014715315390143147,0.015472836271800405,-0.004117958463805471,0.0033212257404140466,0.021861859357892532,0.005276777962287316,-0.0009662082498009816,0.003570168155688336
2022-11-07,0.0055868877773574965,-0.012578378278458757,-0.003043628834314749,-0.008854332031313694,0.027110681406112835,-0.008762179059841224,0.0023916292974588416,0.0011518653768425313,0.0017220711116312515,0.007781371596042863,0.004939754738799262,0.013476194112374884,-0.004326510486203694,-0.00854846363968631,-0.0002828565818908668,0.00971381906684421,0.011246556861971513,0.005078159182736686,0.005341780160283527,0.034009543635474815,-0.011106841036927828,0.005066137125910197,0.022687196639211038,0.0024324445877534906,0.010379718311992692,0.004727586225111935
2022-11-09,0.0008592197215726571,-0.01425724894904834,-0.006404559102397234,-0.06493080972901977,-0.0018852504395269198,0.011024552131498888,0.020041739090925992,-0.07185089405074119,0.006016140297687489,-0.0002983499308820692,-0.009475609097432391,-0.007629388568930584,0.002487699517506492,-0.006950916025284082,0.02036798691906805,-0.010175319562805374,-0.008550101949426292,0.0007216577414570491,-0.000997440747196321,0.002279406840745013,-0.014392002875144527,-0.005457984055752374,-0.004252894065643331,-0.0014047734923146038,0.002314913943655128,-0.002516139235956394
2022-11-10,-0.0343366902714779,-0.029868105690559088,-0.02364220270060169,0.0074565929860772595,-0.014859618542597874,0.00320844213131255,0.023507440393017776,0.05612553660636688,-0.0009490650210804974,0.010872889961251575,0.001913126404790022,0.0002196663067215443,-0.006121032037045282,-0.0007541746712400599,-0.013030422381416051,-0.02941952956004834,-0.016885478492887684,0.008654889838200841,-0.012096681843701274,-0.015920521308085966,-0.0028611303470146288,-0.003234018258652771,-0.04836661430807099,-0.005243793455373513,-0.004294819506608594,-0.007093725904609771
2022-11-11,0.008296727490655131,0.011115388576547591,0.010946018258116252,0.028796089147890003,0.024031729975776628,-0.002198052097195591,0.008969862728614109,0.04650509541712822,0.03629638714686667,0.056665104966544755,-0.004197005817259236,-0.004556988255801087,0.045374515506463986,-0.010583484455624403,0.0009832720249975946,-0.00855029333411328,-0.001066160704713548,0.004290175928747031,0.023051412718534392,-0.0073463786913695595,0.0028693399024855015,0.034408044177828945,0.02741387591078892,0.027770748724202043,0.01281863014809903,0.017833173247033374
2022-11-14,0.0003526914047398133,-0.0005235261475508013,-0.003637467694910801,-0.03473467142188813,0.014854548636892062,-0.03872727437124235,0.004303496934279449,0.013033707310815767,0.00765587448348759,0.002420532944626741,-0.018078102449347044,-0.012795672635721678,0.009680879146461319,0.00017518156839635424,-0.02567682335006216,-0.006953525359574719,0.007130677171738098,-0.008543902223229094,-0.004844519604023323,-0.01455183495049528,0.003305231534512787,0.005895849449820467,0.024085004523413556,-0.007880990326032289,-0.0014310797481403847,-0.0011198455015547504
2022-11-15,0.008989416439268538,-0.0057321778437214865,-7.189830065312819e-06,0.012227732488398813,-0.0025830487146734082,0.01605313487551352,0.0001128062950730424,0.0011453545705490953,0.004458501162658113,0.002445745964495316,-0.00012202503029157263,0.018716124714963867,0.005487872452920151,0.00614923670514278,-0.005616575575606131,0.01060120742740045,0.0010761703255162125,0.022262300559777737,-0.004486429982756501,0.014007232736932496,-0.0008358864434172553,-0.0008694302564881129,0.007954769850053056,0.001513093274329913,0.007033545766926386,0.004050924260950772
2022-11-16,-0.0037850551980975755,-0.013374285157637833,-0.01860297579441983,-0.015301447987488226,-0.01035879689975372,0.010668307669346122,-0.0004510366479320016,-0.011631007237911106,0.0011775659702377705,0.008585619569076774,0.008280901759452952,0.0020839793233387027,0.005520792074477976,0.000980426973686166,-0.0033309332777410328,-0.003870966856916236,-0.0029742222979185495,0.003863566091932169,-0.00573389887195197,-0.0018308249515286423,0.002558938756918705,0.006826578682124884,-0.01281022547951649,0.0027698272320784145,0.003837365755578359,0.0003396111515991951
2022-11-17,0.0032733417569552614,-0.012487876059937286,0.0,-0.04615021751664128,0.0041120622274366525,-0.013322927083579517,-0.006880965127961103,-0.004784312649048328,-0.011445788792188827,-0.009033008713901225,-0.007203999394286065,0.006786342067181206,-0.009608085961530177,0.0052286844834616986,-0.0011624482194602104,-0.021255899320622107,-0.016256158895528783,0.0020994715171900324,0.0025845127374819477,-0.0011670679581020638,-0.005202988906304218,-0.0018925907927779262,-0.019464685225906275,-0.0037665438838867527,-0.0018160679076234532,-0.00357149639481924
2022-11-18,0.0011652211183339478,-0.006127600986503334,-0.015018016047749994,-0.019108250493097723,-0.006204934659220562,-0.0027707222714111746,-0.005054534397580079,-0.012212205376645913,0.009702220188088306,-0.0026264129051948304,0.009634322197358935,0.0005978888127042836,0.003779608122431055,0.00036323629307255523,-0.007710262766847276,-0.025568734289763917,-0.015401053123175967,-0.010125852012708436,-0.0005387231558344752,0.00609297486808269,-0.003700697572981748,-0.0016573291125142608,0.0015360717013102043,-0.0073093608242471575,-0.00048522720529275976,-0.00197613371355454
2022-11-21,0.012628020333992573,-0.011212559001058997,-0.016550092555598805,-0.004370610216262061,-0.01423577730357406,-0.013426995292219468,-0.00827672800840884,-0.012716258769622013,-0.00693474855919618,-0.010254715208320553,0.0071263928637035345,0.0011409912677742273,-0.015815229779534867,-6.139084707390552e-05,-0.011288813217494864,-0.00725248664125544,0.0019382797798528362,0.0033334167913532387,-0.017996867681898454,-0.007632309663984094,-0.006388533966845467,-0.017930523565859335,-0.006370870664222483,-0.01320306393123094,-0.002141964077044034,-0.008067729540576885
2022-11-22,0.0,0.004584792287297246,0.0008907582154471516,0.015301562021099446,-0.010134197478677165,0.002908216541878117,0.0005180294701365717,0.005287244180861794,0.007211301568489592,-0.0014712118353724657,0.005716670283054226,0.002496175645334775,0.010744765726838468,0.0025490932314682357,0.009045344733580318,0.008372646887799151,0.0009645720048361284,-0.0018456708424969825,0.005546946209755266,0.0016719491075432025,0.006928129076427592,0.009578258652251925,0.008549107303920334,0.00038598366084774405,0.00260945182785699,0.00463933015368867
2022-11-23,0.005344538144013589,-0.00435081739978449,0.014210901479982718,-0.03718338011501676,0.0023035086675127214,0.00989115200868973,0.0037967988267542108,0.0012653108383580136,0.0,0.002601959881715743,-0.0033191095153882744,0.004059799470283343,-0.0011985676897343644,-0.00015543006846485685,-0.0013225245178497547,0.005901721835227081,0.006846017667504256,0.00961536971261645,-0.003118818839136228,0.01427157264633161,0.007474554947000334,-0.0020061348413079605,-0.0015305392025219966,-0.00012863993808942542,0.006407652527919305,0.0012634580983039712
2022-11-24,0.00440149122631972,-0.001344620526891105,-0.0012833141293051575,0.0,0.001404357116654209,0.001861295640128935,0.0,0.00288319690516059,0.023744653418128925,0.01625856827612515,0.016671078131986983,0.012291670166217683,0.029466498523248008,-0.0010047104966057763,0.0027956694144566363,0.014849953340394517,0.003648700463160237,0.021611719240208105,0.008623204750973112,0.0027974586525036926,0.017147283645089217,0.02171825622673107,-0.0015328853436333834,0.024437415042683375,0.008104476262471572,0.011870949889830174
2022-11-25,0.010471822092443128,-0.0001835633717153229,-0.003522136280692978,-0.021298481012460013,0.011347834542071444,0.0009628499905411925,0.004814043381587529,0.014019499678290082,-0.001239295852797584,-0.004614966777460094,-0.004589866599175929,-0.009106814662566132,0.0035893359177887607,0.0002757064229408357,-0.0013206924201688564,0.005382485923090208,0.0058435711200830465,0.007888270623737759,0.014927712883937128,-0.00320000586523983,-0.001207645636874699,0.0028104037901854895,0.023145918699896795,0.011424886865387673,-0.0021230280759150233,0.0015500019600884762
2022-11-28,0.004449515211392585,0.011721897849914287,0.004438680860093802,0.012585200574664945,-0.00353003613489844,-0.0036441622309597577,-0.007528701804925042,0.003495313239116893,-0.008332067851989255,-0.010756324920724536,-0.00482760107905289,0.007631944563093018,-0.007489198175935852,0.0001750953984946957,-0.0007345073507736277,-0.008010979786535866,-0.0037805684369167647,-0.006759184054460299,0.03436366937304314,0.0019754896080745876,0.0008705782638083193,0.0016519019646752398,0.00011547931944000389,0.0070753244978551955,0.0008491640541512524,0.0027008413120686026
2022-11-29,0.0009531047988073915,-0.012614564444100917,-0.006388759478678119,0.012428781862032556,-0.0067055362628678505,0.011665164717691745,0.00476986894119702,-0.010371848090459213,0.009072519064317053,-0.001499890775655599,0.04316491383176291,0.009974351398689407,0.003480270454096157,-0.00023756117807549604,0.006616620434204856,0.005117197556390618,-0.00836918814544596,0.004656022266519733,0.0017173001319328307,-8.20418311866522e-05,0.014592989584577998,0.0006187777912149972,-0.00023085966920621814,-0.001232475509503006,0.0007670859821846676,0.00297912654375021
2022-11-30,0.00974744781012804,-0.003370052253318878,-0.0019603176440626813,0.030051230117962957,0.02572917163157684,0.007589802674417445,-0.0013726975409227293,0.020804820032584104,-0.007219065853029782,0.006634078522240294,0.019038078729303187,0.006495957631108107,0.003621622690972437,-0.00023761762679885834,-0.006719387555743084,0.038580926977652696,0.007177058860753371,0.006060641887052798,0.007060674714208792,-0.010023851301230846,-0.003619452565727266,-0.0019280767275828836,0.014429132206900563,0.004319395558951777,0.004123918993281794,0.007535634625419174
2022-12-01,0.002884806768165049,0.0075623058280112065,0.003987721351660811,0.008317791974691735,0.024959742477230318,-0.002852675981004471,0.03155783252344646,0.016358191741123074,0.013918542997611638,0.006869822660722447,-0.008009364448893663,-0.013327782986284453,0.013547941942429587,-0.003988681740544564,-0.0013232798692911496,-0.009306151824111653,-0.0017827808142988344,-0.00744154416851861,-0.0029472215711636718,0.009378450806426741,0.00038216842387961414,0.025023576316477225,-0.002617121740681627,0.016711766296390707,0.0006858222823931115,0.002886735334004964
2022-12-02,0.0014383220574314404,0.0023491656649787807,-0.01067027551978006,-0.015267149041281347,-0.004725034548623275,0.008057176965745372,-0.002887097463972421,0.005352486043164184,-0.0007479897306617023,-0.0076565805882914395,-0.017932019489542927,-0.010210640240632007,-0.011586402005929974,-0.0017599950754669802,-0.0070682586362200706,-0.02230451769667996,-0.015885084029825247,0.006069101562848012,-0.0004224030253605626,-0.0009043904477527009,-0.006163687035156462,-0.010501654892105639,-0.0065031841893634645,-0.0031422900313148316,-0.0036267685406521366,-0.006187396179402005
2022-12-05,-0.006573475668423812,-0.005144221621628864,-0.0022920042355603076,-0.03813457018932975,0.015824785886219273,-0.006873052515870226,-0.015869480267588165,0.01634668218255242,-0.004139131277832275,0.0036400296549246036,0.001816429248835183,0.0032236907073350807,0.0011292584113022919,0.0032071540648455077,-0.0011863012398574124,-0.003795787702512543,-0.002699602446490257,0.02022718811035351,-0.014583898321476996,0.016047861999027413,-0.000576831448996673,-0.0038527302548981845,-0.015273230467638177,-0.00012127838000319802,0.005317355709836269,0.00026482378562620035
2022-12-06,0.006060994491032812,0.0006426552820879561,0.005720374491927416,-0.03483686851091139,-0.00683051927644851,-0.02348523822697146,0.001075039259825994,-0.008595184951634471,-0.008754408900992994,-0.0011158609505187433,0.013245041675269853,-0.01172873244213346,-0.016374352903614997,0.005852208680301452,0.0016331701296967704,0.002579850901315295,-0.008496388090427853,-0.009043591923156957,0.0028889820491933005,-0.013526513595000234,-0.00562820681617715,-0.011836059538971044,-0.00384839708935103,-0.0024252200422713033,-0.00448611957733025,-0.0031175136590962937
2022-12-07,0.011054053510631157,-0.017459163679275913,-0.010950023665963982,-0.03016832139756942,-0.014237404536852627,-0.002903344271820596,0.009156135604362126,-0.023925684663881452,-0.013426123487826569,-0.0004346618973107841,0.01989030755601795,-0.0005419682196617925,-0.004588060150969242,0.005777822989555537,0.008301291885332018,0.0028107026957153725,-0.0066763248665393515,-0.012635882634651985,-0.014757203022760623,-0.0031201126865594286,-0.015287182429452928,-0.0014032477473987504,-0.01638957348383885,-0.012276605228556225,-0.0009238146318220064,-0.004411902750398933
2022-12-08,0.02700476044920097,0.007406513728807518,-0.006528045056133802,-0.007637870232489408,-0.008690275068334308,-0.0012152786757492207,0.0017921877187763169,-0.008348499103146612,-0.004114284729442197,0.0056195932882912025,-0.000701814564076586,0.010573221937046684,0.009124994219433802,-0.0014409973279770893,-0.004998672438120577,0.006118569810912078,0.0027197110238108557,0.014219798013768825,-0.00047160794490630487,0.007577617084719712,-0.03630564378320866,-0.008889002382464817,-0.006903078475634872,-0.006399286285119765,0.011558360680491653,0.002631912360927746
2022-12-09,-0.006014806017387797,-0.012356409437541127,-0.009799608629628587,-0.006157325035592631,-0.006667426078858729,0.011684524596847101,0.005255227075901647,-0.017683500146647324,-0.0670540188836466,0.007131958753529011,0.00620971929179448,-0.0021462191854939583,-0.03138610734330549,0.0003123976510441828,0.008865322565148048,-0.00702299765559089,-0.007987117085061501,-0.013669863684565908,-0.01515525939876039,0.007929329270172314,0.012285920650069837,-0.01725071231776465,-0.009348246879913313,-0.023903787023703216,0.0008394661822987981,-0.006058782405979346
2022-12-12,0.005301542140389248,-0.004065967984233976,-0.001680067593105572,0.030273185405575553,0.0011186049950133725,0.010244848480367441,-0.009788096226519438,0.016710380792921864,0.0008758551769934009,0.007786326565445645,-0.0018367263332322858,0.00043023489821591987,-0.01408281796386801,0.0016262229705803488,0.0052722783956931085,-0.0011065298262449286,0.005387078065983264,0.011727285159710332,0.001533133075333204,-0.005596231383504513,-0.005489249076193858,-0.001913530311330125,0.0020566869801390553,0.005836835062210888,0.001725778249715093,2.977743269738653e-05
2022-12-13,0.006338805572532413,0.012153697746724701,0.01745943626948243,0.030340320845399837,-0.0058355381137108475,0.0013251321982985509,0.018758789336738246,0.006966900964644918,0.015849797320211856,0.00276805327941676,-0.0025577752945545873,0.002848512609146203,0.016126117764849957,0.0028114141804920223,0.00699297989049974,0.0153085153892214,-0.004509425471179718,0.014049591854681243,0.004554011770090405,0.006035599966178307,0.007342612430702111,0.013890515413489624,0.010503532553962192,0.003532220885029247,0.005440549953482421,0.0059927938646799905
2022-12-14,-0.0023290373027204936,0.007198473823307072,0.005302123242053813,0.025069629990048137,0.017110032425711852,0.010407883822122432,-0.0035283225800329943,0.018500845695878176,0.011008043873694362,0.008463355616534773,-0.009463800037109893,-0.01200496286169328,0.004611493201429395,-0.002930650863713913,-0.0005787014764211396,0.002415642840687182,0.0024242571374226696,0.02251487793469642,-0.003619058827743382,0.014187087442068647,0.005629970095904158,0.00997863192682269,-0.0014336783422802535,0.0057825389130663485,0.002333561418451202,0.002810661073194387
2022-12-15,-0.004509664848711403,-0.011182581372538136,-0.004477937534331566,-0.015139728098167993,-0.018418540501169978,-0.007903066769127887,-0.016763512491355437,-0.01610057072399862,-0.013112930978641413,-0.018318588100481148,-0.007971393441891017,-0.014049368768559,-0.024629646976494945,0.001280384717230243,-0.018963474270740743,0.0003887158092914511,-0.006647968618127109,-0.001016306017426638,-0.014203835224500638,-0.015267618154937379,0.0019495200471841834,-0.017902962804192346,-0.002871623368942755,-0.012123450677427816,-0.012506519123634652,-0.013150934355333654
2022-12-16,-0.003251159974474893,-0.011091119738342425,-0.004301635176720442,-0.02391275364904788,-0.015136452255564259,-0.03576903448685409,0.00720236843338018,-0.013388769427812974,-0.012184028820174109,0.004810621771955237,0.0030229052803445455,-0.007482417246003181,-0.011879287415765494,0.004240792144686534,-0.011066718816497123,-0.027468018149544582,-0.011457233787193988,-0.001695463596839475,-0.0049449481197214595,-0.020456311189102072,-0.008531142037867423,-0.019621267240573226,0.011759075836138999,-0.013790577971519058,-0.006407218054835906,-0.00792295301794177
2022-12-19,0.011870446607354257,0.020131171876271114,0.013658226420513175,0.012114706081404858,0.00749410243898363,0.02017818338398647,-0.0012849434793994474,0.015735524441446103,0.003496243151423384,0.0031104632028002843,0.017519456715118675,0.004933581189485725,-0.009755573771311865,-0.0015919374981526735,0.016114417546776227,0.031200067065167758,0.013911428171557993,-0.009510721223916163,0.013135307753313175,0.0018232388252306109,-0.005736472143344162,-0.011789060533327733,-0.0085388203374962,-0.0017959753042998683,0.004494551413888326,0.008289956688926514
2022-12-20,0.003751861043468585,-0.0021001235509071625,-0.006602568060159797,0.011969595255509224,-0.018280419254242064,-0.005982595244243383,0.015774500202733632,-0.028775882074237535,-0.0034358118460586784,-0.006900794435712121,-0.016022292552168582,0.003585404321189145,-3.3197985387478646e-05,-0.0017418511486884114,-0.0010277062932388947,-0.011932034201189823,-0.009240162150947806,0.0003427426661817279,0.008656257935506062,0.0,0.00040483587265627285,0.013085349995286322,-0.01794264092281217,-0.0002571145439341782,-0.0012496186044888002,-0.0019081205394395617
2022-12-21,-0.018373277001496824,-0.020951283892634898,-0.017484851691006886,0.028913190741490125,-0.02285855799254155,0.008650427480716871,0.0,-0.016773742106347078,0.010342972044048437,-0.009673079256458439,-0.003122074212345116,-0.019182201796607568,0.0014927861450104718,0.0006660091877672691,-0.014699555093161676,-0.007488774777691387,-0.020405999777132755,-0.016112506008434724,-0.014226981251128423,-0.018281051010711424,0.01745331867009381,0.007583153604535431,-0.019244848202737308,0.0014140684459476027,-0.017102401705672565,-0.01012771964355863
2022-12-22,-0.013675887432621159,-0.023707114973778753,-0.005523523107077488,-0.010218457560384864,-0.006834143515686897,-0.013227330055836095,-0.015914986522117425,-0.021484434778161643,-0.001201576836316609,-0.003430986364138966,-0.00782005268813879,-0.0017931333722649434,0.008280734613202334,0.0029248339824348157,-0.008056007858121661,-0.025084867521868337,-0.001922153805031801,-0.00871066645232843,-0.0025923627994067777,0.0,0.005022047011510766,-0.002707598341224582,-0.02024329519042012,-0.0019255368496610137,-0.004907485452886218,-0.003942502735851727
2022-12-23,-0.014083033351513508,-0.030596348512114235,-0.0178795779625196,0.026713121072262203,-0.05518063051481681,-0.008921008508939399,0.004980427763884965,-0.04427884759515932,-0.008180100325097306,-0.008932830832936278,-0.009167016588511712,-0.01319271733562799,-0.0163925770440132,-4.464670372927859e-05,-0.01729601530152669,-0.007577361398136251,-0.023127088977051846,-0.01722324967381017,-0.02932731753745743,-0.032693002641214663,-0.009004201826993019,-0.00961746503945693,-0.0408163670478342,-0.028552976138561004,-0.017466911840222976,-0.01768316025411787
2022-12-26,0.024376901252449512,0.02534977846839137,0.009271248085814143,0.0,0.038515535328679906,-0.014349003135200933,0.0,0.02898312659207014,0.001067200582091754,0.019904242687209583,-0.001392655341115101,0.016270445883029172,0.0035402639743329356,-0.0032675481577625343,0.0241812840265776,0.010166645634294591,0.014149539291135493,0.010729642123035843,0.008732246084559137,0.04024371065403165,-0.0014977572580918697,0.007604456826899808,0.01704758928942529,0.007546600302855477,0.02308956390972927,0.011669632893506865
2022-12-27,0.003768681510142091,0.0017589395754069592,0.011035550217385337,-0.0003770585748796851,0.0013485322775872444,0.0005295013365853585,0.010523984719154278,0.02149782618525875,0.004507174606623421,0.0010127654503113703,-0.009245517656606306,0.008340718510018608,0.008286745262389594,0.003617224765483984,-0.004333488221710646,-0.0022634705040317504,0.005892121405483897,0.024770057765229003,0.00818132249245318,0.008039039122304192,0.00010006367169368424,0.002028836838205983,0.024298424677138497,0.016031632588214606,0.005380002970716724,0.006533654614990558
2022-12-28,-0.00804549114543307,-0.009754870033749752,-0.0043968907967872894,-0.007167103024935506,0.0024242761103034915,0.00044703705461768273,-0.003802085204107186,-0.00020273452868446729,-0.000868512993348336,-0.0007971075502283265,-0.0037212432599879053,-0.0018874788899926331,-0.0031026470433785924,-0.001529506640239875,0.0037521321453208856,0.014664873357816965,0.01391840828468549,-0.0062156239120944035,-9.817982003534897e-05,-0.0014123098978375825,-0.005149276192929042,-0.0007362265034410731,-0.007230801595110914,0.0031039005820883148,-0.0007418949345527892,-0.0005405150382313817
2022-12-29,0.010652039449191575,-0.007223992718062289,0.005373700558834793,-0.007092167744260691,0.0034931975822820593,0.0018459206259286987,0.006416270495763099,-0.013343691672776603,0.0086918554276052,0.00705610914187238,-0.006018687916553911,0.010122917431595546,0.004900140028441413,0.0009168977114333288,0.0028409254133330286,0.00798488905553052,0.001751666009970343,0.005211871899634346,-0.0004519882573852385,0.01788548428139336,0.0055780233997704265,0.003576892962246836,-0.013800185659039954,0.007606939425799819,0.009915299161857183,0.00377983170092433
2022-12-30,-0.0008559946032101751,0.023913387525494878,0.009875801069072265,0.02372449711927116,0.00415042894947204,-0.005410043132090481,0.00010989347176426634,0.006864785487806779,-0.004930639370689938,-0.008011965507247587,-0.0027257580380386504,-0.01894178585089945,-0.00616127928086152,-0.0002039674289339155,-0.01133139950226325,-0.010416967454007664,-0.004883973121889595,0.014517892484796846,0.0015332932511014086,0.0031054706711870494,0.0008494822423794623,-0.0036864592393202056,0.005312302748981201,0.005118395596056535,-0.006147678120326017,-0.00471107793689185
2023-01-02,0.008406979230479728,0.0030042639533549576,-0.003262238754144442,0.0,0.013733407901945105,-0.0005898853952790439,0.0,0.009512563498549786,0.00014418161162321752,0.00033769961619145583,-0.001034923794426157,0.013021320462560437,0.0104761767373589,-0.001029716058099539,0.003921017108605929,0.010926828536827138,0.0010364360396790673,0.02521311461161324,0.011267364992849416,-0.002444012784231564,-0.004393952625279973,0.0014585958601978088,0.017656925779497623,0.0007639086112634086,0.005051705212904434,0.005089583355357918
2023-01-03,0.021983854363013755,0.00676332957732928,0.008010674301535348,-0.04149017869950289,-0.00026302081690665613,0.0007791112656854171,0.010990822957993807,0.005459618959670287,0.0018279756980561501,0.00653905867133453,-0.00639054298227304,-0.0012189766732413343,-0.0009515095935258566,-0.0005293106827821692,-0.005257629857263191,-0.010729547492256297,-0.0024455069823831055,-0.005982081127910321,-0.007317787436979528,0.0003266667489414399,0.01213647517472971,0.015299991719966544,-0.002279614096109772,0.01017671953165622,0.0051419557732128585,0.00192892762485819
2023-01-04,-0.005039984603388281,-0.009693037753920497,-0.005335989386360707,-0.05316526648980113,-0.021576120890899664,0.0035745719702520162,0.00712077947705847,-0.024213655391372546,-0.0045613617169607545,-0.017872784317476298,-0.002340652891990147,-0.0024962104094324866,-0.018226027281033175,0.0009636139341564487,-0.012383082821630587,-0.010485965710494982,0.004777690215473029,-0.02206652323975855,-0.015056437608598983,-0.011757020853821576,-0.004954856415997133,0.000996512373807601,-0.021071406929364156,-0.0185113228705156,-0.010741428517970553,-0.010399069487028845
2023-01-05,-0.008251074929076285,-0.051038569755626706,-0.07167097053832261,0.01139486371202536,0.0024202794368903824,0.010344392219905574,-0.00971502565070892,-0.00037091361747465523,0.007235130560090841,-0.006428436937655935,0.01876894972665122,-0.02218882214329354,-0.013112135971479977,-0.0014398822879641004,0.01972455139888063,0.013306968937812691,0.004547148943402135,0.0017095001035967172,-0.0017866525640224395,-0.00016543967384496927,0.012050467145464427,-0.001070898059336356,0.0033713923214206964,-0.007185076648343891,-0.008149705209015257,-0.0028154392892826285
2023-01-06,-0.010162686443462854,-0.026210879759576144,-0.019614646720644946,0.0013573839637102125,-0.008048204070784215,-0.005991907698447596,0.016023491149636415,-0.010473902644771993,-0.010822487969999295,-0.0033131624027524786,-0.002805963249273735,-0.010294082724724984,-0.018099328953589233,-0.00025758488741800534,0.004798524253788905,0.009779245310661544,-0.009224593689403426,0.005802331430026841,0.009088913784134789,-0.007354054860143955,-0.007380388353404155,-0.030065674836690315,-0.012664788962284845,-0.012664860910275966,-0.0098547584225529,-0.007375503705446151
2023-01-09,0.02005519196543859,-0.01143067562681599,0.0021656781310932516,0.011657864301019893,0.011359041012440008,0.0145725180056,0.004559596729233117,0.01416843047068217,0.033549371579356224,0.00194429880332736,0.01847510756893933,0.00373526396394519,0.02481894161662157,-0.004498788457519165,0.008953852180000332,0.03593155954409322,-0.0007215603105472645,0.0054291648194966236,0.023611352755967374,0.011737412715913331,0.008079659693419616,0.033753035333282444,0.019502697291457816,0.025654374412839687,0.009337767641053318,0.013536251708490266
2023-01-10,-0.006883863139878432,-0.0004950411931392562,-0.014883291742860405,0.0065657980865276855,-0.002406856444335914,-0.010452273498349096,-0.0005873741734491178,-0.0037801590688839593,-0.0033723695024854283,-0.018278524906549465,0.007545386913332397,-0.013740258665397742,-0.009902713334659752,-0.001134022253320488,-0.013755171263910349,0.0034723996387158174,-0.010009631187316237,0.008099833726887606,-0.01478727445472705,-0.020651641590638592,-0.004917092930094125,-0.010105328708211125,0.060213109698666,0.00319052975795886,-0.013338734581491374,-0.010333504750958511
2023-01-11,-0.0025205800955538926,-0.00962301606199878,-0.0014227861257755103,0.030484569113404802,-0.002546549872761261,-0.006248944324013794,0.0016029066248843815,0.00965144018793529,-0.008507016413379476,0.014410408289968313,-0.019138698922092412,0.00574680575576858,0.0010205856501828148,-0.0066038094937478364,-0.004799242157263017,-0.0017492504827932853,-0.0010490534630769321,-0.01707396569163333,-0.012605459828319954,0.0026043055157694006,0.015960856443292037,0.012871155588611405,0.012836095346524745,0.002035394401953994,0.005187445331698903,-0.0010299775022909463
2023-01-12,-0.014951348790798513,-0.008501680270899703,0.00044955134775492844,0.01265980727525462,0.007524925722901754,0.01142689987198553,0.011149058298440595,0.011111638919638844,0.015974627442199463,0.005342962337059776,-0.0012338832788619802,-0.006521991425843421,0.0063551738055929174,-6.859571396411468e-05,-0.0058770392915438174,0.00556174384196928,0.010230045105717345,-0.004427910126587831,-0.02159428868343527,-0.003016591251885359,0.00471799257626504,0.0016973604631715933,-0.014227746258687834,0.0016502885044291649,-0.0035623870018519632,-0.00209547554088918
2023-01-13,-0.001496422013658072,0.0024139149432489404,0.013461237539807103,0.018752407604907262,0.005734768895319098,0.0022733996181079075,0.012081257934087208,0.005009791617645698,0.005738571568125739,0.000781544457294503,0.013107795653518162,0.014872573356284446,0.015568007871942457,-0.006323482007764225,-0.003334780185775821,0.006250258905187822,0.010060718526333723,0.005473805972345147,-0.0016183155627307322,0.00874098940932222,-0.0012103376948388034,0.01205639695211902,-0.0018193055652224732,-0.0015207882709215026,0.006867503519892626,0.005510095918388247
2023-01-16,-0.022480297532693982,-0.005211616525658158,0.005537044838222371,0.0,-0.008752053517992686,0.0013077733137807357,0.0,-0.004341708558572299,0.014752434120946623,-0.009589845246311235,-0.010251599475727291,-0.00938813151789597,0.014531371520555725,0.0020020722378815137,0.00441060081679967,-0.009449185221354961,-0.00867121109603508,0.004423452930692573,-0.009523464256063208,0.004832393987030503,0.003732047692460272,0.010456001129536485,0.0036452429412145992,0.011931895718100272,-0.004807486650736048,-0.003438847072569362
2023-01-17,0.004982688825006187,-0.007948443617701084,-0.004317055960810556,0.004007008419465663,0.00441462192613562,0.0059407030575528985,-0.005838236603238345,-0.000726740514808033,0.01586371713203949,0.01488665842382031,0.027126362006819615,-0.00011554065554919557,0.009177264131475793,0.004608913507308188,0.006208306282560194,0.003990648178006984,0.011843501582711857,0.0016936170365109415,0.014197498093249994,-0.01666643241923449,-0.002655775398960336,0.013301955252478681,0.005568980873617901,-0.0056447307588991524,0.0016007569505320784,0.008854568511824201
2023-01-18,0.00686497893730742,-0.004078977475462264,0.0022890717974328734,-0.008730318602867326,0.0026638249396175873,0.0028954268168002173,-0.001468082439962326,0.00836404013866976,0.003690153584103628,0.017651870377912937,0.00699157457436983,0.005027948030587925,0.0038324630082391398,-0.0015566645518703126,0.007223448383692821,0.0009841862324506678,0.0017336317551448488,0.009469156503278953,-0.0016541475775349035,-0.0025297608660220794,0.007165628563133408,0.003433644527221613,-0.016614492675791293,0.01728261940013276,0.005278772361485551,0.006206556323560042
2023-01-19,0.005086636131693467,-0.008886168437396536,0.0023005818458319283,0.010694494693261003,-0.0026567478284937884,-0.007366455269047223,0.0092942401517353,0.00597042743172338,0.005655217329248341,0.004153236927455284,-0.013569448409410767,-0.003852672402937074,-0.0042061345577658615,-0.0010978212959176226,-0.007470518100408552,-0.0019664371245562418,0.0008949479961357643,0.016750402196077596,-0.0010706865920251385,-0.0027053515085264657,0.00043276490007171375,-0.0049852024869909695,-0.01873157733664388,0.0004961006016870328,-0.003041792771680263,-0.003165367099256078
2023-01-20,0.0019920305588447818,-0.016197481292832938,-0.025289181620163914,0.012199622870669558,-0.016249298512371335,0.004247202288838903,0.002237161897270301,-0.019199315349465507,-0.0032388829826768273,0.010248698422986369,-0.038116842179481414,0.004849048435504821,-0.008674804787511814,-0.0024092234020696157,0.0073762407847046685,-0.003637719717752952,-0.007275190246147312,-0.0009882723928708037,-0.011892980023979649,0.003984107232519074,-0.009802534802911156,-0.00296470561437312,0.005988715270653255,-0.000619838759922442,0.004203969920782091,-0.004428975305189153
2023-01-23,0.0023104973887615454,-0.0003375149882999251,0.00044364340094538157,0.0038126330992063195,0.000676913581639127,-0.0029306885742611533,0.0003633467415926628,0.0011371850237096304,0.012095776495636867,0.007315128915696967,0.018695528115877824,0.0015511298158834563,0.014715941574781066,-0.003247196279806408,0.009414106738704575,0.010420264624893871,-0.002689703093829654,0.004947091559204919,-0.005056120707252032,0.013931085866760728,0.018391819626660144,0.015402476363024054,0.013022444192161364,0.00954982905503221,0.007397621391650455,0.005042276095628795
2023-01-24,-0.024123532912384116,-3.7555136725542226e-05,-0.0013560809738509816,-0.018255396263466284,-0.012582775746190933,-0.01961800765342603,0.0035286435131927085,-0.013711428366422473,0.014850181219822955,0.01338823087301444,0.001579120405346801,-0.0010898399450435248,0.002519248591218437,0.006322874070327611,0.0035530198426076964,-0.0034249929497488507,0.03346763904938488,-0.0013128657675782751,-0.00590455764952269,-0.010159071880830428,-0.00819606791561256,0.006266655744390892,0.033668057258960715,0.0014779009352863248,-0.002050402107598437,-1.3798013043020418e-05
2023-01-25,-0.019611146765403653,-0.013769111714199256,-0.010102350646906455,0.0002496477367603944,-0.03521530170444065,-0.012180350165727605,0.003774717754618351,-0.015876376038019502,-0.013270453360802792,-0.027631933489275173,0.008402184217200181,-0.017743382331849578,-0.0057347873132475025,0.001397742396516355,0.0008852464055735254,-0.009366326291707083,0.009805941352617698,0.0019717078368259866,-0.013824847898207038,-0.04315622538112651,-0.000624399182595825,-0.001906055627694192,-0.007343416469528075,-0.012420102026266533,-0.02540868572746957,-0.01249297962501228
2023-01-27,-0.020843839796804375,-0.0001141495541649995,-0.006073214716110553,-0.005864020109236923,0.011078097053085267,0.0269105845256139,-0.0064908180006553184,-0.008275204611664866,-0.006368337174469829,-0.019925405067440338,-0.003889706655347158,-0.044545636425809554,-0.015456968163015006,-0.0019215155514483717,0.01989677883665575,0.006633560306646524,-0.005305030277613976,-0.03148560425277436,-0.018971282106560627,-0.05055401030030682,0.0032208934127255784,-0.005452453114842881,0.06335756713257257,-0.008716271790166208,-0.03127061683217036,-0.016074246906178757
2023-01-30,-0.002174505332104615,0.02256135773395651,0.04532430791321773,-0.022339342024089492,-0.00786634308031009,0.003430834954164075,-0.0029554864896973454,-0.017910513186519927,0.01716545572389605,-0.001021161488996447,-0.01684423869798779,0.007709140597768949,0.01293490468445202,0.0007723528951102399,-0.003468194389316226,0.00863511629298186,0.009098706777421972,-0.0186251447506548,0.009583736611370242,-0.0032409867375851054,0.00795475555007763,0.0066256407490628,-0.004376046428692715,0.010551512433464305,0.0010446926081559837,0.0025334426073457816
2023-01-31,-0.0002867444946391684,-0.0010418565718374184,-0.022484898496187622,0.012451876786945704,0.008211753747095152,-0.0010742696565941845,0.0034323030329923565,0.014074782188898016,-0.011059812977651462,-0.006597841689664818,0.003348623187663158,0.010200372390414048,-0.0032818167574840684,0.0008821147765738502,0.021896691712613103,0.035408528949047335,0.008880701800475732,0.0,-0.0025004676138555837,0.02842803087523471,-0.016354548764329624,-0.02182798254120688,0.019046568013274756,-0.008452462955566342,0.006625859460710037,0.0007479862801675896
2023-02-01,-0.0164639392315179,-0.05523469320688568,-0.011756058294216776,-0.031190554061179654,-0.019800438631276895,0.006324878328151096,-0.0008810319626199048,-0.02128462656321639,0.00882216725124807,0.014998503068769375,-0.0009700682425262119,0.019293191303783486,0.011312194929496089,0.0023106113707291875,0.025684666839338677,-0.01936540138614773,-0.014215525540331675,-0.004485908114396975,-0.005926391404330045,-0.04724485853516103,-0.01894636658506199,0.014782528356699576,-0.012054938675951532,0.008900532006646422,-0.0034940500262642393,-0.0025959245256645946
2023-02-02,0.01306489546540468,0.002838383685367818,-0.017112936504345977,-0.0069363484267731534,0.015759309471442995,0.004274447079587462,-0.005965348951511129,-0.0003891572248221342,0.015458146862698863,-0.014869092376663673,0.023540797307367356,0.011734153496253619,0.02104955952823362,-0.0007106103000424913,0.04759271465053461,0.0002589271112694025,0.011552358616205627,-0.005545967359825377,-0.005534516041554638,0.0014221639179241574,-0.007192830401100858,0.015271330375741687,-0.004141965646350831,0.017520035936516853,0.0038580401661194585,-0.0003349392530399564
2023-02-03,0.01629347722834873,0.051536963696433125,0.051874363430634673,-0.03281494404188812,-0.002820873968951143,-0.0026888282959117715,-0.027866212520694877,-0.004671280295174274,-0.0030010976231000797,0.034583836277734425,0.005275430477401422,0.0068772132071373004,0.00988163842356049,0.004107215620043236,0.005414835331329471,0.026323525131561443,0.008133983841297932,0.005925381237188221,0.0008811040584817409,0.03048672923072493,0.020395158517053646,0.006328501335266301,0.0014614465306490576,-0.003785794438196044,0.020418311147430535,0.013835596307890219
2023-02-06,5.669202912161886e-05,0.004187185740327726,0.014956316878519393,0.009810617613994488,0.001131487970498668,-0.00201902085144956,0.0017713922994071485,0.005127834468842574,-0.0003927006867465721,-0.004249977962271112,-0.004209608437160228,-0.011692480960014517,-0.01847577237232212,0.0021951065285961135,0.007224382358405501,-0.00864553629462006,-0.0038357012879172148,-0.0055439829232522,-0.007535504963843365,0.0022050918299327815,-0.004668639354348136,-0.0064179019134451565,-0.00774508026577625,-0.00796755025839857,-0.0030132936769213803,-0.005010133160870178
2023-02-07,-0.004021991652242374,0.005472617731077323,0.009231290741982923,0.04088515388399072,0.009183428567964391,0.020852718276592075,0.0029471654398802727,0.015909997736643255,-0.015230788755686397,0.0014832591950946217,-0.013800510623634965,-0.0011128189472682237,-0.004745581778130115,0.006433480188310359,-0.02647357624661717,-0.0067586038412137395,-0.016339238292942038,0.008013876624964666,-0.002401047028049108,0.0031169917488136356,-0.016563219486283587,0.003641554727746188,-0.014818949977052132,-0.010255789252651804,0.0028109188994240863,-0.0024261514654264627
2023-02-08,-0.00836084647614066,0.013699738701329123,0.031019856396921064,0.017241403183536397,0.008819813288803768,0.010708880286866673,0.003045399044124819,0.007873064633108218,0.01484609265956327,-0.0001210573631835743,-0.007073546694383648,0.007446412090473142,0.017985008851727935,-0.00015829461476557505,0.006162114390224627,0.0046461968899902395,0.008245321861581223,-0.0051848491301489386,0.019970515537710565,0.004843668004808288,0.014115479459952729,0.013693305696688363,0.01067861676142523,0.015605666452834566,0.001125527847140706,0.008475536424681795
2023-02-09,-0.004645765639080479,0.022901546094392433,0.01627142827406991,-0.005224973311217407,-0.009991637002106035,-6.688372459962011e-05,-0.00596573617584939,-0.008655989868543212,0.0011788543168500532,-0.0020856662890279543,0.001510056179174546,0.001978986402149774,0.01666140583005582,-0.0009958372160226991,-0.0034616248120135085,-0.0006191659373008251,-0.0037918025125665,0.015983390387249274,0.0017431339471822849,0.0019099392307815322,-0.006120376095377522,0.005894379972235075,-0.00761196590078439,0.0038105187873964663,0.00040089760437589383,0.0012170079483646568
2023-02-10,-0.0005187074535840663,0.0010712068053138069,-0.0030209752429586345,0.021265740635763253,0.013456665981439464,0.002696334491821162,-0.001821831761176007,0.029687380653266926,-0.026780640268411426,0.00396833736148694,-0.0035566991720309415,-0.008074041638493124,-0.005225721640866987,-0.0015279187133214744,-0.007748849183991102,-0.004919132966381468,0.001153159692186101,0.003419981676510808,-0.008234036648270271,0.004084967563884545,-0.00019880458428367387,-0.0009319173161576044,0.020835788331410532,-0.006122855208560707,0.00012267457649772773,-0.0020649578680046465
2023-02-13,-0.009397580321682142,-0.009416829659490755,-0.013984876196803664,0.005268416489138783,-0.009958556853689848,0.005578362268710002,-0.005851419437593264,-0.01902795763171694,-0.0023752592471202316,0.0007542533844717703,0.0013578822374809008,-0.0037476251854772213,-0.02555111147968958,-0.00024478192962107403,0.007674545311994407,-0.009117742586121969,-0.00021549279015775635,0.009884149483391669,-0.00569190413209153,-0.028116716074475856,0.008593442383698191,-0.015589933032392311,-0.010766062975092416,-0.012814162964876252,-0.0066699526261639885,-0.00479375070002519
2023-02-14,0.013560734515132289,0.007237745631367032,0.01783942619626222,-0.013476439222361525,-0.011036574593389359,0.003027808892596795,0.0011339573185662477,-0.022812603413056243,0.011185890861810988,0.0092561807139393,-0.0005423355926611473,0.017222080518201732,0.016460250953827416,0.0010228250312709353,0.03273655127361774,0.007501742274357959,-0.0039728874934770175,0.0020248200655326176,0.02356512026418578,0.006232469651240136,-0.008372299890817336,0.005082884413963873,-0.0011336005129576332,0.011233092454958182,0.008869497039384777,0.0089443537049958
2023-02-15,-0.002813674327817095,0.01587312559351406,0.0048384773173806295,-0.005944867634922413,0.019918002106062094,-0.004087370945430546,-0.010679637987122459,0.010227060886311312,0.006619655296713711,-0.0020313017388331467,-0.012075636059796002,0.006356191032114156,0.0023848828656625187,0.003271321458320653,0.0052102863382001985,0.011884317569778258,0.008080168348901351,-0.0063994234976977316,0.022644042844642387,0.002588632936878499,-0.011273967379299754,0.0058711729027878246,0.008171598956339121,0.0056775200231526934,0.001985654069066811,0.004796470794436125
2023-02-16,-0.004088391180969819,0.005208196509936425,-0.008112582367815091,-0.001272407160971989,0.029639991487156125,-0.00012172756649675431,0.0042525618993400904,0.013327020864887906,-0.004192673087277998,-0.0036221132099709674,-0.008377583461429805,-0.001550328303965176,0.0029743727809596887,-0.0015675375187977902,0.0009158434157907624,-0.00811975070105353,-0.00455044970420182,0.0569490726011006,-0.0007812022760469439,-0.003965155771120776,-0.0002511620989563701,0.010623044372622736,-0.005741285630458837,0.006136624515525657,-0.0023890895839794313,0.0011101336008929596
2023-02-17,-0.011390578013476205,-0.009907520837137418,-0.0032000778124999796,-0.02739204464765732,-0.01923601576889311,-0.0019803243228253553,-0.0008686078099552352,-0.018631676414485043,-0.01648744314995232,-0.005017290032695798,-0.004590321133789432,-0.007821060212827247,-0.011237484076276338,-0.0005125133292194217,0.0022219931039626495,-0.019478803857628568,0.00030102712670943,0.004490222213287431,0.00417681842558193,-0.016848659657476395,-0.010701927754919627,-0.015991834940242144,-0.0038496255535122037,-0.008782713494603245,-0.012000608765967202,-0.005081567689351307
2023-02-20,-0.00953326721545844,-0.006682993218002031,-0.007682994731280313,0.0,0.00013718134655649195,-0.007881858401915687,0.0,-0.009149079254366588,0.005543034922307788,-0.009390807980150462,-0.001609914137567392,-0.012229751303896252,0.005461474458156257,0.0007582776257450963,0.0016952980510329674,0.0035406482514841464,-0.012954573923924073,-0.011174793835293073,-0.010572776364152547,-0.011016887971340705,-0.00010146207035166555,-0.003955775797387151,0.007047038051498866,0.0018459308428495635,-0.01045544576270152,-0.005550518480140765
2023-02-21,-0.003188668401486683,-0.007332951145604838,0.0018608905928552133,-0.002357776845895776,-0.019473444728346556,0.0025364318436083,-0.004020878241630332,-0.008886761008299215,-0.009411221424004967,0.0037493265188914826,0.0018713708276352214,0.002464612645144637,-0.00813204390601796,-0.0007310603961905304,-0.0046869300002708725,0.004159742146002454,-0.002737665459781602,-0.004843555806795297,0.008159324635661491,-0.003237184232700918,-0.013002913222392887,-0.010409276487907015,-0.01467264425086734,-0.010563761059514842,-0.0006903312831975095,-0.001003126492992057
2023-02-22,-0.012676984080684073,-0.02391892511015381,-0.028310619684011384,-0.029017943902314935,-0.02489504974402945,-0.002106494723915553,-0.0005455537370431252,-0.031929355188404895,-0.011400543966570864,-0.01961748665548224,-0.008783166774125384,-0.01750190726906542,-0.011206051448573562,0.0019794586877948106,0.004185852417961211,-0.023745237203798952,-0.0012572265037268382,-0.003244713934024923,-0.02267778587500302,-0.013563869326232658,-0.0031391459802321275,-0.01432906656966626,-0.016151231479192396,-0.018870428823330343,-0.016661989569785818,-0.015280363131582653
2023-02-23,0.013199714236097115,-0.010286940373026354,0.000597007657573867,0.01947265045073787,-0.016351134494815178,-0.006053637690757063,-0.007641921397379958,-0.015813449401340107,0.0016015379718736789,-0.006783443917043885,-0.0013634067072505474,0.0005958260461507159,-0.007107175923870224,-0.00031259256353799447,0.009769303480179348,-0.004394888399640862,0.004307687253575221,0.0068358312675220745,-0.004792190838418864,0.009005434942690682,0.004078267434291183,0.003601157670625632,0.008732054458469696,-0.003036628263724084,0.00014132308488656875,-0.002452434977984641
2023-02-24,0.008349746559097815,0.008946287116861296,0.005465785799715572,0.01233585770931156,0.00918634132121876,0.009326657204718147,-0.005060479192450451,-0.007942093365123748,0.0004570162263302091,-0.008919369619275419,-0.002589720085510727,-5.9487036971006546e-05,-3.235762098707795e-05,-0.002624480215683511,-0.0064499834136048095,-0.025685752579055476,-0.004110936523420428,0.028874828965505417,0.006842657569599897,9.60253451427473e-05,-0.0020565460524251122,-0.003910779265642428,-0.012580810215053306,-0.001650087613789042,-0.002303719279633354,-0.002595429723749043
2023-02-27,0.003464740905846364,-0.0011774708653402577,-0.006694890381020113,-0.008385736271063426,0.01127017399256558,-0.015608596574162359,0.004533365187151306,0.012262858507714247,-0.009955711692951064,0.002485919573973039,-0.006460797196671031,0.01988803002291073,-0.02666617324813325,0.0036324119187436388,-0.00753050361346197,-0.01780964377449923,-0.0032675786169091836,0.0016129599297696195,-0.006649305592730914,0.012762768489739562,-0.005615644915508811,-0.020173745012474598,-0.022910464571641143,-0.007500507590363692,0.009965149578057941,-0.004185411445805309
2023-02-28,-0.011997410452398771,-0.016575788026089278,-0.013301933359555873,0.01810257321693398,0.004857673362173909,-0.02361453771905131,0.006549270453529266,0.006080029176065427,-0.005858219577214774,0.004206185326662615,-0.0030385721941189603,-0.0018098657050775735,-0.014410663687513203,-0.0032079746578742574,-0.014390316884294596,0.009702442395176814,-0.000909400544157446,-0.02061161075349416,-0.019131263099029794,-0.009285585651368167,-0.008756089513244136,-0.005702306426927373,0.006579735314613755,-0.008454003880584593,-0.0009440217672560536,-0.0051027157362857345
2023-03-01,0.024937812732086728,0.0067421620132044335,0.006994130065025361,0.008306286363396032,0.011374945761384536,0.006394009011712942,0.004811595297906868,0.01713009299960877,0.021807554912630422,-0.0009689488178985517,0.002275867984408153,0.0016961271738269446,0.0057142982508822104,-0.00020086098841143318,0.005309331938819106,0.002008651887438928,0.0162098856660422,0.01808608462166239,0.009192431376295662,0.026587611812963097,0.0028225331539244447,0.021989795935033474,0.012598032266211812,0.010076257157820345,0.010655767839697683,0.008492348770636093
2023-03-02,-0.022770552823176082,-0.00026034061731594615,-0.011673629984098266,0.006049700166473881,-0.000984122387812869,0.010680813316995774,-0.002285439018049007,0.005271464359340339,0.004404589001681725,-0.008510489966413792,-0.0044196877692177505,-0.0026858733916819144,-0.01597558678891453,-0.002607839750158547,-0.008317809015517819,-0.016193102254395075,-0.024577456511109874,-0.004845244789435488,-0.007615512057082219,-0.0054966413052586205,0.006254466996046926,-0.01897673339306094,-0.013028157647648975,-0.007417805298584268,-0.007576454165317381,-0.007392168719804415
2023-03-03,0.00851621429598004,0.008782567446598444,0.0028028136193019026,0.019447243754458388,0.013932038520261258,0.01078437886043937,0.007744723846127677,0.03763939172932407,0.011799981148886696,0.019849110948636062,0.006373705440572142,0.017037386132523924,0.00485685123520363,-0.0007789545458037894,0.025029823221186742,0.013622903548305754,0.006141184009248679,0.0012984406268463644,0.025515360033077306,0.05142857494537201,0.0016576389397395808,0.00623225252995363,0.017956919575056185,0.006184715439909283,0.0213308994990129,0.015728598629827895
2023-03-06,0.008033660842120094,0.018777497485176653,0.005704973058230811,0.009789141268944146,-0.001110374831644001,0.0002817654742619524,0.0001082823226037366,-0.00137043409266846,0.006881159678441273,0.0070549627964624495,0.005605099571345029,-0.0009210311802060334,0.01902914963151492,-0.007809977019833991,0.008312797182404852,0.0014584158917647638,0.0035113165783562383,0.025607754810882843,0.009767738600485298,0.0008910000565436338,-0.001706582731473727,0.00888646692595918,0.028271032928029127,0.008451754550169444,0.0024010576926172256,0.006655523618366965
2023-03-08,0.0016870437024552043,0.0,-0.022494352853418942,-0.04722838013425501,0.008892522354934984,-0.0029172262804736393,-0.019048689202408986,0.01406643669908858,-0.005369582031239273,0.0019973036479992157,0.00010066793172702759,0.005012882918662864,-0.009784638721586969,0.004431374478640615,0.010949302288816298,0.015348947211855313,0.00723511158338197,0.0003161788894827655,0.0035911666601793346,0.0055189083871733935,-0.008029029680654887,0.0055014700648201575,-0.001817846641788079,-0.002920546552003467,0.005482489493847442,0.0024250512391459367
2023-03-09,0.007956355285323236,-0.02045917780422002,-0.015933363463715544,-0.012261967081940828,-0.01638881231386624,-0.010234431126216359,0.009157664314779934,-0.012433483756450925,-0.0035694449624404934,9.18924304993407e-05,-0.009536907020713747,-0.018518422086861053,-0.008240114986653335,-0.001341459991102134,-0.012487128736719422,-0.03240438576075966,-0.017477807285226188,-0.012322480392000679,-0.024034585834806,-0.010445995368321248,-0.005012967097518417,-0.01579465244191991,-0.016161950363839273,-0.006367790208783974,-0.007704999878802021,-0.009282249899975281
2023-03-10,-0.018322258992016782,-0.017522629143526647,-0.00460087219694949,0.012678276135713817,-0.019742479410987723,0.0033324894116435466,0.01787566298531673,-0.004796108653386422,-0.0003131943634860912,-0.025786426505225002,0.001645298882907431,-0.015538290706228253,-0.005978054197644522,0.0006576221666980686,0.0012902918344808167,-0.01718549570405703,0.006977307604890681,-0.0031987478924002666,-0.015492204934267395,-0.020665786615383874,0.002991459682881059,-0.001753198976003345,0.008445145510811436,-0.002563591786051256,-0.01869514155259444,-0.010045664635585094
2023-03-13,-0.022948725165480743,-0.024946349881013408,-0.006911602365967329,-0.02451743930537087,-0.02099691684680116,-0.00572160283573897,0.026691703099825492,-0.034208307062165044,-0.015856312272169215,-0.012652231763944921,-0.004197910556603679,-0.01691102653901211,-0.024769865986406292,-0.0007364434682664012,-0.011211466906666079,-0.027105226258809623,-0.009666826352284441,0.0,-0.016446373137297576,-0.03169815134527132,-0.0015174521821749165,-0.014725235151129334,-0.03085925133220957,-0.009380519205839821,-0.022742738879468205,-0.014851035931626178
2023-03-14,0.0006007781198742457,-0.011692408010052224,-0.017484893307043392,-0.046390388758434375,0.01283916013352071,-0.004770706421573734,-0.0028770205264839754,-0.012875813714505635,-0.013243837098872668,-0.0026778143891708073,-0.005152550431802627,0.0023539890280674935,-0.010521917226068433,0.005605265639453627,-0.010295826276562337,-0.0273574955896132,-0.0007336498151027104,-0.016046316784365744,-0.0037425427841808467,-0.008679107969275734,0.003249170373704091,-0.020414557692963964,-0.013612772313661092,-0.015566255591801026,-0.0038746858759727276,-0.006470680525861194
2023-03-15,-0.010566096175763984,0.0016009024380314596,-0.0022332659019412837,-0.052151985492920105,-0.004753663511526063,0.010334442361589868,0.010701933132209351,-0.015661838313102305,-0.004058926967141607,-0.014350851116864183,-0.014882677721280935,-0.005359218333322868,-0.00024648939348670407,-0.0013649475363044505,-0.0007901361747473246,-0.00038783275848963683,-0.004370339860686245,-0.004892423193332607,-0.017091854620705504,-0.014941093242642922,-0.00605927976852072,-0.004992322513829528,-0.012720491272071643,-0.009750913379062975,-0.009131836264849591,-0.004174683738684903
2023-03-16,0.007887813665303556,0.008576308219276019,-0.0006383824910024538,0.01094509476540706,0.04226367089992644,-0.0024463147246528427,-0.003944760553433513,0.010408668442295932,-0.006715133079609581,0.006485348965296289,0.022131392002536776,-0.0024215227458791455,-0.010953474815197484,0.0049911622945331136,0.005403293850537727,0.005774154710304069,-0.004424766826601867,-0.0022942937268438657,-0.004984259144008019,0.013428689592349885,0.01681724562890552,-0.004345354720236672,0.010574952300848706,-0.007717873500817207,0.0020767848226059815,0.0007924286811309411
2023-03-17,0.008247649675348745,0.006300128363802893,0.0030182677216563647,-0.02355523988725683,0.04221637155601754,0.011953305759960786,0.026472146340867697,0.019558861331560706,0.03361600139543075,0.013370782147673843,-0.004859065178242861,0.014989666628185017,0.011822527281656336,-0.0011230698620291468,-0.015467101234850289,0.003813093769246434,-0.01429354939308447,0.006241655634143806,-0.001257767816049249,0.010104750150717656,-0.010026847740571054,-0.0017894728169081109,0.007938418704791728,0.009789351021950887,0.011895452421085029,0.006738129621978839
2023-03-20,0.0001790367952063665,-0.04328782004964782,-0.03167107582287232,0.013485189611722737,-0.014257168502103124,0.0007438631642096016,0.004772008381938253,-0.021186552182930862,-0.015877811028054967,-0.006931015276652297,0.02606845255174317,0.00023917030305842246,-0.012001010357504449,-0.0010869348418990343,0.008653864396397815,-0.003286402069831551,-0.01169311225366998,-0.00554996147501996,-0.009828720181252804,-0.020007455224013815,0.0036546220186788325,-0.011323408052333672,-0.01968981611170617,-0.0248338903334393,-0.0059637289271877725,-0.0065292432199922645
2023-03-21,0.02155106004373475,0.01822702409297472,0.028698509483648715,0.024985252168185035,-0.006623385352568789,-0.0045276147659863986,-0.020816467354640267,-0.001909934021880888,-0.006371200890086692,0.011333540461543556,-0.01935308680354475,0.0190686487643259,-0.009226049399543856,-4.7237114135900704e-05,-0.004884034763755873,-0.006294766736038904,0.0010707387120680867,-0.0049245467689756905,0.031095795210456023,0.005104013121423723,-0.005201774799435399,-0.011834725425298509,0.004382263512354045,-0.0020427662446831363,0.01353464476668309,0.007010642946744028
2023-03-22,-0.006954161956986171,0.0208580843689965,0.02173341084747249,0.022645314486649415,0.0035379644893225315,0.012581019728040488,0.004540788869001444,-0.011845674943833484,-0.0022604230818574766,-0.002310814276088924,0.005583374731441326,0.009150693871752269,-0.0010425173420443024,0.0017921368953710548,0.002122498103793058,0.0032750380773354237,0.00291671950019623,0.0,0.0030403310501161407,-0.0005748358614485749,0.016575896688829417,0.00795228541650439,0.008605026555241535,0.0,0.002615674877702867,0.0025953757489405316
2023-03-23,-0.0010005631726870412,-0.0035147705251217243,-0.00019711017667867203,-0.013258144163271202,-0.0029831871116733355,-0.006257022652851552,0.02414218143681035,-0.016183318800793378,-0.014378925655518238,-0.008027822474531598,0.0035334722338697944,-0.005522050034862058,-0.010581112564315043,-0.00182879564145344,0.007677122049265073,0.0007300856499734554,0.012214632284711424,0.00824815753708008,-0.01265045540483034,-0.01687287296416462,0.005760994923888152,-0.0019645876487364156,0.007330038901120606,-0.013373379503505589,-0.009554035315486487,-0.004372693304643627
2023-03-24,-0.010485301356359389,-0.03825574389694497,-0.03151006112261623,-0.010005674062359304,-0.03644756829123863,0.0038678257085700274,-0.0058682279845787555,-0.02066739242729454,-0.013275146153433282,-0.0015993375634222318,-0.0017303704710281975,-0.0035653559999413442,0.004437594698431191,-0.0031566572880648014,-0.005122923226344334,-0.012146324323960234,-0.013204524857545419,-0.022251273777361358,-0.019797286617767584,-0.014431956335631546,-0.004909646448671423,-0.0013280035408810287,-0.006322421919782162,0.0006915340207171994,-0.005592231692481242,-0.007720933328590696
2023-03-27,-0.007798607363416643,-0.00124945095473461,-0.009948219405943926,0.051256068623570794,-0.015384763371555255,0.004816154091102476,-0.014984083314513508,-0.0186150043271871,-0.00023769657211647477,0.004357054385348613,0.007336388341226074,-0.004340708067736676,0.006011763117288238,0.0008934701466063455,0.003961016851696142,-0.011209497795318102,0.004300612618683974,0.005689385476984388,0.01554480207725728,0.009498324132959812,0.010895740123849196,0.0005767998661387885,-0.01068418767450019,-0.00138229469676443,0.0009125243797600824,0.0023988383407489433
2023-03-28,-0.001079882416723077,-0.012872101863573349,-0.010477350198009994,0.005356398883746616,-0.000430036794650146,0.009173678795722617,0.010243802371392663,-0.011654049939058608,-0.009890716026897284,0.008134262761226863,-0.006482799997372446,0.007128565295227984,-0.008171680878767962,-0.0015047750199193022,-0.0011836932203731498,-0.008436639999394924,-0.00840147978064687,-0.020299619990527984,0.004670506068140012,-0.0040183903528239195,0.0007626420105537601,-0.0020499120395550685,-0.025361004435716317,-0.013979094932157876,0.0034641935098158605,-0.002001683861354908
2023-03-29,0.012192820619667977,0.01872206555024092,0.0163972756620272,-0.003142018266772406,0.01118603844268029,0.009057202883919313,-0.003194102996422754,0.008140523550197454,0.02535792257963254,0.004809647594433697,0.01935333556874763,-0.0043872171071802635,0.004319092449662554,-0.00061543766740213,0.007899938074425794,0.014180629378724774,0.010537564423368728,0.014606008447891394,-0.00591648375706566,0.016532135723148933,0.00782365825396103,0.0073814883230263195,0.018924256641495996,0.008001122028366447,0.008649688598968863,0.007609856589321451
2023-03-31,0.018870158551285376,0.016411811263581155,-0.0015022104666708724,0.0370014650277426,0.011771459122704053,0.012029814739933808,0.0014750137073769043,0.00915144527213152,0.016627657080982683,0.013698092812996165,0.01165611465727534,0.03084599541260502,0.03209132399267656,-0.0007764564152320519,0.0019594570657988086,0.01258407151686658,-0.0003797217443636258,0.011382700719412941,0.04311551117345158,0.014036779687760959,-0.00887188570864339,0.021345090731697214,0.028347988681749037,0.017267821855609267,0.017501814133662252,0.016337198944623932
2023-04-03,0.007105450834299365,0.012988527615477308,0.01750137761754278,0.0627725666042025,0.013596777851568431,0.007300830943371972,0.007567305441372518,0.014014842968446128,0.011886588183032787,0.0006212767955160459,-0.00947134842300923,0.00746651170960444,-0.011975026625771878,0.0010267559650396496,-0.011994803957849243,0.00966609524138251,0.025433746189241546,0.017212741127673237,0.00017160065611609987,0.005727944853376243,-0.004119643223338798,-0.0018402542516270382,0.008198779421211055,0.007392177016187329,0.005033468278674569,0.002206297973761151
2023-04-05,-0.004742057098631736,-0.0028448901052099407,0.008092541812811938,0.0023626267810539225,0.015212191465426184,0.005648040670199084,0.018650133345770703,0.010521220301058065,0.01188366439642441,0.02682313388012303,0.018394347471845762,0.0009052101394955159,0.009001621438808005,-0.0008517353027619468,0.019794151948934635,-0.0123516532592306,-0.006585973432800318,-0.004881163938049049,-0.002401997001363787,-0.007119168541680154,0.018487307330260716,0.01243741009821786,0.005421231768419688,0.004892015593826571,0.004559758525463975,0.009138954817361267
2023-04-06,-0.009935983071164278,0.01926824518045156,0.0296635368626057,0.0011164413498225834,0.04318230717846383,0.00354489184905038,-0.004453461275309434,0.06516800813262047,-0.0174136260905835,0.007619021331388476,-0.006775610465755588,-0.010852341193163584,-0.001159259922963063,-0.002006977454417469,0.002458571522247377,0.013674462634049256,0.008239643257086815,-0.015042574462937663,0.006707157481502746,0.008891118748547866,0.01499278103148094,-0.005895302146134429,0.026022719795456117,-0.008384102876361155,0.001020791018715883,0.002397874785437182
2023-04-10,-0.005399496302929019,0.000843616780062284,-0.01743024150370076,-0.011895899885700834,0.059023199033260365,0.012820767543239686,-0.011332595333490958,0.09152707716588981,0.010303569138119917,-0.0047407488114272756,-0.012903380463839875,-0.007485638877573697,0.004008851050416817,-0.0007955238401131659,0.003098031472268392,0.014813199504994712,0.0021722357494893263,0.04349269126570254,-0.007089624803590211,-0.0025585763512913084,-0.0034582496025605813,0.013257704940065729,0.054038628693408475,0.018137095994699592,-0.00502793700202242,0.0014148632219350699
2023-04-11,0.007021942114530333,0.01390761569839416,0.0015354384457266779,0.022447967939319913,-0.0004932337341995163,0.0007773678203162326,0.007893053860986932,0.004436883209374853,-0.014595219062462972,0.0029242887484586255,0.006160840434541459,0.015487348944367207,-0.015025244960461648,0.0012102148506378807,0.019173808229359324,0.011021255598103963,0.014574925386351856,0.012090332432749928,0.004946474150868019,0.011020275511881117,0.0006444626294361822,-0.015198637035401141,-0.005636215849527115,-0.008170367512290166,0.01302451674866334,0.005574768321964241
2023-04-12,-0.0026368742959052005,-0.0012470617656263894,0.0032889047563648965,0.02121922461469361,0.003084173700214299,0.024699042598423926,0.003042685274026846,0.011266003484158738,0.006899716375756482,0.01298630922847921,-0.0073790359696043195,0.009354750440098591,0.01575228116077798,0.0010513881058951124,-0.00618685067489344,0.004701711325604263,-0.004446060326200096,-0.008802238073906565,0.004408722698448386,-0.007329347113787521,0.007381819111629939,0.008665738713776516,0.01482452569487247,0.0051316676476071965,0.004628122242635868,0.005083967961446945
2023-04-13,0.015627683992099906,0.014944627031135527,0.008109966572448224,-0.013211607565434269,0.016234053989701902,-0.005757042595952888,0.015117620988104763,0.02837222608358836,-0.020694408481100046,0.004480927988546268,0.0028667102843218384,0.0099420437751494,-0.027375455780779268,-0.0013341895746545873,0.0052089270027888546,-0.002319045620791327,0.005770915251768649,0.006977614280346822,0.00377141109205148,0.008992895462083483,-0.012983246222008415,-0.01628791258187079,0.00859294301316571,-0.01034526725414131,0.01382651389931322,0.0008757724412713497
2023-04-17,0.00023148528669025836,-0.00011194723316532151,0.009653859072098925,-0.01618794756295827,0.005325033791222067,-0.0001235745507702779,-0.023073578861319,-0.0029615914663337906,-0.027662347303812784,-0.015244036234242642,0.006170728276826631,0.002558442298307151,-0.09422691710447084,-0.001412861150879574,0.011501667551579997,0.006973518429420178,0.000444064301448277,0.008818870838365855,0.005073142113671603,0.02073355430387136,-0.004783174645806021,-0.015475898689171541,0.005644260847490035,-0.018870522761915143,0.0030855003456817798,-0.006795512150830185
2023-04-18,-0.0013880944074211587,-0.0044364171633684,-0.007682843612465962,0.00037113421523327084,0.020464589123225574,0.012385779499224814,0.0066192325571117205,0.021847888492879664,0.020773468930924688,-0.004230114515988981,-0.0042320186941557925,-0.004937342849764881,0.0008348191673617222,0.001941447646725214,-0.004123519157875455,-0.006801679759461998,0.006686232738660536,-0.0003122182402174323,-0.011446995660086445,0.0034005474087273058,0.006107802410020735,-0.00278700810603838,0.0018002696523298223,0.018126517981734036,6.266629559847914e-05,-0.0026373533282438855
2023-04-19,0.011640802787567184,-0.0028834149017741284,0.005426438882879303,-0.021023954185137028,-0.005072392509980483,-0.0006208491397182714,-0.00607754961333562,-0.010977269760938713,-0.023640550110258562,0.003675535081873571,-0.0037190361884124057,-0.005519189412394598,-0.021559024690683493,0.0012707020559081794,0.0006275201378409534,0.008964912020815508,-0.006034891243637319,0.0,0.004977995211060016,-0.010167489885588687,-0.009255485682320708,-0.013143721725923374,-0.0076110553748218734,-0.019298777941983314,-0.002630987687399111,-0.002344283016240789
2023-04-20,-0.00532403841279061,0.0005632759866660564,-0.005892996652180682,-0.023623075544109917,-0.017192350106764787,-0.010418862512255878,0.006214928186410118,-0.010403029765133298,-0.0011555086358476796,0.0037221470848045612,-0.015405444433820192,0.002802985070193831,-0.007141593563935955,0.002827993596385525,0.003887109188858817,0.002550381302465654,0.003997632437156007,-0.005933888398728215,-0.0025298377278542006,0.008328706611870906,-0.00778505314560618,0.004919652735545954,0.015764816314714603,0.005681928865180819,0.0027399535038192813,0.0003234746363958152
2023-04-21,-0.0052374143402919016,-0.010659747759877436,0.004261869729618617,0.007504228544240599,-0.020267927242807016,0.002171546147822445,-0.013996800123359243,-0.005392857368835546,0.011036192161467229,0.0016149290118421256,0.002146341341030533,-0.009783096590157858,0.0032287971044084873,-0.002419276677968929,0.019860030885288982,-0.004800504354157131,-0.017923837853326963,0.0028277320727765343,0.0012575349612353737,-0.0030285942858219173,0.0017210278145316504,0.018052772766967262,-0.011744879801087738,0.014330955617115837,-0.003584144595985328,-2.260708945023282e-05
2023-04-24,0.020944158925529255,0.0014036186358137304,-0.0006986325727249554,0.011429297011133155,0.012560074906657892,-0.012867833139297291,0.004849697189157398,0.008526223032407465,0.004862101590851431,0.00809150251708779,0.0007204864968499702,0.02156606949604134,-0.000855427349167881,-0.001048171101648676,0.001102186136069161,-0.004122966812027062,-0.010784688229593442,0.004072490282543084,0.0038314535552623763,0.021080705883078643,-0.010409761961165831,0.004413241024054715,0.008488929470434003,0.02689850762781254,0.012292843914715856,0.006771973756565242
2023-04-25,-0.004476930853436478,0.019738654539051437,0.0238466263890853,-0.021457623102689505,-0.002432202004605921,0.005659530966852122,0.0024634379740613443,0.0063113600466708775,-0.0005693740295901195,-0.01421686373355402,-0.0037202330539944928,0.00961589875441704,-0.0011419159326768735,-0.0024678554436612377,0.006973449463504755,0.0017388654398162728,0.0003250189794403724,0.002496187487871282,0.007654621927436267,0.012982329948678206,-0.006791582710944044,0.0003778428005223322,-0.0034721569897750992,-0.006085538736890328,0.0010026796760933543,0.0014568576938982503
2023-04-26,0.010588069755808949,-0.008248029765143161,-0.0031769605739284668,-0.035941308603020916,0.015725928542591916,0.0024415162124895584,-0.00416251194991224,0.0032132930208297328,0.011486230392991459,0.00459708358829003,0.008171236148086347,0.0016421421372001532,0.0021636613902118462,0.0017018151109959856,0.0017007933885377913,0.0030581580416908505,0.004486947563287602,0.003112354574848597,-0.005871020042669928,0.00809896131780019,-0.00128531701196255,0.006974418698352025,0.009819390007670625,-0.0029282762066490386,0.003547417024965638,0.0024958627615121465
2023-04-27,-0.0070410125700530735,0.01895570080722786,0.023794758634552604,0.006191104516539703,0.012122036498496191,0.015159599561115122,0.002115160067214017,0.018716438571313665,0.005349121296579051,0.005502995730081839,-0.016667991574004448,0.0037159578204595256,0.015233563621914747,-0.0027405359528782647,0.009096470843023674,0.00861116021632724,0.004237609216201532,-0.0068258472169397955,0.006329111764607598,-0.002825018015246483,0.007670501161183951,-0.0031895682971545547,0.007109973352338761,-0.00040032293656611095,0.003991443623184487,0.005695152810193838
2023-04-28,-0.024279642491552678,-0.003933924749280782,0.012911221359234393,0.027019751007838266,0.010790960460432819,0.002297339745041427,0.00010048302398191211,-0.0035229425254541535,0.010301497073534671,0.003926293834057848,-0.004718592573963232,-0.0007621571692121298,0.005215557462349807,-2.2020366786557055e-05,0.022956674473067817,0.0023692921211135864,0.0054547800529316515,-0.006872870526928199,0.01827899497228458,0.023992793030067183,0.009144734836582069,0.009818439864612394,0.006955969721134103,0.028311980689374128,0.005419587439129625,0.008370013603697934
2023-05-02,0.01238390247213017,-0.004133840306930425,-0.0049283140774671885,-0.06668396976541846,-0.004575441520297874,0.004168557185004529,0.012160229907576703,0.010264207758159394,0.003242655167558839,-0.00020744744741074683,-0.0022790767856841754,0.00484930398823491,0.019716504021410453,0.00011738233657099251,-0.0025848459296343718,0.008476609735732277,0.021805657929721445,0.03334375589758931,0.008489924409206928,-0.0051875813417480154,-0.014782530945853689,4.638912356580427e-05,-0.009691717086427243,0.008701243313922191,0.0027340380875178205,0.004575166931912511
2023-05-03,-0.012404687143669269,-0.0015195235784231098,-0.011025443815503522,-0.04270171687984825,0.007778491156708256,0.0003737386715410018,0.007099203897717121,-0.00015046952955100057,-0.008056191136378565,0.003496845265666959,0.01399031573756404,0.0008133688257911942,-0.006497110491115343,4.898131460806532e-05,0.006361056412238053,-0.0014952069905760368,0.0023299646135683805,-0.018873680623840428,-0.008582320292536694,-0.008343435116290876,-0.00971176050094047,-0.012269101915454161,0.00718378968338218,-0.008368814815129522,-0.0009088912031910423,-0.00318502836487633
2023-05-04,0.007094294962325387,0.020378484830562593,0.033979181575747086,-0.0005831037378584147,-0.006432105860832094,0.003180305351577095,0.009563257738115283,-0.001881798460880546,0.007413042468217501,0.020464951849837654,0.00834685782492639,-0.0012460927181285886,0.0034668360388090402,1.585983932295143e-05,-0.005969709761096009,-0.0030353579399929886,0.0003750873625585349,-0.0009308424074221389,0.011528424551509264,0.016651995406536724,0.010792877488615904,0.012830473514645169,-0.005995482292477483,-0.0036353020682732273,0.008606021022089516,0.009173717607303677
2023-05-05,-0.0007506718491833153,-0.011058988424157312,-6.265368206515021e-05,0.04054840837648799,0.0056498211624043115,-0.005132889278002595,-0.014941394329071045,-0.0013951858641392256,-0.01054545716739086,-0.0591214748826292,-0.0023935717106371435,0.00569591550815729,-0.011346248114519786,-0.000781317928013836,0.009773998229821057,-0.016643720936350248,0.016822732853690958,-0.004347978517427298,-0.0025530981871192404,-0.006034382375475822,-0.0036446425970375618,0.0031049081455223337,-0.007695544711044389,-0.011206702091677512,-0.02344602192073575,-0.010232406865540389
2023-05-08,0.01519713038406878,0.0335111489404305,0.041957271415384634,0.025511738402656636,0.02141852845994352,-0.007162339191592593,0.004411630963793378,0.012951219392454139,0.01913683390659071,0.011564564714866998,0.006218191654256966,0.011813010833038762,0.005162437336557746,0.00016758952945439276,0.00629725997292252,0.01700818428021722,0.014258950543419857,0.029320282263815223,0.012347740883046576,0.012315482296180846,-0.008862054618291038,0.006159611102741769,0.04904639380180753,0.002504040331826385,0.014598764044501333,0.010814123118324304
2023-05-09,0.011155974063676188,0.002776274119915767,-0.01587579616193724,0.007517706326306994,-0.009969067250223285,0.005329017217384768,0.004885704044411021,-0.011816399463032257,0.0030212426189686337,3.0345762916050845e-05,-0.00019871591618181306,-0.003731755313704399,0.004029681578332944,0.0007011443093332126,-0.017730807184802133,0.011081176887628441,0.0038894595623473194,0.0015150969123070013,0.0030947383796247063,-0.01730623945251164,-0.004574432323510513,0.010044344593302945,0.006293679026813326,0.0051267462963304755,-0.001983447983088471,8.480038171931881e-05
2023-05-10,0.0018576268503267546,0.0040817340619865305,0.012095001109781567,-0.015601703163243719,0.0052083690907194224,-0.013368499466468009,-0.0027993081762891503,0.00863823216575721,-0.0006487206760722453,0.00462159001797402,0.002742596826976973,0.0017658428879090415,-0.005862900564298945,0.003886940661095295,0.0036573499369711993,0.002569434642064161,0.006211869205989817,0.010287373847444936,0.006876347522725146,-0.0022668466122224284,-0.0038122335290508014,0.0010812544331266771,0.01161525670318131,0.003792778047219114,0.003076575005113602,0.0026908205008338015
2023-05-11,0.006798508478057075,0.004206598392319849,0.004817913399248086,-0.023290998744135982,-0.0033391406397473844,-0.06888822585218723,-0.0077813586939793344,0.0018698835894022103,0.009088049293903167,0.0006657642036460576,0.027629009902636614,0.0033651570369557238,-0.005660014822541193,-0.0022544834364416344,-0.011637488904610693,0.0021223281223883284,0.010116519208200003,0.0005990027465456738,-0.0065288493902317946,0.002184621217313998,0.007601115645064382,-0.0014148459308589434,0.004121649495945068,0.0023452994480914757,0.0033290215076533514,-0.0009882342854272697
2023-05-12,0.016407141946047865,0.0021472588999069675,0.007646318194840074,-0.011711609974429105,0.007278253195904583,-0.014541114118871601,-9.924612931011545e-05,-0.0008585172697044285,0.006801125464591662,0.008831379202385081,0.011958221157687854,0.0050043128006771465,-0.008677513097949174,0.0022022080754149354,0.00011889693391187173,0.01969935019595881,0.003725353908072826,-0.009278665667438846,0.0016327847140591434,0.00819609589042658,-0.005254654457938934,-0.002391476245518276,0.008502749396603448,-0.003639726445750724,0.00732024837737888,0.0009728797753729701
2023-05-15,0.0056553139607165015,-0.001475264305292323,-0.0003128198264611415,0.015276980023382736,0.07386160905238337,0.011744124815684653,0.0017374038222883748,0.03751025950416187,0.0038795601246421896,0.004796777510611472,0.014808957623081653,0.0019599637101670453,0.010560362173148041,0.0012180037061435556,0.0174813049233129,0.00760231069932904,-0.009477897565610238,0.0006042507981869338,0.0019723678189158544,0.006486186612267186,-0.0031379627122253284,-0.005879206373652912,0.02887882257522123,0.0065232297719091115,0.006360543419769105,0.004589120522186851
2023-05-16,0.0021838670831724194,0.004924985281524519,0.010771318936083407,-0.0035156799023231544,0.007689815055695215,-0.0007746069273754097,-0.014667976008888806,0.0008642321580405454,-0.008229258046681731,-0.005734009369857573,0.0051273719368216675,0.000634369995633044,0.004728400118004794,0.0008077661381984402,-0.008999590591663886,-0.018045331730380143,-0.014765388147967018,0.01449283284761993,-0.014241300029095627,0.007561335935369895,-0.012644331337673509,0.0009522369672902986,-0.01827262717255196,0.003110881404136956,-0.003821064523351181,-0.006106338807060685
2023-05-17,-0.003268729029937356,-0.009066510073462153,-0.011725092049955754,0.02780131532224872,-0.004027516435314182,-0.00743070755388997,-0.0038724970567511896,-0.004245494435930919,-0.014807030192796056,-0.005372467945587656,-0.0052880799009729085,-0.007396802274819425,-0.013762437852415266,0.0003561206993210053,0.00860954187997165,0.000514806837156101,0.005296969996977374,-0.004464441838058941,-0.005909318628498528,0.0,-0.005313788303350941,-0.015177288687339141,-0.010841437759211425,-0.012017099893123495,-0.004669310414564087,-0.005728269488420423
2023-05-18,-0.0001092591652840369,3.5275707755522134e-05,0.01258000213549848,-0.01331870378025335,-0.021070444016517476,-0.013031366699810643,-0.012217878410890615,-0.053945651832840835,0.004978838453317591,0.003997681019772381,-0.012848590620688438,0.007611595699571705,-0.0007217273297135396,0.0018749940320028635,-0.01847518001819315,-0.013933916180265071,-0.007248257757818233,-0.0053809304376083444,-0.0021520754460977454,-0.020637849911985917,-0.006731149191135044,-0.00275818306787734,-0.01367600695427873,0.0007848466338209459,0.0012266168892505203,-0.002849053652701161
2023-05-19,0.01022186988837892,-0.0002472670720405912,-0.0007658785930870771,-0.004313909768449031,0.025980920530518592,-0.00704263913515657,0.011346767785266998,0.009968268429950244,0.014306806012873041,0.0011549507966006622,0.005290186241410311,0.008240875461989372,0.01837870578028067,0.0033328626475279677,0.00035728570955906314,0.01196308024241799,0.005815536923284181,-0.008716758900500943,0.0032455051475459573,0.0016544694359084122,-0.004087643230683002,0.007187999016878388,0.03245151270025004,0.009409307416879065,0.0049619711963362345,0.0040513721791914925
2023-05-22,-0.007034200762367604,-0.0014838828906028612,0.0013044991016688545,0.006149473001328065,0.013244363616913057,0.014959214755725592,-0.0019709417496271975,0.015277625995908206,0.0223672616423638,-0.003552042449566306,-0.001268384947827883,-0.004139204871606017,0.018835326323708435,0.0021722882641466157,0.011670974354143437,0.004085990365136238,0.005567812565371977,0.004245038287905345,0.005344041438350988,0.003477442599865599,0.012529176710625034,0.023534817783585904,-0.004667177338716022,0.024728092656333578,-0.0019171714418568797,0.006097761825706316
2023-05-23,-0.0015257112515698612,0.017162113077107355,-0.0018400403352851757,0.01277963363856216,-0.021541275429430518,0.0006505876762135099,-0.001215325275835788,0.0021229818126595745,-0.011162098037058477,-0.002346069122343364,-0.0037146734887044675,0.003209459829420336,0.005607845661653288,-0.0009625916279559776,0.010359027895635364,0.002370411440700604,0.004810590888968624,-0.0036231010259093477,-0.0001831807665885199,0.00771019247307736,-0.006240313085897897,-0.0005002046254369841,0.011483207979331,0.004800926516533188,0.001580209542211941,0.001834600568861644
2023-05-24,0.0016917566787686411,-0.007514528187165137,0.0007964017613732999,0.01961312033953999,-0.005023050583688016,0.013159794057385099,-0.004867154465174606,-0.005463617899615025,0.004154069214962419,-0.013071158995564325,-0.005079393593668713,-0.013373189488988801,-0.001076718437501012,0.000792093763857471,0.010136430643796102,0.0056363435004753715,0.007613631394767895,0.007575699713041617,-0.005825974844694715,0.001891309195334534,0.022058782792515608,0.0019109846621510052,-0.01570470107344657,0.005155304309914177,-0.006292824985098644,-0.0034117947119577385
2023-05-25,0.003650417363117331,0.0006310735250414368,0.008134405115853616,-0.033763715771890745,0.025241638305713243,-0.0033855294545291903,-0.01003671935607986,0.020704013090617535,0.0036423103533846923,-0.0038370650558983144,-0.006768903380854452,-0.0008505690061906268,0.004389001026885442,-0.0021341716248780562,0.017646955728229274,0.0016462449483110042,0.0011972156653889954,-0.0015038120594730309,-0.00012285865672989615,-0.002488347217679432,-0.0075093782116909535,-0.00298193313786832,-0.01028454105675114,-0.014010549809440387,8.12053448857597e-05,0.001955111686716471
2023-05-26,0.006405739525592535,0.00826702781042421,0.009260129491582614,0.011694226875648805,0.001781109738269171,0.005994820558516301,0.0005146415586252395,0.0047598260335322,0.020788311200187426,0.003851844835115914,0.02121478953604905,0.011544433573335233,0.01004341778118012,0.0003434042494316891,0.005553567348139055,0.003169406971843536,0.012723799057930085,-0.013554264534043181,0.027275220580957216,0.008172011459804951,0.026349306109584747,0.010748583637470333,0.006992384952920094,0.01928452802637093,0.007705833021385944,0.009726420827874671
2023-05-29,0.003074524413014812,0.007226549279989669,0.00399009809683637,0.0,0.009516789652993296,0.0055837446210809105,0.0,0.0020407338632018046,-0.01141144980895259,0.012192167110562036,-0.0007728557575298334,-0.002682167704745053,-0.002315118009605377,-0.0020220055503032963,0.012398509264811786,0.03767990044918523,-0.007069106522736068,-0.029007568384118887,0.005625162107645965,0.015358361966063105,-0.0014950008293662664,-0.0025683804996829984,0.005786485564509558,-0.00473006152809341,0.006676778533781569,0.005367798508963517
2023-05-30,0.008227701399095233,0.011244740754673632,0.01063902811035633,-0.04417227418954872,-0.016678704887478468,-0.008197454639653046,0.0071498506191141065,0.008036934606119983,0.008568667201705793,0.0007642804099223799,0.0023582123126486554,0.001898425772769663,0.007189588395934976,5.9316781549023645e-05,0.024283124638025955,-0.0012779852459358088,0.005340963737655802,-0.0009432060252657637,-0.00025770822568849105,-0.003697540379841713,-0.009138443054508394,-0.001249894280454411,-0.005082005748088592,0.006753441965050566,0.0028085712729175594,0.0018925684396833287
2023-05-31,-0.02410798602842723,-0.01009643448212294,-0.0022766921592808353,-0.019723621719544338,0.0006320978461937798,-0.003950113103543873,0.0030132913248530624,0.003138660950098071,0.008143602977849218,-0.01582390531998701,0.004140653735808408,-0.000842175545795687,-0.004192261849246259,0.0012618388626783883,-0.009780046549221932,-0.007113608127986781,-0.001667790147738657,-0.024866422468714622,-0.019861654538038565,-0.0028375030505124466,0.016413205234363515,-0.008051430211447497,0.014456424561340109,0.0028572203882499814,-0.006935833257294077,-0.0053370195013254795
2023-06-01,0.005301457465664683,-0.0006202060325452008,0.007246169924946422,0.02951978622903728,0.004843110808416595,0.011330636252272264,0.007179579108230971,0.008918836654300266,-0.0027944555320168485,-0.00425255258808277,0.011377425954569809,-0.013749186038112371,0.000910184097730582,-0.00020678116739369923,-0.013019084665789049,-7.570948858670601e-05,-0.004206047868019702,-0.008069776182684119,-0.0026923057679711926,0.005001405394915892,0.01266208839307148,0.010487946136386483,0.01691060855264137,0.008670842734008088,-0.00765835936281456,-0.0025169624936233204
2023-06-02,0.006958726896389544,0.004895866631516199,-0.002357681038183901,0.023395141588396395,0.02535621462540716,0.012829469620452949,-0.012942353683487062,0.017644572787830715,-0.004247335743367109,0.0015585793354633282,0.0069685542925153054,0.0021899540926275662,-0.002304101399423719,-0.004718926641922194,0.008414812035668406,0.017059627703748248,0.016835898373630975,0.006833721931112535,-0.0032679970226491273,0.007636187055507282,0.012048186628808466,-0.005535493384665413,0.0013078905141239439,-0.0054033665702527545,0.0033718125604411675,0.002507044360454902
2023-06-05,0.02672491497189089,0.0011324308373219516,0.0027477020502597593,0.005715133458575661,-0.00010220613061384665,-0.0014966545967473044,0.0028682521593483834,-0.009352332278517506,0.001099440827076803,-0.0013070582175364054,-0.007693102296325138,0.009166991676498704,0.004234079052944706,0.0016176485315702038,-0.006202156181212115,0.04025646140105321,0.010199779919272345,0.0045249310079109595,0.008980924057308881,0.0,0.009153770089141755,-0.005052413480293838,0.01931332905538108,-0.0018521660238272064,0.0037279218071690767,0.003223787573137793
2023-06-06,0.018246907202882356,0.01110422625614893,0.010045234501403488,-0.00568265631931153,0.011037326721135221,0.007190122777865016,0.003830439223697635,0.005162387287732884,-0.008521657935488092,-0.0031165401017552163,-0.0017251304963403769,-0.004911574471271329,-0.019547635262351704,0.001230463920355529,0.004879231890310365,0.011322758386989928,0.01608218151244656,-0.011261313484095647,0.0008475992477881,-0.0031505168017502694,0.00500605587377323,-0.017209074373617184,0.01739116073576974,-0.01051448447873482,0.0014263036865649337,0.00027699431442118616
2023-06-07,0.008830794128162456,0.003931930277032869,-0.004779411571330661,0.01101200082313225,0.0021227319079346607,0.008001452585739033,-0.011600126597875904,0.017623343817655623,0.00039886037437009136,0.005189349689715073,0.009308449350873715,-0.002016732931482079,0.0077791449633677345,7.267745597094866e-05,0.0025971477462802817,-0.0034012006938904937,-0.002947778204785312,0.001301820851013602,0.007582709359632567,0.006577256059932868,0.0007891067752112679,0.013179324979449847,0.021952414996745384,0.007125724552068169,0.0025076673042268016,0.006849851638528914
2023-06-08,-0.0149987249575807,-0.009115984593684456,-0.009865898476332902,-0.017096344748918968,-0.02208995158591731,-0.005209881149816686,0.010758235929050786,-0.015036739599181392,-0.002037145389184092,0.0006219970148266807,-0.013364320280916275,-0.0024462628864856395,-0.004771033191221852,0.0012228526435751341,-0.0023652218370504574,-0.018024808037967688,-0.005037341295178521,0.014624684140003508,0.000600378293168502,-0.001187961133403026,-0.02720277993234166,-0.011740731421082673,-0.01452592920003537,-0.008068429813811173,-0.006325214652603717,-0.0049048192636628185
2023-06-09,0.013148341216358661,-0.0006134623461214739,0.003858643788214211,-0.015710516653087758,0.0009283589746693632,0.00374233479424535,-0.0007129886084076276,0.0036499357425687773,-0.015087665176725662,0.001181249904408821,-0.01630649006277385,0.00015985263161022445,-0.013135333366874224,-0.001571163144616472,-0.01004732667996211,-0.007530468291202297,-0.003188983061722439,-0.01185144991106235,-0.007080922370581777,-0.016652550994371906,-0.003090230088795831,-0.008388924573239476,0.004645265165167611,-0.0056313477781544385,-0.00014206079065348654,-0.00381819725413457
2023-06-12,-0.000564218033702657,-0.00034096598684874024,0.008604488204697835,-0.04346580450265847,0.011129389829529712,0.0018963837051722,-0.003516411433824196,0.0034967509459447044,0.02694302653520575,-0.006084736724500384,0.0027500822365820188,-0.0022385877444968116,0.02053780578115716,-0.0005272890829794985,-0.0034211579196442576,0.007843112268689723,-0.008033840157656846,0.005186452095541361,0.0008864755011293024,-8.641783379004231e-05,0.0015243809801008812,0.01171585222751248,0.003290130455399609,-0.004278886491196676,-0.0010184541874105335,0.0020524046550352004
2023-06-13,0.011958493612784338,0.013779023088916542,0.009728495357038236,0.03426691490235978,0.026498161080794613,0.005635562659322746,-0.005472343361624055,0.027562805625091613,-0.007326828312607003,0.0016866464333866737,0.012275732567108344,0.008119937758734652,0.00998497714896085,-0.0013051760539430912,0.01933865651545208,-0.005972180521600756,-0.003450185854110388,0.0038693966442944205,0.014773509834082876,-0.0038883590017966263,0.0026891869493668175,-0.0009854568663688612,-0.003456467608928371,-0.00012645174485459432,0.003086922646484913,0.0061635024393194016
2023-06-14,-0.008266967756564436,-0.0039024816008458307,-0.009753368603890311,-0.016565853589914914,0.000198545200609912,-0.0006381017937616695,0.005502454682981162,0.02177089477305194,0.004021962142959801,-0.001091345724603232,0.008539159406990349,-0.0039742580010242445,-0.0034103504573407273,-0.0005683786688059911,-0.0020206645155699254,0.004005251604349613,0.0015760733176710673,0.014134431564239991,0.012297473207344423,0.00026006438550174593,-0.001416758841031207,0.00226602588402236,0.014407604951027553,0.0022753347787023426,-0.002083753897622942,0.0021238341844009856
2023-06-15,-0.0005625156249989827,-0.00385039958879696,0.004191885968188203,0.034422238451278675,-0.02650387396354481,0.022228269182581695,0.0012785761456397537,0.04188372379122485,0.006823124240247225,-0.012299032132414345,-0.0033534143622724333,-0.01404550542685401,-0.010458186548780946,-0.0029821155581135628,0.008098943486003485,0.01022739061262068,0.006540776367091716,-0.0012670701095259806,0.0002743438014196631,-0.017431184969369906,0.0017228591475253463,-0.003331146964745124,-0.0032438674493078246,-0.01891777300836428,-0.012376067052377926,-0.0036149041015322014
2023-06-16,0.004502845843950887,0.022987721697338648,0.010748590357771537,0.01642588484281804,0.011522438325851647,0.02323329355067605,0.0003064539641302044,-0.021087439848829992,0.0040224535585129395,0.013084263371677451,0.009647784983307872,0.008202009558369472,0.003768813961211759,-0.001612545962813905,0.0111582470365581,0.007969837462607154,0.0009223498140054076,-0.004122977059881294,0.0097354813423709,0.008384790498549455,0.0036421701842450638,-0.012872080242788297,0.002374939576749613,-0.019668482020463784,0.011383652763883312,0.0073790483520230765
2023-06-19,-0.016198864606326024,0.02210661374054035,0.025405235760743716,0.0,-0.02147176373470938,-0.007334551073099549,0.0,-0.009697077489527084,-0.009275618774422179,0.0008735964828971987,-0.003860848265918926,-0.011828279033742062,0.001819574008181002,2.5706794818169953e-05,0.001103409442586134,-0.0009259981346605439,-0.007465830930850292,0.005095493873988666,-0.009932626575454018,-0.004201251214741464,0.009879084182075948,0.011181470199028487,-0.006581387245777726,-0.0030159067663361183,-0.006927884954756158,-0.0037475183921172883
2023-06-20,0.009527281458836745,-0.013554209098387338,-0.018602198700334305,-0.017832248552030583,0.007932359797242272,0.00455004643291157,-0.011693231274807592,0.0033844957592235048,0.02733961781980576,0.0020881895302995446,-0.002664657000542525,0.0025997376895416924,0.007264247151969494,0.0008130030567015112,-0.0016533682891581858,-0.004349393911173394,-0.004185988114884576,-0.0034854344251046276,0.002076989578942534,-0.0025489459017132843,-0.009832203329344091,0.0053888453920072354,0.030386096134168872,0.006181737724779923,0.0030423697252699444,0.003265717567498605
2023-06-21,-0.009078266603490648,-0.0011834881281095333,-0.005883772985988522,0.028794308926196832,-0.01298031623557927,0.0018770957749074668,-0.0011366319668689728,0.0019976092959008707,0.0015402906130388416,0.017480575046046942,0.00018688140805234177,-0.000918350115461597,-0.0031072675409442585,0.00012684419642661204,-0.012807777968995016,-0.01589735335047049,-0.005399210999808779,0.01876003058531328,0.0028156531446468236,-0.0018506893289598203,-5.044519630714728e-05,0.009449466412486673,-0.0031718431331352326,0.00784306857869077,0.0021180404818754717,0.0021337637466720683
2023-06-22,0.000621062764174285,-0.00763533406096828,-0.024444435982575285,-0.04163789733756951,-0.0033136970216717243,-0.0022299436356669755,-0.010655406370437381,-0.020949718430781195,-0.006023447978446339,0.004891251609041358,-0.008312978975183238,0.0011354872964162155,-0.013699246898201456,-0.0006134832888845532,0.0013422172949353328,0.0032380897121877528,-0.004003757329218649,-0.0078026873633294525,-0.011231094769047267,-0.00600319094473567,-0.0016130585913388673,-0.006046297832525971,-0.020725954182021944,-0.008300835792886208,-0.003063157983800302,-0.004539443817404343
2023-06-23,-0.008483307639684523,-0.0037807247809634736,-0.0057395575093904805,-0.0050352246204099504,-0.007376641836155384,0.01927762373269326,0.003346068164084448,0.0011015519344352853,0.0015042360918022801,-6.081008181513248e-05,-0.004803405645859016,-0.0024304176111799025,-0.012914038887020585,-0.00027094376697123224,-0.006478277434393442,-0.003952867795992798,-0.00805601819013746,-0.012897364915192,-0.008183684780384892,-0.014832682845353773,0.0011612828759492988,-0.006839575704505663,-0.017036906052349643,-0.006147059008849043,-0.0023316974525178225,-0.005633615236065759
2023-06-26,0.00224322920717146,0.0037285055456233174,0.0012947956744260303,0.0030364238483653327,-0.00115136986726605,0.009551627506604321,0.0023969442157556475,0.02414219751390756,0.0020169096390938446,-0.004837332834825792,0.003974884630896236,0.004277252802469267,0.0042292951959586045,0.0007996404318915129,0.002135854341736687,0.017768036906759432,0.015320767820331538,0.0,-0.007635138816335596,0.004417552613567466,0.003530151253833491,-0.008301384699622716,0.01465191541951616,0.0025003289335128187,0.0004161196160774594,0.0013768299134766515
2023-06-27,0.01322164989699992,0.010215160382182287,0.002936166034214649,-0.024073889753768674,0.014041783548727649,-0.0031735979717709695,-0.005042341018913099,0.01800546969458683,0.002141531743637737,0.014093118389381099,-0.0002827127167123189,0.009326544464950182,0.006927247790774693,0.0002646587837309422,-0.00134612338004525,0.0033986761906754648,-0.0009716078527627348,0.006054911880680081,0.0003608391361475949,0.016246309734064823,0.006884713486564609,0.0024140374344607807,0.009245341638205895,0.0044632913969389065,0.01100911206648636,0.00675190341711196
2023-06-28,0.005086103180342194,-0.0026920299136576897,0.010107851256227152,0.027474160918700807,0.004236803760251373,0.016366207124905774,-0.0008881667564655249,0.012665409645813419,0.00021322171255655498,0.010581341187647197,0.0037339159843559067,0.0014421813241831671,0.01110091290816273,-9.88021311489895e-05,0.009548512303937162,-0.005276723860957566,0.008418911786766348,0.004434520486267912,0.013238729727606646,0.0065361173591327315,0.019964101911967846,0.005660875747556915,0.02364350004345339,-0.0023524346612049385,0.004675742693471374,0.00822107281232487
2023-06-30,0.00945613763343034,0.006554467504102268,0.014220730313196706,0.015526191330655914,0.009569862358838055,0.010131619222528476,0.004601750004244787,-0.009253958258903072,0.015125329283300237,0.015064201000218658,0.006350285134960165,-0.003040138234954415,0.03258997885486803,0.0009390851656179144,0.005007254723640608,0.04200703472688727,0.026035866015220677,0.011037467787187616,0.008203096167254342,0.005352694692591697,0.029164243756283126,0.02699486415418484,0.015170975562897926,0.019517926055023116,0.00946473260246794,0.01143527476356887
2023-07-03,-0.005418092846451561,0.007918764286306557,0.024076098433290616,-0.012032821085296463,0.005300146763201896,-0.011880856953445096,0.0003123083616483058,0.00873477567022718,-0.005345548485427898,0.010814709947685408,0.008550881144633982,0.00850628838924683,-0.0013479033351565528,0.00025460626799911346,0.02579706874859422,0.009872102377306291,-0.01185510678728996,0.0162196057483881,0.02566418422525718,0.021995298831547938,-0.017972607298455623,-0.00906959331988444,-0.007975859609554381,0.006295866108315451,0.009179314208714429,0.00695709243369369
2023-07-04,-0.011607808107886308,0.05804834771970868,0.07192826710108924,0.0,-0.006793070562584713,0.017672543830446807,0.0,-0.01349430656368411,0.007616813901453634,0.00488416807248937,-0.00038887365864181955,0.0022810328574596195,0.008585366737023481,-0.001780767966175656,0.006691906594359587,-0.0023843213155342324,-0.0026464929085164846,-0.010435563728232955,-0.010303176454131369,0.00649060083107611,0.015590145604691186,0.011169446020786289,0.0011000779301397756,0.011108280795780523,0.0031743508094910222,0.003438946519135566
2023-07-05,-0.004326768772891176,-0.009696317170903135,-0.0027606614590360845,0.02865740039781306,0.020212419404803894,-0.001937024832276646,-0.0010927697555787041,-0.0008329556518504866,0.003527713592261339,-0.03176713611200066,0.020685233354178933,0.014078544209159327,0.0015981794599326804,0.0006955355018227749,0.018762560692143992,0.007443165294152454,0.0357505337464441,0.00992557443321962,-0.0016416941328736279,0.0022910690087747376,-0.003909287251834703,0.003354545866980807,-0.0054102407523238805,-0.005177438050711136,-0.0033033918358192915,0.0004899685388621844
2023-07-06,0.014950898620979203,0.0038421471820313524,-0.009248831408840363,0.00013932492133883478,0.02781652022620995,0.010321745665061721,-0.00567827909600549,0.025136291046194303,-0.011842908853008205,0.0010159559558904352,0.00045373029513484653,0.0014613571567820838,-0.0025235084445760503,0.004719023038310732,-0.002525571136483995,0.04978477253111224,-0.013300192403654765,0.01597052802537169,0.02099055076483536,0.0032170564882469943,-0.0021057078600562606,0.0008886320615146825,0.021334274238596906,0.005839035723904429,0.004165894892238953,0.00509321758125636
2023-07-07,-0.0033163999376415454,-0.0030865831149655687,-0.01852897115777885,0.028690772577109502,-0.020930592438069384,-0.009423143502030329,0.009168544269755774,-0.010539799210499079,-0.019523266241010084,-0.008716404351534979,-0.021399364053260594,-0.013550093989034284,-0.010194252304349893,0.004542870685738221,-0.011605974836090716,0.009911036674235207,-0.0009281015485498312,-0.011487274893486554,-0.0019517418565604405,0.0018564765667148375,-0.006522872892097631,0.0019110527656482912,0.028961534154103186,-0.0008833219635265843,-0.009150846203855756,-0.00848835445771845
2023-07-10,-0.01295187130401576,-0.010588935301823477,-0.011689270180527456,-0.011779078518719954,-0.002585251105423625,-0.005315894529479781,-0.0006229629333885933,-0.005152223771087594,-0.02859348370447201,-0.0023789999984644705,-0.01539981537042634,0.0021132699074668526,-0.000789308894245333,-0.0018497283525462649,-0.005443861844623643,-0.008151494694233818,-0.01156826444576231,-0.0045872072566766064,0.03852147488146129,-0.0016845391098390117,0.008979409419415996,-0.017211193749039566,0.0007278369248029382,-0.014904711361572676,-0.0014279006677796469,0.0012466303397029588
2023-07-11,-0.011254548321924296,-0.003379592829068745,-0.011847474309492956,0.025208987822131323,-0.0037882181119828218,0.009951220034017716,0.0032727526379869865,0.016299167519828073,-0.008537250237085958,-0.004859776832767726,0.010521263863136676,-0.0036377014791686424,0.014633283097334582,-0.0010894345717290532,0.015670144384183127,0.011634651719976796,0.01682877194102783,0.011367087958739308,0.010840709181516583,-0.006834243362269787,0.026076718154259826,0.00013763862351523493,0.01592167600341754,0.005385300611235433,-0.0025813326590260477,0.004313930032438185
2023-07-12,-0.003357093732318739,0.0005022559271614657,-0.0016187240760346944,0.012294509507328577,-0.014510186026568839,0.0044813611629006544,0.012892819196508976,-0.00037510979688470947,-0.0039014953536030683,-0.009372749946830128,-0.004041722359091171,-0.0005820426493086117,-0.011344891938178114,-0.0015194943844532016,-0.001796578663191939,0.0008920808750101372,-0.006499832168053166,0.01852976953039076,0.0011032571544340453,0.0011892731308478233,0.006061829890023462,-0.003820033503047826,-0.01121710526315789,-0.0005101345152582759,-0.002360072469607122,-0.002834429471475497
2023-07-13,0.010684240944252243,0.013745952455273658,0.005738725072204076,0.015049496893048575,-0.0007108105226357742,-0.008970966357363386,0.0015335855612319538,0.014167300523755033,-0.0015758832886670904,0.004990999338124524,-0.007087700432715116,0.011965270820810892,0.023850436974889755,-0.0048313383307161395,-0.0006351171214086238,-0.002514566785722261,-0.019139232891670965,0.0008946465304495721,-0.008942414021801515,-0.006109262161597573,-0.0028736108352573897,0.02474024868346003,-0.0012873671678023113,0.006252400502260169,0.000573518780989879,0.0015192303855748879
2023-07-14,-0.003228737201182441,-0.0005572195064692531,0.001036763609339797,-0.019118236862686544,0.002235519189280444,-0.009800792703706596,0.00045938364459630066,0.027568775364799958,0.03801401415615002,0.0020717800715730483,0.00836247504103893,0.00455162948427934,0.04457550389779108,0.00035364258374004365,0.0019067882308818618,-0.0026440875878447345,-0.0045503320791514534,0.00864133056879024,-0.0008383470929335113,-0.002134477237946575,-0.002510084282329239,0.05211698444652346,0.006847587996002602,0.027263368846232705,0.0034534831440233837,0.007765114931427508
2023-07-17,0.008149962167830704,-0.0024470558497023953,0.003822400147929672,-0.016838990637755513,0.009936085315463972,0.027042013261497466,-0.003928346139371319,-0.024518378992618328,0.0024327879559717935,0.02091822899490814,0.0017931392053203155,0.009009913394695035,-0.0021039125207495957,0.0005607359638599707,-0.001163066860706663,-0.0066276623143122215,0.008944444097700455,-0.01683916414233899,0.020432644240231834,0.028576299664074156,0.004333775064426559,-0.006529799214461951,-0.010241578130393392,0.025182101688884018,0.014066467074688171,0.007511013251041421
2023-07-18,-0.001243606636796124,0.00499924156091236,-0.012109023293038534,0.021577861647955388,-0.006525417039431547,-0.007409441350200496,0.012702277426602349,-0.010829055786486408,0.011657763607841432,-0.000833896756565311,0.0004101841713437526,0.006968170360921011,0.036719527346764425,-0.0001851650450782616,0.00031756256468007393,-0.0010415387673365917,-0.002466665778949384,0.0030048064743131153,0.008492226377657452,-0.014556663592505625,-0.009697410920252891,0.0014750371931793183,-0.010347654699747189,0.004696024661281273,-0.000855855917799353,0.001917706853032497
2023-07-19,0.0006744484417402496,0.015942619057210505,0.022196796587642176,-0.005280548196421209,0.012530326593991115,0.005846762420814278,0.00015175441813419788,-9.33123646283951e-05,0.0015848317812738877,0.004530602771711134,-0.00417482210884057,-0.0020503342874487185,-0.00016944999424250984,0.00016818554296049726,0.013439264277313567,0.006353032642273826,-0.006011007936161716,-0.0008985606014197955,0.007587387976039306,0.015362566424625967,0.013774931401377088,-0.007664056918512796,0.013886577444574888,0.0017977029360163321,0.005691353715186143,0.004248282371482448
2023-07-20,0.014103558018893292,-0.005048300283812979,0.0015688822577690775,0.0037159759119709257,0.007784455348222474,0.02258983381859969,-0.0046523141197850615,0.009144625763040981,-0.0028040105459817832,0.00216604012821775,0.011846762637533592,0.022754029623987204,-0.01725480692299164,-0.00016694883436529917,0.027774801674587124,0.0005827790809072031,0.017168919564811036,0.0026984255565063453,-0.001211132474089771,0.014298745359966336,0.014604518695869206,0.0006500659933066366,0.001692122705446053,-0.0007179013311613414,0.01133360150901419,0.007361412439498949
2023-07-21,-0.006749184365111183,-0.0018034870556810079,-0.0019548019190460675,0.019040096439262744,-0.008516524152804794,-0.009570466186266557,-0.002032210486598074,0.0029897613151199653,-0.03491079794122487,-0.007698032749288708,-0.03671502757618772,0.0014062306973501304,-0.08133839039061608,0.00025223152380848823,-0.003454222824426423,-0.014139196591536618,-0.00025074798164503864,0.02003616456842594,-0.03095587360517038,0.0082779760411964,-0.0004553015971682228,-0.027430353750319547,0.0065952053395343935,-0.031006732799804704,-0.002418417831220099,-0.011719737128305097
2023-07-24,0.00020584938539669473,0.015096362381611161,-1.9739471735724656e-05,0.021668589276735872,-0.013583810784545292,0.019571864148984153,-0.0020363487759348375,0.013121918695941037,-0.002285975441500998,0.0015813873591103977,-0.009120518262921928,-0.005015010172426115,0.003754873203502207,-0.0011219752862426935,-0.0389437595498896,0.015326498627471041,-0.007702035852228728,0.00263830219477601,-0.020226502605910968,0.004145763576330674,0.002962070557998464,0.007852579216421463,0.005593253174651203,-0.0016060935341974947,-0.003302176443722993,-0.0036794322929856182
2023-07-25,-0.0092639609173224,-0.005218681582793705,0.003277636072147594,0.011303015161217678,-0.027946395060399976,0.006250301276999215,0.0009181894164049798,0.002153551071105264,-0.001213267527681583,0.010843659380137982,-0.004689429471445572,0.0027217627525999433,-0.0014963709040284323,-0.002147835512760099,-0.01920022906372776,0.012218400817378017,0.006580710213283547,0.011696005377731522,-0.0006431705396791054,-0.01303337402262994,-0.004861611050295367,0.0012960939026225304,0.01620992334605509,-0.00903359887913635,-0.0016995992191761733,0.0004193703428323481
2023-07-26,0.014857056553612136,-0.013585261274824734,-0.022783265156670285,-0.010674350162489965,0.015937424551158985,0.009262148791472802,0.00346569946115749,0.011713528875622492,0.0031038856950222904,-0.0034775945334116765,0.005899267427284194,0.0017592994304169718,0.010677293624468787,0.0016611102050057003,0.021522891047381698,-0.013348209385960486,-0.00023059616552412177,-0.0002889248517335963,0.016252203718226443,0.009104461217712245,0.015478378506385448,-0.003191953013014337,0.002580244921440933,0.005869182613018387,0.0047410091067727755,0.004964339187534694
2023-07-27,-0.01730128188265001,-0.007316482932392732,-0.020052136440310675,0.016628555202999218,0.04747262493723148,0.00572524263212415,-0.011935598409570591,0.02139051915356216,0.0021075890829795885,-0.010380290959410843,-0.005206648133596614,-0.006222027319901291,0.0031880892056188603,0.00030992339520374834,-0.015246228946393714,-0.06308056573470211,-0.0002817774932466488,-0.011275123123613784,-0.009302483541473006,0.0022757990151929253,0.02063861976152559,0.0025380716678966575,0.004055557254831088,-0.006952142510810444,-0.00831591892850403,-0.0059863783008722304
2023-07-28,-0.010365690622718415,-0.01839526424821636,0.013385306121335372,0.006118185985385605,0.017363754747117488,0.013800605135591004,0.007710496459214289,0.026302655105841177,-0.012350787121874318,-0.017720973283943398,0.0057396788615984295,0.006008498127061834,-0.009348643138337498,0.004872172708889844,0.007311023460717436,0.014094286946078505,-0.008540493651657322,0.004678526712506681,0.010049282402173842,-0.0008109174279513631,0.006720092140474643,-0.012217063485993274,-0.00997341020884468,-0.0030004310020501634,-0.0046235212697627315,-0.0007044597937843067
2023-07-31,0.004158121185125818,0.008486648304113498,-0.011013706540417223,0.015140248113433952,0.006109442967553225,0.010290131915401624,0.005151997276145792,-0.006535561493488551,0.011916218033631631,0.004685065679270073,-0.009208375686928227,0.0021080439144265384,0.011339072118512483,-0.0014822576885171745,-0.005870348829884575,0.005041465647479093,0.015557924245757526,0.03055882326807846,0.008465585214574523,0.006736453655458385,0.004259735097207118,0.019684893547080584,0.014166527479400282,0.015799275501739096,0.0040247996663869134,0.005484562836559181
2023-08-01,0.006289987881692216,-0.016236086852446707,-0.0041917120690122545,-0.005256727251021109,-0.036722822902378494,0.004715986932237293,-0.01512308999143619,-0.027865572982104903,0.019521816338211373,0.006692137730275327,-0.003787930016501684,-0.0037563596355169038,0.0070072763835089535,-0.00023708290082247174,-0.0019326594715086687,0.012303426094834258,-0.010589743441203225,-0.0019769116687714527,-0.014141436935268481,-0.013463494194831283,4.3773763585885916e-05,0.008943455967826974,-0.0010088936378147562,0.004690860321265422,-0.001283683426998361,-0.0010251191770254131
2023-08-02,-0.015262067816044667,-0.028842120051206788,-0.009113196555088021,-0.023104397435840918,-0.012207364826112732,-0.0011646578193633683,-0.0017003796778681801,-0.019030697495981408,-0.006675209695966133,-0.013084700755248257,0.0069969978275712386,-0.007641628949174972,-0.006116122891719478,0.0008998483367279597,-0.010111819463550553,-0.005390434520118559,-0.006478436994737935,-0.0042445300971478694,-0.010683428437022635,-0.021900751758055503,-0.00717145224239113,-0.0033024874605879218,-0.03262644307700013,-0.010197905929653195,-0.013089889373252173,-0.010489749274959825
2023-08-03,-0.010261747274400324,-0.02184026408307993,-0.01320188802343758,0.02591527542268568,-0.01063615437571963,-0.00016784476556108707,-0.0027872531981079085,-0.052295525298643786,-0.0047753396029257544,-0.007223419567584877,-0.006870408949751661,-0.022240265446288432,0.005490709680456174,0.005175756211750926,-0.00880247325133976,-0.010873282104660098,-0.002101788793588799,-0.02188127605502288,-0.004203016937425308,-0.01328428360452405,0.005065150274412122,-0.011828952183708608,-0.005942465093885407,-0.007820128844527985,-0.010717690987654294,-0.007420685416911321
2023-08-04,0.01785040702723628,-0.004920696141219705,0.005676300521477051,0.015573226186887723,0.002661999465638498,-0.0017580515840152078,0.003933734775329878,-0.023585491235670997,0.016748163632363644,0.014459823304746156,-0.0020775391757149597,0.005699494294067575,0.010298215615883732,0.0006164688571645982,-0.002412001020650756,-0.0030630738467818386,-0.007680325993075554,0.007263370618993292,0.013590847071698997,-0.029127900460201417,-0.0017966302902719944,0.01282381247128983,-0.006381708184852286,0.023020022292862263,0.008223374905214298,0.006983389270114548
2023-08-07,-0.005093188477207189,0.014869074118161407,-0.0037138766146520563,-0.010625419665063918,-0.0010211326248101837,-0.0033365176775125294,-0.0031449657984732315,0.016765473522603047,0.005636292780791363,-0.0005749974267090785,0.009112470822125296,0.005306560433639307,0.010628576690842051,-0.0010751376131907797,-0.00010995477553066291,0.04250176979177955,0.005638613915049495,-0.002307448609991325,0.005698415839803683,-0.009419013569944457,0.019184267986111614,0.011760961361596989,-0.008943130629887275,0.005625607178256553,-0.0009358393030225454,0.004114401867602702
2023-08-08,0.005805343155283138,0.004872659484280728,0.007223859785448372,0.011959918212595122,-0.0018398791256564184,0.004839437779351252,-0.004861662484645812,-0.0008004557515899346,-0.008211562479850776,-0.0008175188838447367,-0.0013040524614782445,0.0043560267884559245,-0.0020099651581637623,0.0006409240377236447,-0.005605574718343775,-0.01781401340179234,0.001968689706962401,0.0023127852430857576,-0.006022661760666237,0.009156329869362878,-0.01046688048966038,-0.0038604247535831693,-0.003609471293662181,0.012647501888040091,0.0028313179537218236,-0.0013497354646058168
2023-08-09,-0.0030432860066691436,0.0005608195938584526,-0.006726058338328178,0.01784856958050285,-0.0052226959823767904,0.0376550516510068,-0.004521569191967445,-0.021500937089320882,0.002453333924053336,0.0003635445695984174,-0.005319922623702733,0.000823193603691097,0.0030212611736137873,0.0011686352138602363,0.01392725214042767,0.02337142197579989,-0.008325890587630225,0.02047869600841601,0.006597145826327866,0.0011342970866545787,0.0036129031412588386,-0.002333874927734514,0.025111113716396627,0.003482675545694258,-0.0018625825836887655,0.003152707884763739
2023-08-10,-0.010789537713052244,0.0018462801040717292,0.002596458629834597,-0.0187204005034316,0.010191374604526793,-0.0033809645047444548,-0.000522084153312008,0.0009824237016928805,-0.008608889122676988,-0.00887606917025019,-0.006073050380697276,-0.008841425453467777,-0.0038012133706331053,0.0002571219653253465,-0.015044141046079873,0.006939205987432917,-0.006921690032511085,0.009892640091300642,0.004455224318069995,-0.00017421448195231726,-0.002168665128397973,-0.005891694863071506,-0.006907003793540034,0.002034428510716113,-0.007551095312668732,-0.004556268458015711
2023-08-11,-0.0027134102217531986,-0.010135625747640153,-0.01165345750243263,0.004467553102456279,-0.017629615630917028,-0.004811190909755569,-0.0007835353013323498,-0.005496141056009929,0.03275116496867381,-0.010422617050164229,-0.013757992518240836,-0.011668952457285497,-0.012417913965480532,-0.0008013661525181348,-0.006640870789888176,0.0006793558649516029,-0.004336181281679563,-0.008116513917976853,0.004218343434801541,0.0008716735638114592,-0.01560470466098618,0.0019463829205113026,-0.010432714973782065,-0.013376368494478874,-0.0076938788450210405,-0.005874136161590715
2023-08-14,0.002934197326614374,-0.01459446504784978,-0.006026391618092153,-0.008174062810669236,-0.022925316438185073,6.033052371057224e-05,-0.0012023884148517627,0.0197046644672616,-0.0003837987205614901,-0.004880192375767534,0.012511038483137726,0.007031629563294617,0.015818044851863444,0.0011763840826304328,0.0010027107893217924,0.00025869595854377536,-0.003761848213786334,0.004514730797994693,0.011817253835036734,-0.0232520341446939,0.0016779737229337677,0.0003043640003945747,-0.007273674610351222,0.005084045730847642,-0.0024469353431780805,0.00032169565781225984
2023-08-16,-0.0073408171538413836,-0.008231871618917141,-0.005207983539597172,-0.03793485397860752,0.015075876921849751,0.005924206797569331,-0.007589239079495491,-0.001548548462357191,0.00525180033395789,-0.0029176733066922367,0.007698087395453301,-0.0031786192333619345,0.017903840910036273,0.0035815145439492824,0.0023375786867025905,0.015353771992174137,0.010502400886567509,0.005898883435251134,-0.0008148036615654997,0.008113539681222637,0.008287449848519701,0.002478581242829403,0.0187700868990075,0.008430813203478493,-0.0032784683435331807,0.0015667570139761278
2023-08-17,0.0037511564377212814,0.004762465857566678,-0.008343380079388396,0.012723635313391046,-0.0007321112575988664,0.003892316056488321,-0.006328780209119422,0.00016153914625371968,-0.00038240712444548297,-0.005541053785200201,-0.0036631038025889406,-0.005070483554055261,-0.0048994406733600115,0.0005144698072250264,-0.020544102463878833,0.001846507342606163,-0.004697695003065494,-0.00726049842356602,-0.014426438691222288,0.01202795971992865,0.001005698997547766,-0.0065493209234632754,-0.008080827248672984,-0.002627588218139354,-0.0012525912693002184,-0.005124582584125403
2023-08-18,0.006940361532990158,-0.011307846529257981,-0.008832642098421606,0.010697855664647538,-0.007640767791132208,-0.0010542625364302616,0.0010615147953483284,-0.014052586843977033,-0.0025495386821525745,-0.004100670302643827,0.004521782502007632,-0.0010508712120714803,-0.01611707502920856,-0.0016663550271126537,0.001473902564576024,-0.013250703303314681,0.008613012088340088,-0.011001604240427398,0.0074074645788466675,0.001398289162684474,-0.008647838626566928,-0.01998111996834251,0.0033401525740666127,-0.014010314397157608,-0.0009181941274378769,-0.0028452826260957353
2023-08-21,0.010126674255033441,0.012430307625256098,0.027120025440323436,-0.006523061899038507,0.01645393319358668,0.006196240933759922,0.0038174398681867228,0.01841408513899001,0.004728696718454772,-0.0007857807110028814,0.0031314237917188237,0.004786211037345556,0.011952789394801488,0.0008303448630444521,0.01392511580380984,-0.009081286517203302,-0.0018242055116146627,0.004278611466133508,-0.010911472024133229,-0.002181790122970817,0.0022026487713613374,0.010260993452790856,0.007632414867463355,0.007044023019911361,0.0034423170268600423,0.0043215209131937105
2023-08-22,0.004671472521227793,-0.007102781375947442,0.003085854400783017,-0.0045837802401709205,-0.0031129219165619837,0.002486965050577661,0.0016373398330900013,0.007271145002692991,0.00021195357575809481,-0.004278072807601951,0.0011901455424656593,-0.003350080680411094,-0.001174219901342255,-0.0006468270888358996,0.014403576765695147,0.007767024119977872,0.005625716023486049,0.0005678499790222613,-0.00023806423577066305,-0.0055972212405601685,0.00013201404576501652,-0.005732521490557918,-0.0004835345124771795,0.006029895349324965,-0.00019885459751833867,0.00014693555773015454
2023-08-23,0.023196272374231164,0.0015669288353155064,0.006577145000838502,-0.018170492995627008,0.0007285405414987345,0.004691601518068023,0.01165364654156531,0.019132477657031854,0.00254348641821589,0.0024642181715490707,0.003215345012463011,0.015598708717079468,0.0029920982721189926,-0.0004836672571220113,-0.008365293101073257,-0.0051918288212782215,0.011488882925069,-0.003689934934274608,0.001111361741774175,0.014775732891859183,-0.012175337385346596,0.0047602820357619535,-0.0101579286413368,-0.00443540775767981,0.011042620885022059,0.0024515199000461063
2023-08-24,0.00214449594161481,-0.0010203547629742404,0.002950934657526494,0.00202818688486861,0.0059288641797707875,-0.00776033218311678,-0.00015639761695329657,0.010875319144912021,-0.009514020907024578,-0.004601026364261962,0.002797280736677177,0.00217196757758642,0.01111558808797164,-0.006363086329682521,0.0009989264855301272,-0.00016208395136640963,-0.002838365187193048,-0.013675346424661505,-0.016810621491419542,8.6575753560858e-05,-0.004805423708833301,-0.003089782209015013,-0.004805331380571931,-0.006140765834402151,0.00038553964616583336,-0.002946964680621278
2023-08-25,0.0017832349851463203,0.024036475131141266,0.010374838953516319,0.009867156852431336,-0.017164687935128264,-0.021651683463124183,-0.003701374083343145,-0.010851339163408635,-0.014770212269228256,-0.01127086679589695,-0.0068570949099314715,0.0014965123881771625,-0.0024585690816911754,0.0011715176741118327,-0.016744338172613893,-0.014362511279087053,-0.007102759840028949,0.009243200733443535,-0.004617270704782461,-0.012132736954358903,-0.01073061942201392,-0.0019040012409767826,-0.009575389748693208,-0.0072692185422160716,-0.005949946392015404,-0.006236153774081932
2023-08-28,0.007222056646917663,-0.002659711819415156,0.003341823949738254,0.003382145019084515,0.015044732193082888,-0.0005795766110551215,0.0035581858170661285,0.02275575823974374,-0.0064995059506217645,0.01040666211866248,-0.003062198429208074,0.0001545269431941776,-0.0031336733830983343,0.0002770501480156007,-0.004398270683945271,0.01920982352170486,0.009678278348970837,0.0028622040734280763,-0.00996637401085021,0.005088165737678896,0.0096718637196882,-0.001700409354580379,-0.00446194680839207,-0.004027361963545917,0.005950499551762967,0.002089194238900971
2023-08-29,-0.009593996169568686,0.0023667963522762125,0.007981373933324987,0.013233523198265207,0.02404642066531304,-0.009020457774721935,0.009698094451831452,0.007968149655419587,0.009682246254762772,0.007954387433224852,-0.011562532677448223,-0.0028848952141112827,0.0014128134579154406,0.0003290270628220071,-0.0029451339522861275,0.007487410355782709,0.002453737983903803,0.002853833186539978,-0.00957531341980633,0.0034912262030628582,-0.00483435962029477,0.00017774176391083252,0.007885133648634968,0.00012251270897523092,1.3519884326074205e-05,0.0018957584743610756
2023-08-30,0.002702172256026092,-0.0012969396227502372,-0.0034620946570959044,0.0057909508391018605,0.01224689113016253,-0.012937216576766053,0.004027910574812887,0.008726003750744393,0.011187484167534567,-0.007294236156987988,0.0022959931180570603,-0.009144899207459645,0.012344345763587672,-0.002379933090619235,0.006134915798702734,0.014319134916828347,0.018204685577493773,0.00028449060767954393,-0.0009502200267752503,-0.012959805432512739,0.0029684443252777637,0.0043837292686996765,-0.0026353143228752263,-0.0022052820523724703,-0.005902842157308963,0.0002480956863764039
2023-08-31,-0.010016836064268175,-0.008391609303040948,-0.014460486589029764,0.024500797100250438,0.00809926382621784,-0.0074162149955081524,-0.003137426067507776,-0.00786679727960693,0.0014096558845444473,-0.004592476368785459,-0.01062418178059854,-0.00015651064380028945,0.00020895839708434671,0.002493538874726031,-0.007000881292699712,-0.004926603715443401,0.021170928533437605,-0.009103829479870651,-0.00456984945717076,-0.010662760084944933,-0.0029596587430772425,-0.010070893090540212,-0.007513767298465868,0.002946766712816018,-0.00550392959943824,-0.004840350603388277
2023-09-01,0.018130497271714896,0.017193874734495518,0.022002098360792255,0.02295833865116359,-0.0016862024080036564,-0.005224827348854988,0.0008255586093077749,-0.001306424472209411,0.011645059041200723,0.002068283954659522,-9.966627274760054e-05,0.01037803856963282,0.005852043120750716,-0.00021762580852047186,0.003070208065825586,0.010505122847445536,0.032732448008744086,0.04364056179611975,0.0023471513292072643,0.014607695229925444,-0.0023390957602873463,0.0066729431222740665,0.016971614733527707,0.01946638469526807,0.010160531423676789,0.009426710188917609
2023-09-04,-0.008979434669933783,-0.0029052624710091957,-0.0068778859679080595,0.0,0.02116249072524501,0.014502117771525436,0.0,0.004167534514342597,0.03938254889836723,0.006255110956895793,-0.0013574950110304407,-0.0013936353358755538,0.014717375647608222,0.00017651920008465716,-0.008048876238290203,-0.009767814654562335,0.0030200970257681092,0.006602443242906375,-0.0008081347244870418,0.0105345901986591,-9.015004949763927e-05,0.011629827729154218,-0.0035994317342864512,0.04263236156358752,0.00320008312497877,0.004810833701642592
2023-09-05,-0.0008144675244154964,0.0002316467720426818,0.01029534587705272,0.013325533009726831,0.01439964249734782,-0.014232958468774592,-0.0070110822321435284,0.005574079504726992,0.0024748046093931997,-0.006089994829196588,0.002258678865048047,0.001085616585857041,0.009419165647048588,0.0004546435407357663,0.012800029775637434,-0.0033303786469295327,-0.009684143294667824,0.0008200372364242092,0.005351265864950383,-0.00443053544557126,0.020741245013161214,0.003173964169910004,0.0035303919314468857,-0.00518314903041428,-0.0010353096224208214,0.0023605960187407238
2023-09-06,-0.016709944809069732,0.005130921374620234,0.00581342950321595,0.009805034608178831,-0.004412073439116093,0.0007887439099987237,-0.004205158234486417,-0.00915825145752025,0.00024288809965078428,0.01308012136922776,0.006561592662496452,-0.011255700864521656,-0.0009804963160393587,0.004248542698767066,0.009817079868675416,0.003723291161703779,-0.00811233915079701,-0.0002730895524927224,0.0021042372242012775,-0.004362974952371368,0.009232247102302749,0.0001604259739180769,-0.001472694149395215,-0.005904948213650063,-0.002763102147939067,0.0018467726478093027
2023-09-07,0.013626245131796999,0.0008893377515295509,-0.0033298256435240203,-0.007653623051613101,0.02263958246979203,0.005704504146133438,-0.0003127968268462622,0.007205820806673424,0.014686269558779275,0.009620947039526762,-0.006360170475797622,0.00851169228204074,-0.007614455222800243,0.002061750402492679,-0.0034640634013549665,-0.007133743088508782,0.010010994236306914,-0.0071019778341554485,0.001358676300331041,0.014986801867834743,-0.00814116849195723,0.007390905774853795,0.007619851938214239,0.008269377002346312,0.010566527659641833,0.005915032360780392
2023-09-08,0.0021467351618806862,0.014115984953209315,0.006444237442444933,0.007367323234873657,0.017428321379081346,-0.005583118651237284,0.0004693738795631397,0.02227792445940313,0.00641930417561043,0.007790859314933396,0.002532357181517897,0.005074265371394215,0.002318958778357194,-0.00019096990904365896,-0.007288450044428019,0.0011497022389594935,0.004985057358850575,0.014855594683453655,0.006661231207662377,0.0075987266860158,-0.0022947036265218435,-0.003863687684547812,0.020084586781182523,-0.006584190411166979,0.006195567914583089,0.004709190366575022
2023-09-11,0.020503984699791422,0.00564567809967409,-0.002563955381126193,-0.0025140122881112115,0.0015739272772554713,0.005372604150717608,0.0025542245369596372,-0.004311313410861439,0.015451323675915729,0.00517435481352968,0.008930722283037262,0.007933606866717069,0.004661151658346352,-0.002525152076461201,0.010278938958082184,0.009281981622053515,0.019536418938190803,-0.005692715247548663,0.010783441020392859,0.014140096249635414,0.005705844729117837,0.011258363540872285,0.012116392965506373,0.011279027784332651,0.009174796830252685,0.008900143420050854
2023-09-12,0.0004997761954250723,-0.004678319463987335,0.005364230854988605,0.017756849651809015,-0.030230027283681293,0.010688008570077567,-0.006239276085554968,-0.03662619263647804,0.0006629450392507952,0.0031253811023543854,-0.014746160296739141,0.012522399111511318,0.01669545998576849,-0.0010599022574402372,0.008832669883345634,-0.015264547273711293,-0.0028717198464160987,-0.013631276203274423,-0.014446761148519838,-0.005661804780735857,0.007344399878542296,0.028773348892207506,-0.022131264706799603,0.0003449624741382884,-0.0013023205100523016,-0.0001575482868895195
2023-09-13,0.013537768381668869,0.006710161937242498,0.0060016204876705,-0.0036019778029610094,0.008579557628869638,0.01147382045673706,-0.0011510873154304546,0.011051591741412459,-0.0055756353862763675,0.004276387214872557,0.0030813918971557275,-0.000706681599044412,-0.0018319680798668525,-0.001209211865398352,0.005208881285626132,-0.013479354786062991,-0.002875103510433852,0.01658376301747766,0.00500238133857267,0.013767441656675983,0.0030560376157364733,-0.0036165414377452576,0.008215309933281567,0.0016091433141889322,0.008747216740054409,0.003841345269944396
2023-09-14,0.0063581353120525375,-0.0012235837376631808,0.0024612521003293253,0.018526966575200587,0.015784398789522758,0.001001861249530167,0.00047143912082781014,0.019517052117677514,0.006547773489792519,-0.0006083775567076177,-0.0022939426591669365,-0.002121607256543978,0.0057396273836123335,0.0011322112156875175,-0.00782790893196017,0.018901131427448092,0.0014083030395224405,0.02175087482527327,0.0009178543076400203,0.0014250593702704872,-0.004308725217704867,-0.002186103961104746,-0.0020771055589914322,0.0017213717899509096,0.0019909266023752092,0.001649208239910216
2023-09-15,0.006122116556575019,-0.008253338338606753,-0.00028015735214592663,0.006765671652400274,-0.009211666168565613,0.013029560990351019,0.0071727493046465085,-0.007973876608442954,0.016360362597789724,0.011473559467337413,-0.012436151953982955,0.004809100656754328,0.003085739043672042,0.0011032416335592377,-0.003556071658115223,0.022413774900372996,0.003537253776007221,-0.006652551824755881,0.0018546718796894623,0.0025112637326474285,0.005245530414370592,0.010744255995671192,0.015449930015752678,0.010539639682754398,0.0050140036470112115,0.004439613877174287
2023-09-18,-0.0023365340480430152,0.014205854838704512,0.007534457365648617,0.007822041865432006,-0.0056348330429638604,-0.015723040961065138,0.0040547117669642585,-0.02378304540379439,0.0003067100189482197,-0.019678067512090003,0.007673010051098883,-0.0022670359732248624,-0.013098724559562624,0.0006925680565044168,0.008252545054793003,0.025201490590325948,-0.0002993022241980503,0.000535980792693902,-0.008706701603786726,0.00860053315298237,-0.0018699401019128814,0.0021815238986921948,0.010090756246914134,-0.011223286786355091,-0.0054432245871322005,-0.002924316846098174
2023-09-20,0.0024884002718916776,-0.004230924205369746,-0.001278326229281479,-0.013117670896387934,-0.013317179972276438,-0.019718984096245395,0.007300013246666959,-0.02032250064796992,-0.008888915095382588,-0.040115378481266895,-0.008759782537803962,-0.003080293463088357,-0.0010390254243729524,0.0013142982760130373,0.0019908604303255917,-0.004538724984551656,-0.016664933765056955,0.007764240949933221,-0.0222865601180271,-0.0047189174671227185,0.004792582825814851,-2.7853096677632472e-05,-0.0033560773065671734,-0.013758192075347897,-0.0129458878132932,-0.011518249945432046
2023-09-21,-0.012508610270482001,-0.01747843895940071,-0.007268908255218198,-0.007199839772571659,-0.01043351958896388,0.009519044788997677,-0.01356909166598419,-0.02190889757883252,-0.011906444011039463,-0.006618944479442224,0.0026350129838561553,-0.02821249149059879,0.007716971566080977,-0.00129817548386979,-0.012032104450296233,-0.031058780169931133,-0.0060357170406358795,-0.007970205191989876,-0.0072833557185788544,-0.021543750615136026,-0.006070527553374561,-0.00575423867233138,-0.01793271366239535,-0.0026738689991389064,-0.01676229324063483,-0.007991939166498319
2023-09-22,0.003745922582779171,0.011466488176724354,-0.0017169829888166177,0.004462808637023086,-0.0006771466019668271,-0.02671764768341167,0.0032305509586958436,-0.009526232232958676,-0.003364790007320928,-0.015257291418574792,0.0036791141201468758,-0.009381897878915968,-0.0037290922626227463,-0.002355381754849839,-0.009832418976710833,0.015095633473266146,0.024391740506744197,-0.008569887314917146,-0.004165271799526971,0.01700235901595204,-0.012040314016537823,0.005118242679155838,-0.010525445590410354,-0.02436188809306017,-0.00026445008301156925,-0.003449417659114995
2023-09-25,0.0006874932291651703,0.02183067662998761,0.04664481969097012,-0.003887576128697834,0.01074429754811801,-0.014192458893937165,-0.0045705041635715205,0.03707430963690528,-0.008047524800327666,0.0008825077855956209,-0.0026585380404153813,0.006366454741162153,-0.014704411834736808,0.0010073883119761096,-0.0011284719227214746,-0.011013347353372116,0.005035397676330433,0.0021611108109569344,-0.0061572107428239375,-0.006854546459484578,-0.007329710924797617,-0.007353636347419701,-0.0028205098781262095,-0.010513647943786175,0.0034531203688745737,1.5288066889551644e-05
2023-09-26,-0.004710794640372273,-0.006149363166473076,0.006496269949542111,0.007917028122843117,-0.0034474670347994785,0.005332172109313582,-0.008452442543166683,-0.014882345277574038,-0.0015827358785440726,0.0043436155995120185,0.001251961507272803,-0.00799907478563211,-0.00915781805948701,0.0006447417093176089,-0.0003389079772865289,0.0036176173639328457,-0.0029796953537873927,0.012129270618791654,0.0008759265877027467,0.0005892939223857141,0.0016011973938916402,0.0023900761522290814,0.0017778488432778072,-0.0028979049295619896,-0.0031698615424862187,-0.0005007261720755274
2023-09-27,0.010895714113951849,-0.0012438643541072825,-0.004205452294220535,0.03639784199295071,0.016144536776621976,0.005248965371134284,-0.01515472977169896,0.0052477663696504084,-0.00027766022514552624,-0.007023828020263467,0.009197651928646966,-0.005902940616356878,0.00434743627477463,0.0032567330580641762,0.015142887815972728,-0.0037612230327053187,0.01175552414867731,-0.0026630711560772236,0.011270018876538002,-0.0078230618015811,0.012523924412560783,0.0010039483405832605,0.0005647943574171865,0.00666016997942287,-0.0008044612145088337,0.002631619198663282
2023-09-28,0.00555999591088141,-0.01663743672455087,-0.012574083112536605,-0.021029047974867265,-0.016266505834965028,-0.012253431631679579,-0.005984158643926318,-0.027367383449951266,-0.01522477874717687,-0.002062989133320814,-0.016548343683129185,-0.0005301991991489841,-0.01877981378327198,-0.0009123359711789014,-0.01870191921418729,-0.0208595641388859,-0.010804588472957177,0.0010680539110585752,-0.014690325779737057,0.0003390853263474103,-0.006710832605414052,-0.014640706303598927,-0.009755809188533915,-0.02478036750708501,-0.006444550643670999,-0.009783629666773708
2023-09-29,0.005626049491051388,0.0003572339558302051,0.009271269592047604,-0.01003160154977123,0.020765367936601997,0.0290839954134261,-0.006611507561122054,0.011059782066576984,-0.005716968353753238,0.001706396405381172,0.0021337483735841545,0.009866418874618255,-0.0027790006988283045,-0.00035688859153770736,0.008281348702601887,-0.0011567886047910703,0.004283020582618757,0.02347296638742824,0.004669850049054958,0.0145774744510494,0.023271099591527733,-0.002304309574642227,0.026217315691519083,0.0017267653513770576,0.0064017039702608525,0.005877516917168757
2023-10-03,0.004196137160134228,0.013504291232367294,0.020081247887151044,-0.017182482022939927,0.014786234594748704,-0.02242696889807505,-0.012715762302063394,0.0010295230981289816,0.003158239002165164,-0.011957001734727912,0.0013384054651557342,-0.012186143196021848,-0.0010101752229171312,0.0020001333422228207,-0.010463512950785403,-0.010841244711924602,-0.02485245614898768,-0.037789765419865784,-0.011449981929621433,0.007351170163088838,-0.014844825796105687,-0.0041800636740868535,-0.0154713048042181,-0.001477475187421029,-0.004160634048106404,-0.005578424654468894
2023-10-04,-0.04370596061268939,-0.01825691627260917,-0.014251407323647935,-0.056147057578712634,-0.024129928830556646,-0.008037793247566039,-0.003343185173494523,0.006460149611432264,0.0006866548681834228,0.014256853812828485,0.015776325263455293,-0.010900816455165052,0.007217700723763043,-0.0015547200218046786,-0.008300261136080622,-0.009951941815280807,-0.020977480272513338,-0.01002191989348511,-0.0017255378969222024,-0.02769713951990993,-0.015462822529977771,0.006801487991289434,-0.011040353423376281,-0.0013565257899821326,-0.009797506756241359,-0.004744307271330683
2023-10-05,0.007734491884701544,0.006525095267875258,-0.00040110595498832335,-0.02267874180034868,-0.0014265861012798808,-0.0019473456913886578,-0.0010448305823825832,0.02145935556833023,-0.0033080927108446456,0.004053433341304036,0.0046652742023465255,0.011612268950905502,0.013223961224305025,0.0026432987664606333,-0.00011462594440037055,0.010413231913569021,0.007927235477722006,-0.003009544866509506,-2.146103066547056e-05,0.010064000668368323,-0.004182145396944392,0.014585798041538478,0.009778318818039589,0.004692434430483727,0.005670559851057355,0.005641584105285702
2023-10-06,-0.0022925495159410447,0.059706347071142085,0.04046024910662149,0.0058316531547932815,0.04514288954634571,0.0032640976510938113,0.00748649992772954,0.04730049408502235,0.0018212523409348869,-0.0011068674091715414,-0.007997579922713882,0.004623491472455887,0.010420632074011671,-0.002695024982784733,0.013989229796573577,0.007087489386072399,0.009000667449942101,-0.004116383698681503,0.001685207544365408,0.003546346289260427,0.007327381157880897,0.00892903715330462,0.004599847350466257,0.0025811591684810065,0.003330441932045014,0.0055127073660514725
2023-10-09,-0.0046955106224161325,-0.008013953785232064,-0.017242924667258408,0.04336268025354406,-0.01430667858376411,0.012894253254824628,0.01054532255656948,-0.026477575891431404,0.009614606412631455,-0.011603323982596225,0.004761188296140251,-0.00698264316682029,-0.002197907895118867,-0.001205120358943601,-0.003844919850596984,-0.021725897832092556,-0.00555701610285142,0.0013777669347836419,-0.00852026804116024,-0.01539760425077119,-0.0037701261263587416,0.004680398824623122,-0.008193531905910212,-0.005516746233799497,-0.01068744664862209,-0.00718194675884698
2023-10-10,0.016060134044990848,0.007122790462968931,0.006963400009994514,-0.00474642331270303,0.03864294911487498,-0.002966284902985783,0.00621789672884554,0.05648048228580271,0.009763203256988762,0.005671850104887799,0.0019511084617880314,0.0134243039006674,0.01335181477189784,0.0017527728449713287,0.008968195400608447,0.014948606879017667,0.012708998755085021,0.009906585118399036,0.0044164020219183975,0.01119481525090782,0.003071880918874559,-0.002597228592188694,0.021381750330661253,0.005300844073812927,0.010792577159263184,0.00909680297624016
2023-10-11,0.00676717918999481,0.002112489979041454,0.002270000281935136,-0.028847310942416993,0.006319662909701984,0.016254151154514895,0.00634070329292058,0.0027281829911101063,-0.012838851112472849,0.009673016105780752,0.015976500813621453,0.0019973763800280597,-0.0005016567235731628,-0.00024023297651132314,0.00866335158349174,0.011997265651947586,0.003575831025904863,-0.0013625677389371704,0.01587683523392247,-0.005577757028647046,0.0019974782644232025,-0.0052358096104124785,0.005471523582741167,0.0328632262933648,0.0035335769946949203,0.006170692128707245
2023-10-12,-0.000637811231649299,-0.0010692647700464297,-0.010818421293062874,-0.006946870481498002,0.0030956861744402264,-0.006717316334462042,-0.0018688594130430447,-0.015079957702782809,-0.017541661086556193,0.00665763613550574,0.00023465717658188723,0.0012066700815394071,-0.019338831161928027,-0.00038792926875474976,0.005465777243501835,0.006650365362857569,0.016211909754772158,0.006548495542141319,0.0018549401993832593,-0.0039091437356267855,0.0014618380151454335,-0.018657030651026862,0.004652886931488354,-0.00961657871625321,0.0018487537123805797,-0.0008757409120068171
2023-10-13,-0.023958056370582903,0.007187536356470847,0.0046604636148557255,0.05765285934345443,0.002380708685368882,-0.012657728303177462,0.03108113950051017,-0.007758372214710874,0.02627162606446043,-0.009097645085073824,0.0048692323102821344,-0.003091446665399178,-0.023439077935730634,0.0005334836879042903,-0.005214239459326309,-0.0026809640757369246,0.013859858555400617,0.0024396254359764225,-4.2488402716811535e-05,-0.016892836638028874,0.013181170770628192,0.007988708338540818,0.047334894664102345,-0.014504926534331664,-0.006978824854531163,-0.0021698099802970328
2023-10-16,0.010814383578843456,-0.0025509614742493802,-0.0019437395305732519,-0.01174590889064131,-0.0022871546701013212,0.006025217981570741,-0.003268677362417538,0.007670886589150383,0.011744557622282992,-0.0040045290749846085,-0.004339578287784751,0.00010515209767580913,0.0020961742522898064,0.0002390645821652715,0.0013384048605711296,0.0077443341223433215,-0.0021486757526134603,0.00892384230374721,-0.002234732526769645,-0.0008677795079428119,-0.00873135691720095,-0.013106053525648864,-0.0013489914582598406,-0.0020677565563850253,-0.001401075966365406,-0.0009772027556287366
2023-10-17,0.0032345028248088603,0.009315932015464767,0.007093142342657233,0.0,8.821160628480484e-05,0.009284394298626042,0.0008328434783566596,0.0037327716498267716,0.005115473951840865,0.00758361407287933,-0.0008404408116603479,0.002627736995897356,0.005787458918294686,-0.000994230658947881,0.010023193984642242,0.0013018970977860533,0.004325221451112693,-0.0016082347692576437,0.004777994745344127,0.0013896755158608887,0.0013212563271527422,-0.004824056834944468,-0.015761086815818337,0.0029253763568357627,0.004151449014867747,0.004041709427698992
2023-10-18,-0.015078637533687655,-0.017766084523320846,-0.02798098204494126,0.019155273050613264,0.00035259451718827606,0.024052643827051412,0.016955374465152717,-0.01850659370404273,-0.006029022842548137,-0.013917692913437918,-0.003090578437457081,-0.01064060021618407,-0.0013172637266908316,0.0007788081292052773,-0.003969506300739556,-0.00110993249360547,0.00350213888013573,0.0037584974601228005,-0.013268146241462997,-0.006591937987061369,0.014602366803182498,-0.005645775852548551,0.01952112159296182,-0.009601376753977986,-0.01172723811909615,-0.007086812741337156
2023-10-19,-0.001460446397457682,0.004022850439537207,-0.0031780141855728417,0.01188862155101833,-0.012778756616541709,-0.008198891007558773,0.006699726517057414,0.001133797801789127,-0.0016542721635450786,-0.003158432306269665,-5.8725135128612216e-05,-0.008476747459557732,-0.004789704022501895,5.1678554261247456e-05,-0.0027675372610316273,-0.0033653904657026112,-0.0015525460140699554,-0.0034768637501709776,-0.0076807851937111815,-0.002532256418168788,-0.010317280436004439,-0.006497596735625111,0.0004487220809941128,-0.02981961034447944,-0.0030577169325781695,-0.0023588102112444
2023-10-20,-0.011145803730695847,0.00018353214610811186,-0.009226443351248559,-0.006937481565711834,-0.01410469083250987,-0.010939775910828065,0.007163165723966358,-0.016867370875629617,0.002589008763858036,0.005181743486657009,-0.0207803842066564,-0.003205981450166484,-0.00446422095231036,-0.0017569800466952223,-0.026865153244009732,-0.007199524186760731,-0.004275065930703259,-0.0005367976193167978,-0.0030569663733699404,-0.014180689927509649,0.0006130834581423716,0.011256988507216903,-0.008373135704022205,-0.00872753444334684,-0.0007187653555634776,-0.004180896084593599
2023-10-23,-0.01637178298068498,-0.013394041678314594,0.0038228280230949707,-0.03673241843639963,-0.03486027996163166,-0.003115309663723198,-0.0031273398092686033,-0.011700586464512663,-0.017440062289798997,-0.010999554710164339,-0.004668925686145298,-0.0030019403725936034,-0.01303211271715643,0.0004511241205373828,-0.005475726447943696,0.004428028856781063,-0.016036377247854894,-0.007250279759978717,-0.01561488436635139,-0.01802504886087808,-0.01729112198563454,-0.024151881152815968,-0.023899343706001108,-0.02220255645438174,-0.013078949256332129,-0.013350307425555652
2023-10-25,-0.00917755934784703,-0.0010538400904760437,-0.01339300288675871,-0.001169709634107674,-0.005253914326529108,-0.006862466543571699,0.003946732057430902,-0.029566852836748647,-0.0061860061216201245,-0.0063409758838914865,-0.002496522258844225,-0.0148933110101509,-0.014813292185511195,-0.002068271870961258,-0.007341139630669957,0.002523720297910481,0.003335343974632643,-0.0027048504322465527,-0.00231964049993838,0.005877459246243832,-0.0019152801988547852,-0.00587958565337543,-0.014675132910149769,-0.003392854697612968,-0.007397227065042977,-0.008277236732921023
2023-10-26,0.017373924871455948,-0.03192772012527656,-0.0354346624432238,-0.025529925292868128,-0.014807093441031705,-0.01666712713023133,0.0015624089632995108,-0.0032553843014275774,0.0022780569514238014,-0.022118408219492958,-0.0003632767858204877,-0.008132207665582425,-0.007736906878955452,0.0022075174924984786,0.0038134473174278316,-0.04015039384950114,-0.015554067927407766,-0.018714451639155194,-0.013928754409159971,-0.016540762368609796,-0.014817767526229209,-0.015736872897100795,-0.01771589397644724,-0.009427703698518752,-0.012884095127474793,-0.013853064912347501
2023-10-27,0.031582754293617565,0.004102439941914726,0.011506702648854228,0.028001464447672042,0.02651723315979626,-0.00454652157155111,0.0007045211596532486,0.016076337008464003,0.02995626061095913,0.003929232350970091,0.0022815852555801985,0.004512149715961256,0.015373768217489925,0.0013406548468273272,-0.0013815442452682625,0.003120655966474928,0.013099284392018129,0.021282451842402184,0.01765116618703466,0.025868364047823222,0.006886123690184043,0.004255588642657626,0.0231427413994596,0.010839340285983656,0.011869673618621679,0.010075700327460302
2023-10-30,-0.013512792890766678,-0.0033835453905518564,-0.0005528170217018458,-0.037760151068075065,0.03413235515819646,-0.009625102543918684,0.0038217719396775873,0.023186881970748363,-0.0031132979770536195,0.010856640609306023,-0.0012693477916108087,0.01331142657441009,-0.002390445893490356,0.0015717289953356417,-0.007608103879003458,-0.008604683881561437,-0.015434467508869565,0.02192145460384376,0.020610826539901428,0.007217387329674585,0.0035093652304418743,0.00823649309129082,-0.019577341195082365,-0.0009154052335944574,0.006010668914496753,0.004916740769664862
2023-10-31,-0.007430238151212021,0.005412919316734488,-0.0013860762364277246,-0.01567246936933797,0.016322446545560032,0.004153368717500605,-0.0055104700275854235,0.012382984062869529,0.008894798211634747,-0.005790731721763698,0.0020573096058071894,-0.0103255157076243,-0.00628151531300325,-0.0014014245285512983,-0.004762342129407404,-0.026171817834393818,-0.0005195080751223546,-0.014035932459598555,-0.010637840928906295,0.000619031601511999,-0.023852444061702727,-0.0029008273664140605,0.0002386898807316129,-0.000523642022695614,-0.004488918246850493,-0.0032026069828995363
2023-11-01,-0.010235776483019321,0.0021024060895666885,-0.002769369778993336,-0.0071586549702701285,0.020141960248730495,-0.003931152471977395,-0.0032238074255301896,0.0027716740558019204,-0.013362008367415301,-0.0013547062053228531,-0.004730046585652348,-0.0014201864121101693,-0.010413787836122013,-0.00023173083977512388,-0.0007002002587678247,-0.0027422542095585367,-0.015833717493288546,0.0029545759033524632,0.004152242408533846,0.0015031486811296624,0.02535379505491231,-0.011309779045619361,-0.001511176256640323,-0.0022261692163439983,-0.0033842172397605674,-0.004740624572936891
2023-11-02,0.01147353495605441,0.001748446022328043,-0.003051575084646152,0.025111842140206342,0.005305749607174226,-0.00148697812574472,0.0034363890186071,0.031095036959517763,0.011477922996171674,0.0015260038403421827,0.013262747271714392,0.006454817713270389,0.011815578028066431,0.02301712209887974,0.007124507296877081,0.010380832894896663,0.007416010205796741,-0.0026780483087757156,0.009924260243279637,0.010063410465855904,0.014916702937994408,0.008842156800935363,0.013939862243093737,0.007087438828472514,0.00740615854649751,0.007588523257266999
2023-11-03,0.00600226489287814,-0.025037993221964205,-0.005047422226631348,-0.023647792504152165,0.031060541713649803,-0.014133119555511109,0.002971406369161267,0.03986018719715978,-0.005614783583766991,0.004740065161652041,0.00902767897371759,0.015055135475954717,0.013794164902540595,-0.022850212975397577,0.004870468688294993,-0.00047640211577082425,-0.0026494930856669763,0.020408219524984172,-0.00021554159244552284,0.010575276142348766,0.007282515838597181,-0.002738021503769117,0.01736185253803524,-0.00026052296911205364,0.006998381733759551,0.005087980838331285
2023-11-06,0.020781764741731434,0.018390100264615183,0.020312974973196285,0.0038504229334039852,-0.006461201217489498,0.01425976393688666,-0.004971139550119408,0.02191210069477978,0.002724192883690968,0.007245129724372523,-0.004722692749812296,0.01247594428439669,0.010258783553561246,-0.0010666835297794552,0.004847272510627665,0.013138253584630943,0.0008320024884660437,0.017368333140650893,0.008320058796743801,-0.006572776965663274,0.007799630481911457,0.008758904345273377,-0.002239308329974321,0.0028678759608158355,0.006951999157398969,0.00941990339899168
2023-11-07,0.01139290844863261,0.003451825417537968,-0.008787321542175541,-0.042687416001848,0.0007600891335914906,0.012410867143967774,-0.00746867528267714,-0.032300540021752644,0.003347644085692991,-0.004851131178527979,-0.00038022872283316467,0.002802812830674961,0.0007126737366418556,0.0007732286728385773,-0.006087192290008425,-0.005744771438283336,-0.003067581020513077,-0.0005172669551665177,-0.0064984673137140625,0.009401906098980284,0.01821729068604605,-0.002899210488150561,-0.0016253441155978932,-0.0035096749398640936,0.0027166812070962276,-0.000260191958478706
2023-11-08,0.000783632836972803,0.003630921196364323,-0.004756132629888277,-0.026366819737737024,0.00582341724951041,0.009103671427953541,-0.007779158251110085,0.004816953072295904,-0.004945469914728551,0.0028913519082400807,0.00917294849676975,-0.013025925890001955,-0.009471055773649262,0.00011890160585004139,0.009822147311585816,0.0051698735621112935,0.006729453698637533,0.011128323584399746,0.005206983744271199,0.0009486522779216244,0.004910616053651173,0.0032932595819046284,-0.0037984177713431544,-0.0028696605580850187,-0.0018119297641436827,0.0018962926582819506
2023-11-09,0.00019575480934652667,0.004284421692737794,-0.009819108670069188,0.005442665906664423,0.008054834739511296,0.0008067591733795787,0.00650778948084807,0.023771940128514357,-0.00011810698130365616,-0.003955589364011636,-0.01692903450252292,0.0017098567734221692,-0.011646167607413771,-0.00018021030524284498,-0.005835852747932857,0.043464985007704016,0.007561322580613705,-0.013565584357395966,-0.010852309749265876,-0.003360337006552583,-0.00042492345567879397,-0.010084044235804224,0.010582772741278168,-0.0035323449490161085,0.0005715505608407945,-0.002478937369815082
2023-11-10,0.007143562331213937,0.008690138187405383,0.007865440678298086,0.01888038480998988,0.008906317063678504,-0.0060553856922060945,-0.01608796271840074,0.0013221168952430862,-0.009507231685617956,0.003937660572423063,0.003977235115074196,0.001333462007745645,-0.0043280725220001814,0.0012220937684219724,0.004949268180095556,-0.018008433370321764,-0.0011105563920427164,0.016606104918177378,0.001882637219176475,0.0019884789679209813,0.002678070462549753,-0.004182289197588451,0.0026180357076217575,-0.004069829904624567,0.003124742354512655,0.001549283945833313
2023-11-13,-0.0037408643703786826,-0.006766962295298384,-0.011276133990340442,0.014124711586734229,0.003877631916190616,-0.0009309077772060581,0.006674958386125196,0.0020906214908871235,0.004421097503304994,-0.0018103325370605328,-0.0033782776335422593,-0.004421424978941713,0.003433672342714189,-0.00024604334465117006,-0.0012598299762978105,0.010596475062710997,0.0009241351769793127,-0.0005102211379910404,-0.00012947161385568062,0.003192378682437047,-0.001314132707513349,-0.0005700626467832759,0.0033792106311312242,0.006195765088992111,0.0016236483933869117,0.0009369804014345284
2023-11-15,0.015604459876441101,0.001167171576845094,-0.018550917624611918,-0.020444651551834947,0.02251803257904461,1.847030325130561e-05,0.00750448500947698,0.023223278296836014,0.012410717890011691,0.010478297920729851,0.0033289541567613767,0.007116395398681474,0.02690109676461816,-0.0038091607618980783,0.01364679546205494,0.002531991026785141,0.00554404719801016,0.018896678145195356,0.01808076231826261,0.005762383093107504,0.002631830353819309,0.02183679948370809,0.028013622760588053,0.026201957702598033,0.00707314598581732,0.011926753508604282
2023-11-16,-0.01440433835727406,0.021171254974175158,0.019122903714054562,-0.049047768805272285,0.013100845401208039,0.022933842201821486,0.012142262703212614,-0.00560693597869466,0.026945485343053077,0.002625607623007342,0.0019306055201964156,-0.005419219043233059,0.024388484769769514,0.0024656683857144923,-0.00746694125952041,0.01641678113343259,0.0027209807851666934,0.011529002390175291,0.0018035002584666504,-8.542083483598084e-05,0.007325158694598599,0.027480036142825348,0.013178624186752197,0.013915341891496569,-0.000908300771454762,0.004561522280999375
2023-11-17,-0.03117845019497223,-0.002930817934728047,-0.01921238013454407,0.04101505900117308,0.001428017677020943,0.012138704532707933,-0.0011593572255761408,0.005179890055073022,-0.0014491629705691844,-0.002154723407434611,0.015093129364368796,-0.015117392279573871,-0.005086836601314371,-0.0007922312544860199,0.001367920311286408,0.009589111171106612,0.003719724620000031,-0.02700707871224539,-0.0021814467130196746,-0.03694518699556759,0.004244985712783755,0.0013150588675585606,0.001690154859417925,-0.004280875702787346,-0.013079286218029229,-0.0016897597201204206
2023-11-20,-0.005682103453809262,-0.013676605765690741,-0.021105136799019153,0.022532601109836126,-0.007763687263392494,-0.0013186696295459654,-0.0019681189251675724,-0.006763604064272788,0.012412644884887358,6.640585991046777e-05,-0.008838172333047623,-0.0004339096672549836,-0.0006609554635068626,0.0020596170043096773,-0.0055777677338225695,-0.02041590663111459,0.004062388400521089,0.0076394720177046516,-0.002632123295775446,0.0012432486630098438,-0.0055247139409324575,0.004896581035422232,-0.010637532609997447,0.012139581528474608,2.294422643944749e-05,-0.0019157289123818977
2023-11-21,0.0031354416227045157,0.010415322885446443,0.004887942267496337,0.0021906980964954137,0.013093909500542456,0.007548010097298441,0.01092182747107362,0.02191532199123314,0.0009052269952964931,0.008470673807871698,-0.0004787648297329694,0.005046304694722004,0.0016706779288129248,0.00036859325340610205,-0.0012590274867319007,0.004864091420839545,-0.002943212076056634,-0.004685039373600874,0.01257788610447208,-0.003991243362503116,0.011279439148226711,-0.002670945077192677,0.010974291251215629,0.0011244072476568334,0.0023907156166922405,0.0045394734754240496
2023-11-22,0.006352080005166849,0.008382989944726082,0.003547716968071102,-0.008615124056393308,-0.0029948235972125925,0.0032054363248645856,-0.003951395098846233,-0.015310538275859154,0.002336687356053968,-0.0035573240041306686,0.006646107913890864,-0.003617266226511595,0.013064673849857655,0.0002821116750191255,0.007908180833164469,-0.0104504828902523,-0.0038539306682258134,-0.0010460604561463027,0.00390938015463238,-0.004541283013739905,0.002247474214866596,0.005683537969469077,-0.0007333889017050454,-0.000998368858666443,-0.005482983385283524,0.0014380348265852216
2023-11-23,0.0009518365670624362,3.073030108624586e-05,-0.007673629980236796,0.0,0.005691400601615104,-0.0035129684781219916,0.0,-0.005129217639823325,-0.0005264354424632245,0.0057849269092067335,-0.0007932563544696958,0.00027091209512675185,-0.005864968873303789,0.0024308220361821675,0.0014782603070695455,0.001554949207508205,-0.0005764756135758775,-0.0018324777391655056,0.003056745698208463,0.0017890807846590029,-0.004401630471188356,-0.00620364145141028,-0.0018350470983197198,0.0056214164871415395,0.0029436043807220535,-0.0004971574875239915
2023-11-24,0.009459036491136441,-0.004125717413739016,-0.0074713561435388876,-0.020233431770006693,-0.010689486231081125,0.0002655801124447077,0.005423283431459369,-0.00610033933816323,-0.014935782627717886,0.007099064187221948,-0.0018649247126757418,0.00693397282720376,-0.008176825858589143,-0.00244529119812964,-0.005790793476447842,0.004754755200842675,0.002588583613141182,-0.009441253600741661,-0.0006679695304399047,0.0007143772947946214,-0.002794690882577333,-0.014580016658698791,-0.00919182787789763,-0.016149132278761136,0.004396800240950016,-0.00036868908443588033
2023-11-28,0.012543351885788923,0.02297112149145386,0.015204765158063127,0.011517113264996048,-0.0003176474075972102,0.0052514957352727265,0.0187293981193295,-0.0008419429220395402,0.005728857041920721,-0.0022517098966231552,-0.0018487212883576687,-0.004196285349826967,0.0036872875664999416,0.00024597070779064367,-0.00582460329061707,0.008273179515036144,0.002082480109577567,0.0270053784708828,0.00020890580732335629,0.0073169388053424544,-0.0034295965239815596,0.003774685742304218,0.03532737121291474,0.0021465918677323614,0.002555402150311137,0.004799264638990497
2023-11-29,0.038192266929762964,-0.0005439828385909173,0.00035782639155645946,0.018976532898155263,0.013510325029782111,0.006968081155627637,0.003627996563813518,0.0002718599179258874,0.013139367646029632,0.019952185475055728,0.0057756521829777085,0.015234960404230558,0.011714159559114368,0.0006429174927737868,0.004480203808553185,0.03387508764880298,0.005855369647609132,-0.010054079688324058,0.0026311061615269526,0.007352161262990542,0.009107430532888205,0.012564456130337298,0.021290257417891256,0.023686489457367177,0.015621813388373429,0.010402389113554511
2023-11-30,0.013300038319659757,0.012095522651264012,-0.0011500870077183478,-0.02440279361655051,-0.01850559413451447,0.012737674126640286,-0.004396463341964529,0.019945574797455512,0.005210134861713067,-0.00022452687053531317,0.008118574391424493,-0.004948893503180729,-0.003048752819238776,-0.0010525182651887066,-0.003202182919891161,0.017695034813582255,0.0008916378047592044,0.015364610885221008,-0.009684649125605738,-0.006770897619118088,0.01967216330564625,-0.007442179655462233,-0.008352565445219007,0.01673847749350732,-0.0019005153032107813,0.0018187545137213768
2023-12-01,0.028298848948610456,0.007439527255646228,0.01929958795957809,-0.024881508852397816,0.005432605677960778,-0.006694683194133355,0.016142497820600843,-0.0021579780875387033,-0.0031322293488611486,-0.0021811640333493365,0.00711037213843646,0.01256752256528837,-0.0019585196195146537,0.0002688086147668578,0.03212477994169638,-0.013503302851322285,-0.0021681935287762855,-0.0020517012132752477,0.007087403129556913,0.012394718439724173,0.0044050906999661965,0.0068958168783817,-0.001344936757823545,-0.013073443050938716,0.0074738340724005425,0.0066929416105065975
2023-12-04,0.01896510624270009,0.006109280460669497,0.02042896445496023,-0.013905748393959416,0.031784016383778146,0.0011479761229618024,-0.022646076491580236,0.022935421364040254,0.0009350456388415029,0.034717877087187876,0.015076124731968399,0.047005378241596674,0.00829710585440857,-0.0016088485296157362,0.009448659815522564,0.019286450716076597,0.001299046047821495,0.03855038694020396,0.010817428254289219,0.04013994928867182,-8.10972333413762e-05,0.00022777409100904755,0.00021265374790724323,-0.000490612631983911,0.03608675926252802,0.020668169003769332
2023-12-05,0.006085657303386727,-0.002092827091842886,-0.00780957833994278,-0.009857628856492329,0.0013090807678244332,0.0035528629604908435,-0.0027666496978817623,-0.004228440004925282,-0.015247158368984048,0.008885224007927572,-0.015005921145583634,0.022447502724315838,-0.0071019886309926505,0.00238530320249275,-0.0050655179261280825,0.017623739667051996,0.011552426030356333,0.0,0.007251440757797489,0.022784495450643316,0.006822909014362555,0.005452098965309071,0.004747755727485314,-0.007608349967091699,0.01250988731864,0.008135565760247543
2023-12-06,-0.010552335792915812,0.004519376633121075,0.010517233410899163,-0.04065268879718564,0.004383996952071811,-0.00798087191327046,0.005945008669804297,0.015307948886607248,0.009107857440740164,0.0025251050131511743,0.0017165709101238935,-0.010064622174353999,0.01399636306653984,-0.0012131360389754375,0.02545654019131649,0.009697216694144695,-0.008967577717692743,-0.0004949437317277594,0.009578506974475154,0.0003288779762053995,0.0006452431633674482,0.02052888058418323,0.019042236031191928,0.03561280809901546,-0.003779849268009894,0.003960643244200535
2023-12-07,-0.0023650337992235926,0.002176114346853053,-0.00483361042354169,-0.0005765482431663305,-0.006662116520062211,0.009554615964789237,-0.0002954816970881513,-0.00043884633006285867,-0.0011658024325222893,0.0016279702311776667,-0.01923933403381395,-0.0042362130240977125,-0.005697800916233953,-0.00031573987063826525,-0.01111705483352543,-0.005727207968089787,0.0066725001117686755,-0.015102705940129857,-0.0016456924211707413,0.005341556816334192,-0.0008463861264277339,0.002996592604540549,-0.0006921082884073781,-0.0011939798890981956,0.00014620949994759158,-0.0017455990623970186
2023-12-08,0.011942524037530156,0.0035796482869230317,-0.011310687760592741,0.027257097185772183,0.002004345967257626,-0.003664718605994599,-0.015567257109156851,-0.0029444569726255754,0.027183585595190074,0.013953221436922014,0.0016082725013726318,0.01186183580729927,0.017224970659175387,0.0007840113350505717,-0.01953733124745971,-0.014237993655657366,-0.007301497362098841,-0.014831513098776505,-0.000529054398477391,0.004005189383635255,-0.002824115625474133,0.003264262237121951,-0.010250054759926575,0.010400405390724732,0.008979269973359294,0.003265370504707432
2023-12-11,-0.012994927745441198,-0.004297893136208986,-0.0020321949166743902,0.0012634610929280754,0.026465539905433877,-0.05038258784115868,-0.010158659026220707,-0.0032122443405379064,0.008210455546729722,-0.001330670142325241,-0.007394007159638449,0.006182894635135439,-0.0017770099471338119,0.0009022018502964357,0.007347244743642456,-0.00979907236219002,-0.0072325514672157976,0.009441107684600603,0.0014659575872411068,0.00016275430228573917,0.00453132124439648,0.0044669523974179,0.008746740468673186,-0.004732643991890106,0.0011055393339258757,0.001320935183362959
2023-12-12,0.012987049993238076,0.002319802635765811,0.0029892730186795724,-0.03799774391571298,-0.006745583188768611,0.01221336411078977,-0.00010108754897619754,-0.012968037344805783,0.0,-0.009933481310507641,-0.0003596032619879175,-0.001376399841632181,-0.00836425172740174,-0.0010380097573465807,0.001436681690413888,-0.010168127454641573,-0.019289957629574306,-0.012133617583176104,-0.014353392074680338,-0.003011776101211505,-0.018849785470175573,0.008015684490290997,-0.0074915515234464936,0.003804055970335174,-0.004579999022493175,-0.004319607014175553
2023-12-13,-0.014279494889848254,-0.013007222930493167,-0.007731202334234966,0.012534624729646282,0.016827681270644934,0.010522985594289214,0.0022752552780380686,0.01848334693427245,-0.004435149143332873,-0.002263531253819173,0.0036559660307426967,-0.0017722368327773852,-0.01832601970112857,0.0006299890726830792,0.0056279217359263,0.018802760268674223,0.004028618749967849,-0.011514748538690611,0.004084051943815892,0.01216515950933994,0.012397538556605525,-0.021391189006308542,0.006849169766784291,-0.006039836393970988,-0.00011254897891865845,0.0009542158562574343
2023-12-14,0.005023055126068154,0.027544414969796982,0.029787813666316998,0.030372831053337546,0.0382189251055669,-0.004518972632839624,0.02416380021383091,0.06584460140580295,0.03315797012890953,0.011803350244173005,0.0017717846210199006,0.019479299484396195,0.0361973940911291,-0.0013274318876950186,0.009766259132532484,0.022446960285221973,-0.0025866376222209997,0.014496640186891785,0.01240778923904351,0.006130598752545513,-0.0014595945708534286,0.02050907705696292,-0.0007635396052138033,0.03514836599724269,0.01359142494253307,0.012250087289956912
2023-12-15,-8.922375767661528e-05,0.0012709841877751593,0.005465505136737381,-0.002095578681779675,0.00829163260973309,0.002888804671442813,-0.004482305095458661,-0.004535598312095268,0.05422046920444146,0.003878483106198205,0.00260281061129386,0.0036278718458189196,0.05125061436528289,0.00013566779655982408,-0.004129658384013246,0.012561911817514204,-0.0064521102564162325,0.026026960660925802,0.012763098206618473,0.03944523944747158,0.0036138751697649685,0.05283245029499084,0.017575524182680713,0.02796969176520081,0.00861575899902034,0.012932779200891975
2023-12-18,-0.00803325754644224,-0.004933305631639517,0.009653987164706335,0.014559721560745809,-0.011626255447574119,0.0002860015108800962,0.002572892635199997,-0.030822114322493488,0.008717160399055235,-0.0005131527719984819,0.004994303875866191,-0.01537497799685017,-0.00890155145425553,-0.0030601257463463982,-0.014295003406380458,-0.008203085062877036,0.0032275831109744857,-0.010196343116297357,0.010177940445994071,0.0003856314075556533,0.013756931606256684,-0.00046615514379400036,-0.0021845560127392583,-0.0029112194452937112,-0.0057297718598569025,-0.0017710126840955187
2023-12-19,0.008008359037851909,-0.008610572955226492,0.005937327131461112,0.013384865521790745,0.0013627461854917033,0.00829912342413297,0.005971462909915681,-0.006159322237108911,-0.010636437278026767,-0.0016912398855731814,0.00993886832479407,-0.005873936451809003,-0.0038673231767835103,0.0008368825889282228,0.009852753824344918,-0.0066928146340370365,-0.008333684438847522,0.0065325378991347716,0.01471629453994594,0.010639979878177996,-0.006226334327147698,-0.011142337219402054,-0.002531524409785324,-0.014710799782412298,6.683460459178114e-05,0.0016083748565725031
2023-12-20,-0.00892658971154936,-0.016873818782966676,-0.018171905538082123,0.010620898057828843,-0.032519237965262016,-0.010341514956996312,-0.0019132772602784565,-0.04345848111768269,-0.032486569860775805,0.0024805739024682527,-0.0012497585249703347,-0.00866616235366946,-0.014053752080385284,-0.00023582760111917622,-0.011181730699149517,-0.03083532765599073,-0.014887174120859048,0.014478343017107598,-0.01209876128234122,-0.02891372020656502,-0.01028142813700994,-0.009472734787507875,-0.03251243099934298,-0.015386326853691124,-0.00889052994912265,-0.01412146609423337
2023-12-21,-0.013375366841698488,-0.008358617439808369,-0.016920271585490254,-0.004446265502925373,0.02598671832391264,-0.004418305481496132,0.002260985788123504,0.03543656470011536,-0.012430925387603264,0.017923849662748292,-0.0016813045534871396,-0.0022350567517356312,-0.0002604598197835095,0.0021133080561515083,0.0009977083295560352,-0.007954118181032754,-0.006784998645735785,-0.002706826539569329,0.014007907416855092,0.011469939228784032,0.0010954379995835595,0.001970986189951063,0.0051045172511359205,0.004745858422086524,0.008322165730816566,0.004959794076523361
2023-12-22,-0.006481542299427767,0.0031196910584949666,-0.00975279823343378,-0.004466123071871553,0.03326585677325311,0.013178515505887445,0.008827483833959926,0.0071512932376709415,0.028585309574885587,-0.009397023387839765,0.008773405462071615,-0.010055776426909135,0.017513048159157663,-0.0016284591585961072,0.008306684204715031,0.0002448574567759376,0.020403884104884806,0.006414964156459924,0.000975592165063377,-0.010873859070205438,0.008228659409365013,0.009636774669097736,0.022360137574278793,0.06601360381603882,-0.007280430483091571,0.004438926556610712
2023-12-26,0.005467048451581968,-0.015998356164423688,-0.018231042245056783,0.027324662900232166,-0.001536395315240413,0.0007908536745031558,0.0005346621279529451,0.006086111595488886,-0.003110644360920678,0.006942588897748125,0.0035524582052459674,0.0008044595725404946,-0.01212490485239437,0.0004896191112060411,0.0027459537075178453,0.017133296922832386,0.005236350439972837,0.016670812461112128,0.0050680770292224064,0.002041621261038129,0.003095752267195717,-0.007439827880449723,-0.007106428111533503,0.01610308565267915,0.004906104780803666,0.004306875934107168
2023-12-27,0.011057923965827943,0.014678077117332267,0.009843335002949205,-0.019319823876784437,0.007833931340796463,0.014621218469095698,0.01151489249544535,0.010913971533297318,0.009532615733889083,0.012392722716437987,0.009111419008539068,0.0071853433204125405,0.014994019242407619,0.0001262204675294143,0.0014240916615588795,0.01546092947325639,0.0017379258739091963,-0.008681102349152425,0.003413499193204217,0.016456451178747056,0.003967854147071348,0.004123308613612098,0.02967151020660408,0.0018080924543883992,0.011678352849774809,0.0099527499207277
2023-12-28,0.0013557448943342099,0.007038283833025405,0.003573844864653175,-0.0315747395495003,0.011381684534500724,0.025207881375904684,-0.003842643919140354,-0.004288509947089736,0.0002716510912643688,0.0011447588121542562,0.00977625975434826,0.003641786979212025,-0.002839614284458447,0.0010145890978356942,0.01531387433826037,0.02754817216186578,-0.0016427604087796421,0.013378902036930151,0.0072288185358513335,0.004394403011362957,0.0077448959785393345,-0.0029649805223813663,0.017546199231086135,-0.003185128639357826,0.004688095533396774,0.005723881307796219
2023-12-29,-0.005009619184557335,0.0027362129895545095,0.009519841522763972,-0.0016719398467338609,-0.003087801448592664,-0.010352513353228843,-0.005545108511265995,0.008313445369375616,-0.004312422249669545,0.0023456608115854927,0.011447278118815518,-0.009245474592654013,-0.0126388438440449,-0.011591535933944686,-0.004309333408510918,-0.002911573747567564,0.0029937382632241327,-0.015602487903412454,-0.007906276676915236,-0.014353800951472095,-0.002139199002952785,-0.0017104012545942071,0.034553551709129104,0.0039407299150631125,-0.004459023775527982,-0.0021717930740454694
2024-01-01,-0.004173204064727876,-0.005576045943937014,-0.003916688276799585,0.0,-0.003854813405621327,0.004096320861058489,0.0,-0.005612457446444341,0.012038847606058445,-0.0065232580653726835,-0.003453422332285183,0.0028095500093687775,0.005476662648449926,0.01150147281739744,0.012876006701404652,-0.015091862376491738,-0.0018491258659961707,0.0014631072687190105,0.002050413346928126,-0.0010902752307575536,0.0006351475958712438,0.004665885169165884,0.01365471038381938,0.012412561340963135,-0.0011999693273765377,0.00048317180721269004
2024-01-02,-0.004053804596942601,0.005845893679942815,0.017947552804824074,-0.01772511158987533,-0.01347423130162384,0.01806212729253076,0.0009697440335054708,0.006967816673782767,-0.009570412061599587,0.0005888092607091444,-0.015425121060554603,-0.017160234192233892,-0.010925940125233291,-0.0005525332766350699,0.004914001367908094,-0.027652292849369098,-0.008319255847458074,0.008278493616950655,0.008281024461512132,-0.0029622900873815805,0.028525974504912677,-0.007320605318276163,-0.007842012092671768,-0.016661299043986832,-0.00979909185153427,-0.003500136051024061
2024-01-03,0.004893633262469166,-0.00507052183875778,-0.006090220819398362,0.03296390715206443,0.00252164880802086,0.0008604681903729983,-0.01462892491788459,0.018030830220228333,-0.021639297740469354,-0.015419930422887362,-0.002773751517332501,0.001832461950079134,-0.02893638239796925,0.0006538883801257,0.014669840526182698,-0.0005735564173354746,-0.011777036909830563,0.005795648544900001,-0.010874114574227378,0.006255316318426907,0.0018517100930781627,-0.024172704646652332,-0.003760906808893516,-0.028346186348179758,-0.001187128598046483,-0.00685186637566948
2024-01-04,0.0225741541611737,0.0144844232958099,0.043433897412580524,-0.007015055409136051,0.06392784585830547,-0.015121870329642184,0.003981957452896312,0.07981084121868465,-0.01238055622190637,0.010729948645182397,-0.005371084185309405,0.0031502118905766263,0.015234837217282804,0.0007338264485787782,-0.001781070073873292,-0.008186041837650593,-0.006187098843775218,0.030732261195377975,0.00516770928223087,-0.0010880030511759564,0.011050410609831474,-0.006758501351497692,0.018299287193751734,-0.007677163231404882,0.010290386045669564,0.006564470186349425
2024-01-05,0.012061502279252068,0.004436172270865457,0.0007267658564789059,0.022440712874367774,-0.011098054952085046,-0.0011210141895087178,4.895244750890981e-05,0.012702237536756922,0.009049554289561668,-0.005115796427613062,0.01060729198500776,0.006635273402897157,0.01312238622784756,-0.0009301627097970666,-0.005142661101178336,0.0001827268150953465,0.00016983250194124722,0.008385788378919123,0.004255531729745909,-0.001244600181842137,-0.009711004881967411,0.01939039805906595,-0.006032005930995066,0.00928388424827209,-0.0007646210473574166,0.002410182228605562
2024-01-08,-0.013149083720582877,-0.007692399603825062,0.003222570621778331,-0.041186844818875024,0.008433521048878845,-0.012732084638060526,-0.007736020681187616,-0.03698251241305617,0.010538932007772894,-0.011146097259336463,-0.015953942778073493,-0.011774135832672061,-0.006362074990494571,-0.0005946558694953641,-0.017828864683546275,-0.015742986727150576,-0.007018015565871671,0.006930082806402504,-0.007803774673302177,-0.023288459644550286,0.003922512600047945,-0.015944835039013006,-0.0023389285163244455,-0.0136882077068754,-0.014716875350401781,-0.00911070868564301
2024-01-09,-0.0048573399719197274,-0.008194019830647048,-0.0013638444905820224,0.020771531587279624,0.03990518155367617,-0.0020047643371245982,-9.866336439534606e-05,0.03687585838980256,0.008633273957640686,-0.0077850730639016374,0.0005817651167625559,-0.0022912243927037945,0.004268598090160669,-0.0016877255589312634,-0.002040876337222386,0.008507780973930679,0.007781379874960859,-0.005964714626509826,-0.0026474699391405565,-0.0025517281004509007,0.01432609463835055,0.003153671182369866,0.01355969362214049,0.0008881170365480084,-0.004375141595671206,0.0014804820050666745
2024-01-10,-0.008553205558909593,-0.006300318527250437,-0.005811851379557087,-0.012043122133366335,0.008168701203468132,0.0065045654696138655,-0.0023194202455394386,-0.013431556500397401,0.02170637510600204,0.0033020713660183443,-0.0009109286071266043,0.013574847276582869,-0.006146667361910052,0.0009681579029805487,-0.002690762658783763,0.0017794034606573028,-0.0013866848733272708,-0.0210015724506456,0.026971545945415842,-0.005836401657126733,0.0006418898753832725,0.006273757279906533,0.010815202316905248,0.0063228687175502785,0.0025020427285395996,0.0034277152411805734
2024-01-11,0.016937634328731077,-0.0015552171213470967,-0.0014061936556345467,0.009107382254031071,0.0017586907368962734,-0.01637227865997548,-0.003660237682382439,0.01714249319512051,-0.004892519193571254,-0.004196937011994306,-0.015985102060482093,-0.0019132642615390383,-0.016909046191989408,-0.001269162714203853,-0.0014028826279681716,-0.0025416649950065207,8.998670207693849e-05,-0.0011786075836340837,0.026300947772074146,-0.002492840468886204,-0.006491190446094808,0.006059731318646566,0.008905988837926149,-0.011904657981963052,0.0016363726040213855,0.0013183031833516878
2024-01-12,-0.004796812371386849,-0.010393862703647061,-0.0011341823183502742,0.009164172353136602,0.00388743506776712,-0.0006324332755587303,0.016084943433625654,0.011116994677299763,0.037715578484593504,-0.0047302051332679396,0.0030755179725234782,0.012460214874863595,0.07934008248304081,0.0006083255508402274,0.008753879369802542,-0.0025789040984217637,-0.004539948439745811,0.05451963862490028,0.007959984588772118,0.021605891113898545,0.007369397544340961,0.039418732816256075,0.0009807936273606987,0.03848721852404591,0.005722146950919438,0.011426492637705898
2024-01-15,-0.0007586334418858698,-0.011804552174256244,-0.02389383256840949,0.0,0.006058367895319217,0.016593899922245692,0.0,0.016514212429101338,0.03076314920065082,0.019254185952648495,0.01147788656653792,0.006327862775802329,0.024399380900565593,-0.002455608441988555,0.0019284422530427836,0.006833071727899709,0.012166758856679616,0.04521037321738142,0.017071378478887178,0.010258856604355104,0.002564256599732362,0.00540833165449639,-0.004899316060159586,0.06262752926393844,0.009400584212379659,0.009267074694848665
2024-01-16,-0.0003573071609754841,-0.005452000791530631,-0.002854848974851998,-0.0038524873159216932,-0.023032107184812856,-0.00434010894782999,-0.01011381817839141,-0.003115133200336073,-0.02062078311464166,0.0037960176642473087,-0.001593272181621308,-0.0007921342377303908,-0.01243865441528258,-0.00015328369580702716,0.0100511930873326,-0.009293533254244535,0.009581703355836302,0.006852259079440204,-0.013987394667187236,-0.004999212171522105,-0.011960741387998186,-0.01088672446750294,0.007877407812097115,-0.01940958773456547,-0.0006893768719291593,-0.0029482333845447517
2024-01-17,-0.032883461797767355,-0.023006014451770862,-0.0131158708783361,0.0022098899080500445,-0.014678743301540842,-0.018790855760437486,-0.011549863975351737,0.006401453601093232,0.013147510586847488,-0.08435809981827369,-0.002413446349654902,-0.027055157142308883,0.005301601879413864,0.002770946988213341,-0.012068505025984333,-0.01397838665244644,-0.012947326048010188,-0.012973238975681811,-0.009493520433240699,-0.01711412991839989,-0.01100149589324162,0.006034153638930784,-0.016242307644197984,-0.005360845728285102,-0.042818659635945555,-0.020894393512082443
2024-01-18,0.014044126051627748,-0.003152259557602566,-0.012678627184580682,0.02094824040248211,0.00019348870142277264,0.0,0.007989613599849621,-0.0014230063232852919,-0.005298597917180903,-0.03339832046152602,-0.005813552461877425,0.004685506313272247,0.0014632946362607147,0.0010663284190526312,-0.002357464779374041,0.01223632300857247,-0.012654563645196792,0.006464194532981304,0.004682103398794046,0.0036740327481832313,0.028290930960765293,0.004633643930157527,0.016758806752677158,0.0005181520815691343,-0.007617554175751939,-0.0050852715087356115
2024-01-19,0.017357625803597454,0.012237919518871765,0.007370431963399149,-0.009044251517073332,0.013024615463118838,0.0032300831440195132,0.003913615629451028,0.012005523424336584,0.007971261953094277,-0.01042964288698256,0.0068288350520551155,0.013027802247238318,0.010105842118161679,-0.0002043614100349922,0.012889270944836051,0.02368222417427046,0.011406113014558183,0.03639467966306542,-0.00036549294992371806,-0.000875348039057311,-0.00011231692153967909,0.017403838887008583,0.005494091131714507,0.004972572672078401,-0.0002713056312196871,0.00746195718645537
2024-01-23,-0.024450395692744764,-0.01124643326092234,-0.03393856656448402,0.013077224309800073,-0.05887598216765699,0.0010938871541097406,-0.0013817166682087434,-0.03177015434771158,-0.028253389109401672,-0.029442808304260493,-0.0740040201443275,0.029873982499371232,-0.010276016608322891,-0.0007876128001896854,-0.025874809215103767,-0.03645320994609147,-0.017658357295795013,-0.05019627016049588,-0.02842879948539434,-0.03608127562500185,0.031970714675084055,-0.021506209806220755,-0.028049216453230885,-0.031233911091808952,-0.015012700549271618,-0.01774084294273448
2024-01-24,-0.027633586825819956,0.02423375466840083,-0.0021780090034443367,0.009681236583545472,0.010956494815955953,0.04012760782661928,-0.004842578936733011,-0.0011238078597785028,0.03462072861054177,0.020002131059821737,0.02782516260911616,-0.029007415477057652,0.020247876652620622,0.001519909073556036,0.009362140554800336,0.0206243824961716,0.012955838992390278,0.01935626190624995,0.011516085966515988,0.021814574994251323,0.0027570059605135366,-0.004263546195247603,0.013055169073260098,0.01951385922474458,0.0014961141902798403,0.010129971071150878
2024-01-25,-0.015956259557188823,0.005737760153083471,0.004280500591130165,0.030230448570623958,0.015052106247757102,-0.007895457093933245,0.0014896469356133757,0.02669432478239475,-0.016588378187845088,-0.014424018653870885,-0.005467653447531418,0.010758613107528125,-0.0037603374491927966,-0.0014875327683959716,-0.017148402944445973,0.004545245429097511,-0.010732707399806363,-0.001280033205329989,0.006845841248886986,-0.008976249560146199,-0.009984809315936372,-0.008199322872706971,0.0011714618943317046,-0.01683919685247537,-0.00479677229905584,-0.004724053755400193
2024-01-29,0.01822985946632838,0.004171400784384716,0.014981174276419207,-0.007497438294708059,0.011467649708674754,-0.0020152170228816546,0.004115189973396882,0.04447970898460696,0.015675016586431667,0.013763988567043084,0.00663007371174551,0.0063864336522430065,-0.00748898496615924,0.00028516947063428333,-0.012838858479950366,0.002751369155762573,0.011173058030291783,0.07882921614137994,0.07019211375715795,0.016646338122189297,0.0237886674138299,-0.0024407710563850715,0.0359057209611795,0.006382930129862574,0.012842714274943212,0.018030591452244726
2024-01-30,-0.006737384626914755,-0.02834536544383448,-0.05206731731528602,0.013545206200338944,0.025477365569170685,-0.0004707199227099723,0.003110828056498649,-0.02355579825638965,-0.009685298150084676,-0.007115143203792473,0.005829717662805933,0.0004919626608157479,-0.003108952633750106,0.000382565196938911,-0.02612273282514932,-0.01198173892621679,-0.0039785491169396225,-0.01306940871376494,-0.027916969077676157,0.006099987068408197,-0.02077303510840922,-0.00011823993367399144,0.02122470197482862,-0.0010570164443882701,-0.00164167477991084,-0.009913698102483215
2024-01-31,0.012949420147409407,0.023105192787554518,0.0067035772877617195,-0.025314844878290943,0.019951659825715673,0.04797174691019079,0.008318928055008667,0.0016856077874127795,0.010709792952838137,0.012635947698284022,0.009314080914258227,0.011063070984040024,0.005722347973813102,-0.0005218806825516564,0.007990045476640395,0.019255144129308732,0.023639272104720277,0.012239339231814528,0.013497969345249272,0.021938540375563864,0.03404393188415389,0.004051837099715794,0.0295162771330697,0.011957607424839756,0.013865593538361587,0.009460025419002926
2024-02-01,0.015452890018072374,-0.003103288517742331,-0.017426926629881767,-0.02676333315932078,-0.0031771900702922684,-0.02091107907998202,0.002245702926946258,-0.009275778826101422,0.0008883820690801514,0.0025981438442679305,-0.0032036300017752595,-0.002917920317946021,-0.002317961763201315,-0.0006750904565214766,0.003057263809682853,-0.00024215741399846724,0.044277417927022444,-0.018236015809311557,1.7492727528489738e-05,0.011163274881268226,-0.0074024687925429156,0.010010672210190474,-0.0064465819172625505,-0.014221458229205064,0.004170891300949053,-0.0013003033741542103
2024-02-02,-0.015863376606902735,0.01803049435329407,0.015570960066924044,-0.020861567622511346,-0.01074926086555028,0.00773379975720867,-0.00823186771264628,0.008683255545835822,0.004025681131290426,-0.013775678938028335,-0.008489598848898883,-0.0011218013360193568,0.021906484476085453,-0.0015170860263562513,-0.006321863808720463,0.005814095943506681,0.00164518484227405,0.038764450202685374,0.02176420943174051,0.003088108305293824,0.0061794319658867725,0.02909858000218213,0.00028458375058781904,0.025034420546885094,-0.004713262373212346,0.007205988175093214
2024-02-05,-0.005201282655086348,-0.02216160442562576,-0.03505973140431984,0.0069175430055929965,-0.006128026348337867,0.00909847792808871,-0.005107816187203351,-0.022184354619213087,-0.017932276426036897,-0.0008989069513619663,-0.013495959675317803,-0.0004883113785655313,-0.0036319252716258132,0.0008646223013673016,-0.004658079890351718,0.025771529250614433,-0.02129446788719247,0.02215751608788663,-0.012811220568737403,-0.010313324111616118,0.0332826339567287,0.0017646995081022077,0.05467990025131919,-0.001655669871939991,-0.0031628330493705947,-0.0037568550808078083
2024-02-06,-0.01078663818940695,-0.011053367603771735,-0.001520864810492406,0.007282203739850113,0.013666346271095309,0.011838620215843365,0.004344201530455782,-0.00966486686292889,0.04397736827031773,-0.0005191651711109468,0.002831176794148904,0.0028334429764176328,0.025041475137018487,0.0012578496103092807,-0.015180875380889525,0.014146966104042757,0.03991930957999923,0.035557951403558,-0.00780046335748219,0.011353881707854452,0.007719611559964479,0.04094840652885012,0.013757052453732266,0.03586598630711446,-0.0029404993001226343,0.007243402101531293
2024-02-07,0.01814199005339212,-0.0005322702836334514,0.0168303823106164,0.007502429001149835,0.03775016519000096,0.002132352029258433,0.0003440408807446893,-0.0025212453471815666,-0.005173126857437982,-0.009798550384826687,-0.000371059711216315,-0.004140667121837693,-0.020642448828157467,-0.0003982531942881007,0.0009271629062312936,-0.003849213881094826,0.008377381996665711,-0.001468891609759826,0.010050474311781965,0.03844671398347321,0.01430405596513129,-0.012717607357110916,-0.006119985131281869,-0.008906231640444795,0.002794856219775488,5.014315737827957e-05
2024-02-08,-0.031054118402188746,-0.016069330375348523,-0.01990539575553585,0.031952350268743546,0.004108928990830485,-0.0031877981674914846,-0.0014740566391389098,-0.033927515670654884,0.011421564590214928,-0.018811770056097576,-0.0034631695755612535,-0.032138096864927745,-0.0009742233194823813,-0.0006981851044660647,-0.02529757003682165,-0.020395101554113837,-0.017538860714012228,0.004597212648295157,0.0055299601544409605,0.03598671589209279,0.0022724742293624978,0.012416098312623358,-0.01017342829665624,-0.012823112015534321,-0.0176020603031527,-0.009692017110872975
2024-02-09,0.014962946705790348,0.00025458280194667893,0.011991238370602897,0.008134283747808446,0.004272742343863101,-0.00068172972414271,-0.00437944225843423,0.018067026481469295,-0.001958690989608103,0.0003919788800252899,0.002937332518651914,0.021631499986562552,-0.01344474175519772,-0.0003289332196634298,0.0022916420280796324,-0.02342962590608144,-0.0010286743562284428,-0.020501621360432765,0.007326880489601395,0.03673797615147678,0.029307131385798213,-9.664795251695946e-05,-0.01006169943176416,0.003272998757133383,0.013830773599262436,0.0029722318898448563
2024-02-12,-0.004470435214534829,-0.008720725855144273,-0.012825927745310883,0.0010411482934342686,-0.03211883814792127,0.028858637804257903,-0.0025206828118271574,0.0010412651453042265,0.02229245258560031,-0.009689365376540526,-0.015881778846443928,-0.014445543791476334,0.006439649482471443,0.00035193369083841297,-0.02081833113525844,0.00853366900675434,-0.0021568047706270743,-0.03606799653087833,-0.005750398600255946,-0.02392277193428005,-0.00022803758703071608,-0.0031449562253490493,-0.003715825585062116,0.02242839100267502,-0.01648533333561597,-0.0076414194307357075
2024-02-13,0.022977213106321726,0.006903145545625433,0.005251818535281894,0.012350553825419386,0.02693151821258155,0.0002920643896442421,-0.012535887112236854,0.008852894977882997,-0.0008098507670692978,0.00320149928521829,0.003500081199646843,0.0237927403139373,0.0026487066041216423,-0.000292807280148466,-0.0002457410620834155,-0.0082507756647906,0.007918016134502714,0.006204165448321364,0.00877883789938716,0.007840110862566974,0.005050648328024376,0.006989135851432682,-0.005155746303081021,0.020241335847398956,0.013817231477922798,0.005884480011507653
2024-02-14,0.024375276267149193,0.007461680075776744,0.006488911449675561,-0.015795599249386005,0.017423321479331788,-0.01215388820487806,-0.0013046191751149294,0.015356561886772147,0.00354230956832291,-0.007458149559033123,-0.0025270577048841503,0.0028437845903410697,-0.010893169095199329,0.001017035692593149,0.011800967106081695,0.006254889306295697,0.02162677393326251,0.036030751673731265,0.011108443676987934,0.04197911030456547,-0.014135515936707255,-0.011904958282966893,0.012570306483343563,0.005668445618398188,0.008920460408422759,0.004451992284961959
2024-02-15,-0.02247351204600323,-0.006520188574529184,-0.004077458728822481,0.018136735395592574,0.009007038385758337,-0.000910856841282004,0.005928717514105397,-0.013201301239319507,-0.005354706585641855,0.02167554892818302,-0.01553631204782191,-0.005915692768368452,0.006091609139130982,-0.0003791985749701521,-0.018588283625765367,0.06517606418963617,0.005649198800160127,0.03143010868230478,-0.007273645854000144,0.02461660815477007,-0.006906166524235813,0.0007560416032534878,0.0024501104130951745,0.007774500758768843,0.0067656099433950345,0.0032371361888359207
2024-02-16,-0.0032177125173866727,0.004141697281465184,-3.0302038145135768e-05,0.014866124314449669,0.013976851194105855,0.010315649835721308,0.00469508242779515,0.00845151129097288,0.0029473074653667553,0.004137042787938361,0.0103791152529491,0.006491903811203681,0.015092327777636472,-0.0004034130711898509,0.001733097895364244,0.03994216494699043,0.026162652459000846,0.005122542838817745,-0.006816925896236836,-0.009190031152647937,3.3125827422875176e-05,0.0061170862790689284,0.019607863091714917,0.04725165908406348,0.0035905902262991507,0.005930843022260657
2024-02-19,-0.005426802397598185,0.028079245869952585,0.01414078547139308,0.0,-0.01702771850619067,0.015830012652789494,0.0,-0.009878875753770777,0.004677987409156925,-0.001972010983429584,0.005009972415986219,0.02003415610491799,-0.0011165139046577233,7.711231210660863e-05,0.011492797397467891,0.007082322022275989,0.009046179398026766,-0.00018201777805615382,0.009191572650700364,0.006028810989290756,0.013344805559073247,-0.005934719435780389,-0.006392540868977004,-0.012983439971237298,0.0032477938901456227,0.0037000088082788096
2024-02-20,0.02413097878377446,-0.010678054941141712,0.007567517962713932,-0.01275416220599035,0.018029860621707305,-0.00641258370964215,0.007954262987819982,0.008442458911749107,-0.007282376077461072,0.026250764107825786,0.00710066599913417,0.0047904750065899115,-0.008530698356875144,6.028817194780878e-05,-0.007697030451064957,0.0027589625628605674,-0.003213170519605235,0.007099862327079043,-0.0020181664313857484,0.0011195801582895015,0.005620548534364778,-0.01782479175392948,-0.006701743452468212,-0.007463347247868346,0.012005871189736839,0.0033766555730090353
2024-02-21,-0.004041830552003578,-0.009919879102880391,-0.01105902590961294,-0.003453525735641727,0.02656548689876459,-0.004211044498380834,-0.0025647108122688334,0.019113764206176054,-0.016084991139785232,-0.010417344205750023,0.0012478148299142067,0.003051248714230903,-0.01762336698807543,-0.002311489286307311,-0.006771696021490636,0.003236804457332765,0.001694724197133901,-0.01319584308255084,-0.0022604259258885984,0.014998144881058773,0.0030546542602023496,-0.009713012483936856,-0.005721293581377518,-0.01983266632688041,-0.0015819358060203959,-0.006392700010330099
2024-02-22,0.015402957799475647,0.0035287909183865374,-0.002070725141874896,0.008984686373241901,0.006088951111827168,0.0023310493560992906,-0.0012857130957182328,0.01879778354492534,0.030617867949543687,-0.013619168901611745,-0.007893262522927658,0.0102190630085357,0.015583825370262927,0.001319568895386647,0.0275195051630599,0.02726323167149647,0.016740992270511734,0.006411404815562571,0.009572704278647315,-0.007258618664694794,0.00949196456423751,0.023950804657995928,0.012214247208839568,0.018507831832341504,-0.0021246081782709814,0.0073633218581414805
2024-02-23,-0.0037241368885395643,0.01507017711476788,0.003430707905867081,-0.02696861379114235,0.00784529684264057,0.012287930416594595,0.009357837733815932,0.03411667993937373,-0.012245125156327807,0.0007397313886878809,0.0025124575347941214,-0.0013174568209118886,-0.0026763602099899586,-0.0007969899829839422,-0.007359138551129685,0.010259742345926082,-0.010482232781627965,-0.009100765584532211,0.008014268636497013,-0.0089438322922899,0.002053894229410602,-0.008563550884686522,0.005470478501570897,0.009603710531287613,-0.0023028823535239384,-0.0002137959201901074
2024-02-26,-0.010576363326824656,-0.0013917992419442138,-0.00815182874919873,0.014250281052778702,0.004059002053207861,-0.00021735664209854288,-0.00495436854061293,-0.0025315575234516885,-0.009575124088869624,0.001196676765356175,0.00423962906460762,-0.0066898148612069,-0.009959148477124646,0.00011461726395611826,-0.005347616797967247,-7.762037729608373e-05,-0.005946769005641284,-0.008633343948993066,-0.004217955695542952,-0.0001975700832537175,-0.0027542434322977982,-0.01259843024917029,-0.0004800376301531406,-0.006061726036293069,-0.0050254476707236595,-0.004080928508836235
2024-02-27,-0.005667023390298231,-0.008486692614433244,-0.013095925266562891,0.016628008315036746,0.014951818466563349,0.0013741239163593821,0.002711363076164597,0.012364957052437564,0.005455100965172877,-0.0015116483869103137,0.0004364731475636763,0.005691514569529543,0.002078043772806293,-0.0003595531930229434,0.004765329168687327,0.010778322165018617,0.0029345165021132935,-0.0018528915810496205,-0.0011261746733632894,-0.011925247873345368,0.016570780994368706,0.02583080125613746,0.02748273817518765,-0.0027210007538871483,0.0002479959045871283,0.003448994348646428
2024-02-28,-0.004494797139350859,-0.010058687329497218,-0.008777893733629138,-0.0041841234888125856,-0.018987331394295426,-0.0033414204835438,-0.000491642084562427,-0.05595552079127675,-0.004159610286709858,-0.007569684636121066,0.006756088624061407,-0.013205043962134067,0.0045985404075250536,0.0011610949487259603,-0.006931778401817468,-0.02509479109998769,-0.030246194185892805,-0.013365458594602586,-0.02021001000629752,-0.009801859730306228,-0.005623109645673363,0.003544967180191927,-0.00483018012068237,-0.025872607090843824,-0.013413361007185598,-0.011135927809948543
2024-02-29,0.0008378156375012935,0.005869389638592848,-0.0005155287385054663,-0.003565046804596128,0.0024471237277401414,-0.0005910134613714702,0.0062469017077595446,0.018907586675016574,0.007234051216673754,-0.004257064693109935,-0.003819880735211556,0.00573491636510548,0.0015856713518185295,-0.0004375385042161284,-0.004898310588450694,0.016170185634853507,0.012153944671576378,-0.0043273993480982265,0.0035552200643791387,0.007542120916094852,0.0026050743434056223,-0.0057903830701326875,-0.008193676638106329,0.0017383372207568915,0.0034320973510877373,0.0014418556686905948
2024-03-01,0.022463116892340373,0.01229764621330931,0.011716139133191472,0.02185023048550372,0.009653859417886768,-0.03591092738101509,0.020139782057614797,0.012510175022145464,-0.011870041533171838,0.019488318100628454,-0.0010777564074814228,0.03297864434169284,-0.011470359769890082,-1.8127562646186313e-05,0.007875909901686962,0.02098414248275593,0.029464001677624863,0.022486769692566577,0.021443669898941753,0.02813789229845476,-0.011850821800788336,-0.0001830864883467509,0.028625517181725568,0.0009642010670973811,0.02528138088159948,0.016192168700068565
2024-03-04,0.006822730561585111,0.0036568247689781064,0.004717290036462485,-0.01538080953055132,0.024068543618747995,0.0228544638456063,0.014758757137097955,0.026358602193776726,-0.0037406132443488227,0.0013629182346182045,0.005104236607953894,0.005014241878951831,-0.010575901175459479,-0.0007755424748454587,-0.000976859721387613,-0.026305723681023685,-0.0023061893313194304,0.03197189940164091,0.010237097069856427,0.0037703124135932686,-0.004585548387158744,-0.0033338728872349677,0.010026580697830356,0.002696984772546651,0.0035782242141264575,0.0029925402887358565
2024-03-05,-0.005375911353185381,-0.04248742124612015,-0.04213588456191064,-0.007492968680433476,0.0002682294210853975,-0.005019686546368529,0.00746094781717388,-0.0024879077132227145,-0.01135575204892858,0.005688507477972893,-0.009145269193740813,-0.003936377906940125,-0.018751531188014203,0.0007773415930520944,-0.007210903453724771,0.009474045284848964,0.006593839488069575,0.01629659189379984,-0.004776469739736444,0.015413673229426328,0.014238703651304752,-0.016810878735732726,0.03514990401170648,-0.013832837019266297,0.0026318731077290547,-0.00220029050703785
2024-03-06,0.021983915818379662,0.0026441444888216648,-0.002055564660195075,0.012539932289246991,-0.010031589113934425,0.0018006340788792041,0.007874407700082076,-0.010238070190432103,0.01534569240488115,0.0012145420865774526,0.0003960050954652239,0.008317610077357429,0.006878342957544081,-0.0003099221559834664,0.004185660356144538,0.01619174895755382,-0.008872723057980925,-0.01233487023763069,0.0018664767112457348,-6.37923342494684e-05,0.018930309960382363,0.013010627950449605,-0.004158849877058168,-0.00029219568733274137,0.008078822166410982,0.005266971542034149
2024-03-07,-0.012044456679558113,0.018139827598429026,0.01739749638128174,-0.002527447936105487,-0.0026011308887109452,0.0015044613941559426,0.003580872900073251,0.002052582034732353,-0.003983622247397456,0.0024262258980238816,0.007809775637137806,-0.008340232968165884,-0.0006800235944602884,-0.000792718842453799,0.013975643791306558,-0.03709426656269155,-0.004927708438508205,-0.0076717647978192804,-0.01601793214046021,0.005294032775402524,0.0010598152940002326,0.010899890830064818,0.021274421621281903,0.004579476811072736,-0.0027018988786023934,0.0008676673462120199
2024-03-11,-0.0057131828937435625,0.010108672049653933,0.0019779608048091646,-0.012669453897549587,-0.009833661947512118,0.010009268441982577,0.011353104726598673,-0.017968329053856702,0.0006106467800135462,-0.012654601131373178,-0.01227503648916739,-0.008502264633173606,-0.00980542794387984,-0.0008090083475622567,-0.010034936193623945,-0.0016865072751170995,-0.009947855625673463,-0.014742981744670258,-0.008333895107949685,-0.018209548670315656,-0.007535528445944073,0.003346589424632729,-0.010872663283299167,-0.0018428454182222165,-0.01061859967752643,-0.007153178801771132
2024-03-12,-0.0073297237421507955,-0.003283764232399067,0.0003574188394765976,-0.0047478858608122065,-0.05141290466023152,-0.013354290783945788,-0.010126047036082442,-0.042108148226955744,-0.001861402000106649,0.02223701807115419,-0.004895624428307044,-0.0017150114069252043,0.007715804045242081,0.00031660032104419145,-0.012090853460234974,0.0004223721565501659,0.010034649995477984,-0.013138638031702898,0.006017490355673338,-0.01809482415528585,-0.00583583384032238,0.016956514463857708,-0.011186771816841912,-0.007190645831560372,-0.0009603885133043777,0.0001365188668460693
2024-03-13,-0.015132103201834002,-0.012801546743870795,0.0031230892570766056,0.027849455003883472,-0.039622884221249155,0.00026174831099323725,0.006943158988170106,-0.04913322189955183,-0.0025066744180477496,0.0005823272459013484,-0.02756353545859025,0.006593211754846395,-0.0009609403730790333,0.0006861803643289921,0.04450487285602267,-0.02187166298833254,-0.010404089407610173,-0.05565816280989022,-0.029313646378533842,-0.016388102461226906,-0.016221734034291724,-0.010316861469767069,-0.042597166312540624,-0.012626154060246697,-0.006368070702843176,-0.015132725270416536
2024-03-14,-0.020501727683861604,-0.006007134419691473,-0.009092128911125097,0.019317622829230663,0.012648406165671977,-0.0014594099391379567,-0.005700056495539285,-0.01643807333045355,0.02926747087893644,-0.0033895343010850176,0.009513102663846196,-0.00032284959029726945,0.026002323238974334,-4.8262183760638955e-05,-0.0066280700012125715,0.019879236966607428,0.001268622090141669,0.030937901720508032,-0.0004887609143089389,-0.008297110823630827,0.007442659542780783,0.014123998808324822,-0.005600081065541995,0.026863660621173846,-0.004072930279026443,0.006771215952804832
2024-03-15,-0.011197752378697134,0.004956193423186095,0.01827287076733808,-0.002707374045281208,-0.020163063360435052,-0.0015410605056646043,-0.0026352062745608196,0.022706248394642303,-0.019026134482804657,-0.0019237562569377475,-0.00295545615870052,-0.0029991871308027163,-0.01167377026733507,0.0016237692779426105,-0.001310559227013064,-0.04816061147363748,0.006317688256308074,-0.017094048439625364,-0.009256217833324754,-0.01234729378165278,-0.014011100657377762,0.0027687107562364144,-0.022629796730469387,-0.0018341283278262566,-0.004185677897071027,-0.005567468627318717
2024-03-18,0.014287052382896404,0.003563674985929577,-0.0014889155910977614,0.02073050698662926,0.015236162417719301,0.008934158439888984,0.0015759988257531,-0.024929541826121948,-0.0023676038718964953,-0.00454340256630148,-0.011921790619728756,0.0007868247959832431,-0.019185886357825366,-0.0009244591022253834,-0.003937004255360366,0.03142534952534093,0.013910788683768383,0.011014489300373409,0.014983453782571932,-0.0012979870414383532,0.01488831228009424,-0.015820387206988862,0.028122880217467117,-0.01315278535060671,-0.0003906744499747594,0.0014688778023679294
2024-03-19,-0.009940088307662465,0.0028216751996061884,0.014082206365399808,0.009066731007401074,-0.015784796337404927,-0.03251037211961694,-0.002036331949451742,-0.01266782543602718,-0.02692600182076388,0.0022820255641522458,-0.01434808402537513,0.0025433087477069183,-0.025707550249783884,-0.00030521664583105235,-0.018924363950441614,-0.006546151912996345,-0.0033731572142611244,-0.008983231030140426,-0.009882018608837861,-0.009781808002503944,-0.014510740106885467,-0.04219144256773444,-0.015116459420395523,-0.030086244851633803,-0.004102930113230818,-0.010802196640288697
2024-03-20,-0.01527409220885867,0.0020233344709852386,0.008072719528988248,-0.021444841132737036,0.0035235540306430835,-0.005150858888642085,0.0007419438294287151,0.0020368437709465947,-0.007535092861780335,-0.012626399896278229,-0.011027977450351334,0.000507532945490663,-0.0041627692841750275,0.0021577008144111343,0.015016474530787693,0.0002711713167589114,0.029671497850349837,0.01774352635983467,0.012980077364711073,0.017200853093219726,0.000581339805803438,-0.0016091317945845507,-0.018063165651292845,-0.002728075321202117,-0.0015932448238491492,0.0009923428906801757
2024-03-21,0.0008213915621824164,0.011295583315703572,0.009963185783847583,-0.007468175906861663,0.03844062274060511,0.004079714894698272,0.011353631358614003,0.03909070711392326,0.00548168359589174,0.010272214714400318,0.00017841611352720221,-0.002489537803618269,-0.00016083475966277572,0.00014699757904179656,0.01335092294939444,0.011629769771277498,-0.00276354643888288,-0.003410919873747309,0.005004419288239914,0.010933785608483904,0.010229967162959097,0.0005163293499761412,0.025998143853048994,0.01408309366210414,0.008075852825544683,0.0079146856998078
2024-03-22,-0.002220876021923779,-0.009390999623587692,0.006722915817498398,-0.005427438547706553,0.009560375997171189,0.012238522846351962,-0.0111344417956597,0.010298825587231164,-0.023781210325857005,-0.002005971621175884,0.006332584973681277,0.007857238273734524,-0.02949108740082962,0.0020708914726652594,0.01744798706871764,0.006940593351554503,0.03607189411948952,0.001140843217828813,0.002791203630148509,0.003224545369927334,0.027919748920925525,-0.015618181307024082,0.015441996168563232,-0.02667604734536355,0.003831036769619267,0.0038524885010076115
2024-03-26,0.007016257030733941,0.0039998905975953125,0.02206800659379282,0.012278376868257945,0.00866153847711204,-0.011018538472718498,0.00810898438816876,0.011596126150406727,0.002824339291791045,-0.012094038729833945,-0.007334134327575903,-0.006053546205052385,-0.01073670838624552,0.0022924869807767756,-0.00221643780280234,-0.007904023185134723,-0.007063770122008761,0.008546992049319968,-0.009243784098813213,-0.008905907979188776,-0.006712575392045617,-0.008540239839284092,0.006532009011399609,-0.01488402389831478,-0.005623766370595584,-0.00416580634029895
2024-03-27,0.011820743245944731,-0.007058116465597841,0.016302360968371232,-0.003308064976415892,0.008129096367150312,-0.014792599251030492,0.006894649442312106,0.001980161893321064,-0.010273545357015412,0.010733823622926408,-0.00013401447814531675,4.6296943051027384e-05,-0.005895494281548896,-0.0008619234960582922,0.0008184652307043905,0.009227696111305583,0.02120724683629316,-0.014124309283706893,0.035568758625128316,-0.009121001860270206,0.0037857599387223217,-0.009439043578490458,-0.0076556919545319735,-0.01573417132168098,0.003986034461527899,0.005405716783151604
2024-03-28,-0.005366502171413989,0.03866921430925241,0.03168273546645506,0.022372461327128335,0.01873933313774301,0.01882833179194443,0.012234001411838502,0.010144987026660113,-0.0017138707613910675,0.004997599333016245,0.01100601083944408,0.008811943827436997,0.009569538590553872,0.00023397463681984476,0.0008177958932000795,0.02136993459561154,0.0071940414524236385,0.024068709280206324,-0.004689041202339594,0.025978467007055972,0.010223472652809429,0.009216565669878163,0.014458717694692202,0.016514984521777132,0.007238334359031873,0.009187001078543977
2024-04-01,0.005634177388834871,0.0013079704575313933,0.0007867376213319677,0.006492736893301654,0.0571348981182529,0.015013286961410577,0.008613736131250604,0.03895470190029959,0.008519313404241835,0.01560879925730152,0.009516952617156349,0.00580817027930669,-0.0017355779599284027,-2.379466957358467e-06,-0.0038519863396203613,-0.002810556631415606,-0.0024404463749191363,0.006901673505593564,-0.0007234527913171362,0.007908508175680007,0.005368414765592133,0.010435215527770492,-0.0005539660851471284,0.010102131004739556,0.009626573434224905,0.006050979178091831
2024-04-02,-0.005602611283025638,0.006409518569034267,-0.006006159289373647,0.017202275201952055,-0.01413130560967113,-0.0020478730362488706,0.010954616588419341,0.045214900742984065,-0.018243789798126908,0.006562326584267142,0.00035019609859099354,-0.01677809242753492,-0.008425385087637904,0.0005385844755336766,-0.0019921616800799846,0.02922834968113408,-0.001364333929757322,0.00963331524922939,0.0014647607470079649,0.010681886422774012,-0.004296358392234079,-0.008412603108509553,0.012496826115970583,-0.007732747994586231,-0.0006894070557450505,-0.0003872860275131451
2024-04-03,0.015326719891714635,-0.009779425049548762,0.01413130566143983,0.0032883003438559655,-0.032411554743074666,-0.01814012347740357,0.014772181487726632,-0.03843454775978039,0.004940062262919431,0.0014526536207473129,-0.009402390867390142,-0.0036997053404739244,-0.0014836811156667684,-0.0007120854948962085,-0.0015264200097364622,0.008798406671491454,-0.009926443085097603,0.010458711946748966,-0.010323074649119857,0.006067280186280888,-0.0014794590694139353,0.016350076221615772,0.004479231869517708,0.004156221484953315,0.0016573779939998978,-0.0008306302403686683
2024-04-04,-0.0002821863318239748,0.009418780041384522,-0.003536550014154316,0.013578321767190316,-0.018075253349306486,0.0029552833316599525,-0.0024406615036484114,0.003268457530940294,0.0024743341476756164,0.0305606388803219,-0.00011032306762459587,0.0015319074402220245,0.004085939642211933,0.0002758837593894725,-0.0057619397528463345,0.0067359834128406515,0.011216842708128949,-0.023061625595997226,-0.005894875971114488,-0.015238916570310623,-0.0003086965651366569,0.014186826814651887,0.002427641420045701,0.0086920825958412,0.009166564959028234,0.003565912488363576
2024-04-05,-0.00362202973186343,0.013377103741140761,-0.014794005287245615,0.003695661597790334,0.019871496644673803,0.0059912383188212015,0.016121942308871873,0.037661862197681195,0.0036370730913086735,0.014368904588213605,0.000883021762776437,0.004217464170516161,-0.005111944856500905,0.0012533966940597718,0.01135433136483166,0.005292902742091377,-0.011589676054479137,-0.003903241913476463,-0.001931177032471365,0.007177656656831566,-0.006391352779596793,-0.00600762897504814,-0.004448335080126986,-0.004821551911434074,0.008993816019990941,-4.224679746289706e-05
2024-04-08,0.016004269253174108,0.006674902139072403,0.00040423747493423257,-0.005522993173487367,0.013688956653872042,-0.0007687576102224369,0.0025798684808746586,0.03529504223242785,-0.00336499330113027,-0.0019037653994998793,0.0008822427232517693,0.0034612210091993223,-0.0016226731110285941,-0.0021682382524972343,0.0036251868085137584,0.03218596551301944,0.03570386528609326,0.009143358146308955,0.017721365828398783,0.004641957314285072,-0.0057800555602239845,-0.0016836167330381846,0.006057024249864096,-0.010617464573490887,0.001828064765400983,0.006778164752814453
2024-04-09,0.00367072588149453,0.012580271759995432,0.002096410306096308,-0.01388403267389926,-0.008276695221125396,-0.001077088674426685,0.005060706383852809,0.04477325933971521,0.000292135631619006,0.0012608270930112297,-0.0021155161370864928,0.018304754464640194,0.012290967439610778,-0.000326528653278646,-0.006408729870501673,0.006159377006720312,0.001780092751954232,-0.005362331323122138,-0.015023706655197921,-0.005336434698946402,0.0017816327927722142,-0.0065449348849103695,-0.004638808460821764,-0.008543475860908867,0.0030639431080778934,-0.0010390218270411866
2024-04-10,0.0072222629470208854,-0.0036834210156155844,0.005094961202500636,0.011498248139624634,0.0005491244672042317,-0.001621306608001416,-0.00593125766748448,-0.01785920323240997,-0.0008765016458187613,-0.007878314137259257,-0.0014354315314910604,0.0021227144117299535,0.007994208972512684,-0.0005440562314824593,0.024862260095847466,-0.007030358316444829,-0.015925753484864025,0.011340335451493377,0.010880322529483566,0.019432095315141895,0.0009360870549286471,0.00965398535879114,0.004957869749680821,0.003152596028400234,0.005254420012599681,0.0049044741142307835
2024-04-12,-0.013191673361510503,-0.003198133400590941,-9.688213034875215e-05,-0.006379717297344656,-0.0027987435407466066,-0.012025109014878743,0.011418205872495646,0.0057601701156448915,-0.011467261143187857,-0.011325650134338061,-0.012649774048761775,-0.004506880486917275,-0.014633776690271438,0.0015019652331351718,-0.01567684102120237,-0.0025287227760062425,-0.03281621477020502,-0.023161709142576092,-0.008397700983963752,-0.016366052947953458,-0.03993027786290271,0.004203670306540674,0.004933410542787842,-0.013722969206206637,-0.008615637088266292,-0.010301592814249916
2024-04-15,-0.014439531576137754,-0.024607746114183593,-0.02120463986677068,-0.0029185149347662476,-0.02597395617172249,-0.011998956319220322,0.00407439854647107,-0.007186983520214185,-0.01081163998318313,-0.01596498077857267,-0.017134866038748364,-0.023587489414490292,-0.011180237377859337,0.00314103038794733,-0.009765228231626177,-0.008450202827004039,0.012741949432275357,0.05325553138809336,-0.0015847512239508532,-0.011483695898532265,3.247836665409842e-05,-0.015044801627459914,-0.01934212124681356,-0.02421661777751949,-0.01629379389946939,-0.010963897188301042
2024-04-16,-0.005718611424037512,-0.023146429406402214,-0.01724077105936772,-0.0005854472498986185,-0.010621501972828407,0.006571295337344907,0.010567249760766284,-0.01711723219246508,-0.018437860761238545,0.009734483233895697,0.012192051532695203,-0.010478818200382434,-0.0365766922100903,-0.001257040512729457,0.0,-0.010786720404774242,0.0064277363735278925,0.011791976771203805,0.0006315330845154676,-0.00765676576641805,-0.0016232986565812846,-0.01735508232950722,-0.00600724721507484,-0.023946961283511814,-0.006037881424228009,-0.005594325260972033
2024-04-18,-0.026523412857991535,-0.015199151008864709,-0.008778803355608544,-0.030810651764440533,-0.022327538687283432,-0.015403892948539721,-0.0035552952260338166,-0.026583266338850886,-0.007073823634311194,-0.009640636618370113,-0.002701729418766008,-0.010871316398398445,0.003393399676084208,0.0010754389693181654,-0.016553159257577055,-0.003126070603800324,-0.007814265961961664,-0.031785273996100316,-0.0009723247352214637,-0.009179315145312672,-0.01375561590708163,-0.0027887098764158846,-0.021605620937728776,-0.008921485012532204,-0.008747042330732646,-0.0068652458503182245
2024-04-19,0.004980386334394016,0.01574750823426463,0.032829425990664074,0.004955832419659689,-0.00046727478456098925,-0.0024005224598993014,0.006758113245871167,-0.014462573025354808,-0.01319155918476489,0.024486618230647794,0.007585335897690726,0.011180115535289303,-0.005636663540942499,-0.0006077355175914123,0.014086261630906094,0.028617869462868706,0.024663424997095396,0.004012362993462748,0.00396100065022531,0.007585976374629988,0.004220449777716961,-0.009269737426479852,-0.008390369573230805,0.018903931236066374,0.010722437316070366,0.0068717686886063944
2024-04-22,0.024147446566707087,0.006454612375739854,0.0242573924936349,-0.003488103411791066,0.011102689875131189,0.012325807777328501,-0.027601715254901182,0.0009397307877287986,0.012711563127565162,-0.012473167836969723,0.004436250669720421,0.018177602047736663,0.015234668465816004,-0.0019115266003738585,0.001294905545107694,0.0037208695948138804,0.0058650025603117495,0.005631215014128221,0.006615006249704791,0.020854118980263348,0.01136059272743184,0.010036066268075183,0.010745453169646035,0.020430661271940043,0.00737270159361425,0.008551965982977361
2024-04-23,0.0017077096315449847,-0.005124463920077926,-0.004429362638620371,0.00615572897553851,0.02323298265922813,-0.01063826268856638,-0.0019295086588689836,0.013003150042596001,0.01415521479107995,-0.0030419292725942793,0.009480274419959578,0.0033129312435218328,0.0067353393736988565,1.0796490006237391e-05,0.009169950931989135,-0.013416732359486039,0.016483471501155034,0.0,-0.013869540531815439,0.009006777122813059,-0.036004104804858605,0.0026134580906191918,0.013558649419872948,0.0002165222282377588,0.000950461716875628,0.0014147135985376202
2024-04-24,0.007104079740380076,0.005706016453264073,0.009538558656580154,-0.006597925236693336,0.00931935582018939,-0.0002182245609079203,-0.0013747266567858407,0.006132147161857615,-0.004977707567107581,0.00271964756371168,-0.001104652000035844,0.005961901257896862,-0.00807671242135699,-0.0012339888866889082,-0.0006989964134720417,-0.0020120991931987797,-0.004016560947178838,0.009212541926786333,-0.006270051589257086,0.00012930860912718778,0.0007409105714470954,-0.011265360150741643,0.004965881637352343,-0.004760961469809422,0.004555946104515041,0.0015379287654238016
2024-04-25,0.05995769046369004,0.015456881756988894,-0.004672998158913977,0.009177661618607225,0.00033578465944805735,0.045027390600336226,0.0022800812338674703,0.007838993990322507,0.01683295920365846,-0.0006284386714442425,-0.0130073530037772,0.015500271396208465,0.0053816561517232575,0.0006879740757443908,0.020167827495007895,0.018654766312659943,-0.0016648105272071279,0.00930737304816276,0.0067577197645412035,0.05122242940045907,0.023153292466087994,0.005520611504088002,0.009680770743276002,0.0023919041262279173,0.006348943093859694,0.0074969296067168845
2024-04-26,0.002928139892320436,-0.03515449853774111,-0.07727314633091797,0.00335047002895017,0.01588718788795873,0.005362863929513351,0.002146106916992796,0.02467575276067513,-0.02014431720151888,-0.0006288338549566008,-0.003675901024746131,-0.005252394667328075,-0.005700570499068802,-0.0004655050675055339,0.00559930651547158,-0.024775187263803455,-0.016958822110996086,0.003369170265828947,-0.0050855490745458365,-0.014027425538329585,-0.008946435112068607,-0.008008383044239342,-0.0017478628741348645,0.007809136844387776,-0.006060392726143227,-0.006663626980883297
2024-04-29,0.025612592834687975,-0.0010642640440701179,0.0141726688527688,-0.014549806116927466,-0.024118978012701908,0.007197472828973206,0.004539940591891556,-0.0025808581681614484,-0.058655960513576466,0.013048153538086193,0.0015521579798074558,0.04716135102162089,0.0031464172723703054,0.0012063890628539742,-0.004090876676463573,0.008386650426786879,-0.0010626878054891264,0.00106057128953152,0.008588217363141082,0.031448995664037804,0.009989732997496947,0.012783485686296503,0.0011005678300142208,-0.0035515602392796053,0.025372890843195828,0.00996662256880243
2024-04-30,0.005736531627133834,0.012126633567967726,0.014201755716156672,-0.008471462804184426,0.006489149152005158,-0.014736904259739392,-0.02302379220960915,0.007458198160337215,-0.014992146159795827,-0.006145903529752084,0.00195407587448182,-0.00840419873458187,-0.009897212097532249,0.0005851785622481565,-0.005819161035787612,0.04573131508463901,0.010059281321054048,-0.0012357631112329681,0.001348064844735486,-0.00030254083619007943,-0.012815552412534514,-0.012803106083290272,0.007295659430615942,-0.0011880018006017456,-0.0005523784638946649,-0.00170251731563964
2024-05-02,-0.013766203234822139,0.00027870274776664594,-0.005900103209874663,-0.03637255395866679,0.005157779066834456,0.013409974164987126,0.0034040539236066536,-0.043397841981994145,-0.004317138340459992,0.00799288887338312,-0.0018606544119998958,-0.009518542445658196,-0.004294146669012733,-0.0005356504688244224,0.007689588248798618,0.013355708050599935,-0.0009480033547996092,-0.00017689289015743181,-0.0003066243147270553,0.004599076425209514,0.011251016476784503,0.011163218320566104,0.01974401500056855,-0.010813185748954734,-0.003354455885255625,0.0019177127972140884
2024-05-03,-0.007261874319132722,0.0073354113112096275,0.0070904580620327895,-0.01063959937124892,-0.020357981551829774,0.0098689415323856,-8.696554285025915e-05,0.01460891845010992,-0.009296666270942722,-0.008255821644699624,-0.004154775560179069,0.002281965608883052,0.0013080064378603318,-1.1891428695065542e-06,-0.0058087160095625645,0.0035923853262018746,-0.024458477696576497,0.011669030547093007,-0.022195003295895632,0.0016867499252124496,-0.005167873360497954,-0.005151073455057387,-0.014010476593554588,-0.00010927789483827777,-0.006246058028830714,-0.007609859296553445
2024-05-06,0.001883525428772348,-0.009801575335320223,-0.010337009757808935,0.004736944612608207,0.010134330442722828,-0.008835357568270141,0.009830403504240914,0.10625756394429753,0.00797438577992371,0.002007143164551195,0.017658470964773354,0.0037213611145590075,0.006778214353488243,-0.000315397653049998,-0.003894995904332843,0.01456918374669347,-0.004230689096921814,-0.013806321474884586,-0.010094119657954703,-0.02844439153079903,0.011911470221200648,0.02020347469668038,0.002762891114012067,0.002842543726014224,-0.0005774315140434361,-0.0014749338156797576
2024-05-07,-0.013946614904592702,0.002358399264015487,0.0018513470856198477,-0.0012742877069052971,-0.03517072334130622,-0.0056963762404291796,-0.002756782484130804,-0.021721983601504014,-0.007346304721053909,-0.01083637004209359,0.05460509751592579,-0.01256214519160026,0.010554579200079628,0.0011130242040673366,0.012880934723209947,-0.015034047819055929,-0.006049396350879088,-0.03030302120741435,-0.012715546989404691,-0.00730373364879211,-0.00902469580600429,0.014766331578558889,-0.027209167258211875,0.011446639185696661,-0.012474597947128241,-0.006246985595782073
2024-05-08,0.0008424475510209195,-0.007491635908721261,-0.010636484930607204,0.007782605661228903,-0.003972494938371707,-0.0321608387724176,-0.0006910217473075075,0.011632578170071461,-0.012998190537321319,-0.015602707334695265,-0.01611728208020302,-0.007862850609154592,-0.009472853669704628,-3.4731911232155355e-05,0.0014761574957140589,-0.004152376179722417,0.014517957698096051,0.011878783796675396,0.01218370953242398,0.011098610552005894,0.0042234567583168126,-0.0005026159969109267,0.023822750628291978,-0.0015090219067961375,-0.005472674246928877,0.0
2024-05-09,-0.01151817782060438,-0.023985583761008344,-0.028575922014289934,0.0034182083778075967,-0.018299090289240816,-0.02955574699244068,0.007996196066356154,-0.019887428105687333,0.004871971377510498,-0.023707561259000087,-0.006578408751279463,-0.006500522639970252,0.008582666130863004,-6.708975869351708e-05,-0.03605442376742629,0.013815097892335482,-0.003101180486618116,-0.04190011534931426,-0.01721833483637203,0.011100063674882366,-0.01780848505831467,-0.004211742565624621,0.01798244685705641,-0.01575984251744611,-0.011103517154974707,-0.01546911781190452
2024-05-10,0.003988691231734176,0.005177076740654707,0.011960341476375147,-0.01261670417673244,-0.013203529399794967,0.0074267211524923216,0.01509367081080737,-0.024098710504708243,-0.002916925721225039,0.006932751683361271,0.015866671373819363,0.001210015655068064,-0.010176792988385919,-5.877603433246392e-05,0.01940717999344921,-0.008813358824692252,0.013662851952126909,0.018850184648784074,0.009540001855627978,-0.0029884244246605185,0.00796180018282433,-0.0167415640837012,0.015869160367331547,-0.008883592715885902,-0.0014066083612420677,0.0044494691449390444
2024-05-13,0.010624112536151253,0.004991447865186016,0.00517641978528216,0.010989018488071656,0.015620285446994675,-0.002102662167937863,-0.013179550765995973,0.028112763934357465,-0.0025070589825647582,0.012066211712099095,-0.0008042972016082395,0.009802610430296399,-0.0010176655661091605,0.0007836960506215629,-0.003461350701745136,-0.004012710362020111,-0.0001301403244599042,-0.012395811593140182,-0.003357196352184899,-0.010460677448515643,0.012279669472230026,0.013842101655642258,-0.0830268670178953,0.00022131313235829175,0.007022190312494292,0.0022149680905385605
2024-05-14,-0.008082998582013556,-0.002594028001356441,-0.006407418423352129,-0.013903008914684878,0.0003576285887891828,-0.006727585003241776,0.007405420985537647,0.02013295166421014,0.006207823890391984,0.003916848593604971,-0.004680982275893419,-0.006604479284010201,0.000878185189407299,-0.00023109743972349328,-0.004978585473542574,0.039212537974652406,0.01107400865867425,0.022480263444722093,0.012386650059300619,0.011622170881186777,0.01324538896905425,-0.011804002682236026,0.005105583702634364,0.009735550346340105,0.0022060441470586056,0.005148324587705533
2024-05-15,0.004631025626802954,-0.004694056173966787,0.0006440924241000179,0.007818516234270767,-0.01597038094087533,0.0010564972834818942,0.014999596453186603,-0.0003720273342737723,0.00896993767925669,-0.015366691060426096,-0.011193259343504569,0.0033910208848699774,-0.0033341199104232055,0.00022393310402812894,-0.004421690176726667,0.01427370232824332,-0.0036600170218006323,0.002015525642310001,-0.0026756828141404343,0.002566571759566205,-0.011551429237930844,-0.005331777525987458,-0.017985821810870606,0.0042730867687272855,-0.0035938566533401106,-0.0007786004689536163
2024-05-16,0.00997302813307277,0.017175939668633955,0.010052492652646183,0.00763075320455453,0.01919696351335598,-0.004187238701075513,-0.0036421280821004043,0.013735091521045906,0.011441332984035713,0.01511988175404233,0.008543729463144523,0.005959132575704906,0.023522048673075835,-0.001425963701546351,0.008531891964458582,0.030165454805405556,-0.02112033691887205,0.01535913381729892,0.006407516477841657,-0.010179196950719005,0.005826961417030763,0.012602628346796596,-0.01150631794265633,0.013419167147321165,0.00607290948130923,0.009157377676264788
2024-05-17,0.001799199961764808,-0.007048829648889643,-0.0029272711408708796,0.01047575623493291,0.008615600175082783,-0.008691756796180727,0.013529391248686906,-0.002517453797358904,-0.011089279809242236,0.002636598551020608,-0.009730382704442375,-0.0004863977868845293,-0.006226901472135338,0.0007793581327164567,0.011241281933237257,0.06022993978632596,0.011510147340934918,-0.0007202133871599958,0.007261468961419659,0.007266482593023982,-0.0031895709813504203,-0.017136805797924648,0.009931549768231962,-0.007428130378519415,0.0028888323478224454,0.0027785403439750667
2024-05-21,-0.003241684827013147,-0.0013882378964479303,0.0022966302950460094,-0.009992448747925375,0.0037702762722662264,-0.0034054641167069466,0.003938313652392278,-0.02241655866667569,0.006525764769767406,-0.003620009473082497,-0.0041589798004415535,-0.008447651487809904,-0.007027697433532154,-0.001858125971782365,-0.0034381075230702773,0.003201226695245918,-0.013305396671119074,0.009551200880946853,0.00029601295504133596,0.01565084981332099,0.0062360871076259095,-0.0036254345108061026,0.005921555976089232,-0.00021699189380286477,-0.001401814605857643,0.002802051667603722
2024-05-22,-0.010240370343281735,0.0008845538579300705,0.00025216098185487645,-0.021322260861178277,-0.005340692263892666,0.0160821266063651,-0.013420324835978548,0.008784959421824778,0.0008567270503967439,0.0002741553257172846,0.02432169303145293,-0.008787056880078525,0.01439880267517557,2.1611199143123372e-05,0.011729733134214548,-0.0006342500383061944,0.004653843556267301,-0.0074973640945534825,0.017077215786275746,0.0022032553062236726,-0.0010707206626747734,0.003088840144662486,-0.003994472091282675,0.0008678701923952037,-0.005541310690705403,0.0030516154749500313
2024-05-23,0.034857867411307364,0.015467749421996135,0.012172769409774409,-0.009024067951477588,-0.00041301128895054884,0.004248238132566584,-0.022685397739645285,0.0004975562975009229,0.007818261007026095,0.022889315389068132,0.0065910084258067325,0.021060134733783986,0.012097849198411836,-0.0005965844054759417,0.0032960530552772482,0.03496561031676593,0.03220336437453031,0.019604365507692956,0.01738947961730397,0.01630531213915254,-0.028714370587699545,0.016036016047151103,0.01567270937489318,0.009755002147451064,0.02064906015518586,0.01636661960848307
2024-05-24,0.007508969452302061,-0.004196652578715598,0.001501397969342122,0.01105760951932444,-0.008145966904496316,-0.005417271950657554,-0.0010706638115631772,-0.027622343339211985,-0.006169085098084781,0.016481356277241233,-0.005645397690278275,-0.002247698069776427,-0.004958003476747019,0.0002318126697076206,-0.011668721056216746,-0.011286946770535877,0.005067681785158484,-0.0007056554920450431,-0.0039030100181525196,-0.004206234367539863,-0.005618392782268167,-0.011288108019468113,-0.0018703686553730448,-0.0046156955420911805,0.0041634754431041365,-0.0004593757337192361
2024-05-27,0.01107335175730384,-0.0036834609198893586,0.008571161531584215,0.0,0.002797091067022306,0.0011847782338314516,0.0,0.03883820689814654,0.006021315108720504,0.006920644115276486,0.006521561137144749,-0.0018992788642747671,0.004265919692974629,-0.002811977998472992,-0.010774939340639222,-0.011881027750849982,-0.007257588897451317,-0.01977051227573845,-0.009457826453420637,0.006155017336611834,-0.013889760487059921,-0.0006364664194514758,-0.002134213165268184,-0.02415602241942738,0.006333304139145568,-0.0010737589261899938
2024-05-28,-0.0030327936534411126,0.002412574728538397,-0.003255685945497966,0.027148746490105458,-0.026706176766203682,0.015768008715713266,0.009732026225884205,-0.023933459268029145,0.003768631048489457,0.0018327000548690187,0.004801912888757309,-0.0025227202632134293,-0.002922404274177226,0.001125776675671153,-0.005793624643112838,0.0014514904900839731,-0.006779656522981403,-0.012065739877420989,-0.006854253936252164,-0.0030586063988439216,-0.0007843421518438642,-0.0018587179884984595,-0.011424060194370478,0.007956561091768677,-0.002833750827610393,-0.0019317094176221072
2024-05-29,-0.01998488916636776,-0.018597956009442695,-0.009653764291336131,-0.007515952152811867,-0.0020732064126542937,0.005942606055760802,-0.006326385297492965,-0.006089505090808189,-0.0039015528506080033,-0.014504945080545228,-0.009411755886965523,-0.022139288154805814,-0.010974455119170168,0.0007312301908786178,0.004545390725812837,-0.007501582108150107,-0.002336475198132848,-0.008931693064184842,-0.01059255978193685,-0.010226837269015188,0.009590977284841262,-0.009440263816501648,-0.004168666819538425,-0.011511899005580584,-0.013039659342834353,-0.008015115627261094
2024-05-30,0.007070531969589622,-0.029173762981776874,-0.027950195242917086,-0.016660351368124715,-0.019858299392247147,-0.021164026098150712,0.0011109060639156176,-0.013268850099694474,-0.015704767238612916,0.004342587096262562,-0.009269403045903513,0.01061702186360347,-0.01619627465963336,0.0019121510810247155,-0.01647522390291334,-0.01584663427351518,-0.01490762105536203,-0.018944253536759326,-0.011053153643843294,0.0038898103318742994,-0.013421693546768365,-0.017759237038563525,-0.020824487601723285,-0.03072315473755305,0.0037318547662894552,-0.009515599658179275
2024-05-31,-0.004965980414969429,0.0029526085147026926,0.012279954198186616,-0.011808570852208544,0.016956608081993396,-0.01394338911401749,-0.008536429567474357,0.02092403011899413,-0.005819090732424259,0.011024139532223032,-0.009505071753962313,0.006599631175603804,0.00532366538105844,-0.0005361998503509158,0.006134159835992747,0.005113324582234791,-0.015772506995831437,-0.008811321362243496,0.003895159819125249,0.0054489323286919245,0.0004798224118525152,-0.01743801046365223,-0.001028262760475851,0.002860786702401974,0.006195215443995039,0.0018697799732139142
2024-06-03,0.05313426851555181,0.030877914690760067,0.03252598550007901,-0.035978655928368686,0.06559184809203522,-0.0014762243182486756,0.010202848296901212,0.06695577437768208,-0.007287777110215776,0.02654175873373954,0.01152843121173297,0.03474419642857152,-0.0007108446312953376,0.001559009460365246,0.009145388344990346,0.050972368473001906,0.006198055126634516,0.07471158867894867,0.055875984996647254,0.09068470706739773,-0.004623925905084092,0.008689920867067658,0.02974008760733038,0.013464217138914547,0.04074804158983514,0.03254231769535276
2024-06-04,-0.07570063670068994,-0.06250790252585103,-0.05870811929874031,-0.013069269802606143,-0.12213074491229048,-0.009077832617603532,-0.00899177396153883,-0.12844255783934067,-0.00829234763657849,-0.056640327834704185,0.059595169742935106,-0.07633626236988356,-0.008713279000617913,-0.004282750977024019,-0.01742032008835248,-0.023196474863947047,-0.024053993419989594,-0.1682506545721142,-0.07485139657931561,-0.14404019893146525,-0.015966420746372334,0.0032811947167985522,-0.0489767804859329,-0.013397890989371275,-0.07946943295031661,-0.05929359941641077
2024-06-05,0.04707184930777841,0.027347085033087692,0.050249097134383636,0.011194535082924562,0.04331576007147464,0.016289069713394833,0.012298472438722952,0.032605123011169024,0.030800334082999203,0.046286584690063304,0.042643018584013426,0.034719394514274526,0.02615434977260067,0.006450610023598813,0.03636807381657037,0.06531525676544714,0.026819134466399275,0.04739735449758231,0.016800491172215715,0.018769273160395672,0.04017909949882981,0.008465642902630188,0.028819473257967854,0.030468931477538375,0.045302862843005665,0.033624236760035675
2024-06-06,-0.01143933449281398,0.005765312865676275,0.013040104400041663,0.019981144363863335,0.04158040081884007,0.011469503285335803,0.006881589779467623,0.04804735475260413,0.040038761938910206,0.0050907998708780156,-0.02042069679496239,0.0015785090735211948,0.02947348213868972,-0.0029726844193294077,0.011852122954648214,-0.01499471009337583,0.013669117391943875,0.019393979791570315,0.007636802494169315,0.034441332166824434,-0.009816533950209316,0.02240789661008913,0.008925212859973497,0.021041046650497774,0.004837402964075865,0.008888049244237806
2024-06-07,0.013536081081264584,0.027023510065136813,0.0383491895094592,-0.0002647818881917896,0.01724652311528696,0.0289173064019832,-0.027464918497738466,0.027589107948930325,0.024329068997402947,0.00875165291931812,0.011060508202320518,0.010176362948006057,0.041670904338408477,0.0011069744698637418,0.008612847380856214,0.05837360076885911,0.010841549919628157,0.032104547692224816,0.02678814369268001,0.015912892039317894,0.023188647115628847,0.016590968118317173,0.0343724416054505,0.05108452019970966,0.010372917202576604,0.020539931466807104
2024-06-10,0.011122184424487758,-0.0012118763728500292,-0.01425998003013873,0.029259885081295955,0.0049201846039783614,0.007399418198022367,0.0010845046212710763,-0.009796351917736867,-0.008906662386428787,-0.007658625922126627,-0.004829712425879484,0.0018723521208798832,-0.02207241086669387,0.00065295760363826,-0.005123626797391867,-0.017463148028838305,-0.0072867234955155125,-0.004800399429449764,0.000986523838947706,0.002229000110888668,0.004147702510697737,-0.009052528080349398,0.004791424229052321,-0.019193063641478103,-0.0004477780865451697,-0.0013289382574128705
2024-06-11,-0.004500009585119313,0.0015646260469539541,0.0069475092844577535,0.0020581896900713215,0.00991045013374281,-0.010956099231950955,-8.664522082846293e-05,0.003707745346824831,0.007083681417611842,0.00224169497884974,-0.0035082434269068097,-0.004983199695390073,-0.0026669116610514854,2.6305862279585313e-05,-0.00892650125696648,0.009973184808359292,0.011488080884598517,0.05556633251695664,-0.010007403811325588,0.004508283258018775,-0.008822758659973395,-0.001710307750958262,0.018521391118913932,0.0016833996233567294,-0.0015095837933569722,0.0002429314342191624
2024-06-12,-0.005608468199030714,0.006918523444153113,0.011158435657997234,0.007702162546450841,0.004380819653222234,0.003443986495446527,0.012351029252437806,0.025298113728770444,0.0069638969092897796,0.005975118661678769,-0.010816215470783264,0.0012073104156202774,-0.0070533649540514,0.0008021250193406271,-0.0016166681199051292,-0.01692801107354769,-0.0011117247804776076,0.007128660148727928,0.00456513344663545,0.004248642695657834,0.004733955068469742,-0.005308945220215966,0.0016209031040510524,0.001785498136273267,0.0038094498624403617,0.002497312914139238
2024-06-13,-0.011154222251934298,0.006966025145852095,0.010695796327314211,0.0015286974086883287,0.016632690052151178,0.005907561241300874,-0.015325363368204226,0.03502149886592987,0.0037534152799822973,0.004192805957029755,-0.01633263011272368,-0.010897170332043626,0.00589138694739999,-0.0007476362574380113,-0.00462631544116987,0.026600399097201022,-0.00019464499885324393,0.0038112118769686454,0.0013155228658845441,0.005720556999694315,0.002621409571551103,0.012135863599668228,-0.0028826064246539884,0.01195223167150461,-0.000970082076882206,0.0032564994745150067
2024-06-14,0.0054485047342114346,0.0010376560695495307,0.006388075456278841,-0.0021623733452137417,0.0052056553704715736,-0.0017387978253552427,0.013564016969907167,-0.010640885493921726,-0.00907117308126415,0.010216631216784178,0.006637275855524205,-0.001535166984294567,-0.003380244078900918,-0.00014604062760759096,0.0019753005522993305,0.02337771566861413,-0.00012832618856251088,-0.00415852570960229,0.008394474272240382,-0.0055694240997820055,0.003441877837031093,-0.011887116404416198,0.007658447001912316,-0.010567861537051693,0.0031155680051846435,0.0028505279152657437
2024-06-18,0.009186591548572043,0.003895052875592553,-0.0009331563336294479,0.039770591051016435,0.00022767653001309895,-0.015447253575791908,-0.0004289268430502924,0.03014839101595168,0.004297570906194759,0.006825686975135747,0.002621173962130907,0.015556332095948422,0.006246131165788871,-0.00014368696739108788,-0.005566497622891742,0.01137060384552746,-0.02212892262920041,0.0014526256397560111,0.00235186640515872,0.006792219121384502,0.003265191541009793,-0.0044232465377250785,-0.007549817202948672,0.03005242515924933,0.008777617645294278,0.003933450786960613
2024-06-19,0.02915528098628939,-0.0019086642610883775,-0.013736018578960119,0.0,-0.02162042857279234,-0.005850136259293981,0.0,-0.028521502831485135,0.0060185804266217335,0.031129541791229842,-0.011764650573157787,0.01923674778419371,0.008777347351639708,-0.0016285645061738796,-0.011895051129736767,-0.00947021051621999,-0.025384197987802226,-0.015409925185201012,-0.015107785783289307,0.009113373663173885,-0.011144378974819458,-0.00351231523046458,-0.008672378956543048,0.007929273528505698,0.0189757195727982,-0.0017786131162043084
2024-06-20,0.010475663870196827,-0.0055803439619537265,-0.00371157246421161,0.007355626779034674,0.017097033145190066,0.0024512221818226987,0.010041257923518065,0.003265819990762031,-0.0016600439433699377,0.006936602286246041,0.010256421924133452,0.01079126937898045,0.002679695374333324,0.0005445639233492283,-0.0008260929132947181,-0.02135424360229965,-0.007564116919809627,0.0011048376332163379,0.010317798632475172,-0.010379984123776831,-0.021941430691647112,-0.0038009257434169497,0.0009209449920655199,-0.01079179910941086,0.007494432432650244,0.0021687361796223215
2024-06-21,-0.001653951882774507,-0.003848558780133904,-0.00513883868621845,-0.017524581283925866,-0.021040578104356222,0.006808129809022123,-0.015889262345370136,-0.0010961450927136074,0.003048336000031071,-0.0021564187492032483,-0.01647733949946706,0.001599224377258679,0.0114159852930944,0.0021829234620462934,-0.008740933530563932,-0.01088388058250822,0.004280089692428657,-0.008092619452056193,-0.013232120851392026,-0.008829595396912637,-0.002549373658422449,0.006204999496478347,-0.016815813725184037,0.00030590737626878806,-0.002352127015009642,-0.00279629951309035
2024-06-24,-0.00755577714219946,0.005541832068491237,-0.007344734301943601,0.011148195950211992,-0.018280573153008572,0.007236019342251376,0.005871221822488115,0.03456588925073789,-0.004834807595405999,0.003992140899659047,0.00036866390144463246,0.009882168578474682,-0.0036209074679575126,-0.0004677021333331366,0.008818011180161456,0.02670817517937829,-0.0014835261779886366,0.0009270073134832746,-0.00875050909627828,-0.004304630541632992,0.01857215151479341,0.0015876473982350259,-0.0038988692156352034,0.0,0.0008226637200989817,0.00156375661610908
2024-06-25,0.03529841489768404,0.009888816449363569,-0.001044995625275047,-0.009800262762226009,-0.01879953959155778,0.0038730268265332324,-0.005751031048819688,-0.01094416291204714,0.00492748537113763,0.023289908110065705,-0.004094698180010403,0.0238013514068387,0.009691183042215501,-0.0012217987448578382,0.0,-0.002195011227213106,-0.005482869368578225,-0.010744656115967532,0.008793131420791411,0.011468686173173648,0.007159637823445308,0.005672311443622791,-0.0031835752447966215,0.012842703960738833,0.017446458053592462,0.007793879853915442
2024-06-26,0.010971739770215594,-0.0019334371879539125,0.011838350154572463,0.000866011298261915,0.0012733676284166773,-0.0013736932575383332,-0.007511070426863498,-0.0034608942152793976,-0.0029350359923204783,-0.005755713328143508,0.0055095909319136105,0.01673695141834819,-0.000810627413827314,-0.0005488457145699233,0.0015353597384988316,-0.01990093530865733,0.006738718776235553,0.0028090046233752997,0.04117521720062789,0.0036805393027083966,0.010596571320230064,0.004533004783122907,-0.003298450315260215,-0.0033209000056529936,0.00502794358058023,0.006218040121837909
2024-06-27,0.0027616922602267113,0.001780976684986335,0.0011944904623759633,0.010383143659421501,-0.010839356103530817,0.027322667452811533,0.011003848888927692,0.014380927870803584,0.007757947818460842,-0.0031442759121885766,0.006767144702564565,0.0015600614409658764,0.021191608758473368,0.001987685714437193,0.0038920882500819154,0.013133475599401478,-0.001598608834898374,-0.000933712072928583,0.010914635166324516,-0.0015968895369020686,-0.0032211741443787245,0.020306677118075322,0.021274393850757134,0.03150246359956088,-0.0011197022678053337,0.007361040898544724
2024-06-28,-0.018386998350643058,-0.009325727492829006,-0.007144080186959001,-0.0024467452100440656,0.00979494823917526,0.02669221355126883,0.0013766191318025367,0.03126357706520633,0.0032304570402803545,-0.007281138383671393,0.004426958792006719,-0.01664082067187278,-0.004194857927272033,-0.001549422412494672,-0.0016446967115275601,-0.007719125794696247,-0.011897818097013513,0.025046806800762766,0.02276964031814055,0.0058649522224591966,0.0030337433302931593,-0.007625373850596917,0.01815658733240344,0.007928669116577636,-0.008881636587457997,-0.0014099020825968367
2024-07-01,-0.0026477456686418988,-0.005005810184825266,0.02265455070897171,0.02256556680440558,0.0007881289649844803,-0.007598834671834309,-4.289793260281449e-05,-0.014417554255005904,0.006337202969006528,0.01270923783935718,0.012959719573911066,0.010211819986856163,0.015350341875290718,-0.0009993530854969235,0.00976701385716483,0.0032094555329573726,0.006215914131881384,-0.0045588033809803585,-0.0033538119265674737,-0.008245497211171848,-0.0004932278358303899,0.018967044271458677,0.0124273488847082,0.024278807396369784,0.004441918335570172,0.005470484349075377
2024-07-02,-0.006735843891714888,-0.0002847382392315856,-0.015274629145403673,-0.00683616830895073,0.006057639509463142,0.0026047604573542493,-0.0019763264578318562,0.044106754422896355,0.008135772537718688,0.014895657674093732,-0.007963788512742487,-0.017535196144427,0.01901559722249102,0.0008852266534395969,-0.00827412633682556,-0.003720873187439744,-0.005454875362909561,0.006961083227628784,0.0032208997154759,-0.018765935608866857,0.0025986421417865113,0.009853683456998441,-0.020707559435812817,0.020574737210299787,-0.0077346718244023505,-0.0007497161563467802
2024-07-03,0.021222316224285276,0.009115379455031825,0.013006568258765228,0.01292114148496526,0.012945581134827577,0.008735980650479203,0.015841605177841167,0.008951520117548295,0.00013500444839653625,0.02198662685196151,0.010140347314691933,0.009238978343461435,0.003917127627734551,0.000453056821463127,0.006580413674950991,0.004467542187309492,0.0067304000530870045,-0.0005458785063512384,-0.008146097436494082,0.016703979873347707,0.006495807609320892,-0.01298100333459673,-0.005757642863707613,0.0014863800903011093,0.01765731184211128,0.006742306607722792
2024-07-04,0.0007031105111914293,-0.005300729830853723,-0.020905595902097285,0.0,-0.003031578991244732,0.00831798296944175,0.0,-0.007325851111564807,0.027920370726167487,-0.02346420080274736,-0.005736373784188786,0.026131854529188203,0.014286703791210442,0.00014494908640494408,0.00175122125062388,0.008634648163264647,-0.0028086154228285087,0.00855471225036375,0.0010306439714371507,-0.0007739219104039297,0.0156132922161214,0.014047004867506319,0.023112790898002666,-0.015398817328017511,0.00027216844747290914,0.0006444070008029268
2024-07-05,0.0048012923175979605,-0.003846782980018393,0.004354692144270311,-0.00858361486509529,-0.006916285456433968,0.006273678274961059,0.012162026687865923,-0.007425325112569325,-0.0019378414695973012,-0.04576909350840774,0.020453152582680545,0.000324411723430007,-0.0019387050721503263,2.631733090363575e-05,0.010721293649498698,-0.000381698460632407,0.0011951420754696684,0.0402455520709315,0.022264699061864013,0.024365552922213318,0.006739849433835765,-0.002275580166824387,-0.004558164650834029,0.008290902232104047,-0.008348715113493665,0.0008928929498506211
2024-07-08,0.0006214897404754893,-0.006014274819881704,-0.005568740194477839,-0.009980781559691843,0.003482301982040248,0.002170310537125575,-0.013941824922807156,0.009233035776892384,0.009214263960601876,-0.007736160732784048,0.015763725095638836,0.0013378024130352717,0.00861933055775932,-0.0002551251881570682,0.02294482902824413,-0.010154051649371887,-0.006646423838653215,0.03799442758112259,0.007726916342910117,-0.004070959732811796,-0.007651117686036324,-0.0046363209132167515,0.009007152437387589,0.011399776948177509,-0.004454029916067359,-0.00013562113637344275
2024-07-09,0.0012035369372869198,0.00732446484766025,-0.004254501262335508,-0.011174518990454962,0.0034102829620854536,0.0074530762983267,0.002080564956676856,-0.01301333101839064,-0.0014999894832119498,0.0007031424538310738,0.0011595363269001346,0.01068781679452413,-0.00270803660859098,-0.00017366101643789822,0.020288451051664325,0.026005087722526854,0.06687679996919571,-0.00568280001784649,-0.006636901459187605,0.005897780829865695,0.018632709106884526,-0.0019283485441018433,0.012317971018745544,-0.0003696112280044961,0.002727664582495848,0.004631820986013446
2024-07-10,0.001745104308155776,0.000600659225818978,-0.0018534905014949699,0.008475553138107328,-0.0022062382133987146,0.001473580489835813,0.005126839123324123,0.013766073633743492,-0.01381361812983739,-0.006355037019879384,0.007837376545868358,-0.004045748035387042,-0.005370829799669297,0.00042408072800381724,-0.0025406882771797923,-0.06614253924282665,-0.004279845129047777,0.0023533500959038722,-0.0038044474248314364,-0.01428070701929074,0.008294529964047559,-0.019156845041366277,-0.009310801559681114,-0.010073880193405604,-0.007219110848261101,-0.004450911197766749
2024-07-11,0.003948419968874184,0.003348989861579943,-0.014833475159216958,0.006333791499701924,-0.005677037216182734,0.00033359304609881235,0.01804234453633713,-0.005974784057194427,0.0012914116052984426,-0.0025826974814581183,-0.0006128476859353915,-0.0038208448953350738,0.0026998762927665787,3.481488805223698e-05,0.015948577868774683,-0.012426770831000744,-0.0045095755790447445,0.02213652060629867,-0.00225658996090794,0.009069588006956453,-0.010509519475315976,0.003721919348509406,0.01521627477730525,-0.0027075367797263494,0.0015587037004187732,-0.0003494426502141934
2024-07-12,0.016631301564409284,0.0059199793568220915,0.007769466761957222,-0.004962522978448347,-0.012320467309905103,0.01890908741201902,-0.00041407867494824835,-0.009744686517331846,0.03194657942714518,0.0004930943527785558,0.005136233794770462,-0.004481265960412095,0.03572946796130538,0.0002706512030592467,0.0008719855360308504,0.0021867969816393718,-0.01200922021637163,0.007711393594317828,0.010169844699170483,0.00350171090354201,0.0003487784160176588,0.06632777899914588,-0.003967458425385706,0.04877377245005454,0.00015783236379518506,0.007657573644356042
2024-07-15,-0.007477493080898623,0.003098992511756604,0.008487546296970239,-0.003649135454374952,0.01411706690268777,0.011206152849063677,0.003686786389291541,0.012078398246686328,0.006024858499539487,-0.000369696626328353,-0.0007435228817640471,-0.0023928446243247636,-0.002745687269626429,2.1558541900779105e-05,0.0094761446589946,0.010022417148797036,0.006483587655137679,0.050146367420723426,0.00031320333898898767,0.025183248080521414,0.005642517433037675,-0.0035254986749949646,0.007573069150019096,-0.0008035646055362111,0.0033856872522211034,0.003450669707641296
2024-07-16,-0.0026386771377086005,0.004587551768452602,-0.0006582401431490803,-0.014039817781266728,0.012540486021597186,-0.01609233730730808,0.016302778320222977,0.02423216702319686,-3.1841646989216876e-05,-0.0014487853300366726,0.026008529577389305,0.00808991877529075,0.011130295650522815,0.0008057788070034988,0.004639650037995491,0.009410212204646884,-0.0003480129471642446,0.00046511891729372756,-0.013132167320425991,-0.000737568189638993,-0.004349943526925193,0.002218860847883919,-0.0032211633656467065,0.0,-0.0011266160338557762,0.0010697158254551198
2024-07-18,0.004141201409729955,0.025907865845540945,0.007210485770328345,0.025507646162748143,0.001362971229790677,0.0032275621512418695,-0.004304684022094052,-0.005545000329377214,0.0159281235569968,-0.0030559014023976427,0.01857930572988331,0.00838776537829311,0.018539479277564386,-0.00018546925089590882,0.010095507929203995,0.02274420556125034,0.0003560172853518395,0.02804912849645569,0.006613799016347954,0.014590750173858691,0.009466133172223667,0.03281109104817115,0.0033296189656923936,0.024120206871031558,0.004273131835562882,0.007632129743428306
2024-07-19,-0.013021343263498908,-0.006661669476907384,-0.024992941160520976,-0.03248010687416558,-0.03373178781054165,-0.00472448638755163,-0.02296274072391602,-0.03476424507545617,0.0,-0.004644594116136158,-0.004162980153374463,-0.0013197195806037287,0.0198514340951077,0.0012229365046181329,0.009144131545513634,-0.024880735084322092,-0.009470860513338897,-0.03632820757925326,-0.019868625820602004,-0.004700433462745068,-0.016057680181741696,-0.0007316070288228005,-0.03372215873432838,-0.027913446360891436,-0.0067482504322836645,-0.010884676251089243
2024-07-22,-0.0076216640732567065,-0.00554790715864617,-0.006931295551693695,-0.004367883266165551,0.018985852637856127,0.020328584153663565,-0.001461072844917588,-0.001124511068588574,-0.010943617451815157,0.02193118118801518,0.003043599109991302,-0.006006506714934634,0.009983485076850096,0.0006692587221097668,-0.016858068032956308,0.020168726556459404,0.009337851435112343,0.003597705556604991,-0.03502871428132237,-0.014111379422581005,0.011921126844514962,-0.003498123559932065,0.013282854273816813,-0.09224707701900947,0.0002831092450414907,-0.0008825762723847497
2024-07-23,-0.015009848243618618,-0.007540717001710107,-0.02282736742241509,-0.035347201528862615,-0.027106671005688754,0.013897674315000774,0.005267599354619623,-0.027867786047281018,0.02124461963364066,-0.014702720549230719,0.01135173825175717,-0.011602133086018984,0.014385617007751428,-0.0007046207558513151,0.054977966243601184,0.005918557436412009,-0.0009651221633513174,-0.020729227846954412,-0.00851293392648711,-0.014712540379715144,0.00897721306368604,0.003498696523779321,-0.0013457959191756075,-0.010379599941228168,-0.009603937063529577,-0.0012321559717249908
2024-07-24,-0.01899854419473812,-0.02446182608393621,-0.017830906193752605,0.00818603509501692,0.012417419941407992,-0.0065331394373588925,0.0036180449216294264,-0.00859842644468356,-0.009165642230470672,-0.00886676247847229,-0.017821429860659044,-0.003056969601036519,-0.0016059690353955602,0.00042427417248069865,0.0037586379090790434,-0.0056178022294567365,-0.011228052782503162,0.01718901184290078,0.005242269383863185,-0.013774771466586788,0.011145100178817868,0.0009065310978584318,0.025853408584675552,-0.0008989155191103659,-0.008909152565644729,-0.002677831825905974
2024-07-25,-0.051119580174577295,-0.004622484818176842,0.0061447469175264224,0.00889293045460926,-0.009397196000678787,0.00484595431830015,-0.02544240054782676,-0.008160870547292975,0.002462432557659433,0.007823865144781506,-0.003625311925055108,-0.02052321087772835,-0.0049619689541471335,0.00043238836787784507,-0.0082987020489238,0.002102954347701136,0.0017577899416436615,0.050852840784890496,-0.002206285323713364,-0.0041080643890607504,0.028620874792290918,0.003773568095426949,0.061545129430796264,0.013497181258923963,-0.008345187754545291,-0.0003031269840456652
2024-07-26,0.0012329824147676582,0.0092242178154891,0.021360675811354257,-0.014307551541297592,0.0221757278606598,0.0037135585700602824,0.011947828914082192,0.00953482823709928,0.030077018902200825,0.0009588478080193585,0.0014222682931315234,0.0077634490273050805,0.029618895381150923,-6.44111409591197e-05,0.02500260723819836,0.027175064900509582,0.012350925659669887,-0.012507414685718254,0.011139841643223125,0.01644087836475072,0.02908511077086806,0.015118504909209962,0.02507004455404882,0.035414907612762114,0.008001753211662743,0.01756732976027453
2024-07-29,-0.006200314481312974,0.01935148982255197,0.003343296425845299,-0.017496190246794496,0.04857171726028753,-0.005611597445163152,-0.0011344332654936728,0.00036766354794304235,-0.0018344536964217673,-0.008095648987968107,0.00020291939619809796,0.004556123596978656,-0.004151326932374522,-0.00011707729515919585,-0.012246242755331593,0.01565205934098679,0.006937164639995608,0.003920305876822017,0.007339147452146255,0.010609196699808532,0.005249983281693904,-0.0015382989178427398,0.005096970091891917,-0.0007622604469963434,0.0021502824868222525,5.03324972633834e-05
2024-07-30,-4.274002205972849e-05,0.01576846115779862,0.0016366003482537472,-0.014246065643590433,0.011379341835575651,-0.005248449882314543,0.011651853196036122,0.016358581075366585,-0.0012865261864554167,0.006541931509411514,-0.007449613575542746,-0.002680006722714734,0.0032333239612791775,0.00027117729764891685,-0.012397795288209945,-0.00371630745046303,0.009575316148973112,-0.0030038204354628784,-0.004572149249866597,0.0013768125796149722,-0.012563362822983093,-0.003595074106079399,0.03367439758397417,-0.00553008597967608,0.0018101063829787378,0.0008536433743000504
2024-07-31,-0.003333446196895129,0.00547893157374113,-0.002439932563867875,0.04255319366154864,0.01628758734895852,-0.007884914908490304,0.008939708939708968,0.012102889949897833,0.007575602691052508,0.00012369973209547247,0.005294597924003996,0.004506267342689441,-0.004741305387207406,-0.0001373738242376188,0.011124602127512873,-0.0048937310081969,0.018809667065281088,0.0069298370330874715,-0.005105232502031765,-0.0004582339040802852,0.010431301181297759,0.004581856944498419,-0.0044756425909620035,0.0009588391795098961,0.0010504541892673025,0.00377553501085659
2024-08-01,0.005316981606089399,-0.010201893133892748,-0.005186089494083945,-0.02053659386867379,-0.017151198082944075,0.020361486921735228,0.0035029878425716365,-0.028684135131181066,-0.0012480614787032662,0.014265820028954046,0.0036591820742433168,-0.003950938904111911,-0.00837674608225214,-0.00025319251249877883,-0.0033308720624841692,-0.02730591133750626,0.01854634552858947,0.022591287299444263,0.006559767421802309,-0.01117600688755771,-0.002413745898899089,0.0026792654622835865,-0.010590825692012085,-0.0008622295455767981,0.00020564235959841248,0.0023946791656728195
2024-08-02,-0.009767115528165893,-0.006942768350277739,-0.006888876905112529,-0.03656140747986625,-0.03369951690325701,0.011062753759435662,-0.0038193219006673607,-0.040179663388454134,-0.019048498197320796,0.012417647935952125,-0.008469846133202785,-0.011197372797615457,-0.016949133532590865,0.0003117635656566531,-0.009317479430942632,-0.0278426198777757,-0.038359308618878596,-0.03408923750476289,-0.010542641524017071,-0.017156566685211705,0.009590848689891018,-0.02593781293200903,-0.04172494597299481,-0.03719669497957556,-0.0041473035935923885,-0.011722935491954689
2024-08-05,-0.023560387818257422,-0.03434049169020381,-0.01907814245145334,-0.007888931285946366,-0.04061814258801999,-0.021840280720938354,-0.00989405140087729,-0.05540477938748567,-0.02914315832020198,-0.026157996012066143,0.008672051990222363,-0.02001602980519024,-0.038051856852861055,-0.00010267408130837374,-0.006338198184289712,-0.025712303979554152,-0.04129611907767916,-0.06013342093148355,-0.03468226286875775,-0.04269620855670497,-0.006525635471126834,-0.029885168613695168,-0.07313184048485977,-0.034153158467497335,-0.024499381467829817,-0.02678645789462286
2024-08-06,-0.006528413137813938,-0.0022963806197077163,-0.008845159319086138,0.0035644981921243435,0.013022247504923534,-0.0006827191567965185,-0.005246222996955541,0.03221941005522133,0.013024926673308013,-0.00900514516341333,0.01257416137406464,-0.004903535665176761,-0.00045662767268961346,0.0031922435661067006,0.0006173800769624371,-0.017170921460569866,-0.005716762045459345,-0.013376385375466482,0.006028488266833332,-0.017187159569840738,-0.007440261306059126,0.003886980323505984,-0.002656311982037751,0.009278314120059195,-0.006863373077311219,-0.0026209626510589334
2024-08-07,0.009501813837542894,0.004667258729091461,0.015110818782255064,0.02773232914376722,0.03040089592835482,0.017473624396662446,0.0005859538263479624,0.017494756149971646,0.0074869952159106745,0.013927088046046254,-0.0021817941919350936,0.004799134296519902,0.02315685288158753,-0.0008059660744048625,0.013057670612534045,0.018192523848572728,0.01981681495114551,0.07513883324738102,0.006026472118986215,0.013727017019721233,0.01575349607627996,0.00701237682083411,0.011393434557827486,0.01613890536190321,0.007451495084827453,0.012710162480444431
2024-08-08,0.0011876255909759603,-0.019950340977949788,-0.008279315870241888,0.012760853936399252,-0.015431930175387465,0.0017253054557240244,0.01326080366947302,-0.03400160943834751,-0.023046619850377592,0.011826243317269558,-0.003954114456061308,-0.006695256143169681,-0.027070029183930644,8.935133024867703e-05,0.004262696813743583,0.0007832996507062262,-0.012338822707940511,-0.019446676965542697,-0.010717929475600685,-0.0007420349015845318,0.0014990238172811754,-0.006642235126227414,0.01604397016083925,-0.02030559276302757,0.0007521941529160525,-0.007428747813561065
2024-08-09,0.004041537999599276,0.013083931155918993,0.005469340741815154,0.008531222938130911,-0.0020417439320981057,0.01083841838914168,0.004087254018639186,0.017086356934285396,0.020605362980831154,0.004565709777808014,0.005122331479868292,0.0060106956605630035,0.015833403177051064,0.0005551466585134168,0.0023244438501379694,0.024674277623117025,0.0004378602749184335,0.030523557923051392,0.01737253384121451,0.02011013991787247,-0.001007397218856454,0.01346902664230476,0.025293934832409715,0.008208524080612012,0.006535533365550128,0.010386864037815746
2024-08-12,0.018858133450086578,-0.0007690353886331547,-0.0015185439754090702,0.0419052755617495,0.005475969061014663,-0.018100840387977102,0.012458288504120008,0.004733934707471521,-0.0029561140676040987,0.005999177967204172,0.0005459912789385069,0.009641797082492909,0.015050214317868127,-0.00046672575982831255,-0.002621580765773679,-0.01145804310934373,0.004012506263041393,0.0263117764905767,-0.009275609047294853,-0.014193924815942949,-0.0008355914076956239,-0.007827508221052382,0.007536802436658441,-0.004579735709981936,0.0018510477225683886,-0.0008412844977941925
2024-08-13,-0.004036877873338951,-0.010038555064023513,-0.02165502704949851,-0.021358969980247,-0.02585444017987304,0.008981288578221225,0.0017462837064086134,-0.013454396782902278,0.00466816529198133,-0.034274942732290814,-0.002655898614005503,-0.003794354912067588,2.767227272237882e-05,-0.0007123208791991464,-0.00930038706134062,0.00014732776263581826,-0.0079033360271632,-0.015821847861052563,0.0020539860685206968,-0.01852076030238503,0.0036046101375983852,0.0003100914052507342,-0.02109367429713127,0.002964975956406324,-0.014751441443841884,-0.008543146999630324
2024-08-14,-0.005605430694609725,-0.009200715465122022,-0.0010130879494144596,-0.017485579372921167,0.009584138864032976,-0.0212064076646451,-0.011067438021862053,-0.009068999412922163,0.021034078356019448,0.002869207368422666,-0.007058217666797928,-0.005734604528247034,0.014353781445091363,-9.531059157141808e-05,0.004489746424062302,0.010007113693287772,0.0024145279461527114,-0.023072372412591302,-0.0012127812353841527,0.006833487601916044,0.0008907348569715534,0.02342170546741884,0.00844836330931864,0.0094801212155875,-0.002098071373464183,0.00019677699987563635
2024-08-16,0.011924475564516701,0.013569600437153495,0.020500054532617273,-0.004286851346635645,0.055072195181603334,-0.0010953536628137694,0.024268343724873187,0.02315825274138672,0.025889381975562786,0.01511381650716781,0.009624970781938691,0.022037660832102457,0.019580299241674703,0.0007903893026584008,0.02123125326772768,0.034678053689469523,0.0006267862960156467,0.004418839275547759,0.011184437538394487,0.0113324480766821,0.0006317261451098677,0.0281238307024827,0.03388720383621746,0.04261342892980524,0.01587855451321274,0.016459762490292462
2024-08-19,-0.011655281556834596,0.0007742249115088029,0.0038614436506163585,-0.029745580351059675,-0.011189325922375204,0.017332516770637074,0.001280697609383985,-0.004846508189595089,0.006144201551502526,-0.0003369752812102389,-0.002074029693980739,-0.009559917390344008,0.003147083779674986,-0.0006968836178911086,-0.0023873083143221008,-0.026509896417468037,-0.0051993206244996815,0.017293579744901644,0.01031765320610134,0.0019702495748321613,0.002897727471356859,0.016745873365127117,-0.009696426902289446,0.006779619937162362,-0.002940538306875351,0.0012835584110202358
2024-08-20,0.012789857765246548,0.03287993036814818,0.015998244291027364,-0.004437297550992092,0.011840798982679868,0.007813234346499609,0.0037972658943907778,0.017993848201130813,0.0049150199937890715,0.00376941363648986,0.0030993508151593296,0.003018894437119668,0.003968154758940967,-0.00013350790006627644,-0.005284697041583186,0.002224117073637455,0.005362226644857637,-0.015508385532430835,0.005072557760318563,0.00811102558266441,0.010613200416557778,0.007416429099417643,-0.0007354653992861504,0.009427578028773809,0.008632342761118128,0.005135759339910173
2024-08-21,0.0054794876180790375,0.01176577582310534,0.001956020245177159,-0.028498117021350078,-0.007839985093900936,0.013940360364469662,-0.0011548387002693339,-0.018363990360620197,-0.005632057420544956,-0.0072662332376471905,0.014594409366490924,-0.0039001190061123125,0.0002669847824916527,-0.0011826304495414774,0.013231748060877013,-0.0006856758887875403,0.0004913012577851816,-0.0072704617518521975,0.001821661683359288,-0.005790543968526518,-0.0009623893836456787,0.0062344341028437444,-0.001564071359756447,0.003240203730916269,-0.0023147710302772184,0.0028887826964991703
2024-08-22,-0.0037892519590191354,0.002930388566809272,0.0012249882184443006,0.0150146229177337,-0.0015106355411987904,-0.013224706049570933,-0.011760485229024398,0.0031463508295699327,-0.0006559295463219872,0.0033829651629315727,0.0005731614249615546,0.013831623892006206,0.0040317186741201105,0.0013034172973391822,-0.0016817805115526552,-0.013161689883036343,0.004533106287770705,-0.010223027479490443,-0.0003670710938989963,0.00582426965806615,-0.007933621351241538,-0.010875599812106174,-0.015434938508825713,-0.01396404697997422,0.005921775197736068,0.001667357653657442
2024-08-23,-0.003418971881764876,0.008734727328777003,-0.0011491803179551896,0.024928087132886967,-0.011347052502822197,-0.0020878726528950065,0.011900440179980043,-0.01687599967481823,-0.008770116315716336,-0.003831359433338788,0.008163872482766621,0.010410515495483663,-0.009652976059740803,0.0006198019962262435,0.0024774091120296493,0.009531883869913438,0.0021138300786642805,-0.009165663421014214,0.001234922923336823,-0.0060344018936232535,0.014337675391051796,-0.008462849813571705,0.015630086859893755,-0.012716743129161046,-0.0010247971647073806,0.00046955607782672715
2024-08-26,0.0037310384669551055,0.028233377715428,0.00630950882663428,0.03461173693057118,-0.0008240617531138916,-0.001610510053511205,0.003707562266860087,0.0014044700071766947,0.03490914782054366,0.009168993148214177,0.0019711726157718434,0.008143033398991362,0.007545272857612195,-0.0015105984569354636,-0.00019776004289961957,0.012359602314307772,-0.004755182616583142,0.028065147689500858,0.008416849393318548,-0.0003679298562290212,-0.0018585046596002464,0.00863609894303119,0.00668118936656481,0.01483214862801141,0.004214368888078024,0.007551387144671073
2024-08-27,0.009356497863977964,0.019452039065007698,0.012576724418159602,-0.0244122892579266,-0.0028864115109694666,0.0028300608547655592,-0.0006752000654739465,0.0022855937000392235,-0.00456527926278627,-0.0013415256919463436,-0.019229806181567555,0.01075567295572788,0.01276551503640655,0.0008339976853424247,-0.010084969324131388,-0.0044037213493229865,0.020671697852008286,0.0030502646706964676,-0.008032559047420396,0.001042994192765212,0.009563133721757655,-0.0011772073513302006,-0.013868604014246055,-0.0054806296670553145,0.0025543164557213505,0.0002858944102370753
2024-08-28,-0.008719620133802786,-0.003199558563881988,0.005303349617584496,-0.013372198498000198,-0.01092935444526022,0.005220437818315604,-0.0059618441971383,-0.0022803816740514238,0.004586216622427308,-0.00039686263499894014,-0.0009214756540879554,-0.0020386423576553847,0.020525183113131007,0.00045184980105150707,-0.006592085362528977,0.006185236027705265,-0.011154845748638231,-0.0031929871832797607,-0.0014328214668017925,-0.007966723594030833,0.012546055207534712,0.0019790108451758215,-0.0025063320926322907,0.03374245198937409,-0.00263068888184681,0.0013830024432652799
2024-08-29,0.0038004165254841293,0.02459881779350459,0.023702998052115065,0.018652805712012777,-0.006211814331243515,-0.00973668112294257,0.009876030056727325,-0.0064411027632796936,0.018843411305892843,0.0008856899877620616,0.007560514171218724,-0.0015931745071401382,-0.0029653012141147572,0.0002370958234407805,0.015684649758811453,-0.014438927064371332,0.0077928945448366704,0.00549121107819972,0.015100356775882062,0.006300943649768964,-0.006981898613625637,0.0012758734992244225,0.043832210088134316,0.007669311899804576,0.00017398841166915702,0.00397565940632294
2024-08-30,-0.0001276364547606601,0.01560680984681162,0.019338723327946283,-0.03108945457118406,0.015867267993888046,0.014456471711269625,-0.012630123514453473,0.01399390969125891,0.0007991532071449647,-0.001006946387300589,-0.0026029823360844695,0.005974242544684039,0.005353443546692205,-0.0005526985979397159,-0.006335321798293991,0.017333926491923002,-0.004079035781590079,0.0034891284460649707,-0.00742968766443719,0.00135053583705802,0.012477858419936982,0.009297849784144274,-0.009182893985110407,-0.000556775890460881,0.0038756469593521636,0.003337760073577778
2024-09-02,0.011529529607426703,0.03224809774825643,0.03331874736167406,0.0,0.003727400882627796,-0.022641357832702824,0.0,-0.007957355469048077,0.03045771095112304,-0.006078731469999377,0.003977685010556842,0.000610053561592494,0.01070118605268644,-0.00037312553978385843,0.016238195830923452,-0.010123333583609506,0.0019672425813803684,-0.013756760234182042,0.0043885623013462105,0.00803089259166856,-0.0031291223516529687,-0.0071808018288896935,-0.01682627541411663,-0.011051391235138541,0.0017244217493330716,0.001695950113232314
2024-09-03,0.0023551770285954454,0.013610008769660897,-0.01159263795610399,-0.043643869213822795,-0.0007663435307710964,-0.0026629208642269253,-0.0015639371272799796,0.002304115932893147,-0.008966954957239537,0.006392417964909969,0.0018824317424892545,0.014431552320012475,-0.011835032998635864,0.0007571735438487437,-0.0012742912184871003,0.0028268949316936354,-0.0024382594689646986,-0.012262259322439406,-0.004699153561198988,0.003223230014300915,-0.002450423916696143,-0.001924258632078013,-0.006909821927056137,0.006761221440267917,0.004851340601927712,4.550829989491412e-05
2024-09-04,-0.011665000125696046,0.0033769632804629968,-0.0073839946957576785,-0.016206986764290554,0.0032444380039780008,-0.00972460875515102,0.0014056789980614326,0.0031803710167128685,-0.0029041642778633303,0.0027178828534422106,0.016801932182644475,-0.009096747894731583,-0.009684538534919795,0.00027407797759360086,-0.005987535676335365,-0.012657797174483565,-0.00490838380585612,-0.024208749118821093,0.0035947909186186955,-0.010063045614759902,0.011785834718824884,-0.007335318722795692,-0.004285392643466501,-0.03152683300508363,-0.005588248852627764,-0.0032100820170585243
2024-09-05,0.002420045325756792,-0.0037128601345038925,-0.007479978265611753,-0.0007224772336431595,-0.010230993504508734,-0.013473786823687828,0.007219058596689809,-0.011182151839751242,0.002968706231289975,0.0022230919201513544,-0.0009854530530756245,-0.0003234802947924553,0.005565848546690955,0.00038351315132034713,0.009578398097481067,-0.009637777482928378,-0.003051936999213911,-0.009542050433192117,-0.014245144871990911,0.002755703710500379,-0.003464586756855903,-0.0007368520600530282,-0.010458558829551379,0.010979395406713666,0.0014163507230022798,-0.0021270784221717465
2024-09-06,-0.018465907178405905,-0.00418241577703804,0.00997256159653781,-0.021402795723434842,-0.032555100048262786,-0.004271319486832348,-0.007127459998324093,-0.00454777372391324,-0.019239954291184636,-0.005165797598507216,0.0001760865984401505,-0.022492868885859996,-0.01619117490277877,1.3081687690430499e-05,-0.01858370358252881,-0.009180697120374504,-0.009143304555957132,-0.008349203217054457,-0.01885502353919355,-0.04427479355925312,-0.0010675911907900293,-0.004289574708370658,-0.018519402259981055,-0.008097547999829313,-0.017411037526387618,-0.011650350298901935
2024-09-09,0.010442155831773325,0.0017768900823311728,0.004140987807738972,0.015368714994359323,0.015351552713162464,-0.0016873388857907567,0.003328674083868055,0.005793930247651513,-0.005324159048584964,0.005834073973000065,0.029183341005371455,0.022224138860438725,-0.003785763298499112,-1.1900546316834237e-05,0.020031926233690767,0.003984274526441789,-0.003315264107586091,-0.032059541076001286,-0.0016213190723826099,0.002236426486936116,-0.0014797882325250367,-0.0016155793738863444,-0.010149207187091336,-0.011044954235673199,0.010695589030122354,0.003390048695012693
2024-09-10,0.013964246341410691,-0.0193232160319613,-0.014372381453754635,-0.0430795972043837,0.0036891260875724363,-0.0008264290122180773,0.004196978093800263,0.005429844934763395,0.01851997821410656,0.0023383498153908278,-0.007940315833295686,0.0018623460960440763,0.009315720119196014,-2.0167578038354783e-05,0.0036150491994610956,-0.006958741828190229,0.009686552013038474,-0.01104046596407382,-0.000632439605469437,-0.002040216280382756,0.007958884250678366,0.013102408037579893,-0.0027918916105449387,0.021171287356481994,0.0030224304965926763,0.0041986500501236534
2024-09-11,-0.0009265944979628404,0.004741031076110014,0.014319592199337983,0.02372619860979097,-0.006989675584164745,-0.005698888272977043,-7.95888898574848e-05,-0.01928272181499624,-0.00019670962633422384,-0.003908301608769871,0.0019147290722356658,-0.0007678762831900832,-0.0011243886047829221,1.3081936071968059e-05,0.0014601729297327726,-0.013289936766137878,-0.0016961343795023343,-0.03484460265613076,-0.006859303158420094,-0.01795188093509259,0.005091642454845946,-0.006322140737059945,-0.05744351415140991,-0.021683382211306945,-0.005115837933021394,-0.004897963449619458
2024-09-12,0.01454351167826995,0.011837524100565044,0.011265247960875024,0.02466206688931072,0.014441751662069846,0.010790161454676594,0.015564608095077315,0.016590778801739647,0.01621917079725388,0.013808620248827896,0.01799154796486202,0.012779578680963022,0.021097876309107644,0.0001261845242901405,0.010012770753443645,0.032645790210807046,0.012926188409341455,0.030669486838530213,0.01949701752838262,0.024915545032959452,0.010673447359395904,0.008561490341586708,0.010089092234736974,0.030524002807546413,0.014946058370907567,0.01887963282727112
2024-09-13,0.011717225497074546,0.021349449932166253,0.022912352176058803,-0.004639693912723342,0.03313793627339989,-0.00346362678614498,0.011798407899162866,0.024636337725010726,0.002876903182527535,-0.0003899926732994219,-0.007932046100548651,-0.0014375905305076264,-0.0032556538163430737,-0.0006881593535807973,-0.010875902127669757,-0.000656716000815516,-0.006838221874173378,-0.008841835671444365,-0.004848599618861527,0.003935175015838732,-0.006245308003902994,0.0010845867117361685,0.006033526360690322,0.038769841200817945,0.0031996266108855753,-0.0012761636040355961
2024-09-16,0.011170963108534826,-0.019451559087584447,-0.03326302330103037,0.020975889002258663,-0.0017369126926544132,-0.0020417085391227774,-0.00034871826883653423,-0.03807386432601134,-0.000524073337581088,0.003001201159895661,-0.022451728783116298,0.009997259774380707,0.00316341672252185,-0.0005956459399816261,-0.00535169735631158,0.006680969930914271,-0.0021963096008035254,0.0036026081886790795,-0.000865769811079109,-0.006701596159305323,0.004962893828627912,-0.0020674650654067817,-0.003729365487327607,0.0023611286532247977,0.00414142720056887,0.0010746751326089488
2024-09-17,0.000852966985271264,-0.004791183254205245,0.002688589681915765,0.015694195477093498,-0.0014499336376805338,-0.0023244854041063467,-0.006239286205599992,0.0062357358978173405,0.0010486232704285392,-0.0012866060650673639,0.0022322190199737246,0.004157273868790279,0.0011793524688394896,-9.549839658173909e-06,-0.0065544788366862505,0.010970381557118047,-0.0035193963948783047,0.0073504695274591025,0.0006456850273792725,-0.0033734052795176828,0.0016908227714196311,-0.0016840888307366741,-0.013607863144293075,0.0,0.0006806875723437411,0.0013709866056039743
2024-09-18,0.0067770351275129315,0.02136638802179469,0.03605992507603806,-0.003933119394501139,-0.0001742099679197251,-0.00962793443169363,0.0024957696922693895,0.00997825421864551,-0.03156444202732256,0.015580121039799222,0.0008177862857734475,0.01596871465840577,-0.030933922454622342,-0.001351906402673797,-0.0007878667171142828,0.0073719658864142,-0.003401228998689221,-0.014424027976693177,-0.006011131632325806,0.012581385259060163,-0.01612991562421795,-0.035399863127963505,-0.013231516231589135,-0.024913869254524545,0.010763834987463694,-0.0016129951842196455
2024-09-19,0.0018138510921104078,0.0011651783922492776,-0.005339994926397584,0.014666383195923283,-0.013245085323511208,-0.009934887678068383,0.006729703643647111,0.009151797635355452,-0.011386305575867395,0.008083479095088997,0.012483316142163803,0.002833101221360934,0.0010833775904117715,-0.0009418049941802842,0.001773928430046201,-0.003810264654256046,0.012077932677393877,-0.017734042492852597,0.00425376716261705,-0.003532016454706466,0.00547394996168693,-0.011504277954780484,0.0051452679445318505,-0.008919598366598391,0.005444567880189322,0.0015072376499098983
2024-09-20,0.001850808374575852,0.013965286035897417,-0.00104076366410355,-0.0004169392712893849,0.03332155894814548,0.007473914730546483,0.012326082822160078,0.02641611385726228,0.013561819247034812,0.019139563602785792,0.02261519437373405,0.0359520148213921,0.006097576443208075,-0.0009200849727142302,0.012100401617022083,0.054816815171840894,0.021293025383888775,0.003505799003999499,0.011056847089535138,-0.010443687206268537,0.01067142371052121,-0.0026187388863548877,0.003981375486727723,0.010780981570132075,0.01424645221484222,0.014760441377741573
2024-09-23,0.0014458170201792075,0.0016433483800359916,0.001668342098383624,-0.021551661037618852,0.036520083914524326,0.015768387874300238,0.002519217490082548,0.06839021167040249,-0.004119177580251598,0.010682288151857122,0.01711115814122577,-0.012364981893782767,-0.004879965775571371,-0.0015260668644485609,0.004957134271305952,0.03353258198833409,0.005438087669858316,0.032139615227890994,0.005013723772059109,0.025777092063660856,-0.0016347724653430484,-0.0038273272440839667,0.0009785139936770992,-0.007790666872459995,0.005811172546715593,0.005742385099666292
2024-09-24,-0.005814831522378716,-0.007968909481327224,-0.0053849934310596925,0.016910540934567786,0.008080052926242365,-0.000616218091044729,0.009404131418951023,0.003210797846609159,0.01300770506411153,0.004688054088072047,-0.025754916214949297,-0.002496469208211116,0.0011336490385553954,0.0008684232338260767,-0.003288410524643126,0.00803342761752801,0.004375946687110055,0.013538723602947611,-0.0026785427929117978,-0.004489571234366885,0.0028989614802581443,0.000655955174159617,0.005659613669044106,0.00869308868731955,-0.002535758029064139,5.2030021699067674e-05
2024-09-25,0.023032372072928187,0.012521949205618554,0.00922659518908664,-0.026131849929932338,0.00370771438807016,0.006180201105396632,0.003017501564325231,0.038983903709508994,0.0038296926808123466,0.006249811497701208,-0.0005422929043079616,0.003981505688759102,-0.0017379807166152395,9.56874540964936e-05,0.00446379086010662,0.005448404569722509,0.003665994825905239,-0.0025044963291858124,0.0030717162285438526,-0.006451604194574911,0.0013115773624647886,0.0008077940498001368,-0.014018247596153999,-0.0062088686633170465,0.0024652644528118106,0.0024575565157058943
2024-09-26,0.007097302631610569,0.028156603526271917,0.018953690414276414,-0.02898556753760073,0.003911337074224308,0.007913055141513636,0.004023748258253246,-0.006551544449025282,0.0008135052407012289,0.0024449943429418752,0.012597810229607376,0.003928047392191658,0.0026116126075761414,0.0006761388182561223,0.010047263850333277,0.029132455395448176,0.046811636958354885,-0.011717669920787266,0.00267751209611089,0.011032600551833749,0.014888699508247782,0.004152078839520401,0.03066632286071469,0.010630521179307406,0.005059053335799701,0.008148714241454025
2024-09-27,-0.003092863255137801,0.014070965504342281,-0.0015964324415815856,0.007536606325260875,-0.01076837107821571,0.000815401361776269,-0.009588319582000904,-0.03456204833775378,0.01376244298951912,-0.017269752152090256,-0.006647541511607735,-0.016891905450952538,0.003420662405571706,-8.366194443498731e-05,-9.557520982961254e-05,0.0008015411980684117,0.008353290319562445,0.006775266020287329,0.01884245948180774,0.0009977176280469013,0.026495914359858208,0.0037741471957810635,-0.00015099685737796076,-0.00018471878600379021,-0.009950294861599263,-0.0014152231703233875
2024-09-30,-0.03216444443035904,-0.01855066835683994,-0.006833388874119661,-0.00014670190944121586,-0.020677242732813905,0.00025192104679017113,-0.0031009911963315595,-0.009541250073410223,-0.006801591184853462,-0.011753666975321542,-0.002680066025944172,-0.02571558802689966,-0.01633668535114252,0.001187515060638189,-0.008704819621880855,-0.027876808526261065,-0.019087689093258864,0.0013459341421981907,-0.03249960872518631,-0.018376599953125128,-0.011289612396631288,-0.009329937316980397,-0.018479405787640957,-0.0006459666828508848,-0.015904343630821494,-0.014060900852023384
2024-10-01,-0.0045040628947418115,0.0009374122182581601,0.0,0.024350941861482678,0.020778609864279485,-0.0003703249677121656,0.011835647363927837,0.028946984660964237,0.01135794527075551,-0.0033775924089126663,-0.011679042650223903,0.0010997801511607452,0.015328330494766451,0.001324721066746859,-0.0037633113476688296,0.022811759114213404,-0.005438864461084436,-0.01898537083675622,-0.007957616967555259,0.01148624254109798,-0.003503364295808109,0.004544898238604933,-0.009695786313902777,0.009788625243101201,-0.0010476026577608266,-0.0005404401234794243
2024-10-03,-0.041535927747690216,-0.03131244941467837,-0.034940908327412146,0.05556347059542044,-0.05351572282995409,-0.001992894087020969,-0.003824073401999306,-0.055742629893761886,-0.020891910279777215,-0.02560532920513059,-0.010397575735664244,-0.014163557566543417,-0.005749885929033471,0.0011010782156890553,-0.0066834969768923,-0.011262030421065439,-0.039393163517444596,0.0003424192646412916,-0.03949272356471989,-0.003576153051874642,-0.004739771089585232,-0.01286179899840123,-0.040924141733663766,-0.03036126667912109,-0.02035807598153727,-0.021196375260987388
2024-10-04,0.0022965581059464224,-0.015077889835189762,-0.02993058996328557,0.009089651027908596,-0.023125459873942544,-0.0152025771416332,-0.004252774985064489,-0.05655856652775959,-0.0010964412435326976,-0.014476767574050475,-0.015414740954752593,-0.013212899505619657,0.01307164707334807,0.001070047665759688,-0.017942488355079833,-0.035912290978110994,-0.0032891282651231757,0.010957118668433408,-0.01453472549048096,0.0032112122326177772,-0.0004185839019646975,0.00460687646077651,0.005455264624052658,0.006413300969324132,-0.007390239468140214,-0.009326695880144675
2024-10-07,-0.02774955261986245,-0.002785784521026624,0.008049782042905962,0.03710677921682293,-0.02272582245570487,-0.0035201466802331494,-0.00037795751059988003,-0.014392002617928501,0.00019698643510901448,-0.024040072325749895,-0.005388373653965828,-0.0047186255129572086,0.008419619749848062,0.00021904810339945513,0.013206288776576702,0.014167577845525692,-0.0062074975611199346,-0.019644145892419473,-0.011395449244047784,-0.03263667894730726,-0.0025130107952381353,0.004844623983910612,-0.0031157667292985858,-0.003935914278197505,-0.019104414395164526,-0.008748875168602677
2024-10-08,0.006633595625683775,-0.021896490382520284,-0.011342032090070564,-0.04627948824307726,0.017380232442673282,0.006981842869493438,-0.011267410873396222,0.0336689235687706,0.007034663007777553,0.02055255365350872,-0.005152740641561349,0.00218812903054566,0.0073669616186060605,-0.0007580564264916267,-0.004410115093247513,0.03452396547481551,0.00035520385183285264,0.013819132242806953,0.01942398145450097,0.01401416228754071,0.006245918835749986,-0.004587257523689048,-0.008675967521131533,-0.008467367142248827,0.010739171798116676,0.00876764730346924
2024-10-09,0.014610242977147525,0.01566788314372425,0.015792356989958067,-0.004485548897968816,0.014226255852939573,0.0013221268142213916,-0.0034416826003823564,0.010993018344246597,0.011316263640323898,-0.01084149934540124,-0.017684986299848493,0.006105559857388476,0.0021554240629060306,-0.0005896226950854455,-0.03199135515511764,-0.004058982183038351,0.018253366058085918,-0.016868381855747683,-0.016280702929224233,0.02041078359662274,0.007146046589453281,-7.031004940050156e-05,0.021037259020125543,0.007970359831880991,-0.00027439681699692464,-0.0012473907279866303
2024-10-10,0.01204967073665264,0.0046867880881571455,0.0026369705883324546,0.035636273709432675,0.010387880961431506,-0.012265809029507357,0.005602493344685433,0.010069053298058739,-0.0005800773504680556,0.01791004363846227,-0.00514631247164965,-0.0005225593383029192,-0.01728325011423626,0.00032894336082645026,0.0007119736257164,0.01309859367109012,0.01437222326010379,0.0008666347261627738,-0.0025826049780599547,-0.000376291654488603,-0.02232181004976319,-0.00600766853586332,-0.01134005042577979,-0.011578658222124338,0.010271108622345926,0.0006604768849507447
2024-10-11,-0.00996415098586334,0.0003732773799576261,-0.0024181534900262758,-0.0038233476778023467,-0.016496306085813428,0.0024455793800644,0.014118903541632033,-4.972497854949243e-05,0.017139801243476915,-0.00685739705336641,0.010346052496978286,-0.016485735280532987,0.008389768157495148,4.526255554204717e-05,-0.007824460714801806,-0.018767762697177837,-0.01293638719964263,0.013160091277572006,0.0007658406340240731,0.003324604226183414,0.007522180840322301,-0.018498503613302186,0.002369378191813487,0.006285672855501856,-0.006958886165839506,-0.0013680536120755926
2024-10-14,-0.00690856390992578,-0.004903104934992353,-0.012763608260673909,-0.02289565621276679,0.019253505233160828,0.00919814508476402,-0.003687555865447112,0.025644877958579837,0.008833208007734239,0.02247116033503116,0.0021199274550234293,0.00715459045733402,0.012299120395589336,0.0026481031939558086,0.017922860569319354,0.0065562914905632486,-0.018690383958676837,-0.02068019838430135,0.0003097629900348231,0.006752079195146088,0.004101091037696847,-0.0030246053421078,-0.0026324143569989022,0.04022346466209803,0.012596612745741309,0.006557345754428789
2024-10-15,-0.009017873400717802,-0.007096144980844654,-0.0266201858478472,-0.044020044960001226,0.014543969942870882,-0.007244801027612935,0.005136284184919404,0.017822780599447308,0.007651102322447256,-0.0023695317773917424,-0.0027428784873034795,0.019281592809804904,0.0002041875552856176,-0.0014233001909789156,0.0032197491788197308,0.0002853482651929973,-0.007266006287397597,-0.009772940116102968,-0.020764648005787145,-0.000620958661613713,-0.00591700104410009,-0.0047986433012714436,-0.01179645342091662,-0.030206573149145544,0.0017195464257180326,-0.0028096049048969007
2024-10-16,-0.0005634211756079255,0.004369093347363684,-0.008629312487820506,-0.002692015251870572,0.010623092378073906,0.015011369218092208,0.004734387209210489,0.02580527865437965,-0.002593405272175331,0.009322530196006484,-7.189632166726412e-05,-0.009836795432536682,-0.020007157036096124,9.15906777210207e-05,-0.010731227146112632,-0.027821793631961023,-0.005049494433748691,0.005991945335391824,0.0074775675264426855,0.0009941669395421293,2.6262781329444707e-05,-0.005307348903071718,-0.010737947763537092,-0.001501022171694566,-0.00202190919643197,-0.0034340754096676696
2024-10-17,-0.018513576541510757,-0.024838239596751577,-0.00817236816498157,0.003977820453541003,-0.026843760455472432,-0.0010206324144601542,0.006357516828721099,-0.04450338258874631,0.0013671892727156187,-0.015678354199355926,-0.01531693619980612,-0.009572494758976813,0.024998650695774227,-0.0002010453632766973,-0.00871855938413102,-0.033702696570760526,-0.019392154478974022,-0.013314506582197905,0.0017354682945600608,0.006952571643334737,-0.004714209173433792,0.0034309701511692214,-0.01746663240227342,-0.006389197134742841,-0.009888795541294626,-0.008868227322834543
2024-10-18,0.057427958490920306,0.002257942954863923,7.343606919896217e-06,-0.020517857447453047,0.016434415117258627,0.00552632129724806,0.00843550768185608,0.016033343002882727,-0.00540747349319004,0.0051997908537921855,-0.007868709604180957,0.02700511239192105,-0.04496716696976766,0.00017257972370732233,-0.004499848328807121,-0.00011811056978028311,-0.0031826654913804653,0.006036928956876686,0.0021195106263276475,0.011528347518600102,0.01100796694122419,0.005867225836233114,0.020805412533065448,0.03763581010038308,0.01570320275053949,0.004210173941240125
2024-10-21,-0.005472549752147171,-0.03379304350909851,-0.017196809996402607,0.01935851364142782,-0.01645429773136664,-0.006482575270833957,0.003463959410956896,-0.03160849577796099,-0.007590078382704646,0.02785612095248946,-0.008667294923974556,-0.004309890685562312,-0.01428496908322674,0.00017726988045851932,-0.006266657067683479,0.01145312876873228,0.005848876580146323,-0.023649878872971097,0.007283213726322124,-0.007861991387209333,-0.006988268058796709,-0.010477570824090954,-0.00752628392297261,-0.0010024940520426684,-0.0025242733734675005,-0.00293518237799828
2024-10-22,-0.01222380366968856,-0.020359426626338162,-0.015189763147911983,0.02168365691943719,-0.05297704739473774,-0.005225860677740335,0.007748467834063577,-0.041817701621407855,-0.004831850511723745,-0.008185269410595719,-0.004399460359528207,0.0067113009511610144,-0.0006207426889078826,5.7082945331243806e-05,-0.0038251541333853556,-0.03702212532002358,-0.020746030023808593,-0.02096909568986105,-0.018879719896252367,-0.028932987316865333,-0.004981485989402845,-0.015772703645138275,-0.02634787412198092,-0.004834690727759217,-0.013578024079923368,-0.012469180337869368
2024-10-23,-0.013055599232287829,0.009926811452387607,0.04760492608075273,-0.018310441973630964,-0.012022334425890957,-0.008180336279622558,-0.010859284803718228,0.019465609665081596,0.012618357703843452,0.012394011997394871,-0.00835295115340462,-0.01254439104480709,0.01177366271740099,0.0001248674871017208,-0.003009469036540091,-0.032453708496909206,0.002759430954645703,0.00018482973631162025,-0.003591769396453004,-0.0055668593683178,-0.02553584587563551,0.012638471152093489,-0.002103342481716841,0.003208280074290304,-0.00035406646786306784,-0.001495564743491773
2024-10-24,0.005989425281542893,0.0013795151208810807,0.006446636022571672,-0.00819548154828098,-0.004904756843458036,-0.0038134363694836138,0.007552313858506743,-0.013460239473007785,-0.00046053678841051493,0.007978911092340502,-0.057985208683687506,0.0009188725074555926,-0.005364696415649406,-0.0001950810893109889,-0.01800780923957357,0.011759529964211701,-0.01610048814072218,-0.0064611435334204215,0.000952690898761821,0.010877921090135523,0.0051920349230729634,-0.004512690770280936,0.002677525287404947,-0.000548247461489626,0.005701681092527222,-0.0014773427748562273
2024-10-25,0.01884606735465133,-0.01991836892779353,-0.018570045260130397,0.022652746581935723,-0.03044672588127839,-0.01033025587555425,0.0021938645706405246,0.0016584567326087818,0.004038124004509092,-0.003572126587339297,0.009161404843413212,0.002155204425075885,-0.0006975689210848568,0.00016898226212624934,0.022472008400031385,-0.037327304825504615,-0.022174244587450653,-0.018766244319055603,-0.008919403815719762,-0.017116632159890233,0.006219941215462876,0.00238388678781698,-0.0178409198634899,-0.006308274215338527,-0.014432032688966756,-0.008959220549493163
2024-10-28,-0.014924130290992377,0.013500005118736391,0.0001735606271144885,-0.06129843411404423,0.05907343412042465,0.006569807633664215,0.0007296873549778038,0.015737878785721637,0.010473240211539059,-0.005277089775018173,0.018887996566513188,0.029790204607939685,0.0017722347426079033,0.00024018285473692558,0.003835718516536968,0.022107082216307417,-0.0017039196479409213,-0.0026510268663358927,0.004895123245520772,0.014213465596061736,0.022844562646292754,0.008206920611949498,0.01637168236923925,0.02787739189765026,0.009290711972315346,0.0065485676346082045
2024-10-29,0.01301626918851917,0.020948284941374462,0.016082281891326877,-0.0025229767865074804,0.011605217733248407,-0.02805957419773597,0.009296730069591863,-0.009931640662843688,0.0,0.01017765276378313,-0.010928690060597934,0.030165891244819054,-0.002737993171029518,9.525177175007116e-06,0.00784886943766172,-0.01226182745323734,-0.038077162550052,0.006265481735214129,0.004234317022260736,0.05132255981570166,-0.016448642122412482,-0.0038134162275567096,-0.04063978521861644,0.006444823062391469,0.020706455634842413,0.0052466588480091225
2024-10-30,-0.013860160714775027,-0.00806590825358,-0.009611940408820296,0.020830256583091344,-0.00726768088492169,-0.019494736858439166,0.007260547018237196,-0.024492515544280113,-0.01760389382049332,-0.009846745445990623,0.002865491266684783,-0.014791467578699091,-0.020225241033232866,-0.00016047502785410117,0.007377755603521274,-0.014270617175131561,0.019052190658023216,-0.012641561130053547,0.0029105164135998507,-0.012309402958638027,-0.01041885410475274,0.0023065859080710904,-0.0030257890292499923,0.005424986988957103,-0.009808722482938181,-0.005149825253829232
2024-10-31,-0.009270244799942984,-0.0009700181595043711,-0.009381754454980795,0.009473859788609929,-0.007926020195622385,0.019482342905812633,-0.018002492799668257,0.0007133436669706228,-0.039563705537325244,0.0006341258456310506,-0.010450292363928027,-0.015165936636977628,-0.02488749184970085,-2.3589713904481613e-06,-0.005594556262274564,0.007700308734244654,-0.015990805860156998,0.017198536458775004,-0.008817616322833066,-0.0027356905113894436,-0.0017277822853343228,-0.028447908832997082,-0.007319704055856691,-0.023794716526013615,-0.006411203734980497,-0.005566773640794054
2024-11-01,0.008624037536764773,0.002256101366912233,0.004913099050473102,0.003320758308477556,0.0047570371088074825,-0.01145812332433438,0.0001095748540242969,0.002434183671075507,-0.004898097970143844,0.0009218923232954257,0.003658645546363193,-0.0003481731039493008,0.0020485228458706484,2.8489183228730397e-05,0.0030687252208863036,0.03265466905022185,0.0030289127086422507,0.021040813334021857,0.004954743276563756,0.0012192063837359601,0.005138250318404536,0.0039687528012171125,0.011270344944400934,-0.0008156051010527188,0.0038571251865842093,0.004090004961616156
2024-11-04,-0.02590744805546996,-0.024049664889198685,-0.011540288646883723,0.02849335757378002,-0.04109251756511956,0.006907057985485965,-0.0009128751591513939,-0.027716980183118745,0.0031580756024023326,-0.013354149407211025,-0.00500487670058658,-0.01130213792437873,0.001590257079407742,0.0005006332311774386,-0.011625522513123654,0.023530272561792742,-0.005179972639118846,-0.023735063149663782,-0.027266285564600312,0.01053336628547874,-0.02663581202576315,-0.005032308918129891,-0.022941572261908738,-0.01913488666866281,-0.008875824185294201,-0.0127137736646451
2024-11-05,0.028483573150584807,0.01351826011867363,0.012661310156458994,0.007275732953475611,0.01158368802609866,0.003074846476987858,0.0015350137136695974,0.010864115709313671,0.006012736088587989,0.025523628875443682,-0.001366406743771309,0.01526771458450149,-0.005358304877485898,0.0002246190657424485,-0.009079553520973671,0.005374532766955209,0.010644647149224973,0.00791554505071268,0.0024190894752966763,0.023317462322707483,-0.002929987143716506,0.001816347537836327,0.014015328971847207,0.005362444645924169,0.01936923084432851,0.00908305881860727
2024-11-06,-0.004437972784872013,0.007518766280612876,0.010944621318117242,-0.00416718198729471,0.036480833318725425,0.023502660597886305,-0.026529923685898793,0.016323947865677146,0.03656523790765065,-0.0014789926451739266,0.0033501960100992267,0.004357270338073649,0.0396191810750568,-0.0004300983242484513,0.0018740811116511047,0.012105782835248435,0.01648601282812745,0.006170459970201048,0.015360425692149793,0.006594381322296172,0.013223583974549369,0.042378488159369176,0.004846504456432532,0.03715296989264605,0.0021098302917699208,0.011181870759630508
2024-11-07,-0.005657804401259847,-0.010865175197883215,-0.014515746249247785,0.009345768532968313,-0.029944364232671994,-0.01132796419256299,0.01154588527514333,-0.02349362460005988,-0.003508611673209927,-0.004956575864178192,-0.01007729451324868,-0.018159475917429724,-0.011323044695825124,0.0016036763470754778,-0.00665136395058219,-0.014721193661326737,-0.004764710582908727,-0.01430946490150009,-0.014863938756113138,0.005615339806285924,-0.019973232584834077,0.002717585925013699,-0.02375846448149921,-0.0008866265948505037,-0.0076628129355270636,-0.011628025706147627
2024-11-08,0.0009050783051907096,0.005810302184474425,-0.0012382915138863249,-0.02736323024091214,-0.021657997619892955,-0.002874066269367148,-0.004039394729551615,-0.04504152615082235,0.0030295594539835324,0.004523147267709859,0.013007506277892045,-0.015523669429213238,0.01491914243114012,0.0006551677704906833,0.0003137781639463988,0.028896523755890025,0.0002521698696711372,-0.00999243295176988,-0.016773373309542983,-0.019136776413983703,0.010413519427720841,-0.0009394042276285042,-0.017444351705595107,0.009939567755333778,-0.006843696729363469,-0.002113709312467793
2024-11-11,0.00865671383997868,-0.012817935737412633,-0.01698814472202237,-0.03324803110555652,-0.010814285891926567,0.0033109132338295932,-0.028390715843023218,-0.002439320531377187,0.016217687409520787,0.006754314161092179,-0.006639546770402571,0.008301354072035805,0.016475837407829985,0.0009074037339387164,-0.0023009174826642553,-0.014891180318413078,0.008555206868299914,-0.02151982521267448,-0.008607638448302146,0.005337204694857878,-0.008289177566988104,0.012466790466451494,-0.0009311550946968783,0.00790846453731131,0.006119927116343238,-0.00028567088740283353
2024-11-12,-0.010973395923299045,-0.014964083154276997,-0.020741083062501664,0.0011758058491799783,-0.0162701393036897,-0.01863500762484327,-0.004289197066983941,-0.01252489817950797,0.0029721362577683763,-0.027232173690765027,-0.011862434240152209,0.0010242151633685914,0.004677193181553019,0.00016120814792808247,-0.00859630562956848,-0.010936401479424096,-0.022509344054134406,-0.0029193784300963754,0.0012179914460044294,-0.024715505709925534,0.003482658002388339,-0.00030967389403491197,-0.024667561381961023,-0.0049694743119046425,-0.01385879452259442,-0.010680930776533315
2024-11-13,-0.01640544674133959,-0.016137128089456665,-0.010876651542805149,0.004550756695459901,-0.021311310755654955,-0.014953665380743164,-0.007384596604567362,-0.028713588640253085,-0.004324877270504457,-0.021446859106704297,0.0014015477740543236,-0.013300880968455164,-0.00021409595098931256,-1.419270878066925e-05,-0.0013746147780795415,-0.03436198917294997,-0.008390841396213378,-0.014054216140173992,-0.017421984911027644,-0.02183365937191284,-0.012133087053292635,-0.011209295792645069,0.00178378289460146,-0.002891305426592772,-0.020904909953478046,-0.013582562322921432
2024-11-14,0.0013605582367439695,-0.014809668709836243,-0.002566147053805534,0.003945588804067146,0.018903254147086157,-0.01469888782509765,-0.00488224481473154,0.010178545647047565,-0.0031104382081125204,0.006780333718533482,-0.030730877459529404,0.0025923002971959264,-0.00206053065656997,0.0003281545483169168,-0.013235890166644615,0.0029475075506890658,-0.003941406943318904,-0.006929323258633491,0.012419639147505102,-0.005441223499313419,-0.006070848228794334,-0.001072231152218328,-0.015198747046565209,-0.004042250697782079,0.0018207670227718964,-0.0011185324376894457
2024-11-18,-0.01271158826253238,-0.01451400133862557,0.0028706026737193024,0.006695876772945919,-0.0040646375148624125,-0.027023641453624236,0.01650967498267719,0.013177635536559817,-0.012883552799876297,0.007295762919392823,0.014105079943995236,-0.0027845581030147004,-0.02847872027528453,0.0006456107550942836,0.0012876708669280479,0.014142140927615232,0.007986659971407795,-0.0005981705737739818,-0.0054039379248916886,0.012496118605945128,-0.011565489465437118,-0.030488008831374924,-0.003099521039226505,-0.024439793569319246,0.003671814456913225,-0.0033527151631265184
2024-11-19,0.006881559656613634,-0.012159635791083923,0.004164128940390421,0.0033255597941077575,0.0046736014784793944,0.016672786301822562,0.006320385881703361,0.024054027099194908,-0.007874632595198716,0.021787620615456138,-0.005179655163762953,-0.0034703514846723404,0.007342152233054788,-0.0009351884172105196,0.0017146619702199661,0.035846098947871496,-0.012137341319203632,0.013693135341021456,-0.015149758756049403,-0.013876923555922294,0.016878839313287486,0.004988309719074602,0.014639216657849508,0.01655068887449418,0.005216032441455409,0.002758581406631766
2024-11-21,0.00458593179619271,-0.016976233992177625,-0.01965793620806422,0.010232008801236203,0.014151849564445929,-0.014916023189820882,0.017129153183065515,0.004475036412055822,0.008678678709023169,-0.0006026835116792473,-0.011429895757066433,0.0011609446693174874,0.005096628283686844,-0.0001824217069175127,-0.02182512544386994,-0.004306675722640985,-0.008928408157049206,-0.02358883589346561,-0.015020268219358646,-0.027708696308688108,0.0015473653443052182,0.008243489165324469,-0.011938283837223507,-0.008629776090554153,-0.005009265157575604,-0.007168807933116472
2024-11-22,0.0028529218943400547,0.020137043846350622,0.03376308804895545,0.01626247381544932,0.03805164558102381,0.01597855061522191,0.01414610355377599,0.05632572002872949,0.03378991630552486,0.002527033282716973,0.026208673876731314,0.02199021215592456,0.037185472082681637,0.001246625079948327,0.03828061888393286,0.026121803843522695,0.0186116106385108,0.014247422827080802,0.034668759346967004,0.0452129436513804,0.008595502180343662,0.04216945520261706,0.022161970178206092,0.026025215432795124,0.015137107922151172,0.023869464111237804
2024-11-25,0.011817289398742048,0.0025298928683943345,0.00021687423947258644,-0.03228516972672435,0.02476966443714379,-0.004240528285661238,-0.034355458456271526,0.03006493746238159,-0.0035293708860056894,0.022914723027816386,0.010714640832674593,0.01791791540151233,-0.006597554825666263,-0.0006190147236105892,0.00452968258028541,0.010836655398964057,-0.003475278149320471,0.05008139321838301,0.01706968522489305,0.03480179937582473,0.002005243246380406,0.01660918540726186,0.0070795775465202215,0.018892742748208846,0.02096593739873498,0.013161295867362366
2024-11-26,-0.009602954677172315,-0.006542401655478924,-0.010089120052127254,-0.002465996407301163,0.0049191823764787035,-0.0005375114060165442,0.0013375114394267307,-0.013965122536581553,0.004149734126942306,-2.79622204341079e-05,0.003135832303554631,0.00307465221244807,0.01823049414316369,-0.0006927681314009559,0.00041950434879689524,-0.019832045167920143,-0.0073650174107633415,-0.014152729562668998,0.006759985546502145,-0.005980194069209244,-0.020734858067057882,0.00871375094853688,-0.017072527991761732,0.011245439807952229,-0.00030646937700518073,-0.0011312238174179257
2024-11-27,0.004236474888905439,0.003543589749487097,0.013183867739680943,-0.0007269946895994694,-0.0044116569292833585,-0.007239440883882953,0.007480003492115639,-0.023380770716010746,-0.00447472465747123,0.014981336985099514,0.003105766888867656,-0.0032568697888990528,0.00018191175238002621,-0.0004550827123905865,-0.0001048861747117158,0.006565884143834744,0.010453178800212237,0.0001966650688707272,-0.0019294922389845315,-0.006314058310972981,-0.006897111018226432,-0.004629519495384149,0.0012133491234134208,-0.010356404687243637,0.0021133859201210026,0.003323085437806128
2024-11-28,-0.01491751411492026,-0.01562445450008354,-0.029201269476175185,0.0,-0.011958307923424782,-0.006625743181001731,0.0,-0.006474715025978517,-0.02651973074471292,-0.01056667073327977,-0.009931923058704273,-0.011032441552493832,-0.035255905151943434,0.0009627757758270405,-0.004298188861924124,-0.03531028663087499,-0.009811550005085157,-0.008257921711857352,-0.01732131069906484,0.005694740740774584,-0.008688531452617498,-0.020230350184193613,-0.005740232147691149,-0.0183566110632023,-0.007551350294837,-0.014861029054492936
2024-11-29,0.003355510870592049,0.003110853319831852,0.010216010956411559,-0.01047731676241892,0.01118153358766616,0.008683363253493503,0.00647755531983174,-0.014063805777955296,0.0038839401896195724,0.0016172947223125345,0.013788390445171661,0.010689154042510474,0.0006462835273843837,0.0006076743010343666,0.0038955602907138065,0.023251893438938076,0.011356373638250927,0.017842947483095672,0.016839707555085237,0.00011930823588746087,0.02689929321021811,0.0061131634612765495,0.008980704565040742,0.009874175190736079,0.0028657103161207065,0.009072001940535257
2024-12-02,0.000703936264822902,0.010570095029119209,0.011367296658855164,0.0014705657958984375,0.03177586778159869,0.016177378753202687,-0.008317688240967236,0.04511642826656148,0.012689066637846302,0.004816110336528956,-0.006810541134231518,0.0034998286820502322,0.011814753848985449,0.0010109410684489006,0.0009438936815235888,0.01695823742052216,0.014908512732049406,0.0033112051635195705,0.013117305492189812,-0.003039466143092695,0.015525857777077157,0.0013582059503758348,0.004577572365761062,0.011594801462672999,0.001025796185178729,0.006006820004948565
2024-12-03,0.02057860878879847,0.006544894819740854,0.003728920764707544,0.02701914843631581,-0.0025320769336120152,0.0022508741678874955,0.003719324904679633,-0.013390078233081915,0.010285891299744332,0.011968698493762586,0.0014925814688897532,0.002874246008416792,0.006543218562434561,0.002129918149824217,-0.009744346373928958,0.003613638250498097,0.003554459801151433,0.01863723829730568,0.010808414844197145,0.020982686008423013,-0.0046998727391363015,0.006102717336937236,0.014176259238110722,-0.0021386013774562507,0.011260051046844133,0.007460011144599932
2024-12-04,-0.0009048211966692365,0.01306696751447567,0.009669764777797463,-0.020017178681853598,0.0011806810213408347,-0.007309083669457372,0.0034408809408483787,0.013170129549366694,0.0036492865370307825,0.018507379103985144,-0.007390681525724085,0.005846831576474365,-0.001506207856548425,-0.0006372752351043731,-0.01153305113876657,0.0014699554544514992,-0.013245594518074277,-0.006289321154136052,-0.010844130958031162,0.006733387456948625,8.323346468785964e-05,0.01200394619907219,-0.016411888703509958,0.008057801297652212,0.010838605342935681,0.00042109681465385407
2024-12-05,0.005994332891480214,0.009827445915149946,0.016379752916197532,-0.003501573687828219,0.002712444670599723,0.019990897695693288,-0.010249435025779796,-0.01365405096597705,0.01388569595774003,0.0030375058442828617,0.012213529309127447,0.0155388430545087,0.024136494632441607,0.0002822628561811591,0.0008562110229273223,0.013144230702977877,0.0047080380376864905,0.0023014035018611434,0.010008081942164404,0.006688425917051433,0.007360264888312429,0.025181509932183266,0.005646525295477156,0.01802715945681088,0.006320104110153935,0.009847825562885104
2024-12-06,0.015560661505531703,-0.00541328378250483,-1.452189021611261e-05,-0.01610550592043225,0.007762411544582903,0.011170737879514059,0.004568643704349062,-0.006973929960722436,-0.0006757884562901273,-0.005306228100804722,-0.0043294872831443065,-0.00579861933568615,-0.0064346308045878375,-0.0002738969455762241,0.007807574916524507,0.00045574172228435295,0.012135479327091803,-0.004783785718142197,-0.007942254741674204,-0.002079784542582508,-0.004742367238502854,-0.004155478944140478,0.030597418903729467,-0.00651516935083718,-0.0017545625220577454,-0.0012384293961259507
2024-12-09,-0.017981588914042335,0.0011313671639647804,0.0026349044563005464,0.017410801361211092,0.006827431814864449,0.0011565609169579272,0.009967332568076914,0.0007920870743083341,-0.006657207659158115,0.007624538993577179,-0.033436677277471905,-0.004854142335272371,0.0006502953781071241,-0.0002101863342846011,-0.013159344769578252,-0.007077813789080012,-0.0033708370967916457,-0.004422096591953473,-0.012504242071492144,-0.006484195063504394,0.0009973854282938621,0.001495784959830937,-0.022098359689014857,0.021523419163679947,-0.0019015315037517189,-0.0023827399277279726
2024-12-10,-0.008252688785182927,0.016096016092282728,0.009878674984225011,0.003217691713777171,0.006607153384949216,-0.011791487877181539,0.012270703032313035,0.019785727605331704,0.013848851976535625,-0.001016019302685356,-0.0014160885656419042,0.006163436754624385,0.012944189305748255,0.0021413235709957235,0.001075453307044949,0.005128993828010131,-0.007234103750665466,-0.007725123312273707,-0.007952826815636138,0.011013368152046343,0.001826580367781272,-0.004402224581872227,0.0014397266485421945,0.014320982354629752,0.0031821078167495465,-0.0003635086213900074
2024-12-11,-0.005547645589132122,0.013887234468606513,0.025792184646999283,0.02478502213736955,0.008463792759842326,-0.001451070402379795,0.013419317119437668,0.0047254196522963365,-0.0028145087092673604,-0.0026765039429555992,0.0016683983826049076,-0.002217306684255238,0.013137914228606551,0.00031471692785922656,-0.0004297339550107804,0.001679317225780963,0.007103669736696627,-0.0011676269815893425,-0.005175666490439101,-0.006801229987604018,0.002237690640608525,-0.001150753566756535,-0.001000159696536218,0.0029210326211543958,-0.003478082466534582,0.0012901233029631864
2024-12-12,-0.0013945418367879991,-0.004269166439508809,0.001503851072804041,-0.003841289926648672,-0.00987731637886946,0.005530544608275401,-0.016936150413770057,-0.01117430978327738,0.0027447372574009865,-0.002066430767380112,-0.023486761599166184,0.0013182395974056238,0.0065090751760295,-0.0001991081930549088,-0.009994556728094683,-0.0014974375264255047,-0.009784671106293108,-0.009937678057896804,-0.011969914156727657,-0.009168903265635575,-0.0047133749055658924,0.006211447114182755,-0.015955503678600658,0.00032373229449156327,-0.0032758553329608198,-0.003778196379659149
2024-12-13,0.00218219462802538,0.0002380917026461038,0.007999101662964136,0.01813773683730524,0.004324790487672203,0.0007628448026246737,-0.011720930232558158,0.016178553381560823,0.016837258228707075,0.006723109944662742,0.01925402940745502,0.011773598992114165,0.0063916326214497055,-0.0002109258891299648,0.020408079470653595,0.004547774330835974,0.009415752137898359,0.0007872149727756739,0.007878739959269243,0.0091952449335575,0.004430960320313426,0.004253526314891287,0.005023269662468133,0.002750088283842045,0.006902970188596758,0.008945547808588916
2024-12-16,0.0023951127814745288,-0.0036018171001716004,0.003564144493060306,-0.008135808999945704,0.025779385670252397,0.018935275364026616,-0.0017319644790098065,0.01568185239335529,-0.00731410869194804,-0.003499425878066398,-0.010020579853098344,0.0008922065440162275,-0.00982652003971829,-0.00043848747361074913,0.00021275031358358731,0.0011196300451143948,0.00039483645200166784,-0.00963620123869302,-0.0035746103419356245,-0.0006963997325636351,-0.002012667567173443,-0.013120555075346929,-0.006959398234990033,-0.0024199123120408617,-4.57081937879078e-05,-0.004039468921733236
2024-12-17,-0.012729177084591536,-0.01822361377078008,-0.007713288270005503,-0.00890959215917042,-0.023340355231676657,-0.017559711546698442,-0.002640114753648559,0.006761142603640247,-0.0019444638114650692,-0.01712946287032957,-0.0012254432332848841,-0.009174541044865148,-0.0017423404752994198,0.0013595835888400298,-0.001170024122421509,-0.014052559487537364,-0.014937476631043722,-0.017474136080424252,-0.018134627504476253,-0.012079684306511074,-0.011465353317716143,-0.019636541150212405,-0.006434761426073243,-0.0011319040395844082,-0.01393303377909727,-0.013468730047733413
2024-12-18,-0.012321257456517243,-0.007546423665139468,-0.01095375936507903,0.0071347030099311315,-0.0011461720010080834,0.02224173318084799,-0.0029874083480143643,0.0027063599458727605,0.004998454655662954,-0.012300600860076782,-0.0017138354936871991,-0.014695431276150916,0.0012901323905796236,-2.237140485239486e-05,0.0020233580317756683,0.0031892216165203546,-0.009551259969293069,-0.01313664003403514,0.006384025076941802,-0.014578790719579793,0.006707541289352692,0.0044703854451542124,-0.030843130694662824,0.012141910497974306,-0.013158940503599448,-0.005635699812006956
2024-12-19,-0.011895678867550163,-0.025264490528036587,-0.02203712623855658,-0.009492747967746795,-0.008089988486551958,0.039360247673577264,-0.016802597696994104,-0.005664680999665772,-0.01331388313849624,-0.009499070103680562,0.00027564264448298736,-0.020735856670544783,-0.016648642574698003,0.002945274815497001,-0.008395364019695206,-0.01197887859921809,-0.004280906098542259,-0.00942049664037481,-0.01819275722362368,-0.0063831409094539104,0.01235389333240744,-0.017468542695583067,-0.015416288496367558,0.00047979534911357646,-0.010814277339396772,-0.010213311567061067
2024-12-20,-0.03341162626946692,-0.01251930536668433,-0.010160931427645181,-0.006436912517008175,-0.038986570272188326,0.013616494901508291,0.014080703914641779,-0.04292827152406731,-0.011839136813788897,-0.012266503456425215,-0.010996590274699236,0.0011654982444748718,-0.012357316049013134,0.0013374766143154915,-0.004072368242617808,-0.035924565408021136,-0.00495640303838607,-0.019640146574291917,-0.020439599893611327,-0.024975995450551847,-0.007925345995702271,-0.023783321195447904,-0.026879847009620872,-0.02414082015239538,-0.015831098993674297,-0.01520556915080562
2024-12-23,0.00681071316454207,-0.003981745537249837,0.0026939792748199576,-0.0031673081428574834,0.016311507542324133,-0.0017117671223865205,-0.006238788240719106,0.01101213929445688,-0.004368726362304343,0.0166525198471974,0.0021424105158596163,0.00651980826472065,0.0011185251180165778,-0.003921274976645517,0.020660671114378193,0.0010149910985057797,-0.007251667764683556,0.015816080412857536,0.014104410968817094,0.011268586743966802,0.00317882910538847,-0.002877453820468001,-0.002555091125153952,0.008846796359262887,0.011001007745286229,0.0070354729729729115
2024-12-24,-0.00023158741274820205,0.0007356400850586642,-0.008519321942023206,0.01242057534495622,-0.0030203910499798647,0.007119724099285962,0.002947575327470142,-0.007965659515486001,-0.0031792514193148547,-0.0016101756284158109,-0.0014323796628721297,0.000346951490212577,-0.007924955177864956,0.0018117622819151524,0.00885601685879811,0.006668282805626369,-0.007891331374373922,-0.007888853001191354,0.00036807405803163107,-0.011082119281156988,0.0024248391674324132,0.005098238746122696,0.019246780077697423,-0.008444435033577502,-0.0016485876175831304,-0.0010861087115143775
2024-12-26,-0.002039211935362162,-0.003355565484661205,0.0011089616791526424,-0.006847300113940302,-0.0035642099184292064,0.0031459988537210215,0.007175591155772931,-0.003019832833496494,0.0020033530759306917,-0.004087676685072039,-0.001198803369038659,7.716921516331965e-05,-0.0008643575431018791,0.003695687041238571,-0.0031351089440115887,0.016031011811993734,0.014846482892691082,0.005440559623957064,-0.005070484313569934,0.0004925927275953867,0.012286941979016808,-0.0024881449333447048,0.006384980959737163,-0.0008188155884282233,-0.001216028365506605,0.0009503186263191132
2024-12-27,0.000696570282794573,0.012826220237066366,0.0134982268471604,0.014076352899701217,-0.004590517250977477,0.025310828615709102,-0.008185575737669981,-0.008771757262743707,-0.004603525505111672,0.004188240241702168,0.003643796275598854,0.007862142623904722,0.004901971674011518,-0.0017853912867938915,0.0034595161060781976,0.02480129064760206,0.0041345016535994095,-0.013943914203777164,0.003699048513918557,-0.015754738295312154,0.010807376933503754,-0.0010194961184134543,0.01309397727653594,0.013276503218740965,0.002747696721886461,0.002661079652128029
2024-12-30,-0.0069609675836860285,-0.0016464012719208387,-0.00282292776582338,0.005524070794298952,-0.016949115890072086,-0.009032272644608708,-0.0042411178827413964,-0.001889975813717415,0.01952950097255801,-0.011316580586575586,0.000961041967752152,-0.009865785246907954,-0.005608515790522239,0.0014672514435161155,-0.0033430535813946394,-0.015265011040002885,-0.012987784624090892,-0.01793998096229743,-0.008476386172787898,-0.014193773290554379,0.012169157075094805,-0.0014528200740685504,-0.02245168626045957,-0.017470027435901647,-0.0069877546620493725,-0.007075847935867907
2024-12-31,-0.0049066393502945616,-0.005454441570757029,-0.00947275687616278,0.010283186067063577,0.005117650900612336,0.008424698238358008,0.008863762959987476,-0.013750498829378954,-0.005987673558778828,-0.002840447680699576,-0.007104753855026735,-0.010041317178742237,-0.013641059463006311,0.0046915959432130006,0.013941282917228293,0.001398670083300635,0.005505152644127875,0.02836878382428143,0.0039232651719653955,0.008435892786860633,0.0013005113012485303,-0.015388941406104473,0.008859853147426433,-0.006091503965267253,-0.0018164040459053288,-4.212721278373799e-06
2025-01-01,0.006668573756189566,0.005293065408485065,0.016459152281390388,0.0,-0.00048495682933324957,-0.014044025470811183,0.0,-0.0035169827267444997,-0.0028423936057245802,0.005584140575397134,-0.0020413862427773877,0.0015605246026291208,0.0013297865074546333,0.0,0.0006202376198289894,0.024907684306170852,0.03222393318256067,-0.009613297907463347,0.004771917014613658,-0.002201401003172343,0.0019084545578342826,0.004310425678462737,0.012294695995053395,-0.005135290625640443,0.003940258725453782,0.004148887118253564
2025-01-02,0.013808463861441744,0.07881891122255325,0.06544765444758904,0.01965973241377794,0.013220164119672306,0.0044193838111126205,0.011296193413755873,0.012694886281511275,0.03151235655856999,0.006170341640737265,0.020627715283207282,0.005414236021687557,0.040026552225447265,-1.0494279683803676e-05,0.010538356398658744,0.04188842625738998,0.056475968924806885,0.0384891360125974,0.016827100720942623,0.010085738808315536,-0.006322929040251113,0.01539224991601773,0.0210877616356977,0.011655163475575714,0.010672596915705324,0.018774033191665485
2025-01-03,-0.0015644248682228357,0.0002645713896769486,0.002442822622880536,0.011349676770511463,-0.008798204440773505,-0.016290382294804506,-0.005227689215189235,-0.027685356769616254,-0.012955052878378726,-0.024836335149771127,0.015295382070845909,-0.019796940214232506,-0.009755541541096147,0.00021335628106577964,-0.015233690049112458,-0.0063996636989659406,0.007849696986843346,0.052099027987039914,0.00752945301111696,-0.00973536108197226,-0.015095786419757395,-0.01816445053050353,0.033135088244810484,-0.030776771026190808,-0.011951233746430368,-0.007602755327609123
2025-01-06,-0.01981749493889884,-0.00969960658918212,-0.007816618729520997,-0.005408349524478107,-0.026810010447880006,-0.0017003778028358285,-0.002495311023156921,-0.0431586284147818,0.0032877861515396845,-0.02212426793723632,-0.012488316700964175,-0.0007510321912264084,-0.00046426934138787956,-0.0005244297293505173,-0.04547807440233664,-0.026594189518042155,-0.014965318830825525,-0.017497825746018547,-0.026495753747466266,-0.02142686125945159,-0.0012164339582435568,-0.0011951441800915896,-0.017902306365140563,-0.0005094820012846446,-0.02092225674862891,-0.016192595996625703
2025-01-07,0.00385548175297723,-0.0010981904129392372,0.0006258504659617525,0.009380131379920664,0.006142534803551314,0.0008887602316598464,0.006936040594857751,0.013780008794074261,-0.0190216329083136,0.0016952939765633168,0.006144428963337889,0.011984723520569451,-0.0036123149878771743,-0.0009130292286784192,-0.00350153496964678,0.00101430013450865,-0.0029220186898258893,0.035893975009701595,0.01876021299125341,0.003026773590461662,0.003247774591951913,-0.016288184654991378,0.02190010110408469,-0.0008495322146464535,0.005611723037939109,0.0038892874268343647
2025-01-08,0.0069788892351740905,0.008468232017310173,0.00019711537694022674,-0.01252525663536408,-0.010113428350016052,0.01420589018959384,0.002935991633034929,-0.03314288135111909,0.008533856698585085,-0.011147307975073906,0.004266260996458993,-0.012116344211269614,0.0011912245592959891,0.0014682546148865327,0.019156621640508797,-0.007317847152578216,0.008591167747403095,0.02975448766934541,0.019865530979382928,-0.009759146335756141,-0.00844393996416315,0.019884270135265503,0.002143146941600449,0.011902779614540115,-0.007312389363316241,-0.0007993610384197103
2025-01-09,-0.012279550348112789,-0.003948079143385241,-0.01059760979603086,0.008183285278483776,-0.02734856446990297,0.000620034146520565,0.007243403575952323,-0.02665498094596741,0.001319760570257289,-0.015640693684079388,0.014327316010554592,-0.0010682715115654107,-0.008199062394971146,0.0011770427756088164,0.00122343101288247,0.013090994069107742,-0.006889670891307098,-0.03003733165009881,-0.008494763778998937,-0.01387545721791561,-0.006203282811795829,-0.016928573315421525,-0.01868043850979384,-0.01764409960336688,-0.006652963648122623,-0.006857594959147506
2025-01-10,-0.019825807613592872,0.006478119839648855,0.0014565475484449308,0.03584958862988996,-0.036507983342716765,-0.012540092477909326,0.009203349997202626,-0.04383190217286603,0.031166000094944746,-0.006625557373826418,0.0027307227086557084,-0.009941432316995402,0.02589569741105313,0.00014546981421426075,-0.011553037255183418,-0.010762839548732472,-0.009322453189013591,-0.0006079370283702534,-0.010240996308177985,-0.02261816471187561,-0.02275021371619179,0.056154620473838346,-0.006986262676092814,0.02822435654806954,-0.015541356924257843,-0.004037999702463213
2025-01-13,0.008263810319365295,-0.015929470209643304,-0.01881160552186234,0.029384876700634166,-0.05497582985675864,-0.014249840404781278,-0.012922281705741168,-0.05765762024391041,-0.0028570965655170255,-0.015632938696571452,0.0036649217352220376,-0.016081990330538698,-0.002414774758001892,0.0031192432123516856,-0.013149041497441005,-0.030134095397806315,-0.011469146056352741,-0.027716475497733484,-0.0016507150421680716,-0.018499811023665047,-0.021234859834738384,0.005966232686393402,-0.03052992885420336,-0.028946705024753827,-0.014217924385990233,-0.014747275302477436
2025-01-14,0.0022394786800323807,0.023504426861880923,0.02573782374904332,-0.016747014716252284,0.01751549374426009,0.001835139660526508,0.0014961660744343686,0.02625724827354281,-0.08839338472348435,0.009657464656221082,-0.033884237642314186,0.00857909582777805,-0.011288330518841483,0.0053672559940245446,-0.00558012938805319,0.016618591336591493,0.021173775220011848,0.018144100758449078,-0.0008871995398558319,0.02556544862760446,0.013709941111232471,-0.013528043819022728,0.025965422800269256,0.00342642908436952,0.014318912132802453,0.003902874499386977
2025-01-15,-0.02362946158102308,-0.024423688244006314,-0.021486076561432532,0.032774205361643105,0.015969601189482763,-0.0002617486026672555,0.013071895424836555,-0.0004549373887103858,0.006699512129099139,-0.0021559661687380327,0.0021328183539270906,-0.001652856688643789,0.004948270309358849,-0.001329433754903242,0.001717847167114428,-0.029267047156900317,0.01756641680117821,-0.008411119560922997,0.010857618472363662,0.007418302347986794,-0.007905774414198707,0.003909738266635987,-0.008955322715464287,-0.0006830581892492971,0.00046277806965822066,0.0016028803979861728
2025-01-16,0.010907624739413535,0.015374071225574992,0.011473554977823985,-0.01699151167910251,0.008233506490315623,-0.025762824370811455,0.012497659850230436,0.02460013220457502,-0.018321778520412946,0.005477684608542033,-0.011799474974382163,0.008762341437084098,-0.01087376732774925,-0.0012064500111440557,-0.010289255960591381,0.006874509022147368,0.012128136694629754,0.019366319453820946,0.011380021144143493,0.01671747872188245,0.0036712920109924774,-0.010189181209964704,0.014078057909191699,-0.015718376416978375,0.010809879623586927,0.004247650725383689
2025-01-17,-0.04523123184813971,-0.009838924199653043,-0.010695957726501448,-0.010167806922405265,0.01100084718858918,0.005104648957050095,-0.0007645840337501264,0.01859420371983722,0.008257119651436051,-0.00926122659371409,0.003837913261725001,-0.018933627134762765,-0.058596319700087385,0.002025919338910054,0.01698055245714558,-0.021220617933260688,0.003642772180961762,0.012881059267782824,0.028346977701285025,-0.002870968216868164,0.013185511717924259,-0.0014527752082299505,0.006973612605952306,-0.02117683611511545,-0.01497802636740786,-0.004658651792672774
2025-01-20,-0.0030270811244417217,0.032457741754995606,0.03592271749319664,0.0,0.015487321814969368,-0.0053841478255796105,0.0,0.00853537953383765,0.004080678440604668,0.008858947547011553,-0.003738305192098834,0.006120114962076206,-0.001184193970448999,-0.00042839643804615246,-0.0056793527130986066,-0.010026225307485648,-0.009582818571928775,0.010466276105226546,0.0023803347179069956,0.019827315614525443,-0.004645838906762512,-0.011274623920192406,-0.006925318120208912,0.06490499069637679,0.016691165594781454,0.006100485537167577
2025-01-21,-0.01806591838941951,-0.010488722553969265,-0.01995277003691942,-0.025552104955707255,-0.02984476160130123,-0.010903380660260864,0.0038989727732010593,-0.02565736691136944,0.0034517063467089937,-0.005359542446429111,-0.0020041000940466125,-0.02984708520156809,-0.006948738378760866,-0.004134303571094899,-0.0003427513942668714,-0.02312945449216197,-0.011343467604140511,-0.013216542112521323,-0.024321110451110406,-0.025922394030670426,-0.008744570783267847,-0.010287414083755997,-0.01756308639310289,-0.00632797214385028,-0.015803235842250185,-0.013711845677293555
2025-01-22,-0.011234759240486336,0.015317479504981524,0.014468725594941168,-0.0059295948328017545,-0.032660342160464984,0.006288135412666929,0.0045735381692377786,-0.05296194301354662,0.014036759056878623,0.014399678507978075,0.0010467746430702363,0.0035949037903812986,0.030960239329291595,0.002793131703124452,-0.0012569842231113793,0.0018254170080491683,0.01149887221211876,-0.006583988016656606,0.00266935709712679,-0.007377575796948754,0.02056506927582169,0.029919426796888304,-0.023660825599565505,0.036031462359142674,0.003160328611123475,0.0056764909144164655
2025-01-23,-0.008600052167876071,0.0016347648539929427,0.006232012078611238,-0.010869560820350066,0.0017511737285740292,-0.0052844590648977174,-0.0016259574509376318,-0.006650172897706863,-0.011325587454930952,-0.000690185774186447,-0.009069886140515404,0.0010829575446542616,0.004847960027776876,0.00024065821212393423,0.007322808180900253,0.021227988457011238,0.002113228293187941,-0.0037871339583778196,-0.01053167209564354,-0.010020557297335864,0.019261219993610856,-0.002682558982175731,0.013126873190321797,0.027822699413624807,-0.002778863194661696,0.0021593282262408753
2025-01-24,-0.0026812884480641452,-0.00999341631137729,-0.0006247622690741528,0.0005360615660010559,-0.027690331524974132,-0.05041105735512563,0.005139137443453512,-0.03174349833654988,-0.007830602649088636,-0.00906963770625735,0.019985507337316077,0.006199315151001583,0.005360634113181328,-0.0003758552692526562,0.003180293104152465,-0.029465189357841814,-0.006462889064787758,-0.02486208794141964,-0.013729944340881262,-0.0023461639581969784,-0.006217322996534325,0.00166454554621831,-0.024451850755095816,0.007554322343456654,-0.004552454645084247,-0.004876047658393667
2025-01-27,-0.00042172124142147993,-0.009891853984424048,-0.019244257830774436,-0.01995721162709041,0.01244156432336574,-0.021847461037736937,-0.014330482169155112,-0.02749424862361416,-0.04512377334402029,-0.01212270117490144,0.010451388041828436,0.015505953174787201,-0.028499839655068082,-0.0027440690068482043,-0.0033967937847610985,0.010780409923491607,0.002168226591258815,-0.02233842553521337,-0.013600401095603454,0.006786231906277473,-0.019399549452270293,-0.021000275051865858,-0.02867456428410653,-0.037956863021020415,-0.006267647874275917,-0.011391241935562957
2025-01-28,0.037654323176824045,0.03350665766837002,0.042649937354858114,0.008200061352136911,0.032461934853259544,-0.013693501571035105,0.010703214183789944,0.031110520106877093,-0.010923232597851218,0.024910937835434854,-0.001671641176894223,0.015432440492305854,0.004253635883327833,0.0030787340248521478,-0.010565770529730734,0.013773134974333967,0.01083056289499118,-0.008373897455260182,0.004108023069107958,0.004271243911910139,-0.04552700421016087,-0.006112873278393716,0.02131692184912448,0.005464473862886621,0.016690086187629793,0.005611229817278129
2025-01-29,-0.0004065271785044233,0.012125900853464877,0.02012079397277855,-0.015588910787790566,0.025662315475254438,-4.238521377686322e-05,0.0008313028724642457,0.0354474545084662,0.015207481214493557,0.0041307825138940935,-0.0020512812963920934,0.003809324079265819,0.028145905772878343,0.0013438818040467648,-0.004822629503664744,0.018724257232578534,-0.01203001496175593,0.010937801081437382,0.0008910167695281856,0.008040892628293106,0.017502195101111617,0.014726559896861557,0.03329898178674817,0.029150160429354033,0.006120665577717066,0.008966649288351114
2025-01-30,0.001321843907286846,-0.02524578564427782,0.018299689303745037,0.0015147425804351577,0.006238126509202191,0.011259873818579846,0.019464772107505413,0.022725675499513986,-0.0034322958326176156,0.008466020110509342,0.01040297406041768,0.0031559150686892856,-0.011322293906232739,0.0006467634467979266,0.006576730612217974,0.016106050905067226,0.001844941660087862,0.02116145553760207,0.01420481101409754,0.005471685625148437,0.0021608536629402764,6.096431992541618e-05,-0.0739535745026414,-0.011041856322260513,0.0029695348573544056,0.003730087599762788
2025-01-31,0.0014217930622755226,-0.005214346203927578,-0.0020944540601864903,-0.0027499596920842473,-0.0066661576053757,0.019129201854611644,-0.0037194473963868546,0.01793830232555149,0.007209281081852259,0.004286101872654546,0.024929957325794172,-0.0022299426435159475,0.010672338256347835,7.388062704660747e-05,0.02590549962422739,0.0061923691833762895,0.025887553807253605,0.02294332639252561,0.0096164947627011,0.013506490354626255,0.0027887753775019952,0.003012182075699199,0.027624329569044814,0.009385137310254255,0.00558181139380598,0.011135740150325812
2025-02-01,0.012219818354922696,0.010310506485034843,0.014584437259163918,0.0,0.02093816145114924,-0.010186007563139032,0.0,0.01317915128047642,-0.018227196120731093,-0.004591637785077429,0.015088295862535794,0.002195022305696348,-0.015134539945313774,0.0,0.03363122642748406,0.02906492432107055,0.04921348884270449,-0.019268136282810322,-0.00039523248984307813,-0.00892749362644052,-0.0010034827803780955,-0.009544263036138756,-0.013336031928951275,-0.022763610601998163,0.0,-0.0011166221250199504
2025-02-03,-0.008766144062157144,0.023289619461994704,0.053211882858243964,0.00868612840777172,-0.015775876631284547,-0.0009129028319686538,0.007608854166666568,-0.01711751706299902,-0.0011806413520266679,-0.0076583789402612235,-0.025578102973315753,-0.0020310467483590777,0.006454703952373908,-0.0010733472125903365,-0.01772775222821843,0.03138053162293386,0.017299576495696467,-0.033197427448742434,-0.014787208604033264,-0.006592656429130872,-0.000918350779595456,-0.0011048535255431258,-0.027032746789535156,0.02887142499420592,-0.007595678792795768,-0.005157091976693451
2025-02-04,0.026177447896556183,0.010251556809067752,0.005880754703698088,-0.006287680301271359,0.01809920360610362,0.0133737494393118,0.006845741611526401,0.030218732276444005,0.023965711934490486,0.02556622139943454,-0.001597091805572659,0.012130890298564623,0.019052209202868875,0.004498886979645178,0.0017607029694599596,0.004963307122231697,-0.002283122693278905,0.020481995340221548,0.03154335209732628,0.023983159179752134,0.01416180216493701,0.009437988593686608,0.03360244580392657,0.008450209765011651,0.01925193728701302,0.016189306820631133
2025-02-05,-0.001969873786576759,-0.009099683624088306,0.004023464523151832,-0.022971089945632905,0.0015743875664220308,0.006229868550361228,0.006413643330515084,-0.0370315889250552,-0.011370503722707537,0.009820449535359987,-0.01927766277488352,-0.0003942931856922849,-0.0009216342430028446,0.0021473616041636223,-0.015379454918084345,-0.003229832554494383,-0.0017658657742753991,0.029712663358057556,-0.005446621423933262,-0.016876285178788808,-0.007081054844947254,-0.0038834850447312386,0.009147712521528906,0.002687709621596257,0.003690373418034465,-0.001809207062143936
2025-02-06,0.007302888672712671,-0.0048699033591135255,-0.000252764268818928,-0.005912968832370691,0.0008514391572473912,0.007413081344292527,-0.005432545314712378,-0.02222613083807301,0.006217736832496268,0.003481341992783049,-0.007674538311238099,0.0037075830636972285,0.009804772944896678,0.002341353776900812,-0.01573131265234906,-0.012205999347371543,-0.0009780907072087786,-0.02102044977414974,0.0026209472919784815,-0.018014481815156524,-0.00014357738083081717,-0.002041016510407223,-0.01031996585922823,0.0026806070177982644,0.0007756935792326836,-0.003922602634608197
2025-02-07,0.0033310387707996547,0.005788614066713604,-0.003884809130343725,0.0055232882917048975,-0.008638165343567872,0.0030323829387624013,0.003956599729735721,-0.02368682762201113,0.0012474561043080978,-0.006365246083807619,-0.003729909024053013,-0.012181669195780676,-0.006264255643993244,0.0029107049804513174,-0.023237409607525406,0.01863079589340777,-0.0018739036420627464,-0.008958739612853761,-0.01158756678390982,-0.020006605815645506,0.004477575725240879,-0.013067116605695706,-0.004086521136448362,0.00015718953239574063,-0.004431137111719163,-0.0018387386257991967
2025-02-10,-0.012059379612990084,-0.003308579761703734,-0.022120041937308876,0.018591544997524245,-0.03498581019939695,-0.01568047561375241,0.016391727129920985,-0.033706505092284234,0.00475181013082282,-0.009810992628926596,-0.0010151832265463678,0.004534820200616574,-0.012265917261953141,-0.0008585957217073226,-0.008471629325064622,-0.019134193526616494,-0.011398926755338157,-0.025914082683581308,-0.010302333990412138,-0.0005426070329127564,-0.010115401064344165,0.0018736601142224085,-0.015210476583515598,0.003301984297324978,-0.0035457662398508116,-0.007570033692307909
2025-02-11,-0.004299440820119127,-0.026528746744166054,-0.01153631697723112,0.0138274336866675,-0.02989266032284943,-0.009132114023847837,-0.0006176607754746488,-0.045646225988823286,-0.0061423539730761645,-0.008363598193681487,-0.019564210388600567,-0.007801271205466032,-0.002472994684980301,-0.00026284778619833915,-0.0208333801593521,-0.016351994061804875,-0.013673653028513644,-0.014435996428666664,-0.014996213895739241,-0.007736283497356555,-0.018676754668153994,-0.018181959618783994,-0.0262212543412621,-0.018962553841280982,-0.011556422690622403,-0.013249684936046169
2025-02-12,-0.0004963455278533813,0.02513109060532326,0.002789615007330548,-0.02659570316910187,-0.040967467174035654,0.005000734199910539,-0.001201716738197467,-0.04748387167084067,-0.003423854564537976,0.003173806486951092,0.007450403959980534,-0.0007583071668839647,-0.006664352797898676,-0.0077596672754013385,-0.004613818214976417,-0.031999849141703285,-0.005406890806240461,-0.006486640908312857,-0.014819609664862288,0.002804161342488065,-0.0034710845957806047,-0.0033808865964169987,0.00973805252320692,-0.008945640829709833,0.0015393835981993842,-0.0011507892904301098
2025-02-13,0.001291054221909338,0.03385144689818298,0.02373366409779587,-0.0011209447663713679,0.0008823783846132471,0.006374108410274637,0.005809522978257098,0.04972144862731609,-0.008268858060877293,-0.005331669610529555,-0.004715873799413628,-0.0023166829713793247,-0.010680885610280244,0.0007233806722457548,-0.00048794134397944777,-0.003079859905710247,0.0012445398247622474,-0.010320203417496843,-0.0003699149721845263,-0.007501952971681103,0.030994478637188294,-0.010126174469354265,-0.000730679685390534,-0.005319245819681906,-0.0024171177759326756,-0.0006009745771905495
2025-02-14,-0.010612966356962183,-0.004298961799205303,-0.001986015885187875,-0.007715009744627688,-0.010798531196346217,-0.021698174875585896,-0.014457023855674711,-0.028409889439758085,0.004785397240367306,-0.0016787400730168267,-0.0013568835195401086,0.008967920813478747,0.007134120660347021,-0.0013802007930445725,0.0013424937541499649,-0.011887098989846745,0.0007062799269987874,-0.018940131699157647,0.0009456318389988727,-0.007558483453225073,-0.026254730946367655,0.006316876574207875,-0.004679279260471847,-0.00145843278223734,-0.005275590090060844,-0.004435266153706374
2025-02-17,-0.004561394627438764,0.02908263563654989,0.004087135683009224,0.0,0.0021535842495066237,0.0015871070069308768,0.0,0.002997720361426648,-0.0007888140287120038,0.01327552455066372,0.004766325148467532,-0.007102635040289629,-0.00759528692422351,-0.0036827788645059645,-0.004022002189731144,-0.037602826368713926,0.00651802062272,0.013665894905096732,0.006284634931411404,0.0076852996110041705,0.008056402448441746,-0.007713063013499277,0.008741588120530386,-0.008925697188777892,0.0032474746924271436,0.0013192755977626813
2025-02-18,0.0012085278512752318,-0.0006068963239422853,0.004663783469867289,0.015691272884813978,-0.003927390151078347,-0.0012926881200445717,0.01664585877875835,0.0009117895494774597,0.009123293100739671,0.003319063649391163,-0.01433843489643849,-0.006474079884892903,0.005238000981332425,0.004861438928019046,-0.008198622157938318,-0.014795440315500286,0.001825601433295132,0.012625757619461053,0.0004083041546305566,-0.0026110090391064933,-0.007350341399489868,-0.008016413877379058,-0.006117017429666638,0.022433210375567114,-0.003483586959779905,-0.0006184463402948426
2025-02-19,0.017301200415405393,-0.009690031561249035,-0.003124315071267647,0.005567175147860093,0.026856160816851826,-0.026348827331559077,-0.004161616491367259,0.036262920357827966,-0.007649980900491182,0.0024085466838943415,-0.01986066922138885,0.014963153459143896,-0.022219797082353332,0.0003730598603401969,0.002837694948758074,-0.011702317779117788,-0.007824809604305427,0.00718514130372272,0.0016728413122777397,0.002066714551754112,-0.014692019236754339,-0.023004273933128316,-0.002051585528604183,0.006086007632355006,0.009835553667974617,-0.0005404326900405598
2025-02-20,0.005784362267879262,0.0031460745048947913,-0.004739634904025625,0.004429061520058397,0.006882656754938488,0.004374461264428531,0.007056278120620485,0.01438340268411431,-0.01445424174429688,-0.02321679680218469,-0.0010442622776993815,-0.009273535220054363,0.007924684088330913,-0.00016569376823716286,-0.01070380222629208,0.02975625132182924,-0.019351784727378862,0.015106963701776221,0.004521536732671194,0.003299958142663817,-0.004354056937111994,-0.00124210217562426,0.012922074258473026,-0.0025470932146690606,-0.004751872072584096,-0.0008612081186238907
2025-02-21,-0.00811052902917797,-0.001009969616444173,-0.0003274310894016974,-0.02990213832259503,-0.012447919036969401,-0.016354161640836362,-0.0008162933142006334,-0.041214342004926796,0.007792415616466153,0.003200782792928125,-0.0028469022452204396,-0.013600611656850559,-0.005561239981550892,-0.004853076319938365,-0.0028602811053137778,-0.05990591172300619,-0.009420790640183085,-0.008267877584717365,-0.003933493591583903,-0.01055239075037806,-0.015305841786500629,0.0017464180789483752,-0.024064905426488314,-0.02218321866018158,-0.007162354919714731,-0.005117148798882476
2025-02-24,0.0010902342267622434,-0.011466653242292124,-0.0049721658643534505,0.004261298520753742,-0.018287783738690888,0.011069662367569899,0.0035061970129008913,0.021091226705324706,-0.03330985177553469,-0.009098962746929784,-8.930373230209288e-05,-0.01184140164268832,-0.028044119843282367,0.000904571501391116,0.0024943955576846033,0.014928643597162061,0.0017648923002264727,-0.02313463127226556,-0.011073536656446947,-0.007756162018816126,-0.002585499996917262,-0.029159997514322855,-0.007352948634009149,-0.036885905876173464,-0.006721966902638932,-0.010640105330068539
2025-02-25,-0.0009405762791018235,0.009312035396669582,0.016020419354664472,-0.02503531427819128,-0.025085465710037225,-0.03125667453492165,-0.014722312080286182,-0.022770242806420482,-0.004835585350712268,0.003130404238644191,0.007963645988559476,0.004760575802008171,0.0020407142769278686,0.001857148323752389,0.007340153583364373,0.025339644554139618,0.010623517225922807,-0.005760623515377317,-0.008686383010429899,-0.0076772663856782275,-0.01579760515108486,-0.012528631334162932,-0.00995135690990756,-0.012709804345107267,-0.0008961132482888656,-0.00025711604818956513
2025-02-27,0.0075315126164967605,0.02690523471946249,0.025515958884007706,0.020600582658617528,-0.02192445186026859,-0.002304702438938877,-0.007333464908977461,-0.02405576430543699,-0.004217458840519606,0.010907347315639804,-0.0063516218359179755,-0.0013887964206850123,-0.0019233878706057528,0.005445827093955691,-0.008027709999247956,-0.018467447925875624,-0.007674466386319967,-0.008583689209453071,0.002574774875932162,-0.00984669417571249,0.021008975879349245,-0.0046838857592852445,-0.019724861061243715,0.010985374188338781,0.002786542114596058,-0.00011087678764998277
2025-02-28,-0.001131110233610233,-0.027654383151075823,-0.020113848894693365,-0.008386586363717696,-0.010663139227258145,-0.008040609542939503,-0.016093196146486743,-0.0015211972030717558,-0.03323719059879271,0.018639443044819348,-0.02436567828810343,-0.015010829513102175,-0.04341664619779295,0.001890757111631114,-0.016434283037246145,-0.05187870925091331,-0.035115419802082215,-0.024891821915030587,-0.005799020532345489,-0.021451969729972653,-0.0329286307778589,-0.03579184244572298,-0.043019110044428044,-0.05721558514910341,-0.008187739899296442,-0.018644959666695105
2025-03-03,-0.008172948885824982,-0.018025972259026912,0.011435612944406204,-0.01992544935612217,0.018487979213769323,0.002776519520506726,0.018823992323959926,0.034317977867036165,-0.0016824195457657565,-0.017807617619606586,-0.006118031248301348,0.0017439631707285574,0.01238377232057597,0.0015687405126187937,0.006202588741563764,0.010366987410120432,-0.014251777904160545,-0.0005327041806566513,-0.024039698599903736,0.009436774933028191,-0.005115373612168628,0.0028134564981703303,0.0008056725105258788,0.021249786476524868,-0.004765743529761002,-0.00024400049223838316
2025-03-04,-0.005410784241427713,-0.026243526710875376,-0.004856358538209649,-0.0016089016517856214,-0.006179569911397675,0.0004913583319521297,0.006712389043017186,0.0028211730991778428,-0.023467324785531485,0.004965989692986339,-0.008957824700375983,0.0034820598022020643,-0.01188111088465682,-0.0015366255698995301,-0.00654169123611037,0.0005551862882793301,-0.013532209676687335,0.007240279039992581,-0.007982883563999676,0.02984314060097959,-0.011734300206964421,0.011165068468873107,-0.003139353478650686,-0.012519897523484147,0.0027205723740042487,-0.0016569416451024388
2025-03-05,0.012627391118859688,0.006423515027278226,-0.033455861927416675,-0.02856730906256022,0.02805848944366396,0.005579530772454211,0.0019590153218878026,0.033310068336551035,0.024389454595421745,-0.011695925787411077,0.006072200199814137,0.004378619619770152,0.013741657119940909,-0.0012893063491654644,0.025832527418641726,0.04333512361099645,9.467269939755774e-05,0.009613702013328451,0.01179108698944109,0.01997070424011338,0.010181859494694079,0.004246852046609684,0.03488362768075359,0.018214263311895573,0.005073043618086581,0.011531695069225467
2025-03-06,0.019370052357030598,0.024225708893408582,0.013514242986840896,0.0007540801326924029,0.005972607335378521,0.012162607543648285,0.0004459399740508463,-0.005011384782478645,0.007946815145930097,0.0007100231514729494,0.022345565101243192,0.0019331362408505637,0.0025415687954739585,-0.003757356622243746,0.0016048780954942554,0.0057947808118274935,0.004222191497273986,0.015986727586150717,0.02892137553821139,0.0023276438362132,0.019937520838297695,0.01537891926736834,-0.0017945064429232271,0.002806067329308881,0.002840794890887066,0.009284847776867
2025-03-07,0.003432892415819122,-8.120452405901979e-05,-0.0007549872723999762,0.010247141333957543,0.0026304041255547084,-0.006008119619797636,-0.00408014334702167,-0.027386308229965017,-0.01734510535557332,-0.0011530340561120012,-0.006489534338273484,-0.0028733847013396874,-0.017396632474362517,0.0027564033782800923,-0.004436853871053192,-0.005305445331496461,-0.00019289007359646337,0.0012468036394219784,0.03323414970498373,0.0009563075256424636,-0.002911963861876088,0.0026654730226542966,0.013522876403029072,-0.003847531988517172,-0.002677470265749271,0.00034601398645017767
2025-03-10,-0.0017346118156510437,-0.0026825503073403256,-0.0073650150975531625,-0.015065664117503652,-0.029907806413066007,-0.011515724324267729,-0.0047164772273115,-0.017028863954329343,-0.0055521957921140785,-0.001035913298955804,0.019595884375497752,0.0002469648247733769,0.009163727343526551,-0.0006312528754011115,0.0027233823592194284,-0.009256422991563928,-0.006695782132522643,-0.041650574403992335,-0.009121537517458145,-0.005254190563407368,0.0013669247074001856,-0.0059674893398995454,-0.00023122084606719273,-0.013693803666070536,-0.0057879111036651665,-0.004088203913091726
2025-03-11,-0.009847019040820193,-0.018990887195620476,-0.00025789354595850966,0.0033318374189050814,0.04172455731332758,-0.003168833003361571,0.007575199703822255,0.036446062339164254,0.011973092656835549,-0.0011851498973893815,-0.013702712684317664,0.0251471263067371,-0.02342120334627862,0.0032306320450203874,0.0029630690815378724,-0.021090779128737802,0.005256370361854001,0.015816143458007748,0.0071867371517375656,0.0013032247573572242,0.0271796937786406,-0.003997572257186999,-0.0001543744125368507,-0.01121394139593257,-0.007525417626652264,0.0016740474556060647
2025-03-12,-0.01408860555325786,0.007782109070582965,0.017265396538045374,0.021584910266804203,-0.008010577460485946,-0.010298842003014341,0.008994540214519287,-0.013660135890970815,-0.017380431182509537,0.015218019058619747,-0.010848194949141021,-0.0011642941686980102,-0.04257942110175095,-0.0017743528974459855,0.01526332011718079,0.0029104290593962023,-0.0005881971743764147,-0.010232974372584858,0.007816871127249048,-0.009316867278823082,0.013018805164784597,-0.019327177027953613,0.031247638410797585,-0.0331232518882687,0.004235788729231471,-0.0012179087892316698
2025-03-13,-0.0009889606167806653,-0.00659537598117399,-0.007543369092359642,-0.016696176836919374,-0.015851690912508376,0.0025336590735196562,0.015378840349098422,-0.02430445710868212,-0.0037974133108734653,-0.002659094578994048,-0.00825381146031301,0.00490383301738051,-0.006914539079963089,0.001611182719231996,-0.0008487209787496619,-0.0036935096505322784,-0.01085040617286126,0.004590007651685157,-0.0072788470127675975,0.006638446395437203,0.003936021573493154,0.0013833514899899146,-0.019153089016906155,-0.016942859191794724,7.80329074525632e-05,-0.003262089461738671
2025-03-17,0.02370820080076297,0.03549198805799936,0.01898950555431833,0.015477065846200233,-0.0038748327428190787,0.03858478134494647,0.005260848746774016,0.00225997569342562,0.006776370697905154,0.002226745411427533,-0.0016323934116629912,0.015159305133598089,0.006456338399974282,-0.00459804573884115,-0.00995020979348471,0.023321309644191546,0.003465474970713256,0.019119084257810837,-0.007252396828106189,-0.006457251914246731,0.012385285134222102,-0.0038023153772219764,0.0084667874557387,-0.015719697166572844,0.006112100805448106,0.004980568336268254
2025-03-18,0.0,0.0,0.0,-0.010062152807804536,0.0,0.0,0.011700032552083295,0.0,0.0,0.0,0.0,0.0,0.0,-0.0002600201890802234,0.0028189939193594693,0.0,0.0,0.0,0.0,0.0,0.0,0.0,0.0,0.0,0.019860789477893492,0.01446329899483545
2025-03-19,0.017308820052021723,-0.015681755321042212,0.017627592559893657,0.003886429451423812,0.06406834427743169,0.018597354690507162,0.000263518388773365,0.06640322445313873,-0.0004530109146080319,0.01970294260296268,0.013264319984526152,0.034751783171645734,-0.002201106714873502,-0.0039151862669418724,-0.01478869092887658,0.03103343696688765,0.005353242093001809,0.01231827474701186,0.006699917956740187,0.030353178487182886,0.016458318014112683,-0.00017139813335731446,0.03207022516115532,0.022513021482075235,0.007869927962363965,0.0032100316461272094
2025-03-20,0.002186207565014975,0.005210960393993824,-0.00594972009913064,0.01637877328975934,-0.004659083262338215,0.012882857493626387,0.0013505378267197887,0.00201935569451539,0.011363337746737923,0.014133292836502998,0.01924950385198998,0.006549359442472591,0.01827864370022847,-0.0027606468022647324,0.0022331346293971155,0.013983009854819262,0.00987033092977807,0.012985305530152313,0.01764022707469448,0.005972341681437676,0.010332797215688805,0.018886984220498393,0.011432723720897986,0.008656226215883134,0.007248111540941959,0.012356195589090069
2025-03-21,0.014985604546984721,-0.0024839540017025374,0.02724191680947108,0.000292948175221186,0.002304535663680163,0.010908069674443688,-0.007171068693462179,0.01664402513733232,0.0030088685421751915,0.000904666316214886,0.0016946352232993789,0.01619126019966699,-0.01423678803641193,-1.157614416491537e-05,0.003960785759859586,-0.009281798893067572,0.00022167534370942654,0.028991042385918986,0.005672953035154915,0.004869635543037543,0.019568614040009535,0.004195697400053211,0.018694305805194267,-0.013805913915215795,0.010600659015347125,0.0068885519512889015
2025-03-24,0.025884117022089814,0.025389138871127592,0.019509699617071607,0.012155855973833951,0.014513497394236907,0.008457265029017558,-0.0016897003505831343,0.021059400700851105,0.02390392002102959,0.016748088583559806,0.004451892344986108,0.011205535270642386,0.00012569757518177127,-0.004043479086923263,0.013191952179374189,-0.009690150395927022,0.016147101340711068,0.005816409610803541,0.020174729062875096,0.03664363774494639,0.00016808898202702593,0.014211480042614077,0.015008198668257311,0.019296169607080804,0.021967195825122632,0.013188177230298859
2025-03-25,0.018855255528967607,0.02687224874287697,-0.002508264016199746,-0.0015916742783979032,-0.015297427943351094,-0.02677022048665567,0.003517922794489925,-0.023160287965792503,0.012935108593477906,0.011916664815102784,0.00669277216676023,-0.010639565901107817,0.02241400270743865,-0.0052903654216215346,-0.0026769877105748963,-0.013947310399716084,-0.004474821102911086,-0.006479976890538586,-0.012786945794292182,-0.010181863995143647,-0.011233755514081678,0.007936081785534732,-0.004485002059160137,0.005939257034700329,-0.0018760293060073874,0.00043539728764163677
2025-03-26,-0.019936637290298043,-0.0008483889376870168,-0.02218983036525335,0.00942031196925952,-0.02121686940540224,-0.011291313365982658,-0.000926033956193284,-0.003600767808927041,0.00523112822300309,-0.008180266495797062,-0.011161116151426453,-0.005804845021033067,-0.017808415221912344,0.0006816602789634363,-0.005978501479532716,0.0022843526388944824,-0.011340579877545998,-0.010443778763167821,-0.009646421132837424,-0.011451089111119583,-0.00328657952364797,-0.006000833918307635,-0.002886024574989543,-0.013284115960096154,-0.0077303831054975625,-0.007681079328545448
2025-03-27,0.0019155919368691876,0.03208299785653357,0.01554250425434911,0.0038764772024604266,0.01183031188862671,-0.002060816921669817,0.013009384653107636,-0.0021120586181467838,-0.0019896912585943838,0.010406558422902057,-0.0005787478424168491,0.0005614206859101412,0.0025634763861051013,0.005900162276524457,0.005155296237488338,-0.0033732851990797563,-0.001052504931147502,0.01022032544409468,0.004045346724523613,0.01086387420438406,-0.015634360475124787,0.0042356138900270235,-0.05605370260123288,0.017950612633236274,0.007163810316545893,0.004474827877002596
2025-03-28,0.0033231393447585855,0.0007976670994955803,-0.006469454180292544,-0.008009118610681987,-0.011619385510588498,-0.01548793856733266,0.008594225621777918,0.0015991653879690038,-0.023095998336383983,0.001561273795473106,0.0063260480031259725,0.008753192761792539,-0.020517031171352396,-0.004651786809321212,0.0007326367751181451,-0.02458830004971002,-0.01704486445534492,0.017384483415366025,-0.002425308203808707,-0.0010358105161891729,0.001877077914258507,-0.012338398458043853,0.008825155266989348,-0.03655399769800616,-0.00021327810722948648,-0.0030773044101545244
2025-04-01,-0.014881962834702667,-0.03499642861274899,-0.0276560513416908,0.026528205330148324,-0.025569486735799618,0.006991829090494894,0.010497295429693798,-0.041392803334131645,-0.03902671923302026,-0.03301053558468536,-0.011067403411246568,-0.022175320215675587,-0.028109351787752757,-0.002646587018289015,-0.0075655414026926104,-0.010465953699419384,-0.0035628222488051087,0.006859321849664868,-0.017645690501992828,0.00025920059414863417,-0.020954573570883372,-0.015348799195406881,-0.0038551035463749717,0.0013346437242383047,-0.014299499371316582,-0.015036571865236992
2025-04-02,-0.001059378109234177,-0.0031748281366265063,-0.003328361226431542,0.007162951658568284,0.030236737875919628,-0.0019092874414807781,0.006733143306144385,0.05160549921258717,-0.0018294826617778481,0.016432359076459013,0.0018128876828207297,0.009708483006485302,0.01549310133552173,0.0016614185704497686,0.005901851746163755,-0.00013264412439317752,0.02046840174848441,0.010359945856657227,-0.0011574254964470398,0.005507345056896318,0.009008695634455721,-0.0019291697762918725,7.446438075797701e-05,0.0038080886120894775,0.010241518493925517,0.0071938424586863725
2025-04-03,0.004979486746999884,-0.005437749914399159,-0.00861076535258154,-0.06637849947011298,-0.004537857029208614,0.0012607450349564342,-0.013662824828182485,0.0021660398997005448,-0.037609453457611575,-0.0011408512444062158,0.0029716030977133823,-0.0012769736693135636,-0.03460968065142023,0.00048007826692719746,0.0008555920474644374,-0.00989550838715314,-0.0023898776007885703,-0.0292451623589296,-0.0019582418867142293,0.004188364751310347,0.032883012376457854,-0.0397296672853269,-0.026715202249506742,-0.027503859199641822,0.004855116746535382,-0.0035251486188494496
2025-04-04,0.0013305580838527398,-0.004243772204619134,0.014456704941618437,-0.0740850708867078,-0.038379477630897774,-0.0360415599295868,-0.02744591540200192,-0.03881106250572974,-0.032650769283724124,0.012508130842110443,0.0,0.004324813426934915,-0.02996993156780392,-0.004300014412361386,0.0007328059317470714,-0.005705662294880898,-0.017633267614841852,-0.07110274069998401,-0.03523675903814394,-0.01507948535175796,-0.034265575474228926,-0.030486437865783755,-0.06131979167368651,-0.039204226586720625,-0.0018344419022233716,-0.014866619775066536
2025-04-07,-0.039723427924287624,-0.0311927777173735,-0.017301651848274813,-0.02080982223905059,-0.07018884621565036,-0.019865640760276748,-0.020152706232362205,-0.06808674978590268,-0.033752824984982666,-0.03279606117295597,0.0021606632390140934,-0.03575978013190306,-0.03781899642084319,0.0028891950403464595,-0.008908958492486407,-0.04055384430905795,-0.013259878544823356,-0.027299667574532505,-0.032373254415905106,-0.02677702105103974,-0.025155731170997897,-0.007683180410097856,-0.055550977208561725,-0.013804308351515138,-0.031893428522519085,-0.03243254628305536
2025-04-08,0.02853200931294575,0.027285236087152942,0.02967443578511375,-0.01845138250094691,0.02220208933378265,0.018430009463524577,0.00579400712659317,0.024595912653522678,0.021286501521627477,0.006514290898725017,0.017715910071774088,0.009591839330115759,0.022946167434048537,0.005819100243200648,0.01600781172735255,0.013005568581477167,0.011399224363801475,0.031022613575461433,0.014154725390701506,0.029053312721069258,0.01320252176049741,0.005772605236400219,0.015696390206048738,0.017908648606114852,0.013054494818549367,0.016887318902814252
2025-04-09,-0.015029932247046074,-0.003940749136680632,-0.009799088259170863,0.04649205367467113,-0.013997245041380002,-0.012545677499835373,0.029679322380616213,-0.0006330096059673496,-0.016638614458847623,-0.002345785303134007,0.026536993695597477,0.0006923435959553803,-0.0175672866711043,0.0047462111325642375,0.009089896322703295,-0.00021787722544441834,-0.0001308639719477256,-0.020824128730693503,0.0026645384242292014,-0.03434811238561519,-0.02141146828043139,-0.014075561657246438,-0.010104376827543171,-0.04287161946661766,-0.005362229266892338,-0.006065856008070525
2025-04-11,0.006876032631441431,0.026692044982525198,0.021211553219857127,-0.013632694385291577,0.017540988668920177,0.014121818082381443,0.05421231839420093,-0.012618483206104258,0.0076448452720532245,0.023654381134639912,0.006872297981352693,0.008340997406485195,0.0040963148534016725,-0.002023523538367211,0.012611079230547606,0.022690288876890286,0.012363042588744655,0.03798319132845607,0.02834600587270697,0.015696550828923295,0.021395745401513677,-0.00465100975243693,0.020843959730471706,0.013099520406185672,0.015171195721051633,0.019170387409190415
2025-04-15,0.04102169395940658,0.011149275259740188,0.024649361335481235,-0.0027641978690294833,0.06286085136939201,0.04091933572431694,-0.0010862144041455801,0.034489822539087056,0.025853010233381823,0.032184902898858336,-0.0019650190307809456,0.029390404668372394,0.011742217815352785,-0.0024993979032794655,-0.0027280478594903235,0.025442286294750982,0.02206652320634328,0.010070843192060197,0.01735106601006997,0.01280094720064362,0.010340450803286938,0.005167880441765416,0.04562649830504162,0.017726754024379066,0.02700166551756733,0.02190239778210845
2025-04-16,0.04358376949113052,0.0006097414788053257,-0.009243991378565464,0.01858795623043985,-0.009882318553577574,0.003030591072301636,0.03352289685936416,-0.007590751082345637,0.003645297547925308,0.007024491474455941,0.002159597028384308,0.0045919916092633795,-0.00904635045770219,-0.00369691110105419,0.009633794692112563,-0.004308404344325778,-0.01611135561844057,0.036658161082229856,-0.0006450607873236258,0.010805572255675022,-0.006979435148880442,0.007881235230063677,-0.009884306497399464,0.014958976196170592,0.014094254431600062,0.004657316201027051
2025-04-17,0.0254025038318908,0.03356705238576363,0.01170424761507638,0.03537696560409609,0.020038081585128875,0.004488930229540111,-0.005380913232397977,-0.004599380216576021,0.004400354783204108,0.015282181599061362,0.0035494368640056617,0.03708345203402308,0.004529120159982192,-0.0012388342498511618,0.0065966238869219485,0.017004432955407767,0.0026577636882907374,0.00941054986593226,0.028403081361119353,0.0333009636017918,0.03449285230630239,0.007667072325212798,0.008927867037864301,-0.043408006330702076,0.022072644619736348,0.017683476937954135
2025-04-21,0.027040638788039306,0.0335084975536688,0.012114611863462299,-0.024737143886393254,0.009710205080327272,0.011859721494315023,0.029467767231497577,0.02691979554510815,0.030598152495764364,0.010699098579260324,-0.010105334450284498,0.0022037330479445227,0.022190900249224876,0.0,-0.01029833164982652,0.031574203094483,0.004275319747419459,0.025832636908087236,0.016476946736505127,0.024139336496507235,-0.003768124941344708,0.006881047309336363,0.013675401454022573,0.0065428826338993495,0.01868294454332542,0.011483498464016417
2025-04-22,-0.0050695087961096785,-0.012598092277925743,-0.0014018275929963409,0.01949898053004695,0.013463479565631209,-0.0020384129652052385,-0.0015853157246075167,0.02460022150493546,-0.0014171182441883312,0.01795445331631984,0.02028931778481713,0.004752377046432388,-0.019434809087187532,-0.005391247009342903,0.02542271102095861,0.01921139380158743,-0.0009365186853389496,-0.008007044334125246,-0.003319087131763432,0.006979422225436904,0.001432814229462398,-0.002167680787693027,0.0012697846617026887,-0.018033130819897325,0.006196588320118712,0.0017284255654137493
2025-04-23,-0.00813608419509193,0.011458923194317627,0.006749080850585898,-0.03172130583540156,0.003941691108356515,0.009361721647755505,-0.03660903264303972,0.0273985194806321,0.07709981476165217,-0.019269017622261853,0.010464031032087595,0.00557718207850888,0.03661784245557609,0.0008631110683468002,-0.006342252344168409,0.03574593634469614,0.014743433146978457,0.017717345849658894,0.006815330221019433,-0.010882849027309627,0.023692306691229126,0.029749050608481875,0.046049123775056655,0.04035883219589609,-0.0049804561845157025,0.006690840652122221
2025-04-24,0.0001657402032444466,0.001999219396757068,-0.002359763568988482,0.008350737978818135,-0.010469665751195567,0.012226013853758655,0.017000869988021305,-0.003159171261776561,-0.004579545913585448,-0.003690369542923122,-0.04063872083394171,-0.01523444215362224,-0.002372953983392878,0.0031384993762297864,-0.0018568611526474932,-0.005620717364008265,-0.0010917515981249126,-0.011103630547023569,0.0012307715038371025,-6.139993886500328e-05,0.008441384277304342,-0.003340248031649007,0.012804843292248291,-0.0034893442299215316,-0.0030459127519368856,-0.0033807460922566923
2025-04-25,-0.0338000301038055,-0.028266075019272918,-0.020320378221391877,0.0036629963192029713,-0.039603279262911406,-0.021407724529895922,-0.014885983690351101,-0.028104062815640596,-0.005357149591423527,-0.002921606298197932,0.002967281481916828,0.0014971341408842598,0.005980660199122578,-0.0028374241956311552,-0.0052319099590318885,-0.012821404011709392,-0.016478922083797642,-0.012190728003185769,-0.0009219202768825374,-0.01813373088858261,-0.009146840063248507,0.013640656997484513,-0.019600411605950496,-0.007621110135259346,-0.00973431238084288,-0.00855166336268387
2025-04-28,0.022721480603198563,0.002053328087419981,-0.002085184994561229,-0.015391958325249866,0.01583660905143125,0.02034379506779138,0.015263252238240987,0.017311622259023496,-0.0069861848131441695,0.004709074904107213,-0.005831276813114128,0.017084236497875827,0.0012835055141464657,0.001496665054414592,0.0023375484230403476,0.02318284189773112,0.012651779332526258,0.017334520175733337,0.05259927244439733,0.023414435855908966,0.030323367476946528,-0.001305097674788036,0.0196871491212407,-0.0016604603507208715,0.014063172944799085,0.012028211882747275
2025-04-29,-0.004611015820633835,0.008391429319593025,0.0,-0.02626915532888008,-0.007606665239496824,-0.018937080906437864,-0.0041110131048387455,-0.01051187892854022,0.01271546382545119,-0.005936809911262553,0.0013368059956506695,0.0006999476645432878,0.01039072652608608,-0.0026304620352640695,-0.006529856490020247,-0.007165796229988808,-0.0004220990704814076,-0.01963298337098507,0.022574383142954124,-0.005872705193006533,-0.019602517718859236,0.008421711859840642,-0.003816669436610187,0.003742199304600069,-0.0007495703024995581,0.0003061930965739812
2025-04-30,-0.0019372708167019193,-0.05578398249018146,-0.050423334429408606,-0.03657727824309254,0.023449965048847554,0.006717614419045059,-0.004158144095784855,0.029727037309645876,-0.0009561664168881157,0.008486939164032758,0.008786798824402364,-0.00195843056945888,0.0017362433007710454,0.00012327395190037116,-0.0004694238642697357,0.0065988761756432535,0.03513212522446385,-0.005006490039985101,0.0037865383223170124,-0.029413428048059465,0.014843555178124301,-0.00541401937251873,-0.03207630131652872,0.00041433888038766575,-0.005490064992214494,-7.191007773188485e-05
2025-05-02,-0.001350219712506151,0.007737206673790853,0.02710048141899013,0.0013743657844520474,0.01631331370728084,-0.005067949090783785,-0.02211803257375189,0.025398951187248997,0.0031260616520987217,-0.0016102698722667563,-0.01003365643496601,0.0021723836403428898,0.004533080083216401,-0.005566440725123356,0.008689453487872756,-0.003960745098295582,0.012074774954906387,-0.006995267179831899,0.010533849468939094,0.010207176656873873,-0.004202409598246026,-0.006572554409192355,0.007528244646658688,0.0007452470862736593,0.0005119728611837626,0.0005136803511647248
2025-05-05,-0.008619159450626968,0.030253708117979894,0.007160339532095827,-0.019900494582135275,0.012330241613107473,-0.00560320340180398,0.024567637885936522,0.0012633508815951267,-0.002416652715579448,0.0077526507080496465,0.012938743736023994,-0.000489396566746847,0.0011280920919882753,-0.00201191456979255,0.01734584097188141,0.03575341775592045,0.004272468678649943,-0.014583545374740603,0.008099785134819015,-0.008409640321721645,0.006576741052556345,0.006790918893094577,0.01918029730001103,0.007820369229421198,-0.003553484772348847,0.004700890697612925
2025-05-06,-0.010057999543107154,0.004738000441832924,-0.015058335250701105,0.03430770257006954,-0.023927864735251436,-0.009305908673099328,0.03022977442079,-0.05889510383294838,0.006693806222717091,-0.002633254447821476,0.014136087298985744,0.0015390301749369506,0.0019222940402585653,-0.0036142149976834403,-0.003204142408882227,0.015522105075674197,0.009873140342747666,-0.009197241990717031,-0.007266177649733696,-0.02012666003204766,-0.009528521332597295,0.001650118658166777,-0.020179813768533283,-0.009771301324881576,-0.011800937053323524,-0.0033338898599493128
2025-05-07,-8.601141688391323e-05,-0.0027016006841453777,0.021483427512685394,-0.017261811730068133,0.003101228595105754,0.0002585611217398309,-0.008794043752944014,0.018913129915444582,-0.010005665612565773,0.007195787492521699,-0.004618261309456861,0.00265446045799278,-0.0021171351174287256,0.006796365138147964,-0.010102082779064325,0.01678398985283769,0.00413321187984983,0.00704637290457355,-0.010486336160832499,0.0025836279019040287,-0.020779433777465717,-0.0043062733111710605,0.04952173475885635,0.011816327973026564,0.006255597050644823,0.0014274549954715887
2025-05-08,0.009385947789421811,-0.01196873246908814,-0.017136874420027093,0.03168589912618658,-0.03562750921429547,-0.010941753153614342,-0.025078312869389552,-0.045911634508094434,0.011130195582931934,-0.008789053031023064,-0.006706693026005461,6.956922133194432e-05,0.0020553952166431078,0.0002830660461647927,-0.0012756281389368906,-0.027821261673396713,-0.019077019339836077,-0.022834874699056984,0.0007112498232164643,-0.009148186226873856,-0.007915623300783103,0.0011030416318829062,0.0037483224382106606,-0.010121261588321273,-0.004490861842909921,-0.005758880297096702
2025-05-09,-0.018000391986330744,-0.017946217771750983,-0.02035027477956808,0.018527801922528564,-0.035646192249566666,0.00688156702964382,0.011769642522029056,-0.014677677482342277,-0.007148596167976917,-0.020119329905647354,-0.009342244666591393,-0.03246245640560064,-0.0025142747428167356,0.014914420589431154,-0.01637255857837383,-0.01681452215602186,-0.011459029469983784,0.007460796644082723,-0.021179865301615197,0.01332896823326446,-0.012675327625349286,-0.002493681459584285,0.03756322614336538,0.0018213803023494624,-0.014170684239803832,-0.0109501096942064
2025-05-12,0.04508726859360945,0.04081213514390236,0.043687035616640335,0.015240909508342337,0.0772519808869856,0.034345504852804076,-0.03459852063396052,0.07313169657830021,0.06429207348625421,0.03572005925146615,0.021261128336051316,0.04291163251478736,0.07913232000660919,-0.00782852664804623,0.02821391546237839,0.041111869895457565,0.029877604253780943,0.03855965845962639,0.04305835495745569,0.028745569495877366,-0.03358554877755082,0.05235007914553358,0.017360576638770775,0.06309658304301213,0.03335373120752316,0.038183073090219954
2025-05-13,-0.00781372281575754,-0.015704185107981883,0.002605807876046695,0.027764283855099103,-0.0038942962360198896,0.009618565121100042,0.0063043629901009535,-0.02068199574608276,-0.030353935356810968,-0.017678393122908864,-0.009443922001906135,-0.012357653784269229,-0.03583497569079441,-0.005182213590311124,-0.01745123108420843,-0.016394390691993665,-0.01062151150467483,-0.01172027892745131,-0.014479665855579138,0.00012476558025986684,0.008184095271168923,-0.029112777289091674,-0.018174160346368984,-0.02219372507554096,-0.00798080971871229,-0.01389583907654357
2025-05-14,0.001591871743078066,0.0010901247741348374,0.004313163381834517,-0.008167059180473335,0.016006544859157534,0.01068676459940221,-0.01817737419276233,0.007943402600115279,0.011175631598383973,-0.006241493206634363,-0.0040254237513625,-0.0030756520217534167,0.015172725079674487,0.0011134433559039092,0.0028044177787975855,0.015718113396415045,0.015061770208115943,0.020111034616980383,0.006145528537022882,-0.0013096379980642725,0.0048234567711853416,0.009587450582935642,-0.012364034778819755,0.005445797988724577,-0.0025400185341366566,0.0036027960647213586
2025-05-15,0.011375963896374408,0.010641448372440854,0.011837898357357934,-0.02422806899485419,0.029548396007749833,0.013360766952385639,0.012353067842610033,0.014062500000000089,0.03559882798825842,0.012142802554537813,0.001999581318960608,0.017248694534003794,0.012936538840056189,0.005023489051597663,0.008273121955358675,0.013701649325905452,0.022257261792174132,0.006503891219763469,0.020921051471469054,0.008804826129836796,0.018674636904167485,0.008792013216526229,0.04170535624845928,0.014351250308814123,0.010114737667680451,0.01602143814146184
2025-05-16,-0.00024805682918249694,-0.004064928468357487,-0.002339813250104239,0.014118837417438801,0.009660814402597806,-0.004529663098619907,-0.012016006383268829,0.012657723516257047,-0.021285483324787968,0.00046539753703478404,0.011124310536223314,0.002205662368634842,-0.014321148672298833,-0.0004995077657526936,0.0070496797802070965,-0.002766848030735458,0.0033199970470438878,-0.0013731176715333637,0.0015128514905287105,0.0003156789569334073,-0.002988238953999134,-0.0051957255558225945,0.0035709554334737437,-0.008808534916654898,-1.270196656077971e-05,-0.0016877607536591732
2025-05-19,-0.004963581320216348,0.0023113023001042343,0.009654155299274603,0.003200463160030642,0.03038142458140647,-0.009506767502167723,0.01473912707220304,0.025274538582068518,-0.0062051540415118955,0.002067442410444098,0.0005459351248500166,-0.003438741372539522,-0.018932014057657875,0.000648336335568489,-0.0008033336926813739,-0.002423812993084251,-0.00046180991584687803,-0.002790536958010903,-0.010711341598050206,0.003661128195731056,-0.0027091089219365427,-0.01193387130885093,-0.0016422753426283965,-0.010066412436056216,0.0011887074695708932,-0.0029717088137536374
2025-05-20,-0.005819765469073035,-0.01628819085174238,-0.01906968579579882,-0.002073652197570386,0.021487051882938868,0.004265671133813376,0.015918779782261305,-0.027833802933051155,-0.006850093037937155,-0.012276239952846213,-0.017459021335934133,-0.0074534860198017805,0.0005127707409344762,-0.0014993715810057706,-0.0010336880012752347,-0.02062022955004672,-0.02702279688430964,0.01086866332753389,-0.011243827538186757,-0.01176092673073248,-0.012946457526693211,-0.005825803643058514,-0.014530472828101715,-0.008103254017144956,-0.009804056316672582,-0.010484831354666824
2025-05-21,0.001672480009635935,0.016059162454121756,0.01305197948792114,-0.01582483466647533,0.02873260898966845,0.0004084767664069844,0.008840654686561367,0.005532440414152129,0.008362210926118774,0.0062144423982861685,0.009738709261065015,0.004519492348483478,0.00506230151527598,0.0019210194343250997,-0.004368826708828433,0.00887868075925402,-0.001819896945613686,-0.0023268755905272442,0.003228928712150969,0.0018455134054582434,0.014053148079867128,0.007860887731256705,0.010988971139294312,0.00484558452857331,0.0036034902262873647,0.00524831270888626
2025-05-22,-0.007764245883506327,-0.017817795932649316,-0.00636032953435961,-0.006009402853966006,0.0008385327692357336,-0.0020412470806341343,-0.0051370379685032885,-0.007565237207496356,-0.011501199768803705,-0.003581032219499125,-0.014044382995900606,-0.0017996462015263948,-0.013388662013829156,0.0007505761106474385,-0.015935377727959943,-0.027307642296937495,-0.01347604698722571,-0.02818885085766254,-0.013853748367148477,-0.002350342959979601,-0.0075644569578288134,-0.013840790788857804,-0.012864615581698269,-0.019846977005505195,-0.00242942414002012,-0.008211272774042211
2025-05-23,0.018174182866475874,0.017741157124147033,0.011434425878078969,0.0053921243830648,0.0009023465986708334,0.006463684145205706,0.021656607165408293,0.008269727888380762,0.009308044633380419,0.007135726254750896,0.012227976951721065,0.005339512313703443,0.011179365705227706,0.004376101790735554,0.023938058242326532,0.0021288451360499394,0.0006427722254138679,0.010634436189389529,0.012345734016484755,0.006685768183235297,-0.02042242775221559,0.010813951732284499,0.0011150989975874381,0.005773806968633499,0.008317044049782396,0.009892488718005854
2025-05-26,0.00421439052193584,0.007905745910413042,0.0028128716397424203,0.0,0.001674149778921885,0.008779774018453645,0.0,0.029554606401517747,0.015410703992205121,0.0034132467692793433,0.014793141321100212,0.007449202090612506,0.010033176415967349,-0.009021198338578174,0.015127224424280605,0.022405146119315766,-0.0025695974681611,0.006960384793879504,0.0056068761250060994,0.004933646475426157,-0.004454729483314823,0.006458813492202786,0.014966939474764906,0.011642973861700767,0.0031363806618440737,0.005954979456279652
2025-05-27,-0.01612898681846575,-0.011059181478839664,-0.01062627170104613,-0.010401420483430734,-0.004821323764640839,0.0018535063498408277,-0.0191758824257805,-0.0005784455340794858,-0.012846515995232899,-0.007164133400505701,-0.00580588114703795,-0.009721977929487924,-0.006580176684588546,-0.0004823930132084042,-0.020320678590894814,-0.01311598897938171,-0.0005635826550434153,-0.00569254836713895,-0.008851440092437768,-0.0008811888932342971,0.00435542998616989,-0.01091231471430576,-0.01721534847991779,-0.007952364001699408,-0.003944418389656645,-0.0069977248703164685
2025-05-28,-0.0007527777919813516,-0.003694719809002156,0.01052233758733001,0.015601917760914796,-0.0026484173313781056,-0.00048258128183253923,-0.0016671212867737095,-0.006011755642398087,0.003147582358313361,-0.0014535989272199679,-0.0076464170301121515,0.005116174836402809,0.0010827657468199803,0.0023755009919497194,-0.013730681756290997,-0.013816752788212705,-0.006686007357451285,-0.007646958729154774,-0.006469209739104365,0.003590727660369275,-0.010098629599128772,-0.0002858271451326999,0.002093652980873717,-0.003303230270225388,0.0011598187958674622,-0.0029706520659956714
2025-05-29,0.005859224084439285,-0.00568632268409508,-0.006851938692696513,-0.014553711572739214,0.028173655951566845,0.004506697717471475,0.007135049581982633,0.003270356584928358,0.004465045036097237,0.0020795460868408,0.00198984574654526,0.0018571552784039103,0.008779705559551543,0.0002976304593402812,-0.0034508109577129353,0.003736021649613397,0.00494690412388632,0.0015246860881923396,0.003468034209246351,0.001004321429348698,0.02004322710144346,0.00011443713927472565,0.009053512458338187,0.010952614395502325,0.0023287218949059607,0.003278479228775888
2025-05-30,-0.007905404167946939,0.003232402094116571,0.002237991661600436,-0.0024613999764006023,0.005165294279581012,0.0024034387982785343,-0.008501460457109866,0.0019648444457980307,-0.016879975817658432,0.009027269201477672,-0.007774512292761049,-0.007346289193481237,-0.0005756090600607111,-0.0002881599499485743,-0.0016716483893099987,-0.01070112408953372,-0.005890874952951708,-0.014976992454621252,0.0021864194149390226,0.018749616208126874,-0.01306042736170654,-0.00991971847122708,-0.006832776558747478,-0.0018789498119372583,0.0036662991272233825,-0.00333823496911434
2025-06-02,0.0018453142013301616,0.005749978339122608,-0.006753499831498533,0.028458620104979238,0.01610585207771842,-0.0027974370248146085,0.024841192416430236,0.016846420567493636,-0.0031161817666357505,-0.00658139101779831,0.009922131313681248,0.003250694741943061,-0.005695232309131937,0.0019095540804663358,0.0029900574369705613,0.01649419373670602,-0.0023540936998249773,-0.004553022291439945,-0.0050672635520357945,0.0016619648927413966,-0.001788294224127962,-0.003926794764828601,-0.010979893961528542,-0.007970520054547237,0.00275695153344091,-0.0013777230725331435
2025-06-03,-0.010800381957112526,-0.018284856418730677,-0.015298475472865114,0.014235434790978552,-0.007586063696826573,0.000481038988730198,-0.006052378179944973,0.001227141228655082,-0.0006741645301964194,-0.003881704007717812,-0.00813803059003082,-0.008686613642050811,-0.006950710778507507,-0.0018778143240389955,-0.005604443190226016,0.006807874204193265,-0.01318145134204507,-0.004364006038347634,-0.005800360272230853,-0.0047317994072001435,-0.004239770235996643,-0.012928215521096242,-0.01089087605098471,-0.005894687006145816,-0.005428099672495912,-0.007043833380258491
2025-06-04,-0.008887078111639024,-0.017972797152443154,0.0008909595950130633,-0.008831436281952265,-0.0014293038550503567,0.0028838558737567244,0.006954823344193173,-0.009017609849599872,-0.0026373490812343636,0.008625134369516951,0.005186369088894249,-0.00479874582469253,0.005314308611814145,0.004042706669558749,0.00011982570388013869,0.002264830846236965,0.002885908931421266,0.0032873674940343545,0.012806788518611167,-0.004075088746931299,-0.0015591336802225353,0.0016887278474473355,0.016192586804897324,0.0025993725498731912,0.0013831369422199202,0.003165904807986175
2025-06-05,-0.010247613773217257,-0.006185811295730925,-0.0058974298876868225,0.008273674946512433,0.02775704125327705,0.030913094003265806,-0.0067585738337409,0.021291580334463323,0.0038743125250300103,0.004327195311416787,0.005032772990250178,0.016631879122081417,0.001998493314153027,0.002279770810530657,0.005035990991046235,-0.003864439048752444,-0.0030420436500064874,-0.001176231316483145,0.013277207814544667,-0.0006199664322884546,0.010931498250473348,-0.0028985981908249414,0.0014101208300594248,0.004374917523172206,0.0015087059997582752,0.005308696762106768
2025-06-06,0.03071617483075939,0.02366252802296187,0.048970252754392485,0.019094254687782586,0.06618615050384458,0.023477359632788408,-0.008356462950437349,0.06704153061463769,0.003246620755590124,0.014926140501737573,0.005638894696310404,0.003368038078382485,0.006112073665204276,-0.0003107560769065598,0.004652818385589841,0.021337360371394443,0.02770909804910837,0.009631114077401248,0.0007625285628107825,0.008746895546670519,-0.002317170877987884,0.0038858463479001237,0.0011969452418350013,0.0026215769750732587,0.014661664090327653,0.01018752395450262
2025-06-09,0.021178632488430216,0.013768892601089933,0.025182666547928445,0.010994101336975204,-0.001987854647242271,-0.0013627696315664517,0.002829068715957783,0.00012161623703055291,0.006472542733717335,0.00010118787059987255,0.0014225769211042572,-0.017058241547746045,0.005819158641383382,-0.0010736366369418215,0.004750004845935463,-0.006148356939806865,0.01404265103822544,0.011413908941864559,0.0036717291441485944,0.008609607073667425,0.009051964134240809,0.011140089772700312,0.009563941101273565,0.010861243997389192,0.004616658163071552,0.004005448710087123
2025-06-10,0.010574617530201058,-0.009566836984781779,-0.01144939556743485,-0.004748009714302559,-0.01206460730383796,0.022515493242596607,-0.0033613021770798612,-0.0037692471826346052,0.012012448025949585,-0.006872516119306393,0.0008357508675258529,-0.008293871232915584,0.014686236400958341,-0.00034160286181550426,0.009336999993115436,-0.0064455187333661845,-0.009258476114132108,0.007742898153264566,-0.007109403277025583,-0.003658334778017691,-0.003304944316320002,0.011981571630630405,0.02013103753437706,0.01424653056798486,-0.0037034038630361366,4.18584595869298e-05
2025-06-11,-0.0011356087428185946,0.007407083405851278,-0.007633570510822252,0.048784210606031886,0.0006336515672316079,0.0017051395420797366,0.0001204933891842952,-0.004190512994762141,0.032252282575319535,-0.0075815761441127005,-0.007849057490193379,0.005692544367514429,0.021992391472247963,-0.0012033583002453163,-0.001990666847159539,0.0043031885298245864,-0.005431431826503852,0.01078970336779439,0.007229809741173154,-0.002447844888097128,0.0010657580706492364,0.002599054891809338,0.005667445169270646,0.015890497098274725,-0.0029905394545787223,0.0014798446727146697
2025-06-12,-0.015023560138723635,0.007899089089815625,-0.005994692972668303,-0.0016140954935971452,-0.02383293258539798,0.0085856646831024,0.01794473628983151,-0.024104213960341014,-0.012021779893188644,-0.0035890295208462764,-0.018389138484700585,-0.004053056683499534,-0.013794249148698423,-0.0021365168913635157,-0.012084988771808636,-0.019963050999984966,-0.004979064994642068,0.002264287984965696,-0.005038340761961302,-0.011164917759990622,-0.0018928263475110896,-0.010858690781282765,-0.02858502194190382,0.002664775140386988,-0.006680851735085591,-0.010071084662786611
2025-06-13,-0.005853663257305297,-0.008773699254486012,-0.004002800026298714,0.07260438528710988,0.004010260133475052,-0.00014678423678815555,0.014877710160320134,0.0055679087164910435,-0.0034680362832278933,-0.013275708750848492,-0.005872989535046114,-0.006385073422077503,-0.004102943226534594,0.0025575981785816992,-0.016864566506753387,-0.004372029488527107,0.0014528385152365875,0.014644066116097143,-0.00950328877215667,-0.016874563059850023,0.00023716185666833312,0.003348702665604275,-0.004613179206823581,0.002311218516261926,-0.009899678438585191,-0.006814458847919758
2025-06-16,0.007961468580920839,0.008552915378149617,0.005251371778720593,-0.016579976133314744,0.009104256982976233,-0.011522983906529172,-0.010142238669664128,0.013488758959006697,0.016339230705395336,0.009282435811056589,0.003622076241125205,0.007626564467560826,0.013607966596709042,0.006544627315505203,0.010389067889869041,0.005855053486215178,0.00983232945716428,0.020993268946488453,0.006933222869926148,0.00018938196860940337,-0.0014812877310433903,0.014684997169981395,-0.03567157765330531,0.010299418791125836,0.007519661270536604,0.00921979376770854
2025-06-17,-0.00024687162645242733,-0.012276857550676867,-0.015991504159470926,0.042775530701112396,-0.008789337101106631,-0.02078992212946784,-0.002885350656363417,0.008749577762962035,0.0038304765227137327,-0.0029967853941786915,0.0005157570301979053,-0.0025929593667983752,0.009915086399086004,-0.001681136113643178,-0.0019130114010766919,-0.005424122491010208,0.005187503933875792,-0.017446152949956772,-0.004590408482557651,-0.00025238307564101614,-0.02082724045205786,0.005434363802160336,-0.01733055529638805,7.614284889712053e-05,-0.004124594135384574,-0.0037319707924959866
2025-06-18,0.004855636507986816,-0.010931928542319391,-0.004333654756318306,0.00400859254994268,-0.0078101826075543945,-0.004170466237315207,0.0009448860448830754,0.002321141488133893,-0.00792079796842371,0.002228485640016986,-0.013441601938134595,-0.007448011441958502,-0.004268624038181401,0.0030021664296442374,-0.0035937329627980796,0.011273011690383639,0.01214773380809464,-0.007728620944719378,-0.0007684958841638334,-0.000504815153896887,-0.0013331207330307127,-0.018177739217126176,-0.006669097010959302,-0.005020808747410288,0.0020569561900163347,-0.0016637405234334324
2025-06-19,-0.0028665587175890073,-0.006964820804184257,-0.020130633647900464,0.0,-0.005800156282193436,0.009746331253079221,0.0,-0.03302999303525944,-0.0011655442282889616,0.0007239431986829636,-0.0013494193626262252,-0.0009202267310804979,-0.008879911401724061,0.0029051924550864694,0.0002404873404771024,0.017658042192559398,0.004549745893266177,0.004793084030430661,0.0022376098916994103,-0.008587055155587442,-0.0002426818777307993,-0.007938760247326315,0.0030584796739188125,0.015252783321625607,-0.004501279022904869,-0.0007577278241026608
2025-06-20,0.0026283536816835706,0.009453131435595896,0.00499725477645363,-0.0027947709100140106,0.017085353909472856,-0.0006032485929560183,-0.006401543117381503,0.021805828967305985,0.01516998108657619,0.015191354266358426,0.005230673626592353,0.01119528533703118,0.002780514600576822,-0.00034406160763977844,0.006129760235219273,0.028951793724225183,-0.0011713694418247211,0.0013118504527569463,0.0229540053991637,0.014074746791238102,0.0106214846749626,0.003417023089365312,0.005801081657824225,0.0036147987319332664,0.012152453076636371,0.01287247095983779
2025-06-23,-0.005406793609125882,0.005739619417888697,0.011602213731232824,-0.08567994318427696,-0.002107108353423204,-0.005583627552947834,0.00285022809218316,-0.012705535543109492,-0.021093220495574605,-0.0082963582799771,-0.003111008006238536,-0.004905122432481757,-0.023969441801684144,-4.044511835354925e-05,-0.011109756765263379,-0.015513074863044318,-0.007192590851153535,-0.0020247432720930103,-0.006411090241396078,-0.0074734858618838995,-0.0015613809537204926,-0.012253585284083268,-0.007320357326341287,-0.012380926136275838,-0.0034398256199512645,-0.0055948454872697395
2025-06-24,0.0058479785404597084,0.005806971731551425,0.0010923060308249966,-0.060429123639729965,-0.003460620516344992,0.014720478442517893,-0.017852399472962133,-0.000999632596196287,-0.006693186626401948,0.00641549064399527,-0.005274430554441767,0.00281676853423396,-0.0015152157074030947,-0.004011278211721203,0.0010873062619514151,0.004816585573184318,-0.006929623338933766,-0.029676139480382946,-0.004118687016805178,0.00658058778500803,-0.0004812791409353201,-0.0009430862060034739,0.0035754098569569237,0.006572080707137884,0.007180726565329643,0.0029012296868362597
2025-06-25,-0.006469076100151905,0.0012940670090784145,0.01254774629705313,0.008544281480436622,0.005709220008878857,0.0032153395602689816,0.0029240355694371,0.0019177091971087634,0.014954411074668217,0.009842427771912687,0.006892996171558474,0.0011938032681899635,0.02105467097223035,-0.003805982482819159,0.004826734394045351,0.020761190221609827,0.012370217394930938,-0.008240357871944215,0.011373147212886403,0.005846063301000903,0.004754194793539002,0.016045266922060986,0.0012617986440872642,0.01675657958466026,0.0028204861049134777,0.008001820520425307
2025-06-26,0.016648841458910546,0.020777470933729614,0.02532323318350649,0.004929138999533844,-0.00848595888187531,-0.014982166917212547,0.0019235677184039623,-0.004868237972848188,0.004076629215620464,0.021007950504282613,0.0009216245025365222,0.009328055483028619,0.0006812084707270571,0.0011792484249599777,0.009487176353135673,9.334928494997285e-05,-0.0040730736989319505,0.011657209864152973,0.01908257690602988,-0.0037497100209235024,0.00011977111724692513,-0.0008707802671132914,0.012231285305934092,-0.0033034788690781136,0.01034155606886622,0.012052010814129765
2025-06-27,-0.006809884954268819,-0.004189859340436475,-0.004729339433708013,0.004291826923133124,-0.0015346943214913367,-0.015512580274621102,-0.017939117692552853,-0.012251264787481508,-0.00046394069435662377,0.007550723727140385,0.011443275072017034,0.0160516698681048,-0.0049505218141940865,-0.003949794340313506,-0.003925701350168009,-0.003887128281033214,-0.005741228641435225,-0.007763728077471499,0.013442087140335568,0.01047612157739275,0.010659981208992697,-0.00020333690464002796,0.0060783402275090825,-0.012922794423762873,0.004146353870951192,0.003475704773181043
2025-06-30,-0.021141205314877953,0.005870830258051241,-0.011087648653417603,-0.00625757102748925,-0.009458511670542014,-0.013604860409928476,0.006323105807074736,-0.008127683503756922,0.003075518783917097,-0.006650411176157944,-0.005331668275695645,-0.011215930566344068,-0.0038557206878608863,-0.0024641834423331233,-0.005254974076037144,-0.006274729007152091,-0.01914262087763241,0.005683054506173901,-0.009766355922302017,0.01856221308510886,-0.007051469738498128,0.006073617739626114,0.0016013860402035451,0.0035088041988469154,-0.0022830699354901007,-0.004709842354665206
2025-07-01,-0.02159760511253539,-0.0010699774523911243,0.00016019806592471042,0.005221875820971444,0.0067439299503340155,-0.005065164136171751,0.012839986061810915,-0.01220604386687707,-0.005958541513538251,0.005296008397041696,0.00039213659959291824,-0.009544963653943195,0.0031214954024580965,0.0030272845762671086,-0.0032417147979592054,-0.0022304598630115136,0.0033871424634934755,-0.003439751234029398,0.018525947099128137,-6.097267242688442e-05,-0.005072553984022954,-0.00932994819111066,-0.006104680415995212,-0.005376414240927718,0.0025596262393621227,0.0009699396772837598
2025-07-02,0.0017045526781496179,-0.022348862185555984,-0.014573263140710169,0.030557679041323782,-0.013693773965045453,-0.004699204986769123,0.00338659423786547,-0.010499027620496038,0.00017460240719313624,-0.012971503743565815,0.005053439070537014,-0.0029329163706924843,0.0023027092156833184,-0.0008306404128991529,-0.005179478670340076,-0.003431938031402848,0.014467104452313029,-0.009450543102868636,-0.006281009205256427,-0.009021021402258467,0.006178056114007235,-0.001866021806507634,0.006946499426524921,0.009261039015719286,-0.00800999672391245,-0.0034610085397696055
2025-07-03,-0.0035736046988360526,-0.013546526241773993,-0.013921986496508776,-0.006671563656073909,-0.00264451972134927,0.01613166509656616,-0.0048984176653972256,-0.010523018822490515,-0.0038986483134428873,0.0005538408190581823,0.0027306225991907684,-0.001330675573284812,0.005091572833707092,0.0005990001401290357,0.0009686662284493774,0.0029066592707069905,0.010299544330514943,0.012361512712503409,-0.0006585068990413445,-0.007135051327562425,0.0013114988410831696,-0.0065725765249750046,0.0026868919144056314,0.0001873059980241898,-0.0036360159939198278,-0.00188971251922454
2025-07-04,0.006409745092749386,0.006916764433390732,0.016645602788676994,-0.007462686567164201,0.00759301932626677,0.012467948880576785,0.0002701111530112321,0.016724699522457698,0.008178099532174521,0.001107193704058096,0.011195633102474067,0.01185205922732413,0.013591168708936285,-0.004376030584493651,-0.00193545764444214,0.004255184135267154,-0.008312495733898806,0.00487608249374083,0.006259167109516239,0.0058852643668976246,-0.0020240866979265304,0.00558696938982961,-0.0019554387797106054,0.011233837304488459,0.004225056932379179,0.0021924250859925998
2025-07-07,-0.00212293939549546,0.006016897004722299,-0.0007024393973462661,0.021503763987605673,-0.004186547199538704,0.0023711058680426778,-9.003715772692988e-05,-0.0021701940216488635,-0.008980779507519743,-0.0009551381479701027,0.030393749648029766,-0.00492095942673898,-0.008350104105224077,0.0020769126558344286,0.008726293910857663,-0.0007272808969761568,-0.009963522589172435,-0.015168868000015712,0.009297338276263556,-0.006158732884850804,0.005446457325467335,-0.0023685997150040272,-0.00029026883985439067,-0.008516970636960997,-0.001450052006258029,1.1813410706551508e-05
2025-07-08,-0.008254599412142682,0.0059309787305350525,0.0032444908343731704,0.005888436980449052,0.012492498735300783,-0.020373876068180974,-0.007562556731630865,0.004958701496734053,-0.001344776236782863,0.007044384340888721,-0.007343239470969154,0.0043880798992399495,0.007191171922412254,0.004628253486405054,0.002523176934100535,-0.0007278102194453462,-0.00846652895964628,0.0071216871744166355,-0.002529982994201152,0.007188475521063387,-0.004405014994297907,-0.001612255263853779,0.006314867678935965,0.007096183342336859,0.005392552778843873,0.0024036171315751087
2025-07-09,-0.0006007589416746617,0.004013301115865842,0.013959906684602341,0.0007316759991737865,-0.015719503768296783,-0.011216731758884269,0.0013910183417751298,-0.02393522955019045,-0.019963684459845865,0.0048964886598470425,0.01283068144101307,-0.007004138617580091,-0.0030512832558889924,-0.002149220343583891,0.005393068205408191,0.0058267225037469395,0.004511043043973428,0.00045217454095980436,-0.012096806482165712,-0.002091948955528,-0.001853560609944127,-0.006576135998393462,-0.0005770621693933498,-0.006860717103911895,-0.0007466427173373757,-0.00181801902732881
2025-07-10,-0.0003433023885686115,0.006415305427744489,0.007495314734600855,-0.02646969335032079,0.002290093806054161,0.0009512799184985266,0.0017513602235985637,0.00048779129320819514,-0.0061528115544075,-0.0024860444906276147,-0.0061895523482625725,-0.005447286899741943,-0.010956668972977535,1.2907429694619665e-05,-0.0061986064485803904,-0.004376182871519418,0.014434620125058473,-0.0010684553704571886,-0.00118496195014961,-0.0036377071404014583,-0.004133207142354323,-0.0005320224188335443,0.0040415898767847125,-0.010268884749951912,-0.004501569606031208,-0.004743646446198069
2025-07-11,0.008159405770636008,-0.010885593614050282,-0.014931725740660151,0.028240908247505025,-0.01978239167028828,-0.0062569328643333755,0.011635648035372315,-0.022116812765985205,-0.015267204484924468,-0.011215174409386575,0.04617171358659333,-0.0015448450172454997,-0.012934732804776639,0.0003068367992302701,-0.0001200080158905159,-0.028206409198650473,-0.006007813373154258,-0.005471261057918286,-0.014500401948113417,0.0008045293572469525,0.005714314082620353,-0.03429916073600303,-0.019838981844472636,-0.025466922922879998,-0.0035343209012219656,-0.008100901810276007
2025-07-14,-0.0009372046842541781,-0.006742005981171251,-0.01569361792827062,-0.021475436915214363,0.014476857603334503,-0.003267660296483288,-0.001340882002383803,0.022934257315784468,-0.011292187339208226,-0.00035286990087468606,-0.0011906263993115562,0.0007735740070060615,-0.015424202281163257,0.0010088603873197322,0.006238017435425958,0.006149950911173763,-0.004771769722503372,0.01017540110538162,-0.007691329035668826,0.000247265746440517,0.006339693803597557,-0.013257829202331206,-0.010706932485821885,-0.015679423890353816,0.00018769095593196283,-0.002685854157148504
2025-07-15,-0.005798514587698866,0.01642044265138143,0.010393477383165761,-0.006867821600662349,0.00798153038770244,0.008236058565737725,-0.0064746982461211244,0.0056715406531429036,-0.0329670905475572,0.006303589038414659,0.004092798815401588,0.005481443692961774,0.00974336078173299,0.0017140542222886523,0.006437826212575493,0.011804251285741918,0.0017579369290727787,-0.0022520640133092407,0.0011458537942672375,0.009396080185865907,0.02668491676832052,0.009184892270926115,0.014677524119097285,0.012389365585015133,0.0042507774259854525,0.004525103218794291
2025-07-16,0.002144243323837003,-0.0002454888131011579,-0.007162931168087194,-0.0021046211171603657,0.012957389485307447,-0.0011896688305305103,0.006817211495886655,0.008547368830638336,-0.002298329489238027,0.00040084173022969516,-0.0036803871710251457,-0.0030752219045273588,0.014064070435026554,0.0002873611671940779,0.0059227358596292135,0.02170299103344453,0.002233570929775608,-0.003365191758171404,0.0001346130302264381,0.018678419192883933,-0.015340076160219707,-0.002529968754689804,-0.007890147593399788,0.0209789959806439,0.0028470500493980033,0.0006449487413033861
2025-07-17,-0.0073605023422346205,-0.004666032831569855,0.0016815810379484653,0.01747519900732808,0.0032571928107727466,0.0029378686479406557,-0.003698703159955241,0.020925297796067888,-0.012093635011661275,-0.004708719780822879,-0.0030982457162292976,-0.005398282599437532,-0.015175073130557992,-0.001254781174964248,-0.001530874687327377,-0.00046925173951162247,-0.007004082064098083,0.0042000946998359545,-0.006192774888766461,-0.0032463966819724632,0.0014108730792858903,-0.00739216841160828,0.003976448562757584,-0.00837127293583273,-0.00594988087324233,-0.003990217351728331
2025-07-18,-0.0521641583524336,0.001529758302528883,0.020253444580099034,-0.0029612759094698182,-0.0021840349886564914,-0.004433526234744245,0.0038621304651325072,0.012152245807792283,0.011032081469831478,-0.014847255622457034,-0.008048425839342066,0.00500472868471924,0.0016419553742212933,0.0018780960891948695,-0.002830522778902389,-0.0008137772747426331,-0.004568781990324733,0.010005312748055939,-0.00027095063894810867,-0.006815472639172593,-0.005753201504228422,-0.00601404711784026,-0.002127003629564972,0.02436685584293019,-0.009604298766587416,-0.0056965580472427835
2025-07-21,0.00027282246003390576,0.011972689165165917,0.006847189201843351,-0.002078993128332929,0.00875526175262853,0.0014314430788657795,0.014583925542424714,0.016276275086545278,-0.011880143373711238,0.022019047004099512,-0.00992123891534602,0.028054378087147835,-0.0011348073721365592,0.0011865277058475954,-0.0062684777267920655,0.0170091155616936,-0.0011272665556286698,-0.005156091988280376,-0.03211380842210021,0.0010324568480808427,-0.000767507603431361,-0.009937625592375099,0.010584316820590356,-0.024723759612265694,0.011899685517829495,0.004898144302865282
2025-07-22,-0.0014550636202875777,-0.0069622624247808185,0.004322778419323603,-0.014732111737029263,-0.008327481096508382,-0.015325948944784451,0.010964475704422494,-0.01680588484058798,-0.006730356439670349,0.0032991454681567944,0.006004265971375711,0.005321305626571071,-0.008458025565570737,0.0005420810687950528,-0.009759575756610683,0.0032340497314646832,0.007013320389819722,0.0055909050480211775,-0.011059745551301958,-0.011162343555379484,-0.008450087444567322,0.0004433841441739972,-0.020437816760153882,-0.0024966153237554467,-0.003454618082533334,-0.0011876443882732346
2025-07-23,0.0061931150869325435,0.010247057683292482,0.016534603191958652,-0.01449930671722044,-0.004198705186323148,0.00596776304337987,-0.013113472364483347,-0.016670183604936772,0.0063811870317356245,0.00856965313813407,-0.011815971639583145,0.010179178629853292,0.002291656053789337,0.0017112196279094327,-0.0025240098689200963,0.003561430452733605,0.010806918439133062,-0.003490113520891791,0.008352125623248163,0.006932547881932871,0.002681812041909426,0.0061717118325870235,0.0247994533466116,0.006545923343301618,0.008007069186517723,0.006344544590244583
2025-07-24,-0.008779851533916916,-0.013685913688427753,-0.00965606905255667,0.011954004280411823,-0.01544029990514284,0.014510100444087515,-0.006805956510299027,-0.004948214117768468,-0.014773256917663291,-0.004989442785946707,-0.005141972027574826,-0.003493229331726466,-0.013972705346624426,0.0006474260286823963,-0.012049658281530151,-0.002416855360455883,-0.005543724062650801,-0.0029321846088703474,-0.015232315630201554,-0.006031816097941567,0.005646314022742738,-0.009782703197908749,0.015070301379274342,0.0017216210731656467,-0.002523987129481875,-0.006256994627491075
2025-07-25,-0.00821851852926092,-0.022880525715132105,-0.04713493293755433,-0.013175755463746608,-0.0031968230031872436,0.009798531225009954,-0.010975971521803629,-0.034074185811729385,-0.011345452883052887,-0.0022894633978292056,-0.009188700709216069,-0.004247060917104917,-0.023703702374586855,0.00036575727739540653,-0.0013416824471476074,-0.0044466421477822315,-0.012184415321874642,-0.0185434530716736,-0.007983477847461673,-0.01121741647496155,0.00413704432557882,-0.0038754411455390603,-0.01870087335285442,-0.010120305120180584,-0.009412817890781522,-0.008981674037030651
2025-07-28,-0.01150906014684927,-0.004028595398344881,-0.03638853226266381,0.023787528165297056,-0.04035107862849763,0.0074341123030261524,-0.007468477007723462,-0.05282478501489907,-0.016106309693277088,0.001945526375720652,0.010847164951371058,0.0076501392205581276,0.0001979054105702982,0.0008770728083420387,0.001221371300627938,-0.011273978149205721,-0.005159656773104482,-0.0011236306295575593,-0.002945981984557977,-0.011654522847277526,0.0018835237279182238,-0.01801766079273681,-0.006546367469295933,-0.016325750717913645,-0.007854389741751233,-0.006284962329387578
2025-07-29,-0.008755537141877268,-0.002629178906970231,0.006871124670132955,0.03747564134777348,0.016704682825588568,0.009631847415643602,0.00432135754902907,0.01857459823194696,0.00429706259613849,0.006522271262082713,0.004914853357117277,-0.0014781066033652257,-0.001517197325189068,0.003138502634557172,-0.0035374451578487065,-0.0032401001359726456,0.010453793299592062,0.005916184295343019,0.02125974044296597,0.002571621835027349,0.00487602882341065,-0.0075668306346196035,0.013837951045299057,0.006998592734503539,0.002444536164272204,0.005680474234370125
2025-07-30,0.00855105285053459,-0.00648888544250803,-0.0019175712435937076,0.011414548850999573,-0.014431123561746584,-0.005924092006870496,-0.008304704316853595,-0.011925334443125601,0.002784654028423761,0.002077587109102108,-0.006602672129046749,-0.0025568573783067983,0.003501506411481614,0.003291157447516291,-0.0020810741282554224,0.0029692595619572604,0.011949599638315878,0.0015323868447365552,-0.004939663693119933,0.0030655600691946727,0.01362174743745137,-0.000785209080534921,-0.03452010681823581,-0.006354291103426668,-0.0012682007265838457,0.001367835124523431
2025-07-31,-0.004565374316303661,-0.006021073257679643,-0.004124976889136156,-0.010571398053850434,-0.005768265724288568,-0.01687164509449357,-0.0007889124393861691,-0.012444837682667131,-0.005824508739096457,-0.0037516518796361087,0.034380962879891896,-0.0006745555891211064,-0.006583292960204434,0.007481894656185206,0.010672297499175754,-0.0018074030564939614,-0.000792469101883353,-0.0033497029182418814,-0.01411256012262685,-0.006361884653781513,-0.01563048855765392,-0.005501698806680166,-0.003739993700849986,-0.0075938682359804055,-0.0033614897521520026,-0.0034882717656889994
2025-08-01,-0.005615860248619042,-0.016273038638620063,-0.006354981946248284,-0.02786601567495739,-0.00873439459245795,-0.03912473801391603,0.01654925325156964,-0.024870267216345,-0.010763687570898961,-0.002972929019413595,0.012890710726228383,-0.006615374991971623,-0.026110111456710716,-0.0025673814779043624,0.010923597902079862,-0.013674225179228672,-0.013709620149819468,-0.017468882177081868,0.002517666933043783,-0.0032012696807022234,-0.045116252985169525,-0.011130250253120089,-0.02567765378203446,-0.022351998435085285,-0.006153246287115111,-0.008195943742782208
2025-08-04,0.005835813457270245,0.009027764583952047,0.011078130437667255,-0.01544632240077648,0.0198738468274966,0.0036048192945692392,0.007975610586763882,0.02316394089429008,0.015357079087371162,-0.010038762947834123,-0.003915953773991676,-0.0057080704858827325,0.007417015227782597,-0.0027900805159943864,0.0009605251670197212,0.012945873621379889,0.005121155074598649,-0.00827736407373314,0.012771749405182442,0.002141007728412525,0.007301922263047045,0.023776251013969407,0.007320669490703979,0.013594219921210904,3.1464859160390546e-05,0.006407415043054421
2025-08-05,0.002058824370014589,0.002999643763080151,0.007455118347940104,-0.017046269992633034,-0.015009135171779375,-0.008326446523406972,0.00222261741851959,0.00795956446774837,0.005629255790852605,-0.007228948535774382,-0.003538135705015155,-0.012848493295599672,-0.013643940450054126,0.007427364251549662,-0.0064772080745506555,0.0037497506127910363,0.013910172272157961,-0.0014904498535202038,-0.014027645661354837,0.006158088902781689,-0.005786991092555649,-0.003415236256140819,0.0015299682255476288,-0.000568981713829797,-0.0046584786629316755,-0.0029608040671041946
2025-08-06,0.00018676055881683418,-0.007940647674628099,-0.01709829718644329,-0.012431018147092243,-0.021064089674025954,-0.014899690866453708,-0.0005617855047789222,-0.025203374447483218,-0.013151679293275875,0.0038936654662875547,0.0003550894686210615,-0.0005538588433754432,-0.01616115371408955,-0.0019364861365769315,-0.00519135966095241,0.004763127381976595,-0.0010368806626595006,-0.003027948068368702,0.0007904846701709545,0.0056832941126434555,-0.02260892208179388,-0.01031368456432935,-0.0026733777511154244,-0.02419584371475436,0.0009194040399023162,-0.003056914228121266
2025-08-07,0.004855210028754886,-0.005197495296219157,0.002794691046712039,-0.007303767166286335,-0.0063439248649583835,0.0034261354514273368,0.006005931605954196,-0.00858592800315594,0.008406313861413883,0.00508739190862606,-0.0071383821137646075,-0.0022859230722696022,0.00013925052897567625,0.0004491199458134254,0.003883521543247559,-0.005081309280253632,0.008623414288301046,0.0006843396851379246,-0.002441185464059914,0.0,0.0020060849751277754,0.004847780968952442,-0.009726539467463935,0.009834979248042108,0.001985160082434989,0.0008932609229541644
2025-08-08,-0.01681844331464577,0.0027168182038692645,-0.002218135494806317,0.0,-0.016389158807216253,0.008827449390094833,0.011410772070393316,-0.03517960037857992,0.00013551130351929785,-0.010774760784228898,-0.007507331980547094,-0.00305493807010937,-0.009604040734449537,-0.0037521713511867727,0.00217603504437891,-0.02083408401319642,-0.003324860846608879,-0.002094589093917354,-0.015546263763997925,-0.0010557177418228925,-0.007194669309169122,-0.003478827321332978,-0.019798930292325267,-0.013494602250565979,-0.009298258673109738,-0.009466912735407229
2025-08-11,0.014365436959339117,0.0018757779933415986,0.0007409988488054076,0.0012523170792080318,0.02375534435282667,0.006686473482271804,-0.025006541699268636,0.009635360520942271,0.008335107336869374,0.01099339634295271,0.007924238643973958,0.00048741969928922657,0.003583755173591552,0.0006301895525009371,0.005669497863668438,0.013357993842666671,0.0005560181858765834,0.001499324649331335,0.01345223906930193,0.02380949989759995,0.013548359351615025,0.0014491632202457971,0.03163961428837947,0.010750850202219997,0.009196482074678825,0.009101804471857822
2025-08-12,-0.0030746561058666577,-0.007697093711407477,-0.028252469723849982,-0.012351484159403792,-0.009869891776574047,0.0006560769619676776,-0.0012526304584333792,-0.021146205621256686,0.007459541271226167,-0.01287827459922819,-0.013738751809639571,-0.0025251962674345263,-0.002870827310884727,0.0020139935709173606,-0.0011995426949823473,0.01578677833795128,0.019290242601480267,0.007399882256305723,-0.004184030550368867,-0.0034610757631355904,0.008579925321425597,-0.0017758650432878609,0.0005353518618234077,0.00041390443715139114,-0.008413699711317224,-0.003971941790719136
2025-08-13,-0.003738346566864781,0.0033542912503738975,0.008206309413436808,-0.008231702677522601,0.0003300592058490537,0.027124429542983997,0.002926348685807545,0.005798421213596194,0.001334120379808068,0.005279416637375078,0.004549542548910601,-0.0008438630088650756,0.0017554987816248424,-0.0007859631216112772,-0.005404079038432319,0.014120201068150706,-0.0004672967195893385,0.013374612208091552,0.00159364347911084,0.0015232467197041633,0.010849521933803619,0.0002634567774235652,0.014753109226825378,-0.0002896197833236469,0.0025025570947287967,0.005388453516712133
2025-08-14,0.002063731342702102,0.00558917594388153,0.0016860712675732525,0.0209097769622979,-0.008051276805709162,0.005584844990977222,-0.006996754798475169,-0.011989188666234885,-0.0075276437345416225,0.005453712621415141,-0.005811449659622325,0.004574900644521929,0.01479041315594909,-0.0016621767687192701,-0.006399417910115557,-0.0051185428456040905,0.007947681338327683,-0.0072484445042293455,-0.002396234915443829,0.005718853936892865,0.0009757612462699683,-0.0045780831377887354,0.0012805259548731573,0.021353297511928826,0.0029068164395997798,0.00048543816407109475
2025-08-18,0.01348074954682943,0.03553068219384525,0.0507864937857172,-0.008442791170371278,0.023085643462828376,0.0018247330370342318,-0.0010494123444593217,0.03397709862695253,-0.0032219959399374387,0.0062779420585099555,0.03527382720599315,0.005114495053901047,-0.008219828188273048,0.0007181838533216744,-0.012516752673251808,0.03604466247141613,0.08750771650123457,0.005148939287143772,0.005750387752597064,0.0013308858584957228,-0.005300403080096605,-0.003672664182046592,0.01715327111959808,-0.0064826977320948664,0.007102163442365361,0.009973019276634965
2025-08-19,0.0005541747890529525,-0.010684796659939266,-0.003203758758539399,-0.016871644997116575,0.009364016558833566,-0.014651148333379216,-0.00549270615491293,0.0037954022211179606,-0.005993265374143464,-0.006238775388107354,0.014290631142441335,0.0011850014681662469,0.002925123832064891,-0.0024876905740109923,0.00689148681125995,-0.008601585818711954,0.0129371688932447,-0.0009237741773983066,0.0277918481328272,0.0033226422400636224,-0.003736149203324768,0.0016604081532010095,0.03587275301983306,0.0071367319566688625,0.0023369559046753086,0.004168564680625764
2025-08-20,-0.0027695648094180347,-0.006946513260317366,-0.0160700068508991,0.013793113574950944,-0.0072155839349040685,0.0009645293325919457,0.009054144046657164,0.015820929532472938,0.013481481699189946,-0.001456464608844743,0.024953976601066463,-0.003968527410984968,0.03902776852056866,-0.0024743175175754306,-0.007455413622310836,0.012403114802017834,-0.0020351066100021686,-4.211459618230773e-05,-0.004999603624136206,-0.0017461341266860053,0.003996061343320534,0.027319242767535723,-0.015208936004615037,0.015711044630839055,-0.002983048325494786,0.0027981813736617234
2025-08-21,-0.0012034363927715397,0.010977799428371737,0.008785733762398884,0.004904309093197945,0.003504274566878518,0.02505211813938124,-0.0019441287880170854,0.005779238739192172,-0.0016711486795213393,0.0015088937729046403,-0.008165474283667096,0.010764703351546778,0.00013371289742147852,-0.0006993391761710432,-0.0012313690597990368,-0.006037197330947763,0.0041488445853472555,0.001513147202864662,0.008351050852788644,-0.003920607712559865,0.004347502064527831,0.0012909085522876396,-0.006090338337950252,-0.0037075648738650324,0.0010224551603723597,0.0013252889742787488
2025-08-22,-0.007415016501089666,-0.007121229351665037,-0.001228207072750287,0.002204020602007528,-0.013774001413472292,0.0007833907685177444,0.011237975695243652,-0.0003409355958443605,-0.018212290846446155,-0.013358792659587726,-0.0068353782333674395,-0.006638941201889681,-0.005947651460804226,0.003162555400174405,-0.01787702222464238,0.008266364499820211,0.0048319012546793605,-0.00839319998452892,-0.010948986783200665,-0.011444878253685342,0.0009755984722081834,-0.01566426443742941,-0.007441003167041549,-0.0050818409516816265,-0.010869803575113024,-0.008517482060098724
2025-08-25,-0.0008404011292655333,-0.0010681799340025444,0.00704300193849372,0.017907684685488423,0.012392708571489663,0.004931181247953775,-0.00017776598298513413,0.007793823985566384,0.025847432221477673,-0.0002544822092365173,0.0006464764387692501,-0.0022278561375354,0.029983180470175563,0.00042039130302162775,0.002636334992935474,-0.0012048138617317683,0.007178181868675582,0.001989123772632828,0.002412750251587381,0.00024503962235122856,0.009075327279763679,0.02835630652979515,0.009554621824413578,0.020913701136386464,-0.00018309639880198514,0.003926417350905487
2025-08-26,-0.018598111474496415,-0.020165009574004356,-0.027253503689802394,-0.023919799054944124,-0.02253895552513341,-0.0161228654834793,0.00438675932596122,-0.029870874893534016,-0.0075787194931346,-0.008808058620231485,0.023179814403559318,-0.01158244350649218,-0.0016317510455677864,0.0031890011043520516,0.010016303933597426,-0.020035910020408387,0.018129022570759767,-0.010854907898708466,-0.019609227068779322,-0.010533437545424684,-0.03404350810987622,0.005285573419904432,-0.007498506266512162,-0.007130412048106161,-0.012492932495332676,-0.010241179872034878
2025-08-28,0.0017140949232123948,-0.0034299903483305805,0.0006847122810260675,0.021343849393218983,-0.006824695257659941,-0.0026914526151756712,0.012748612974943452,-0.011210244239635125,-0.02880497825790207,-0.016026371585568855,-0.01418706704516326,-0.012353565256034371,-0.01928603316799038,0.0005765026908393089,-0.006074192288507807,-0.01065803610856364,0.002582568277507802,-0.0034159741848616143,0.0007221359781603987,-0.007303332502144766,-0.009123391011456206,-0.020112834183683703,-0.009095568518399655,-0.005475539224529813,-0.01157194596721578,-0.008544430103923584
2025-08-29,-0.006369414915979532,-0.00213811704768474,0.0011404529749792225,-0.009133070461711856,-0.01387693756746966,0.00023802449614329646,0.012209307578411543,-0.018593126482766675,0.003448628513602836,-0.006473164848890711,0.002034366704220192,-0.0009291187124245148,-0.020332040675054452,-0.0007689526594969465,0.022075342982495805,-0.02907179142337235,0.002643715373908062,0.001371114575213328,-0.02070862138199292,0.0006858555389266385,0.005549668319572598,-0.0029090831382656557,-0.009549244464594375,-0.004947083062790347,-0.0030602387427501876,-0.0030223697933294824
2025-09-01,0.015595136798010278,0.015678111141042006,0.01310019901613324,0.0,0.012516079624653953,0.015713092462940947,0.0,0.0023103753714461828,0.009348515820275072,-0.0010508991029281045,-0.003872448256772132,0.009443376246108581,0.020277632310628846,0.006651354750911054,-0.009517980212299437,0.03622442142229154,0.006490396878773064,0.021436838075846953,-0.0024314600515965568,0.004423647501889283,-0.019567257798816518,0.009044683161593348,0.031614373288981756,0.0038089287088081125,0.006463453361372773,0.008114070174605414
2025-09-02,-0.00499303323114797,0.00638022959874851,0.0008432486866878364,0.024683551772073153,0.00868639500897328,-0.020470362039330947,0.02179231143620708,0.013318345001106069,-0.0018388128990278751,-0.006416915096540743,0.010379306831620694,-0.011906445480868166,-0.00046682746654724827,-0.0019608586245332127,0.002217587964585377,-0.024401225977027208,-0.003022783647020022,0.0032255575847801587,0.009306434069823899,-0.0026672590996965617,0.0012153049467473753,-0.0003534827486204595,-0.008331526874709505,0.0022767107865275804,-0.006322846902126145,-0.0018457290617897026
2025-09-03,-0.0014201243111910955,0.005214980605996455,0.006965566735277484,-0.024698813960013055,0.012718669293965146,0.00677991179343862,0.012340127918300414,0.01703572769895123,0.0002729217962833541,0.010534648106045319,-0.004594740797565611,0.002008334242761034,-0.013077949791933219,-3.5285386821515274e-05,0.0122924981925574,0.015922029034167062,0.005727021352768036,-0.0017537382624894793,0.004463939560155561,0.010262413691503935,0.008625093606871914,-0.004499488956316133,0.011177634157057303,-0.005459668697491593,0.007576280375878097,0.0055107151470170646
2025-09-04,-0.004076936156648503,0.0183612189956861,0.04289858782225098,-0.007659866642432012,-0.008241890399779517,-0.0072888157345999405,-0.007625487786955487,-0.004523112201642143,-0.015551427500678394,0.0071244893318573865,0.0007131239146314083,0.006084477752664519,-0.010885076798723192,0.0008488732510250063,0.010078909991803942,0.05949489398314367,-0.017753076930396516,-0.00883025050081665,-0.009689625876550978,-0.003386055461902293,0.002280413893756217,-0.0005811192953606437,-0.006574589978501133,-0.01839241387229107,0.00014608461796172811,0.0007788776228048189
2025-09-05,0.005236067914316411,0.006093346866781646,0.003048936117794776,-0.025362328638335097,-0.003363658789461099,0.012051009951870029,0.01329292211977151,-0.020471321280795207,-0.016836413494981106,0.0022367054380347806,-0.012450501403699188,-0.0019209816423766402,-0.012576853258592036,0.0013614111829065578,-0.020557781335365788,0.022921157959802763,0.015891444654892117,-0.006745258053924785,0.011550109855192225,-0.0034594340972584625,0.007141444128598851,-0.015311487003458413,0.006109030338461885,-0.005306787097311139,0.0007230926985335451,0.00027084730671167456
2025-09-08,-0.00037879195447743097,-0.0029785486274295225,0.007145896221743886,0.00630352992373262,0.002580929391422293,-0.013800117041763094,0.0068914388411576155,0.001274309719723865,-0.011275611429952592,0.0026987552237061063,-0.0036074337355037622,-7.134290603616478e-05,-0.00809915322731558,-7.482944941095138e-05,0.0004909914192394726,0.0,0.024370593865684853,-0.0068338467072992515,0.0025454506535760313,0.00272752959940048,-0.00790655234925497,-0.009611972598996266,0.04019083636332588,-0.004719433483464264,0.0013369353566743403,0.0012994782193525012
2025-09-09,-0.0031266229035139537,0.008414672470339335,0.004341906417203001,0.005942864705379636,-0.008448890486525529,0.032544444668186845,0.0014293040412012292,-0.007432682296106052,0.01717751260479128,-0.0008798649970190864,0.0068981601780093715,0.0007128656497046304,0.049829076180726295,-0.0023337288488249897,0.006134184480552474,0.03790747401664407,0.0070126792975657715,-0.005160600528012482,-0.001668579358936717,6.184338933734601e-05,0.006767865056900524,0.010069532880808696,-0.005489891846975126,0.027337928680831736,0.0005389333186081036,0.003852930178235292
2025-09-10,0.017012000145361972,0.0063693237779098855,0.020613648935734252,0.016605414068235458,0.0042604412447639906,0.009989850327288607,8.235633192543723e-05,0.020208227561809844,0.02578660292967916,0.0007770767501502629,0.000567780262358708,0.00014250664541370917,0.01881268816286541,0.0027028784801652606,0.007316142806998771,-0.024862735057703866,-0.016726308948216806,0.0017723533080908904,0.0005813609478000359,0.011559619947093092,0.001068090560396584,0.019872922232472057,-0.009014097298892798,0.026490105360330363,0.005900432312183623,0.0042020862308871365
2025-09-11,0.016166784805028422,-0.0001961912875243499,0.0023760942535151486,-0.02041776777833515,0.002717772689788678,-0.0008434841064706156,-0.001838894261971813,0.001960678876504751,0.002595639858477883,0.0019670059198386713,-0.008133126885787267,-0.001638286018223134,-0.014941959712930664,-0.0018692463315370667,0.004842081234050832,-0.002413725814573442,-0.0008604950196728911,0.008716559100941268,0.004575245705825681,0.006660979156037916,0.01022961749487239,0.004565759055501273,-0.004583281151970042,-0.007194526504467502,0.002449786608845539,0.0012974116602184615
2025-09-12,0.016461306649638185,0.021444684094325872,0.03401187370220993,0.0051306669922135395,0.0027104064212388757,0.010436640319827273,0.00343699313581447,0.002960404581035414,-0.00034062219625685675,-0.0005165899549602893,-0.0158277125508951,0.011486820825514554,0.010531931659025773,0.002432647523011866,-0.0031321980676888295,-0.0016130439889651127,0.015236887304510782,-0.002181665304765823,0.008458009292861446,-0.00012145676297659058,0.004286574666094278,0.002944817911576969,0.013317316364972465,-0.007758687824298338,0.00255533632507432,0.004339045410009845
2025-09-15,-0.0008142454827999579,-0.0007206621310773542,0.006578574462034137,0.009730429473828073,0.02281120480473664,-0.012075552461819794,0.008987792433232666,0.018860326978934694,-0.0004770161695001329,-0.00025849262112609406,0.0001938027617665039,0.0011992144281534056,-0.011274218783652867,0.00010985866091184349,-0.0026585655504115513,-0.016602093349253,-0.003915229709352652,-0.004244386030658465,0.0030823948774383325,0.001457130061137235,-0.009031400885934127,-0.006861562057478565,-0.0032855095306019155,-0.0026196689259785355,0.0014331651769012854,-0.0017838966811339896
2025-09-16,0.01521181937757854,0.00014425986699895255,-0.006535579664558311,0.019273260990682273,0.014245165871196397,0.0073801100424761845,0.0018195511543968035,0.011980796900907364,0.011319509997192112,-0.00020678340679591845,-3.871451999626352e-05,0.00154988713862525,0.0019226518761930045,-0.0017422482097425585,0.0010905223524506624,0.022009479634774287,0.020176875915857595,0.01218463879475351,0.004287876866437168,0.008244955776000706,0.005305886241097735,0.01086156111929304,0.0004909331882834156,0.010864372913720555,0.004732376884969192,0.006777256391098607
2025-09-17,0.004281204019441764,-0.011200256905268713,0.0042362584350859045,-0.00728446397647331,-0.0003812954997705065,0.0007630904224651403,-0.0019246533393638687,0.009946618638875915,-0.0010787932004453493,-0.00036199393523805856,-0.004339661219425528,-0.0016882009852803304,0.007344655915148657,-0.0027109594950808225,-0.009198832506234655,0.006984444080070595,0.014640753626603109,0.00761410246855454,0.0060485713051525725,0.030785881193954534,0.006023036600518061,0.00861491220391053,0.008271965878809517,0.0005511513378804178,0.006268617473023097,0.003611475529465391
2025-09-18,0.006216608202767926,0.005930896408997022,-0.010918120405614462,-0.007494197253132273,-0.004259659594999965,0.008616721419277606,-0.010348225637178965,0.0029306486614728566,0.008302302871660672,0.010760524816156192,0.006654518240485574,0.001761487574001075,0.01195472450113444,0.0002969821715204102,0.005497240236826961,0.0024771622494081935,0.0010125884703995336,-0.005445785450292062,0.0008486758999204369,-0.0032667164048837405,0.017528694820197588,0.0012291429578932256,-0.011054699888358499,0.01093840459595019,0.004219400075389235,0.0036853015416349333
2025-09-19,0.002559631190560019,-0.0009181389659712602,-0.004064237507753976,-0.014000305079770237,-0.006895624290123803,-0.0007560872406354724,0.007629620770278844,0.027591411518909537,-0.017673057784344803,-0.010236508275741407,-0.010514906503149124,-0.013715928375991449,-0.0002596364021906217,0.0033693693740604047,-0.0021868743212193342,-0.013755355892299481,0.0029715204244167293,0.004669157952802205,-0.005370967430211482,0.009363898952045036,0.0044886478053096646,-0.002360896226464182,-0.0052728189493007616,-0.004086625719073811,-0.004819844798488071,-0.0037976065391384095
2025-09-22,0.0074830164628942875,0.0010641288008357286,0.01415689764887662,-0.0006381766964356217,-0.005079130008563304,-0.015358948465652666,0.01884786903768898,-0.019345481276111465,-0.01874057075876534,-0.002792426048868313,0.0049226975667937545,-0.0004991751232047426,-0.0264251730701186,-0.0012210400853526204,-0.009009996948656784,-0.0020323018622440125,-0.0030257637591296627,0.003295431053982556,-0.01193697408733907,-0.008233335110652495,-0.007246357945266957,-0.03010211621932013,-0.015831496527946354,-0.021689920288763376,-0.0031392926033420032,-0.004923635718664832
2025-09-23,0.023068949688824336,0.007199763384731828,0.01887729186756726,0.012292472306296265,-0.018546025765473373,0.005378857201219667,0.010666492101799152,0.0,-0.007014331287095277,-0.007259905344918827,-0.01943865551610513,-0.0051373259063201004,-0.0013337641009982804,0.002329194832609849,-0.00921492121040235,0.00831292488355384,0.01776682448423239,-0.0034109430745856706,-0.0005751644315916682,0.017947935360086653,-0.007785922607738915,-0.003708909157990381,0.007324958626901967,-0.002796267957792309,0.004069838427414485,-0.0013034343973540308
2025-09-24,-0.01016402361359059,-0.0072922526819596545,0.004144285522744706,0.024917174265249642,-0.033908356444448895,-0.007872315395110019,-0.012828651205417652,-0.04021489614655105,0.008742347590107169,-0.006424978193304343,0.010823935530214879,-0.008319695104019198,-0.0019365619738304085,0.005703012398055929,-0.005456415789393043,-0.01098328305306362,0.00944279246010482,0.007859316178305376,-0.004892858315176718,-0.005053901286056983,-0.0025134716886862085,-0.008816531567530594,-0.026235080572062253,-0.020189901884406836,-0.006994266772954338,-0.00447365300760838
2025-09-25,0.006644148097174618,-0.01623812899456878,-0.016508844492405195,-0.00015378530796217316,-0.01717442581682327,-0.01764111023900583,0.0012860868041868478,-0.0256054650717763,-0.01282665006048167,-0.0012618342628776258,-0.004393011466443331,-0.004990125425744507,-0.006556827903324791,-0.0003310068639466035,-0.0022443294942917635,-0.012559782651076934,0.0012308228739288385,0.004821435231783022,-0.007664448009885971,-0.005830045919305027,0.00018442584320887967,-0.025696878778552423,-0.027308025476605047,-0.010589155859845767,-0.0026360092023983706,-0.006626948212322681
2025-09-26,-0.010800548975634316,-0.015916712491097718,-0.027301911970631698,0.011388085957840577,-0.006934310385643405,-0.017330584104514934,0.010275936601965352,-0.004981230295800776,-0.020016966538494607,-0.005053387398649467,-0.010440158426716084,-0.011775061800240016,-0.024178406698565857,-6.196080244480484e-05,0.01249681020159521,-0.0378186768281884,0.0010449375911250058,-0.006884442692343784,0.0037889514205171615,-0.004877241712910041,-0.025009316102335033,-0.019713108950485947,0.01294594051016884,-0.025826474597868465,-0.010674576718462059,-0.009487437927231501
2025-09-29,-0.018890922493005946,0.01073283767853117,0.005938495264931953,-0.03454048106512475,0.008519028252164773,-0.014763389906541802,0.012078471360118748,0.0200756727256437,-0.005661780494255364,0.005555229482790303,-0.005533927740888456,-0.008458332616551045,-0.0049002836454377086,-0.0010847679737854277,0.005307335618759623,0.006359476694545174,-0.01854352871590248,0.008234557188611547,-0.0034843534361621575,0.01610363006721527,0.0016386660278764342,-0.0010347842942232122,-0.0005944709446381591,0.0165005528769413,0.0013173247233453367,-0.0008030448049409777
2025-09-30,-0.0005298972769689492,-0.009038328704799037,0.008022666583212157,-0.017021305249305896,-0.012670601168917162,-0.00882885946809131,0.005208235492420998,-0.014071819671272245,-0.0016578431080410683,0.000736661837417163,0.0066055829524971355,-7.414638066127743e-05,0.0,0.00031231055955549536,-0.013996338468829195,0.002603745828503312,0.0028153265036992003,-0.0020001041456988444,-0.006410272444172027,0.0019523655627546876,0.003146095562865936,-0.0026589141052391074,0.011449823529282588,-0.001126649948592573,0.003210583031894476,-0.0009661407544825362
2025-10-01,0.024655392255770625,0.0002989815871183854,-0.011212353039975143,-0.009459678734838994,0.013043486551813643,0.017161079521327283,0.006951663932628138,0.03128811135876197,0.0031768366279636417,0.014984205365028203,0.008670134522764439,0.01780412178514612,0.002774368840090524,0.0015354345472429198,0.010086008449004868,0.010621538344584902,-0.003992802187158362,0.014780714421573471,0.003445729911237372,-0.00957081157790085,0.02628104008747756,0.008932218525602886,0.05608642078852877,0.007101919019472103,0.01303352351771081,0.009150390492475902
2025-10-03,0.01854244685451012,-0.003039326059518177,0.0020754671464262575,-0.01456778454134977,0.009552828902988697,0.0027316531268337663,0.0034389266523917605,0.001280491028075037,0.002878612051124163,-0.00010355236683678992,0.0034303052933488676,-0.004956277272310516,0.0005532335084172946,-0.0013563452292785216,-0.003205174488995266,-0.00040416965751499667,-0.009959280489140743,0.002551110763501896,-0.0038722179717254335,0.0037033111417021924,-0.00305584074845322,-0.0042207379734314765,-0.0031322022189024246,-0.0003733441595478171,0.004359705908818956,0.0023332467769816567
2025-10-06,0.02692645389155346,0.016142674190368966,0.019348403104326728,0.013304821688282953,0.008296751372734557,0.00040059039346829195,0.01744484392910639,0.011559276300225463,0.017366406097626852,0.00859965793966011,-0.0012180535638834922,-0.001318458728779226,0.020323525236064288,0.00016794605500480841,-0.00878062605213803,0.0028884802485003025,0.012147280305483843,0.009028899781537092,0.008508154209957652,0.007782783580600583,0.014406528275064945,0.02980814146413646,-0.004817697266350618,0.004772246614537234,0.009275202714553732,0.007367178791287232
2025-10-07,-0.02143800688222597,-0.00029504067865848693,0.007582464651919585,0.0006484181620654006,0.002584187402338678,-8.008599701259111e-05,0.007116651299544197,0.008169186249131988,0.011074171504977137,0.009296849251305472,-0.009678275805924064,0.009168261764599617,-0.011856395619015192,-0.00015777227948787775,-0.0023704790107067497,0.0059907546932647104,0.006875859598054479,-0.002196319518283363,0.00712726183001311,-0.010697326677793995,-0.0009669004831748262,-0.004918995810459625,-0.020486963814674186,0.005781998435615332,0.0023972971365973095,0.0012222193924698033
2025-10-08,-0.005224207994956931,-0.009347675700641545,0.006492564245721422,0.013283649779766593,-0.016618020854624826,-0.011213429549180032,0.016773110077421993,-0.019244656349225564,0.013813296439480371,-0.0038676704279506646,-0.006793209259382649,-0.0040700021400815745,0.025025734412872147,0.00024232830549397733,-0.00012512591645930105,-0.018981863746068472,-0.0059597382408209665,-0.014307892051360849,-0.012565010212474692,-0.007459256168315331,-0.013005803068267596,0.017991001292797737,-0.023637194442727716,0.0030386233194024115,-0.003931438687629352,-0.0024752925801897474
2025-10-09,-0.0111807485537595,0.0004966220297406565,0.0009284628079491153,-0.01662671348061584,0.0056559107938027875,0.009396480051585776,-0.02399030465921359,-0.0009344000494164728,0.022915058184575843,-0.0016348924815233756,0.006999740511004493,0.004305470175902881,0.009565266367886238,0.0003898838257963,0.00037518452977902683,0.004786203384988363,-0.001686229695002095,0.006534088465312893,0.007605702038898432,0.004485833400602823,0.016486861699412936,0.011396792256689325,-0.0006603370147746368,0.008719800930252264,0.0031025742726700223,0.005416017571936882
2025-10-10,0.011135864686069086,-0.005112637520579888,-0.0002441182990919888,-0.0424320739209092,0.015363551896261818,0.014685830833511604,0.007500659643053353,0.02973168927988845,0.006054428828464964,0.003889109053228923,0.0044883639305790535,0.0029793605842078907,0.003710290615941192,0.0009935369822033913,0.007251887624514453,0.0034854198655103197,0.017516415642614636,0.012120433595021796,0.0028305316105254885,0.021517301166249947,0.007476605942810188,-0.010909009670644343,-0.0031565864772322705,0.009334481374117631,0.007433421862036438,0.0041120501676790155
2025-10-13,0.00779393493428393,0.008032744685581017,0.012599484053461119,0.010016980259816455,0.0013509986502537874,-0.0015818019231509384,0.033376140891845596,0.0023901152124423675,-0.0005349668678893416,-0.003975942694001144,-0.014274978337141753,-0.0006521067542991643,-0.014324417147475232,-0.0012164564432355363,-0.008813324339664197,0.0013892970004365512,0.003565911508801811,-0.00913371618902803,-0.0048490284679943985,0.0026117082791843327,-0.0014961527553237763,-0.006967619767011546,-0.026806134657916703,-0.014354656650617414,0.0002693882237601031,-0.0022938183927065925
2025-10-15,-0.006118395912681485,0.03203924829242211,0.03998436706874586,-0.007325388408636391,0.020785438048285476,-0.00396025134013922,0.009229880210824382,0.038009212822593064,0.00020051931943920742,0.0011257119752032807,0.006673831272441255,0.010331689873028127,-0.010403422974573417,0.0013240962105447451,0.007812508192054812,0.010809845674582208,-0.0030133393814043563,0.012383060966021153,-0.001162886150263942,0.010433873091187262,0.0004230770433570896,0.006950726128025275,-0.011632339542647752,0.007205620418339942,0.005371120184475053,0.007080820872521931
2025-10-16,0.02282843946075075,0.0029268878332728843,0.0055193412759471094,-0.013900830048527935,0.017717886473768374,0.006329020553816678,0.024731330743833713,0.03263721263468322,0.012903774544082758,0.016457924155284243,0.016871767834812257,0.013515496539897365,-0.0019669028215346662,-0.010959362029406505,0.013128374473970306,0.018186025135328743,0.0053047513935855495,0.0025431546007148587,0.017463421964418302,0.0009592722993996272,0.002356455038977856,0.0003029937522893711,0.015223186006997569,0.014387865584177817,0.010962208751748692,0.010336228211479837
2025-10-17,0.0032599311843364287,-0.0031098319414180065,0.0040815771480542384,0.0013923047742669947,-0.0022736541082947204,0.012659357543919114,-0.021097212477968474,0.014011636075460299,-0.011177716897315393,0.008246599680788558,0.01647470949273422,0.01361736847435413,-0.020659234790761594,0.0020635365958874274,0.017277460895473773,0.02426416832438827,0.006319777229713663,-0.0026575049064750944,0.013230393728203227,0.002480438880828606,0.012115667018451237,-0.002861195681668427,-0.0005039792961365475,-0.05086482864667463,0.00506422611488988,0.004867983737610659
2025-10-20,0.02149644647172,0.026923299730122086,0.010186050248487843,-0.00034759223923253035,0.007813080935232586,0.020781926031391063,0.03496503577998378,0.02486359917388281,0.0061903872428858975,0.00039898441231578374,-0.003571924308350183,-0.032228811727195716,0.013739582056557342,0.00013179437961130525,0.0021836907962169416,-0.013188123660685336,0.0014023644497305199,0.004239190526042602,0.035290716445324666,0.020637674750559,0.005657821112344363,0.017892050757828626,0.00794251040742755,0.0014114284764188412,0.005542004537782308,0.005184813729964155
2025-10-21,0.009217039411091532,0.013692928336942467,0.00508779918940605,0.005215563885136554,-0.002842650862361573,0.0052261588125599445,-0.057351710352510854,0.0007418067286260044,-0.006286136140444931,0.0047360425532414485,-0.001040563883877632,-0.0059700075871318425,0.007871842773240711,-0.0013897273056794335,-0.0004841383851613701,0.0061403642857822405,-0.0017048276524762596,-0.002492650540493524,-0.0010908202546936474,0.00038561555389104996,0.0011251980531681305,-0.0028190525032880664,0.005253308344190577,0.0004973757669652912,-0.0004480194156106787,0.0009847568259027106
2025-10-23,0.01737651818184771,0.003457676692246725,0.007040967065284676,0.06866138432474789,0.003304165397738368,-0.007216527177009491,0.009247266012586852,-0.006409465154830651,0.02550490336386435,0.0010915842847574186,0.003819886716367682,-0.0132416506831885,0.03810102851639097,-0.0015896019371092196,0.007508787592487742,0.0006628155825496584,-0.0001830042695581957,0.01688700763934836,-0.0114659946029676,0.004075600793163936,-0.00035494551466119795,0.022117299886853292,0.00995391167296078,0.01218099308290177,0.0012214270548180917,0.0008814076368377499
2025-10-24,-0.013425473617747707,-0.007856302257146064,-0.004021321625581997,-0.004693330817777452,-0.002389209145752802,0.003282732896019658,-0.001721027186098678,0.00394948296190023,-6.570706659980718e-05,-0.013927448112644902,-0.032749194626935374,0.010266168997269176,-0.0020280904023657342,0.0004410320881278462,0.0020434733429719465,0.0003863012169100788,-0.007259174316756822,0.010503007295981526,0.002209355342217556,-0.007734076780455901,0.005384899450823655,-0.0032539302042934315,-0.006283112558931547,-0.0054031877239325565,-0.006516217635736843,-0.0037174505259611745
2025-10-27,0.009823619477257406,0.00495475612572438,-0.004909446853209154,-0.0030894085643736746,0.009126804619095319,0.0005454117226866284,-0.028287685208447266,0.01420582642620416,0.006365696896229567,0.008243283616534036,-0.0018279686513155147,-7.255333966060817e-05,0.0013976956201109392,0.0005696470925877772,0.00923704212848353,-0.0036964836752418906,0.007005022220603285,-0.006628536671863472,0.022389029988648,0.020176908083279654,-0.0031783103447925454,0.007084031677260905,0.016736897127716643,0.0038274985546866702,0.0071863310364606026,0.006625291500029773
2025-10-28,-0.006219564821390078,-0.013823585045870335,-0.010743187607386018,-0.018920238483593477,-0.006991690222440061,0.003971042267553626,-0.008920750654199727,-0.010214172185052384,-0.007433972683931089,0.0005982069997889639,-0.0058522755385788106,-0.0105255548365224,-0.0028580523068583163,0.004475707490399383,-0.006537467462363722,-0.00899881067359487,-0.004698560024730236,-0.010779012831977797,0.0018867452120525652,0.008127858628698581,-0.0038970358582869347,-0.008752225441310713,0.0035361765274211088,-0.006272820131233092,0.001718194117621863,-0.001149638146805021
2025-10-29,0.0020059161981065277,-0.0014951845489985516,-0.009135501427307569,0.005486251171838097,0.006007447471960914,-0.029858895627199233,0.0044122838524138785,0.006400706373243192,0.0231259676952682,0.004284793179051949,-0.003604262364499289,0.0053554706997449575,0.006799131223506949,3.856981400085502e-05,0.008853838297131933,-0.012405392964618178,-0.01060630652836636,0.020355984814598216,0.01163483310742941,0.010212301410774005,0.017131002817123653,-9.808810217004638e-05,-0.00036446304364190496,-0.0004126065709800786,0.002939982459683854,0.0045381040946781415
2025-10-30,-0.008167840344126542,-0.01048196431407522,-0.010019198138306318,0.001488097772306407,-0.0027611047561875157,-0.03893203409632928,0.00441802793181556,-0.005365044200823177,-0.004815996453296223,-0.00962438441689184,-0.007435400289631744,-0.005837700814689262,-0.010990478172126061,0.0013612197899097733,-0.006760047796400714,-0.00922278425052947,0.0042136182646070885,-0.004342009549516801,-0.010437403705000348,-0.0057462030508889095,-0.007284794075506085,-0.007293366961630965,0.002674102408816603,-0.0014859183749882376,-0.00606571758277985,-0.0067571756478100875
2025-10-31,-0.004682707762423743,-0.012437345570270986,-0.009027782478856272,0.0067690250863108314,-0.02614124570173315,-0.003826243874126889,-0.004773472977074977,-0.004741331151850714,-0.005355602603309029,-0.010870166544315718,-0.0016602043334603689,-0.01255137010901397,-0.007698438797820617,0.0032701378990043217,0.0038209979552097373,-0.004254649774210528,-0.0012340887247467291,0.0033001914435408786,-0.0014107318108448341,0.0028362062149154266,-0.007455694996938433,0.00747865325484498,-0.00594010491815411,-0.005166898578862322,-0.004389887373163703,-0.006018660837397216
2025-11-03,0.0007300336972930754,-0.003208257433787165,0.0002876180771140824,0.0011479123540454328,0.027702494645645004,-0.0013360461138496316,0.004545250835765735,0.008522751031837528,0.0012974127623568421,0.005418867341157929,-0.002230762708728795,0.0008175821802771654,0.0021587102122944124,0.0015896706184919118,-0.0152254333103512,0.01769322123721384,-0.033053272703196024,0.0085366220427745,-0.0011437600722541408,0.013553921454855011,0.009286144787238548,-0.01347283922236231,0.01707310172180243,-0.0007064215089991333,0.0056268290997627535,0.0016036793506921665
2025-11-04,-0.005755107448675023,-0.004035466749775396,0.013325651593784293,-0.008026173135020742,-0.00334540497244018,0.0033445324464429493,-0.013149038075696118,-0.006197178965802186,-0.009329448407383478,-0.007454795197989084,-0.005813031188951823,-0.00705581714285719,-0.011847834929373469,-0.0005857698658358057,-0.012199615850964629,0.00910149002167282,-0.01769850991361588,-0.0201902237811723,-0.0078130381840249,0.008318359988754631,-0.009610890084951196,-0.008817284265361769,-0.02517982983711653,-0.010727634814106102,-0.00472274687102725,-0.006431586779760301
2025-11-06,0.0015490167234646357,-0.004823452219890001,-0.014285662826844514,-0.01865919819172268,-0.02097850544524571,0.004333235194276419,0.008156635907021315,-0.043389204454584496,-0.0017656570433060015,-0.0006089537613914731,-0.003966107183070999,-0.012341985651076581,-0.0008175638856127154,-0.001876576909771499,-0.0034238335194414216,0.010415499863118072,0.0050734481335412696,-0.0033683299879141426,0.015613345081491259,0.003289486490758442,-0.0024260206919163307,0.006922583655192938,0.0033210437129076453,0.008952595798304541,-0.004717528865201159,-0.0034359080045569534
2025-11-07,-0.004639763503125893,0.018854260153947422,0.02370655154520196,0.005384480787161472,0.0014505228206136422,0.00016604182684343272,0.004899620713705977,-0.023248381181706357,-0.00917189775973315,-0.0023867007140820906,-0.0012411805418726107,0.0171159848480682,0.0068863183526914895,0.001310981939860456,-0.008466229489861643,0.01981483086205027,0.001747404713971168,0.002783335032001677,-0.012098138921255441,-0.005100173196345703,0.003262337833904949,-0.006343576055434119,-0.005271501052587557,-0.014830233632831535,0.005604291277359952,-0.0006820322478444663
2025-11-10,-0.004743213868323326,0.007706506010035419,0.017251093738826606,0.006359850512388965,0.0007241702375391235,-0.0055583694525606075,0.02810419190086022,0.01166747573927096,0.018579639659833225,0.0022396834592501857,-0.002154128095071428,0.0037230473662404062,0.024850994777016355,-0.00016915397287697864,0.0037123924803497133,-0.007127032811520384,0.006718774334265376,-0.0031721342984174505,0.007645503023053557,-0.004917066232604572,0.0037839009816003077,0.011163810027504883,0.011708122076894423,0.014165473005951723,0.001049643366253239,0.0032185728871263475
2025-11-11,0.004519281857694679,-0.06085065460213612,-0.0735483242896916,0.015133873794235697,0.006907938445104733,0.010678253622794065,-0.0012160125097286922,-0.004244025166058596,0.019149569428662527,0.007313327082023147,0.007763206635174491,0.0076409310334562,0.011100136396105631,0.000553844941143744,0.0032055698532167387,0.02325401316457487,0.0039786486279655975,-0.007756583144644558,0.0027530023395538894,0.0022604282192533187,0.010778600738008626,0.0072061766750126655,-0.006943562005326531,0.0077134994954304315,0.003462308184330798,0.0047156471705849246
2025-11-12,-0.0007361845235965836,0.023172802514482616,0.00795860311856078,-0.04177587154019646,-0.005292352142509449,0.014940175821171797,0.023765487069725033,0.016353919210209344,0.015286655839236829,-0.0022183916416599336,-0.0012358118859420175,0.0004417187699663483,0.013984138460696016,-0.002712303594292531,0.0003686371157003432,0.0013869434771673905,0.0032598447089546845,0.017638852621151946,0.01211992909292925,0.004038632746635962,0.009323489614925018,0.02783063238573047,-0.013370999040868137,0.014605473458051632,0.0023478559890282025,0.0070384090258497345
2025-11-13,0.002946907562126011,0.010169442287158992,-0.007698356133613471,0.0034193356557179477,0.004729288234407658,0.004310345258215609,-0.004162306252134762,0.005606771827232349,0.002823132036636089,-0.0028802007299383314,-0.0069704696219762274,0.01986902126669654,-0.006380099214911006,0.001441251121881093,-0.0031939922496776463,-0.01459658795688179,0.0033766336598819446,-0.011817979429518899,-0.00039690971869799085,-0.003291032760174506,0.003059895870374474,-0.00833391708825093,-0.010443837659089406,0.0004485656068839994,0.001841294355727996,0.00012944949620363744
2025-11-14,0.013385643760962518,0.004668916771855658,0.013029634494805764,0.023854175475168438,6.537313514853871e-05,0.008988564196292126,-0.02371678497303309,-0.004668888760884116,-0.0024397367289028526,0.0029898266032626353,0.008348499774590401,-0.009308000734386312,-0.02529511684151775,0.002506933875453088,0.006038849905465327,-0.000243270142891161,-0.004127234927964074,0.011231331690349178,0.005294826136542197,0.014517780112230483,0.011338729595182562,9.666000134100905e-05,-0.016961905612458916,-0.003913122346910769,0.0023226624721266464,0.001194026471448284
2025-11-17,0.0064432501530744535,0.006680266841630811,0.008149277136561661,-0.0029955118109286083,0.0047722501182336785,-0.0012840497730975953,-0.004721608857772397,-0.005100700143854109,0.007399983995915127,0.007023032569990706,-0.0011121796984944199,0.004369984684746253,0.003194060436778612,-0.0015098823980543852,-0.0025725545303378894,0.009814483391738849,0.012369310982317527,0.0018174362485965379,-0.0003949759893837612,0.005682667728609259,0.0038700544494127964,-0.0012234260644071737,-0.047290410001871286,-0.001309433557908024,0.007607092770578472,0.0039906690408659795
2025-11-18,0.012644158659726124,-0.014137482110922805,-0.01285556385351494,0.01385414510380012,-0.023617481132263585,-0.00048213775378491697,-0.0017206203859069236,-0.015471960545652808,-0.0069721828211189996,-0.00411416613346649,-0.008659804928105364,-0.004060941981072319,-0.014062095178724365,-0.0005197988562531952,-0.0030704825716798556,-0.010736522738438836,0.003274999914582466,-0.004434576398221313,0.0007244356949636099,-0.0009246088238860084,-0.0028913162322394825,-0.00486752398872059,-0.0037564728339123388,-0.012907228907065416,-0.0010760908097949828,-0.003974806902018679
2025-11-19,0.003951277489293803,0.0,-0.007892648206400787,-0.021402749684458544,-0.008929108997462465,0.005145382207863536,0.004038091780114161,-0.00948490629610177,0.04225171830420815,0.002166326784506456,0.015640716953394307,0.007062755700877554,0.03680031238369086,-0.0008924325285114554,-0.005667151718031227,0.007497016684133939,-0.010169519441460606,0.00830127335942632,-0.0003290652512906167,0.010591789320213651,0.014384756966518975,0.019630076862509505,-0.028144239736245358,0.02146117842218498,0.005378689563109829,0.005503640675154298
2025-11-20,0.011649857675142261,0.022144318922242556,0.02287193675710708,-0.00504709360685851,-0.003429101404566981,-0.001279736129100817,-0.005198997333235034,-0.003097946014464781,-0.010345090920414801,0.014327410084544301,-0.005406412766746138,-7.22700714770319e-05,-0.0029848784769667125,-0.0007859697464969173,0.004708221749281538,-0.0015580985868821617,0.0020928462828302408,-0.0038152722787738735,0.019882826481121718,-0.0012210831291240565,-0.003755351768106485,-0.0009212685965956924,-0.00290985272174904,0.0007721772729094578,0.0022231884052235085,0.005354541588221684
2025-11-21,-0.007313993162706756,-0.020614696849209357,-0.023818810445777938,-0.018261718422446616,-0.021252160257139385,-0.0037642386310843268,0.0049796502334216175,-0.015491083876866929,-0.02273011405447589,-0.010705245599863855,0.0021825872174181526,-0.009761437231621262,0.005532043516112584,0.002316740002797024,0.005919349514119876,0.008851942405223578,0.011138535598936405,-0.004434576398221313,-0.001613860485537244,-0.00911820258222884,0.0012939511077767474,0.0018443167855544118,0.006809328371930823,-0.0071874980914578,-0.008087929377527558,-0.0047342428227803435
2025-11-24,-0.00533002020434159,-0.010524244228470314,-0.010058735844534206,0.013434356886799836,-0.01054658943935216,-0.01422947330456592,0.003728493966671742,-0.021282679316795394,0.0014925245061281345,0.0011021386425633661,-0.0039036033620380994,-0.000803135022053203,0.0019417916159578663,0.010618780249295856,-0.010543099500177733,-0.015681682285492937,-0.001189237557533418,-0.004859274253935286,-0.006918402716518335,-0.0020563558280100036,0.0006181758655310343,-0.002983667861892081,-0.010904093768631773,0.011370589233635542,-0.0005494975458408824,-0.004167936312968079
2025-11-25,-0.0021276253685029722,-0.0002955096609158492,-0.00784705683781406,-0.015125754373562672,0.0050159317185736185,0.008073751551459729,0.01155949414638835,0.023260394452807365,-0.005774982042350385,-0.009357957943524453,-0.004166216916944521,-0.007746249668727279,-0.011240338961612806,-0.005424348351297015,-0.006814564873353857,-0.005825308263610385,-0.004323822156675705,-0.0016276249989116698,0.0024740929270772316,0.01339379139727348,-0.0022462216410367164,-0.007003532936831314,-0.01632703782884881,-0.006591965535005184,-0.0002558118690598743,-0.002877529180069005
2025-11-26,0.01887379485248042,0.027041710591989565,0.02484279709888071,0.012079391781252946,0.013101427808013932,0.009627104845314483,0.006281406738781081,0.009742067641271834,0.010492854635993254,0.014245319807291823,0.004597904764414906,0.012667508544113248,0.017836172185772492,3.14083791050912e-05,0.003742575459207531,0.00466030953131269,0.01680405017035347,0.009578100912398302,0.019614227507197768,0.00030505435071681575,0.015814968090248627,0.014009858717275225,0.01929349636247113,0.018523059856716317,0.012032410419526629,0.012381783530362567
2025-11-27,-0.0022476669968383156,0.00868059299065016,0.022855503025646318,0.0,-0.0073212830310016574,0.0010417169085330524,0.0,-0.008560352276114402,0.006860735197028456,0.005578208294847897,0.010926928460351704,0.012509050045779624,0.0054560527467264475,0.0001391510093968762,0.004971388342616123,-0.0014106002479492563,-0.015659817307829726,-0.014937401852477716,-0.004140396168178739,-0.011230900052700443,0.00299182714397217,-0.008315086480391476,-0.00403621190339476,-0.002518144147695911,0.0035151495346108508,0.0003911422381892571
2025-11-28,-0.005903903559072998,-0.004374278669817766,0.0035790032443292485,-0.001705068818697919,-0.0024814295337824976,0.00760420119505123,0.012748393086785548,0.0087297574995846,-0.0029466453516220348,-0.0018821130851081058,0.0060775288558638785,-0.002442093885728691,-0.004022004505517596,0.0022632423852162464,-0.00012365406469194706,0.0206725906924754,-0.00018861546572390697,-0.0030737727215761623,0.002622519213936192,0.006321663035905756,0.011765985163603832,0.0002869617286904713,-0.0027949077449964665,-0.00012021434312514678,0.000257769221217119,-0.0004806903583736144
2025-12-01,-0.0031256613821013524,-0.005826100786829325,-0.015807290707900656,0.013151160850507493,-0.015339929758500293,0.0010326818127968096,0.004978309027884764,-0.008559657910676366,0.011513401581046745,-0.005458524762346428,-0.0008514753440096445,0.0009360093983852291,0.0024998325291267776,-0.0001656247814969536,0.0,-0.004178473710014896,0.012389925897545728,0.0064953575971526956,-0.0008931406081523763,-0.0060265548205521435,-0.013212486772515186,-0.0013068232970623317,0.019618843072195524,0.003005656463503037,-0.0011940490920552271,-0.0010380212747401751
2025-12-02,-0.013874767883226169,-0.007637753215075982,0.004309129297875414,-0.011463255372118786,-0.00042103049947017634,0.011983207132055584,-0.012431229084807538,0.0005724345611461956,-0.004504275085475129,-0.012274202782653676,0.005396705756899767,-0.012301264078151686,-0.0019181223691103755,0.002940156087082757,-0.008163206814514101,-0.006708414859895151,0.008821508544017309,-0.005268976269257486,-0.012642863060538412,-0.005960354971400239,-0.004370916174182393,0.0007341045743285424,-0.005634900946238197,-0.0004395600502979935,-0.006828779352009207,-0.005484113396941881
2025-12-03,0.010095367908270703,-0.00963249956148704,-0.00399805043840884,0.005286517334884833,-0.005897256873089729,0.004313042164775016,0.0030334177459079292,-0.014253675688501999,0.003057226774337396,0.01081023547315052,-0.012026821867133441,0.013474141858950128,0.011338870666792955,0.003397919718133746,-0.001122344489831395,-0.018054665037857354,-0.009668055667504283,-0.014453472596483108,-0.004850269145247221,-0.016799340426468135,0.004001073652463161,0.014127448216133764,-0.013545245775414605,0.018067730495556322,0.0012560223533624182,-0.0017746951904364927
2025-12-04,0.007318811654260848,0.0015640243818693111,0.00753861069149786,0.012213696296650589,0.0019067667524264031,-0.002420535270656776,0.0029766867290701438,0.005706512518854678,0.00859485694452311,-0.0032983193993856297,0.005800598324911865,-0.003449614738172402,0.011971846896486671,0.0028170754088856498,0.0063669117181670565,0.006083245558572203,-0.005471956224350261,0.009207519187699909,-0.002079562098127874,-0.0031018333921443153,0.006420674778698565,0.015471819021763977,-0.0011208875352891612,0.008795001500228716,-0.0010034125900931778,0.0018375278996383138
2025-12-05,0.0019531997496773368,0.02308222380441971,0.01836558108004893,0.0068711861017412,0.014661323522467518,-0.0018785315012435078,0.0002611941942316509,0.001346338461915897,0.017164339768408254,0.006117109077992788,-0.05019891578427149,0.004182646645853216,0.011642478246658872,-0.003705189719318991,0.004714142244090613,0.012392471629926627,0.01800677495811298,-0.004128289618965719,0.003256017134998901,0.02468098057545398,-0.007149595113943086,0.0027870148298749786,-0.007995555272024224,0.011598593311482386,0.008239344199434173,0.005865433091659877
2025-12-08,-0.006783580030908287,-0.017791610037502625,-0.020610615811080146,-0.019973380931542994,-0.04487665340879965,-0.006822432751530494,-0.006100241550233032,-0.051527016795352876,0.0033273128253967776,-0.00019937400026992513,-0.010519216806196274,-0.0020825682899053843,-0.003341107568014867,0.0011309518602786728,-0.006544015154844263,-0.009523584497421411,-0.00583468043958113,-0.011234068791846297,0.001557889183141814,-0.015542975702947937,-0.005040749120292953,-0.0005249365186679178,-0.014988722040057856,0.0056557511903165825,-0.009010934679774096,-0.00862653945989178
2025-12-09,0.0016485199045663812,0.005001962670808213,-0.009450516773718998,-0.010699746207314398,0.0037820741372833755,-0.016028459171852916,0.004657049840088856,0.034378003086040554,-0.018358390776162303,-0.005981423099213901,-0.0032410689153993255,-0.010362728725219372,-0.007325620214527873,0.0021347339925488207,-0.003107117714135188,-0.012439957211178854,-0.010316943087350205,0.005534149649708109,-0.008814042063944538,0.0030844819445055016,-0.011245987152028403,-0.008713122039908594,-0.010335891288410948,-0.015188560375958393,-0.0002734573776089766,-0.004657081109092687
2025-12-10,0.0021161193314744864,-0.00178783851834452,-0.006294938444987519,0.0036051344973846433,-0.00760819216457409,0.0036912478115067593,-0.002448544581386547,-0.014047943931905227,0.00506756253655638,-0.00732121827282306,-0.002081093019180247,-0.008435157562706408,-0.008880512717761135,-0.002364325143083823,0.005236195412271716,-0.0016226897281534924,-6.24331683410917e-05,-0.002293253587470012,0.004903945359473916,0.0004169773108770869,0.0053491258320119695,-0.005953347755306981,-0.003771400699362326,0.0022143555729565723,-0.0044232138388417,-0.0031598875909956137
2025-12-11,-0.004614464879819535,0.0,-0.0038601662583686025,-0.014710924115973745,0.012923524494871552,0.01814833122388837,0.021232508752677903,0.010574379080255047,0.0038416305126323103,0.01060820487444758,0.0016944477958142912,-0.0026400116130178564,0.008329126564652345,-0.0013779541589269417,-0.0006201133622163457,0.009696980982891068,0.014295563649386223,-0.0036774959114819206,0.005270284298839245,0.0036467394059365166,0.01215342805156383,0.000846686511916106,0.009464195020123745,0.004922811779204617,0.004230858874952004,0.0054565875164998
2025-12-12,0.010528874133548527,0.008374433705534257,0.010830652478255987,-0.0027777752022684066,0.008289492898468698,0.004554456648932836,0.0034068597961147695,0.01940463325479369,0.0004782998774466307,0.001199645558420892,-0.019517688547049827,0.0044117567193278084,0.00012510205026106114,0.0051228836125840616,-0.0069495632959341025,0.003928882448671844,0.016863602759456642,-0.001635809816588396,0.007443411420030577,-0.00010379001261395793,-0.0075807469449413745,0.008960189159548992,0.0023078269588701072,0.0052072656231250125,0.003041683968079134,0.005729990019651465
2025-12-15,-0.001010770533716454,-0.006048724572594644,-0.004521777071790467,-0.010793853529036612,-0.0021446710566254135,0.0010161336910061713,0.001534870702160518,-0.00351790689918563,0.006454680150004943,-0.005391967575958834,0.014553602676970145,-0.0005856685051376376,0.005381134286299716,0.00358996524070343,0.005498612487690568,-0.019458650117076703,-0.006476240670020061,-0.011217531784745494,-0.00019279610688960336,0.004256864431786411,0.0020072294326980433,0.0030118866041095593,-0.0008634756444517722,0.004374560662196547,0.0012098269731692923,-0.0007543469807149705
2025-12-16,-0.05074721609482424,-0.017049019789492914,-0.01412062128332281,-0.027279113787143094,-0.00852557104571694,-0.002889232990610835,-0.0005108772871849077,-0.021375397646639094,-0.01918054347391407,-0.001807024642456856,-0.005406585347625725,0.0005860117137421739,-0.00865073871659816,0.0022069372846897917,-0.001491464237277973,0.0036030612687256713,-0.003716118875183416,-0.01334183362152408,-0.008931955777110256,-0.006306550125712906,-0.008791867291410349,-0.00777034188672987,-0.0048969913998843095,-0.009627855116676187,-0.007184431233786426,-0.006424068837574293
2025-12-17,0.004181598322953395,-0.006878918016251845,0.0012018197244578754,0.012122275436876606,-0.012789983155209628,-0.0038374335835278384,0.009989545824137469,-0.004299295406049342,0.0019979532264811084,-0.010359015914392256,-0.0024110998165700614,-0.009956094237207558,0.005712833950994423,0.0018947228640031621,-0.004729825556658684,-0.0022645576761133324,0.002690473367220836,0.0030144789824162466,0.0013616007284771303,0.015294151567641023,0.006512089795983389,0.003962348559577,0.0026053353034201088,0.0074069455100092,-0.0018269211554823306,-0.001606677033445636
2025-12-18,0.004164384873431626,0.002523339454348239,0.0007002967614269107,0.0037540740851871313,-0.005928903997316937,0.006289306961310581,-0.001840138010350767,-0.007494159341835727,0.0038670874738275796,-0.0043699227745961355,-0.004438384936390483,0.003253524112569517,0.015480693681181323,-0.00588464551281298,0.0015007104478219624,-0.007251928778560179,-0.004207803019503076,-0.003907112027503823,0.0,0.0017420939434347193,-0.0262145692102691,0.01957861500392344,-0.0015880663411049767,0.010377469730914912,-0.00023585956293192822,-0.00011619552256891819
2025-12-19,0.0006504576746555468,0.008636383862382191,0.00799765040778988,0.009082783751985346,0.017892705653988594,-0.0014062809210492189,0.005046641858220902,0.02250227021039297,-0.01143611023065294,0.005920174882679152,0.0064003556696610175,-0.0019900226683305933,0.007314899368866756,-0.001746394138272156,0.0016234001107739982,0.004739840155927544,0.005205490159645221,0.003836202642729214,0.013403186310904314,0.002813139953108612,-0.0005727807638233884,0.0003657729205728266,0.019809125363767333,0.0022740717242222264,0.00265388030121283,0.005843362036054733
2025-12-22,0.002112811821660232,0.0029357621572958514,-0.0004958872178767448,0.023826305643429135,0.0012296807175549151,0.004068225086157895,0.019076488553088078,-0.007042233244005436,0.01698731508471263,0.002232410988758149,0.0041666459343940865,0.010634405240484757,0.03106121656564742,-0.007598388775392317,0.004114210542108809,0.0036351871105748668,0.014316969628645593,0.005539110689669613,0.00658110679344337,-0.006120547718759695,0.014270188926895244,0.013071311218222137,0.018431899436729182,0.031083316905172742,0.00397501209353579,0.00793332910611566
2025-12-23,-0.006649304889976171,-0.001073332933595128,0.003572134982853692,0.006378258184584151,0.003179062037834246,7.791442794302661e-05,0.008594633081026481,-0.00536844474046283,0.005747497098664844,0.009010763931792232,0.0057217392915458465,-0.004019059047245532,-0.012606480409848464,0.0003784459084272829,0.011547028399641501,0.0023226387358843414,-0.0038440533825998546,0.005594029975768189,-0.002983431547231463,-0.0024632830521725824,-0.007853982385580105,-0.004481384353624107,0.011415885425100525,-0.004657655363462632,-7.502392334413077e-05,0.00018148889399149937
2025-12-24,0.0010611852424944335,-0.0058117007061847525,0.0002966082347433119,-0.0005139190381161507,0.0009362128964327532,-0.013790353586220272,-0.000490699368048908,-0.00663532141115486,-0.0030954836788382734,0.0006020808426914215,-0.008859545933945334,-0.002347649776244465,-0.002937153174881635,-0.001071389465183925,-0.0018411588937489176,0.0031998557244063974,0.0071148306185007115,-0.007303960928640607,-0.00795817911602592,-0.003035290098217125,-0.010763679130155968,0.0027191345547601387,-0.011149380985256307,-0.012306570165684705,-0.0019553136106835733,-0.0013389838361685946
2025-12-26,0.0015492959430203346,-0.008891303664166128,-0.01156471599214326,-0.027592062343726353,0.00014389803410197466,0.0027650188192280822,0.010824442919012078,-0.001744674200711227,-0.008240192689922488,-0.005114327770677107,0.0014021318455643694,-0.006912867917709731,-0.004388606103427617,0.006681055259304403,-0.006025562117769279,-0.0037396075562513564,-0.006406003045742126,0.0032510415799547054,0.0006417426942348925,-0.0027349927931497042,-0.010074950814547456,-0.01175060775715664,-0.0011136400257987233,-0.006565766989096278,-0.0029104345705980306,-0.0038175521330050532
2025-12-29,0.0030939976088311116,-0.002725975707891126,-0.001999950994537647,0.023616498289537935,-0.008992777767057647,-0.0005515563392686218,-0.04504206036549452,-0.0023968568173892146,-0.01812266591954248,-0.00040318699715369277,0.0034567708323778312,-0.005257614543818345,-0.0068836627040668175,-0.003069762219800043,-0.003835252886813967,-0.008556180028139737,-0.0032537853947079975,0.0012365493872590338,-0.008722386443924313,-0.0012935695568689898,-0.0013375218950256729,-0.008689013323035288,-0.0005573550411643868,-0.007735557931700887,-0.0013387254809158478,-0.003847631310177624
2025-12-30,0.011363674675247903,0.00710701940060976,-0.008717500817779111,-0.002238310330867188,-0.01176044529703768,-0.0022070555475559583,0.010404383478751278,-0.010061121429338904,-0.009565968513559842,-0.0008066366810288716,-0.0013517911070857203,-0.0005956571280272271,-0.014045114642839751,0.0007870661262945333,-0.004967683978726267,0.018986099016801594,0.00634754433060758,-0.0005962611995179445,-0.0037525936694431383,0.008704224416254513,0.0017469895939592472,-0.001445500696961477,0.008784159715364614,-0.002232790268876017,0.0040537740505168784,-0.00012527898855285713
2025-12-31,0.01878008888003424,0.00666207808989161,-0.0025269929640356903,-0.009145860000283057,0.009917014542884406,0.004424068930305225,-0.010182833117224455,0.013500579468997298,0.005014923763565937,0.000302740777692323,0.011221700492472397,0.00029800607345542574,-0.003823337710604058,-0.0014527249540517984,0.005991014038208453,0.013359501633137372,0.003003490187137192,0.02428846525499928,0.019872749161595316,0.008988669088845214,-0.00029066909246577843,-0.01250463662079171,0.0154802930377258,-0.0014033679870931737,0.006939207174092132,0.0073538342244390265
2026-01-01,0.003938923160827779,-0.001421665494572677,-0.013883294940454038,0.0,0.005818991888402847,-0.01415764263129038,0.0,0.005438081514555604,0.006899440277789992,-5.0451958155561805e-05,0.0030657870033590218,-0.0036487993291453025,0.008914186384206824,0.0,-0.09714640105888173,0.013965287512937241,0.0006588009892884994,-0.010150629963823876,0.0033111527772029525,0.002596183378264616,0.0008140957691804562,0.0066121841967967665,0.0005443826851962985,0.015458862425486997,0.0021768242400783677,0.0006487344669803274
2026-01-02,-0.005885155447169388,0.0006872839042715295,0.01782963905655599,-0.0017415269472296213,0.00983513654598367,0.002154139095110752,-0.0025892812695673673,0.026397996679351055,0.003487304308657846,0.010543238508079256,0.010761954306098165,0.013004469576272104,0.006503869946475227,0.0021443526423658987,-0.03792785288844158,0.011007702807504627,0.015082584592104542,0.01479370570434324,0.010599232824698213,0.014419937212882594,0.004009050047743212,0.007219385196045147,0.0076181318184527225,0.006171530897329358,0.007358684069514565,0.006960765170238581
2026-01-05,0.01491835404973374,0.000392403988986878,-0.011812773849438685,0.017445917748152073,0.018834128349090484,-0.0048562722008245185,0.028393288237711367,0.02692776019029819,-0.01987557774723747,-0.02406144154441625,0.015374816358139975,0.011878358805123668,-0.020726690484366816,0.0005013787066363573,-0.0009997240564110221,-0.003182165856851382,0.011497610029709726,-0.013956846965999747,-0.008917991859113128,0.0066068885454309,0.0005208997200671917,-0.01064375802690809,0.00864039740144995,-0.021189610768716394,-0.0017747018357396893,-0.0029720587604740167
2026-01-06,0.006221759922441006,0.0026481522876891095,-0.0014304298059457654,-0.020404640482441505,-0.007099151990469732,0.004959966963691498,0.010209897443217208,0.0017417979184117804,0.005411796814656755,-0.015652197094406572,0.017029473424181818,0.02894636221659752,0.003610541318017191,0.002510892656160335,-0.020731947512027227,-0.001239998601901715,0.007986062597566068,0.01596039864787402,-0.04467397667305939,0.013276338520123332,0.018103936035723356,0.012344054998160381,-0.012448163200281304,0.008735405165578802,0.0012357433310032917,-0.0027276473171363724
2026-01-07,0.0013139902189120978,-0.006211501908893968,-0.008748124183439066,-0.01995447870356648,-0.0043183137646251035,-0.010667086774703627,-0.00734023229471259,0.0048404700464643735,0.019427004858787456,-0.013666586966833316,-0.010434346745672007,0.01169217848406423,0.016623294968570956,-0.0007414378262655674,-0.003504254612220259,-0.009721091536895266,-0.02793198130117802,-0.011699540626305072,-0.0022552717026890212,-0.011532020118695696,0.012725831190841586,0.012224427504199387,-0.015044627571126568,0.0195782479012534,-0.002121594691724904,-0.001449622016468255
2026-01-08,-0.006715602856809277,-0.011319433258094924,0.003251427087061387,0.03161272709422214,-0.015428348414820325,-0.028886334297400618,8.998958096251286e-05,-0.020157098427856956,-0.0006068566271063558,-0.002476163429401379,-0.0052929478857142165,0.0051132351854523694,-0.01568028785226816,-0.003346011182196129,-0.0010256919129500996,-0.006615441443916126,-0.008626352378666602,-0.0319585210299107,-0.022337423385908717,-0.009085088523162699,-0.012285425212704704,-0.027825026827415944,-0.01073346713752188,-0.03175770929179289,-0.005073299587736613,-0.010095364158449915
2026-01-09,-0.011501382941900062,-0.008213464820452931,-0.01270646818224097,0.023545717622442286,-0.031051389546290387,0.0026512982027500076,0.009124122433634918,-0.049448733871811035,0.008926955022368288,-0.008133504186030871,-0.00590773142782508,-0.02139373594650673,0.0004958170940481121,0.00045624702269941864,-0.011000236125070284,-0.012540258406368632,-0.009781543631430911,0.011537451568760071,0.003196041265173921,0.00250502468042324,-0.01749297878291811,0.0012173539835449443,-0.01474478228756515,-0.0009533919924008538,-0.007287229419550512,-0.007479613285493514
2026-01-12,0.001729510610347873,0.003262421567560292,-0.008024111564108871,0.006427623054476861,-0.01676855906459751,0.00446253954934428,0.02538805980861092,-0.030479513625647603,0.003731804993416965,-0.0021831917297068237,0.01416169697544234,0.006266385643852956,-0.011275601044485883,0.003677164133546018,0.003707529070236637,0.0012781026090105119,0.004908717274072494,0.006920452623541351,0.0053547636931428055,0.014642695827021823,0.003526150287433527,0.009913288831319145,-0.010165245296114067,0.004390030102511044,0.003357704838553577,0.004164153963733375
2026-01-13,-0.009574598842860382,0.0061533419538184475,-0.0030465185833569164,0.02773111808199835,-0.010990661343425634,-0.019909490280988873,-0.0032794583357990126,-0.026931851396989392,-0.001559119860556013,0.0004269190647672172,-0.0069404613677203075,0.0169132575415063,0.0019424539138996888,-0.0011447981058916312,-0.010933767772231873,-0.005567668180484264,-0.009407754338018437,0.03423696373717444,-0.020496171220296455,0.013101453696532817,-0.004205116233028772,0.008766482705499845,-0.0022820639063916293,0.004180996350751975,0.0021581110545747517,-0.002246942885392733
2026-01-14,0.029160132917251502,-0.00512128058682626,-0.003213916193702371,0.01422729207155582,-0.0020692685859281523,-0.0040292314690051345,0.00808411221913885,-0.003938737196329423,0.0021021189288856768,-0.012695339519595117,-0.0150658886857572,-0.01294368582628791,0.0005003292501839507,0.001556644463674095,0.0001493675974826303,-0.003277332349435169,-0.016680861325875873,0.01825414331510955,0.004129973889475558,-9.721010620189485e-05,-0.016197077615340727,-0.02310286616469248,0.00014296622451537289,-0.015140054537776892,2.261972769379561e-05,-0.00259211846006413
2026-01-16,-0.003541809578283428,0.0007996386239133013,0.004545644876849941,-0.04159951325398181,-0.001843269328342001,-0.009270950101552433,-0.008192271133260487,0.009404747875073394,0.02505278983424697,0.006105106955523132,0.0029318223972452095,-0.005358088376260062,0.05625706074194747,0.0009814690562575112,-0.01657952627138548,0.002383897306043936,-0.01814018535722728,-0.004270230714265466,-0.0006169565104086061,0.013565481631364618,-0.01869812730447229,0.022707721514055423,0.010863352095444423,0.02786319540256188,0.008643818679643589,0.0011201764399650926
2026-01-19,0.010276653128078461,0.007640465259924456,0.020205218183668716,0.0,-0.012310457555188337,-0.007060916313939569,0.0,-0.048279482252493566,0.011071901262828865,-0.003436744182823248,0.022665598701389955,-0.02140636813515462,-0.005089435612882887,0.003767094488324574,0.012150604258642117,-0.00021870389717804084,0.019988690235476225,-0.01642588536241174,-0.030386222382269512,-0.0037417109442153818,0.0038947768094923507,-0.013440520237555598,-0.027149338986236726,-0.0803889132506066,-0.003391236735390546,-0.004236324757381116
2026-01-20,-0.010707492423000842,-0.029289359080512667,-0.03739231413114019,0.015141344997853023,-0.04510393591020867,-0.0004283558072786242,0.03731152448701147,-0.05734791357309388,-0.017183138843697376,0.003556383560383569,-0.014416450231753308,-0.0034766717394878466,-0.013264245798949581,0.002232579015691849,-0.020708309979631245,-0.027314490194788932,-0.018360534022849317,-0.011188372726478435,-0.013865288327362557,-0.0019260511947375436,-0.036767349570101526,-0.019376657928196983,-0.017877884029230406,-0.024598527126578507,-0.008133934717463043,-0.013796877137441155
2026-01-21,-0.006648636508652217,0.0006126500827408066,0.0032683310591805625,0.004640350987550779,0.0077500361995732625,-0.008142669286477777,0.01516928009704066,-0.029680739253972854,-0.00284485506836174,-0.011651693421642073,-0.004665650495839446,-0.019479646810778295,-0.0027126271391266776,0.002352993507782619,-0.004750185630757353,-0.0011805754015214998,-0.006864400783704316,0.008236616424116328,0.007604056306050433,-0.0074778211271469,-0.0005576846362844723,0.006543522779421718,0.004143870581688303,-0.001458886965659767,-0.010165921693114699,-0.0029723570791637677
2026-01-22,0.007704946353268793,0.01693960757051638,0.007049350834370527,-0.020785192077436232,-0.007042953229519422,0.05210857317742601,0.015936090714126827,-0.014594971671155643,0.01224370951711018,-0.0017927454649970809,0.009543970711743288,-0.002594487025329162,0.005500467292467226,0.004592956032832607,0.00030798670128229233,0.005741139922806671,-0.0003170520129800458,0.006766512157078575,-0.0014950853130218933,0.019151256868243483,0.013206002953574325,0.008902767314289628,0.023728699489745653,0.004591894933034579,0.0067992982338194174,0.00526285960946038
2026-01-23,-0.02842144433327909,-0.022126325140432446,-0.015909180022449787,0.028807261908526005,-0.040518394573000105,0.0148665490588753,0.013730523408316264,-0.04887686744036657,0.002289954999344035,-0.0028301326122367465,0.00790597466167875,-0.0015607232409247107,0.004388342235966736,0.00023370707851566586,-0.004463693242349742,-0.00847860653153476,-0.0187758198728587,0.0059833768844503865,-0.011693449417618407,-0.017980629023889527,-0.001407411528156044,0.0038407873898465006,-0.008206030833284417,-0.00934969669502872,-0.01228038433738965,-0.009539381186706164
2026-01-27,0.045945975341424417,-0.01605951884317247,-0.014172531156231516,0.021614535801874002,0.0358568109509072,0.0033991999999205547,0.02083913487422251,-0.015118057019082531,0.007732806965489836,0.011243416433832643,-0.0035693167724623054,0.0133988140890835,0.007122263951240937,0.0016907306214479778,-0.014687716057678823,-0.04230403063886534,-0.014480557080762568,0.01010302744070879,-0.00404010662257559,0.02297238475784069,0.004289479840275057,-0.0014229047381563165,-0.011322502608521634,0.010327065922860701,0.012524522159427676,0.005060152863462841
2026-01-28,0.0030399990641301056,0.011784992282308782,0.022357073902493863,0.013143127149321199,0.026248912986942985,-0.013953911438057687,0.043642630676681726,0.021345278448876126,0.005464506824514714,0.006800464932957384,-0.009371483395334335,0.004627576314816917,-0.009627351196617062,-0.001949501951540089,0.007845658556810964,0.01641371733592023,-0.02413905638957592,0.08320218724279282,0.011734823320726173,0.00982766365899046,-0.017267733144763486,0.01333130274311678,-0.0002935666084020738,0.010860323216049128,0.006643840519588995,0.006647346488174222
2026-01-29,0.03326255360546204,0.00401998918734181,0.0,0.034962808360734954,0.020781706573577807,-0.011124732580959251,0.0031688177867144063,0.010449589820052507,-0.004625345556656391,0.0030020507261359075,-0.010847554079378985,0.011625366960408945,-0.004200390561712175,0.005533447400743352,-0.007940153455285315,-0.018786933789186833,-0.02520670710494821,0.025355725166692045,-0.00408100477061113,0.002538696543032959,-0.013224862588698594,-0.017405808436043002,0.033338135658019796,0.010322298909587913,0.0060244631862282905,0.0030048195489833507
2026-01-30,0.004913184579417695,0.0023099072456094216,-0.005667627338234449,-0.0032100136097579224,-0.00438489774088624,0.007610177157558962,-0.11366200569716556,0.006575190409361387,-0.015102244323490943,-0.006680924664804744,0.008671253134820978,-0.020670756635300158,-0.011147938072588515,-0.002812920984896161,0.011142419460919317,0.014005457472636484,0.006688775995686624,-0.023348800143548787,0.0031631999215702145,0.010270219301205419,0.003775314675439123,-0.0065194520090091634,-0.004974397665972408,-0.012093453526678455,-0.005794109273376313,-0.003865234077404689
2026-02-02,-0.04298015291237944,-0.011523107063600824,-0.028122753083346663,-0.04707866489688739,-0.014864329420035571,-0.0292258046558459,-0.019389444883695095,-0.010591124440286315,-0.01108749902995776,-0.0012376212007129128,-0.006616130762846284,-0.001623549766056609,-0.0070689040117084545,-0.0010339951572884143,-0.023125871868587833,0.009149660355423306,-0.014727041878739522,-0.05580752365266395,-0.0035831590207748842,-0.04497987719110419,0.02043502238615691,0.01462914998072562,0.036709074399155384,0.02279447513502597,-0.016632138018482623,-0.00917235522852089
2026-02-03,0.03408299674846016,0.04279575675194258,0.06716832837719555,0.017219177749178805,0.03848001004927237,0.0447357390067209,0.06083292489183334,0.08928913440355513,0.011032977437121616,0.02219595265139751,0.004793645884750397,0.027276695526662786,0.01632505107605864,-0.01572086202251055,0.006196365577229468,0.01868213703410948,0.027669588769918096,0.012010218547245044,0.033587393461975035,0.03450953535863355,0.045580132237048376,0.017573220706301074,0.025213514871318843,0.0016096110678773812,0.024263477392142407,0.025475932330218942
2026-02-04,-0.012903655277501258,0.0034281938288018843,-0.0011406507803362054,0.03053314876016011,0.014529420584859842,0.0038853010369983565,0.0034055318159975645,0.007237856594918268,-0.04335511974495332,0.0046378811875502635,0.0010132134233962198,0.013456166433760686,-0.07258454969424133,0.001964633220418399,0.011929795266854892,0.013067316638584181,0.019550841904517835,0.03871599121170588,0.013708276482541581,0.0037587140965908983,0.0013513396152677881,-0.07013301834510222,0.009138671751425687,-0.038526551132099573,0.003278537501497203,0.0018831648283172964
2026-02-05,-0.006050640348181924,-0.009655328948255937,0.0015052644731574638,-0.028400345278711825,0.002197447319614465,0.003789833566667067,-0.011990895287168901,-0.01279424209302138,-0.007275931237753719,-0.0035672904482948464,-0.0070012694215041416,-0.008449319553143098,-0.010157624300343282,-0.0032944900864081417,-0.011629736270052038,-0.0005596063607231638,-0.0007962430626521355,0.008428550851601546,-0.009198276446980902,0.004961635132690434,0.005432755770568454,-0.0025341201112869527,-0.00346259825918549,0.00021429288572738514,-0.0028968353863175755,-0.00516756745616076
2026-02-06,0.008266896195558537,0.01204934380316236,0.017569312379741353,0.004108047365652956,0.0037049096126908765,-0.0029721860813473056,0.01847210572523683,0.005917865033246983,-0.010124293425438524,-0.009055499806620793,0.02964661778811739,0.006874351667523371,-0.008617275240571987,0.002105924524315128,0.05029004371878498,0.001679759086038679,-0.004117157116013237,-0.0009286008840215798,0.0051268004167235315,-0.006613837463494421,-0.004404999123011288,-0.0166806367148169,-0.012428118699772117,-0.011440061036582572,0.0009473674215647598,0.0019849016468285186
2026-02-09,-0.0001489721694308832,0.00019760856218464795,0.0014770512821795645,0.01274589115681124,0.011148748049355506,0.027634556581733527,0.020136472592168664,0.05977170365985085,0.0052080790954882605,-0.004090951344630556,0.004455141903370707,-0.006969593452346712,-0.006568907452738859,0.0030249859327045048,-0.009208113054155476,0.008831785408761617,-0.0012668841982208523,-0.008737751208169664,0.007444133077086468,0.07464360465949627,0.005604347911160268,0.0022437183793835302,0.021380202553845873,-0.0027739633273619058,0.009128339213771097,0.006756581098813275
2026-02-10,0.011405901178667577,0.0016299787187332715,-0.01785082072437416,-0.006215064047320307,0.000968436003019546,-0.015288089723154541,-0.009325090294185823,0.010769380885206958,-0.018039968563381414,-0.005174678926825105,0.007638656571190339,0.007304945206078495,0.00040082380453587696,0.0025919796522524408,-0.004336997253371,0.018339963880105614,0.011216420659139859,0.02081767252045208,-0.002121020056346845,-0.0016579178399723782,0.0018773540071315153,0.012346539613439234,0.005166938961273404,0.00604141637195843,-0.0007079872109025942,0.0026229876069705504
2026-02-11,-0.006928445770351566,-0.0004437779006679632,0.003469405134264303,0.010475268582484487,0.00037211501619771603,0.011385410442735777,0.013549761304446184,0.01719023559372279,-0.013667371736469036,-0.005684298040796176,0.0037902241406762016,-0.0002843583727699661,-0.01729204792604755,-0.002586370702549967,-0.009800895952607025,-0.00024490575558056005,0.01756241660040292,0.009002402790841302,0.0069935003177907795,0.03391314350190333,0.0019322434836053226,-0.025062001849009752,0.014103109648601064,-0.00717160035059905,0.001962068143015694,0.0007209990483325601
2026-02-12,-0.0054182874182227,0.004982693355872536,0.031116119400809383,-0.02769607267367502,-0.03013166776098597,0.003621120809661038,-0.029162374693560533,-0.016413812533291883,-0.048659351411684426,-0.007011091743491238,-0.021600547140828708,0.01699736852104028,-0.05835995501934854,0.0016316115408576692,-0.0025137300152110464,-0.022259055475444378,-0.005580108142315354,0.006372948649567611,-0.01348130215075427,0.008031104113453758,0.0022208488994464037,-0.054883481590727534,-0.0032492834627284584,-0.04669068692513023,-9.221384609547911e-05,-0.00565042923620962
2026-02-13,-0.005746287590981725,-0.006823442554275028,0.025673104417144543,0.0007956594038691644,-0.0389689530674967,-0.00533379404415002,0.019964620262842958,-0.008288950844145937,-0.01415903947392061,-0.01814034153399624,-0.0433663874420247,-0.010769219909464223,-0.012193416726503203,-0.001891210813837807,-0.011655361317089552,-0.016615251308156442,-0.005807072659106849,-0.03238657177763882,-0.02022224400288386,0.005199586000773193,-0.010146420797589761,-0.021053793432892043,-0.008345291480540307,-0.022777141269517465,-0.009106088887425479,-0.01302348257655217
2026-02-16,0.01951513649949832,0.013691186849117631,-0.011710185566832454,0.0,0.027777698300608167,0.0010252052469041928,0.0,0.014446982083819337,0.004535598406300689,0.024228299578640033,0.005986503727121839,-0.0021207804987397605,-0.002556360582020245,7.834601949152642e-05,0.013386487876413833,-0.006707395876905831,-0.012207180065082146,0.015519848517326018,0.012327398069824858,0.007925907908676422,0.0017673222745910877,0.00534878315552878,-0.007889607002956822,-0.003876898576293586,0.012668143928827647,0.008309432803093486
2026-02-17,-0.0008099027406190951,-0.0031693045568120803,0.0013824075271660075,-0.008904397583535784,-0.007378064285989194,0.012131735226586837,-0.027698147681451624,0.006766030914669985,0.014228941678723128,-0.00010796492285991555,-0.0028891901408713005,-0.0029044698365845445,0.018746319078381646,0.002338487592141947,0.023588588637442953,-0.005840928930877731,0.008504436437645868,0.0011048387913097368,-0.009811374982602317,0.004387069352500772,0.009761854003740522,0.0039901524882470785,0.014844339249823868,0.011394598068226625,0.0036899385181154987,0.00166066292063749
2026-02-18,0.014588895707807747,0.007924129913228883,0.009515319343815332,0.04588481511846543,0.005320504910268253,-0.0035025198025463444,0.021216920217128177,0.02167899441769361,-0.010387165540407084,-0.001080234977414829,0.004843739434250649,0.0004972954422077791,-0.012579114746727016,-0.0017271881449274495,0.021508702146574077,0.011836539836210136,-0.0009881896809526003,-0.0037650601544423346,0.012860184532927255,0.004532693142573319,0.00425133399012978,-0.00827994796042042,0.0,-0.017339702894529796,0.006159492288390522,0.003652002197183979
2026-02-19,-0.014814813500476531,-0.01329719049707212,-0.006593065416721888,0.01902128880703846,-0.03416611289544935,0.0015621575793955955,-0.0021257590807680637,-0.03230598631534265,-0.011450250249907312,-0.009841057154273192,-0.019023103994511126,-0.013776349086977557,-0.0023293707339959724,0.0018460996567177812,-0.019401475481130692,-0.027956391902671074,-0.017211846927373098,0.037981812400401216,-0.022063441957186347,-0.01082945886044362,-0.006378998505183975,-0.006308225011023683,-0.01867574707931241,-0.003491387633807741,-0.013180169708646994,-0.014136684522350174
2026-02-20,0.00862454403328039,0.012443445779485085,0.012929473949886194,-0.0006021513675084078,0.014182062580712973,-0.0014817397868736037,0.016760767696405443,0.0008222857526705152,-0.009583597327569637,-0.004095718973815776,0.015443398820191412,0.004104170755059977,-0.012623239952484822,0.002727031484260234,0.003067487907324029,-0.00553643700175932,0.0049654734034145775,0.01456399085706006,0.007023806447532088,0.008625662748418916,0.006419951365346899,0.0030995277308316638,0.006121876498557999,-0.0063917009162723915,0.007119730277680869,0.004592550680687868
2026-02-23,0.013447285633217732,-0.0033519193649609313,0.000776600782371073,-0.0012050283444823284,-0.004767147594491705,0.02108714452681193,0.028739231956620648,0.0021909828067208093,-0.007170306704560869,0.012885907866915458,0.013350510163579576,0.003513872983457844,-0.018991922391850102,-0.0034544716938551545,-0.0048929331733736925,0.010050416537873641,0.006343077281248499,-0.01076619438618931,0.006058814721798367,0.009620986278317423,0.004581329782284538,-0.0036855253054521864,0.005158818895605988,-0.01891744315467947,0.0015080428954423741,0.00554333479982394
2026-02-24,0.0006490124474367587,-0.0040455854435864635,-0.007225991291761713,-0.010254868499654402,-0.02339129986016475,-0.005507140650404696,-0.009395428898871239,-0.03224572510496382,-0.0610012356255647,-0.014183610096832222,0.0056281654750469645,-0.010433102537313554,-0.039171447443614005,0.003235024849649548,-0.005838963753491799,-0.004032395141659095,-0.009686871984182499,0.003083642743829884,0.0005602723452611258,-0.0036650627947290015,-0.0002886128897130469,-0.038336540696323196,-0.006316685096439234,-0.02792754341479442,-0.00354120418922943,-0.011214156627970318
2026-02-25,0.01109833649089187,0.0029364206628585965,-0.0024424947284772403,-0.0031997423931283686,-0.0007357771805608371,0.004845467978103368,0.00981420915727682,0.015304732762917883,0.029121843869799324,-0.0031850946754928833,0.006910822863894772,0.011337361325356232,0.011446503898235205,-0.001121776213566461,-0.01159195047423689,0.016922954653144195,0.009647606932214225,0.0034358488500225715,-0.02120658722132207,-0.01896516379078972,0.01870878658402919,0.021603163841764195,0.011389204547075371,0.008893786656305025,-6.469112801810173e-05,0.002275335490801167
2026-02-26,-0.005345718005255629,-0.0039037644558669315,-0.00793297517392988,-0.0032100136097579224,-0.000654516965872487,0.009797184911298995,-0.005742913127032345,0.0,-0.0034102158566237106,-0.009916273908654127,0.0035369954563211348,0.0031417822406680784,-0.0007750868637663721,0.0003629328803260723,-0.004534841483005092,-0.0019189852845054034,0.009489051094890621,0.009551248080345909,0.0059349587935093595,0.007832747308004429,0.012186854558325466,0.006998089159136356,0.02540259413740431,-0.0041600158488440675,0.002364674490426877,0.0005513894339252978
2026-02-27,-0.008312435667784834,-0.023465482823782247,-0.01683199577854222,0.027756442018180172,-0.011378529540294502,-0.025013224422997582,0.010431758910460776,-0.037156577605430785,0.011357910235286317,-0.012074263837782429,-0.018965299219698584,-0.018506621467999862,0.008533052700256505,0.0006201593825552187,-0.014765930092074164,-0.02502450867079853,-0.023401020902514724,-0.0014280395850350125,-0.009169794935556141,-0.006449024380470569,-0.027272180206242336,-0.003890222027764345,-0.02273010543072207,-0.0005967376601559993,-0.010765222866038981,-0.012468368500212268
2026-03-02,-0.00838202315430947,-0.02583523790436515,-0.01772267310331488,0.06281717285497268,-0.02260489052796666,0.006297030637189449,0.012216786606203955,0.0014442885975178843,-0.013030065686839287,-0.009405834929033241,-0.007484683970458317,-0.0035536264514219873,-0.008614719162860385,0.0007933086764644326,0.00414534249757792,-0.01857298296174925,-0.03156762876206731,0.008938147625640935,-0.025755137390645833,-0.00981931480411169,0.008923424652042211,-0.009061943817042617,-0.03149092530838482,-0.011892959905005496,-0.011388781617076127,-0.012429227421638323
2026-03-04,-0.015302826375947931,-0.027086884618196416,-0.033887088446285185,0.04815386976732339,-0.03583531118212491,-0.002472168529975116,-0.03290263490563572,-0.022959387285494737,-0.005105749179177832,-0.0122242200588204,-0.025553726783094755,-0.006259077350968423,0.01435332764071684,0.010199878790265071,-0.009367959172458584,-0.020993889841344204,-0.01598553104392353,-0.018603826268258405,-0.009572822989874274,-0.01294235969032076,-0.0011412147242888526,-0.009833497332849994,-0.05234752193909076,-0.015208753123800656,-0.01812173810868234,-0.015491187895474101
2026-03-05,-0.001628106015204911,0.011909182324050471,0.018304976772773207,0.0850522121973023,0.028292801915090093,0.017270718440195232,-0.010722313294558417,0.02958028963692616,-0.007258148555709165,0.010475984155599027,-0.002786011419756651,-0.00571266444623697,-0.00122374805727965,0.0012433921728565167,-0.0014425855474333726,0.025641000448848983,0.018152262165173738,-0.0021664779818355573,0.03301116723536035,-0.004257049885802222,0.01942295575101949,-0.0034779042081746203,0.011247087206981421,0.0006647539305557615,0.005116165151199281,0.011658274570576665
2026-03-06,-0.02468308867540625,-0.022439574663091988,-0.012676668820240433,0.12208368261757263,-0.012988178882525458,-0.007384789023663907,0.015951729627923683,-0.04386975352288036,0.001920105672637007,-0.023583044150976562,-0.012993415962002208,-0.032557424262248946,0.0019911106764523012,-0.0036483583174335976,-0.005778477150167549,-0.0046296142781465655,-0.01775924753676028,0.009408380843464625,0.011083904066363504,-0.022659334185677227,0.008349696040804266,-0.00822084259439626,-0.012389129193925541,-0.0014309175515291317,-0.021549118822767,-0.012737318930444053
2026-03-09,-0.020899796271876547,-0.014661067651541071,-0.012786757492635026,0.04257420299476822,-0.004501752227067279,-0.012885381087703762,-0.010609995262454652,-0.013015108419755173,0.0014005434875747902,-0.01907700037065352,-0.013973028604252868,-0.02664839264050245,0.005044328747412452,0.0016265895904747918,-0.011947027616860173,-0.04348083903949229,-0.0459778474601823,-0.029216791745517834,0.013667380231682458,-0.038932590188359706,0.004445947474495782,-0.011807956184319623,-0.053456853731952414,0.017144356895677726,-0.030518346038860722,-0.017275692308183932
2026-03-10,0.020492012751074595,0.014281907973259678,0.0018655182364619716,-0.11944708342091537,0.016697086372616576,0.021445183176134863,0.02714331637287626,0.01810895216469177,0.002134555338127342,0.010407957360046627,-0.002005041259438345,0.026204656074120036,-0.014752888477840398,-0.007782569374840009,0.00996723314746606,0.03328521167120457,0.026576863266956074,-0.005908329608791174,-0.010674129241834973,0.01247152296184284,0.002987705855513445,-0.005657977922131852,0.03975912078753785,0.01096853512381113,0.01661912372083285,0.009719840791548862
2026-03-11,-0.04480100861181879,-0.03881574097494811,-0.049106132357807364,0.045536287486201754,-0.019416576553869525,0.00829148576640737,-0.011912784794927855,-0.014503998651717032,-0.008226218279600905,-0.018247092896708117,-0.013149485042217246,-0.013186998996644439,-0.014896500050198491,0.010352879777325574,-0.00016168993368581575,-0.03810305785604329,-0.026682069793920737,0.0057577552848575575,-0.01320281777802923,-0.018971440881331625,0.007226411607790251,-0.019179507853614663,-0.028534234752845666,0.006469932384271626,-0.02133509563661895,-0.01627056774308744
2026-03-12,-0.016961286184093427,-0.013646751835152071,-0.034185702455321376,0.09719201555224743,-0.026343459052337592,-0.004903768455975621,-0.009985698539191068,-0.021076840763506022,0.005776433958801119,-0.0014389417316761355,-0.01133529842875658,-0.021705568913144013,-0.00822689638345464,0.0006911272800000923,-0.015857611120709714,-0.04324227387980428,-0.036008028352971566,-0.000738733913319467,0.0014386776973818183,-0.0054073847128085495,-0.00032858148116921004,-0.009128231300207679,-0.032205168051219535,0.001384571721051886,-0.011389472309065507,-0.009540396930332928
2026-03-13,-0.030133700060889224,-0.018522734815019648,-0.009326817711995727,0.031129171869220817,-0.027503916712769527,-0.02024260239465625,-0.012373393624492413,-0.02406732439677628,-0.024077766215522822,-0.01891320432964705,0.010810181971281141,-0.009237948915631566,-0.013825298412313392,0.0017467678053717517,-0.008714211550031159,-0.03302317575049252,-0.03228033078842596,-0.02384025866003292,-0.008260270305528894,-0.03520081698902944,-0.012984240338393294,-0.01306087680065715,-0.03219838592800606,-0.024344462824328006,-0.02437521812769361,-0.02064586811222946
2026-03-16,0.014532703352599707,0.020655922295344853,0.027016030684133163,-0.0527808644797384,-0.022846665118831266,-0.01191675628331279,-0.011578426521523966,-0.011030801172637439,0.002414364816383685,0.028886147550208685,0.007268440417776301,0.014424547993713954,0.0012016614257990277,0.0018800585876035392,0.022557639686753506,0.03582277510418508,0.013183955954511495,-0.01382049909932126,0.010429502180503425,0.01881566640870913,-0.010213158472535011,-0.0005393155904525049,0.0009550583757265141,-0.012501259530446895,0.012194439620375253,0.011131271353117311
2026-03-17,0.011031509720155208,0.00045098285404243654,-0.010875187862240843,0.02898394742751509,0.032902818779996235,0.005403750675721408,0.0014016820184221679,0.015512761591895519,-0.005645079741232739,0.0056506682863521895,-0.008043361013582717,0.012412549507167192,-0.013522223163531466,-0.0030346599743367175,-0.011030059727299979,0.030565480649939136,0.016853499940231664,0.016509839091697565,0.0017919207711702967,-0.0018749523077792318,0.006280873388077257,-0.007263776234175845,0.01526723459413093,-0.019424957903376283,0.008501611290302913,0.007362598835607637
2026-03-18,0.020438100986765795,0.009635447520220275,0.013239636472772043,0.0011433386487715858,0.02792989969392612,0.008568298749088044,-0.02221557641596683,0.03711656923857265,0.027325784378172013,-0.0027207607032612158,-0.010610702166249819,0.0004656706187058379,0.027739457555591374,0.001176783971927886,-0.0026243264365924945,0.027389881056102405,0.005858835157025677,0.0009442870632672129,0.007512956232144763,0.004790144627585535,-0.008972328511114291,0.02052931321192042,0.017387196889765644,0.015575996548132354,0.008201231526532515,0.008339304375208911
2026-03-19,-0.03686564922092861,-0.042917756694418774,-0.054425582210436474,-0.0018687739383937974,-0.0370271999905174,-0.015678130123261913,-0.059142255016843004,-0.05532564721445998,-0.0334512014641255,-0.053199650627666184,-0.027162356917585617,-0.030404210643703133,-0.0365400480422573,0.009257375280679048,-0.01989796760038276,-0.052634939570224915,-0.03441145120688216,0.015471721145341899,-0.016547107763784985,-0.019536439649928128,-0.01906315826131677,-0.03474276110078034,-0.047575100714326246,-0.030313921704762548,-0.033890920367037225,-0.03262077926216955
2026-03-20,-0.0025682876044875735,-0.002682295842911686,-0.001982738244975968,0.02267526855643509,-0.002766220358953353,0.019144744388144064,-0.006586017710874081,-0.0016750912524057249,0.016694558793435288,-0.022237509259669497,0.002599446488265933,-0.0037596483773592038,0.0287515526408455,-0.001761983986605209,0.006543625784934282,0.006797213034913874,0.00015877122968244173,-0.013749580539243689,0.0213749079885428,0.008675723293867454,0.01874568811917343,0.014685991154442357,0.015518973791654345,0.013215777479599566,-0.000448059320686256,0.004884308965338757
2026-03-23,-0.027660166687147436,-0.020347338953182748,-0.02161218615689109,-0.10364119683721551,-0.04808135504888966,-0.035106612878285315,-0.036386269963426976,-0.033752853664172466,0.018669937402510994,-0.04651157983808685,-0.014644442134026936,-0.018227097392761182,0.0007166536830904846,0.008734244373767908,-0.03167192633434346,-0.035974065818377476,-0.019522238650852897,0.00018846387225757155,-0.004666257826481779,-0.024669132346591405,-0.01052276423284959,-0.00284454234206033,-0.028175838502361827,-0.0176007991235253,-0.03723396205032781,-0.026037751600726855
2026-03-24,0.018879136395584917,0.017248585641790326,0.04479456928714409,0.04788382335436259,0.012141778222430677,0.005026692911641595,-0.0010899600059736114,0.028920629765767147,0.010819952315467507,0.027884110635976178,0.015982844724276912,0.023309054075455027,0.017106994976597623,-0.006939683733991231,0.0027543279559589795,0.025542984776820488,0.008822324362248501,0.009794595842435694,0.0028412958929566745,-0.0010659768817355975,-0.002900295040933254,0.006292524089351659,0.019492263265209697,0.006398702813516621,0.022705084057914604,0.017756683156527453
2026-03-25,0.02465003828714507,0.02452471198070394,0.03975260525636437,-0.02198157891540986,0.02562375870721323,0.032629360680298314,0.03420998947142473,0.015839072147784128,0.005825382212061969,0.022748052841367272,0.02388490505511598,0.0067934909600329,0.0006257542660850213,0.01132515952444324,0.015279034427797766,0.03193355085560379,0.019817065691270175,0.008020983070229137,0.0009207592824262978,0.028909499259144322,0.024011813906539947,-0.00892120996380008,0.02169029991277993,0.0016424093882432267,0.020956934430906404,0.01719805962740728
2026-03-27,-0.01382864468126288,-0.029492591799127332,-0.04412348660262966,0.10318865950304357,-0.02124068539874635,-0.014607505515344621,-0.012703812732145048,-0.03814949577100413,-0.012234830201709013,-0.03336317260600907,-0.02829312755925162,-0.020560351116284292,-0.007348940821984673,0.00010396398072831659,-0.0033818092186345128,-0.027748474235351095,-0.025332431417553813,0.04348630447506041,-0.04599812997457742,-0.03875162017004197,-0.0010025583062946986,0.00521581510323732,-0.046390974358339054,0.01348851561836728,-0.026690572898612652,-0.02088905112938999
2026-03-30,-0.03642542261380444,-0.03711567883432265,-0.050071126260648025,0.03251704018081436,-0.03613765770151789,-0.020909625898066997,0.0075690115761353205,-0.02252185224005121,-0.016710751408114177,-0.03259723212950971,-0.009255649648497899,-0.022613058056771163,-0.015042917885841112,0.005007954237952195,-0.023752992619853197,-0.028474721898786415,-0.006699498964705453,0.009576100629747675,-0.003115491227037581,-0.03933296834292266,-0.020294424393323518,-0.012930025669942169,-0.023087079541118327,-0.020668051560583156,-0.038245150421848284,-0.02139385559374285
2026-04-01,0.027383014102929648,0.00931484888527212,0.01964947485738011,-0.026827319017489692,0.011208055838790143,-0.036098584494191566,0.05682726365720292,0.0250118591969426,0.009540938193036252,0.014626523965534544,0.00462239852083246,0.0056388496415988865,0.02007036954932917,-0.013689343520691843,0.013903385656813372,0.02599251645573175,0.016496091790620282,0.011944472051247601,0.01882573816032962,0.03920767762618449,-0.01633274487764247,0.02089957456189162,0.022788727773679573,0.01886584970059202,0.023337417611916766,0.015583438293735208
2026-04-02,0.004023205001093988,-0.003825166324560869,0.011684797860909146,0.11406310283321641,0.024521808637132825,0.006365852818826179,-0.02753390824861668,0.000132656360246175,0.03529231093288865,0.011653777095683715,0.000290676284923963,0.0025563915574924323,0.019675573244817945,-0.009003626325717606,0.003942426642911556,-0.006531422327929803,0.009752913060332213,-0.0029507919526398085,-0.013657577915861752,0.0005895468346335253,-0.020190954253667792,0.017648073759990668,0.001155159223661606,0.019510490046776185,0.0019456597119671404,0.0014858954897207788
2026-04-06,0.039569186493276565,0.019260109813312942,0.029025777865713698,0.007799916975443688,0.013307813584816586,0.00041072606579639626,0.0011393754030957215,0.05065296331753388,0.0007845205394612087,0.026767855041769595,0.009441696516462761,0.012830972695986542,0.004151212709408547,0.003544801793252672,0.006829441553616089,0.003287181132207717,0.0045127353893865685,-0.018628154164767263,-0.03391338056926663,0.014090695962516442,0.0005904880903300214,0.009466713706658192,0.013518019951568316,0.012210729184358504,0.02056987924052467,0.01123362266767347
2026-04-07,0.003854463706571387,0.0072355663823893135,0.004995036143587095,0.0048037831913605444,0.00925923979546206,-0.017819100725879666,6.44848353685834e-05,0.012810024727903713,0.02729277372167327,0.0012969825219191211,0.012375320242597132,0.01145032597255935,0.025417269563083655,-0.0016607725571244902,0.012209567450056191,-0.004964216993786574,0.008669609140715906,0.017030291605549364,-7.660557771316245e-05,-0.0022754973201944972,0.013808515979776281,0.02663818437456622,0.004229023525795128,0.037660286434203716,0.0020366901223869416,0.0067658785769486585
2026-04-08,0.0663147504130539,0.05948701374013088,0.07010877769480572,-0.16414337128869982,0.0725519636684766,-0.003929358435873165,0.019840651995058467,0.06056074817780566,0.013457320667715544,0.05712439300525385,0.016583021440832457,0.05114413288136577,0.005076835023299475,0.0004697650114580121,0.013402593441115496,0.06768437518769921,0.06282233044017094,-0.004011839947569151,0.03311362925154748,0.03013388098927572,-0.0019790459075247346,0.0076383117206269,0.08438616180340608,-0.006350153821705673,0.05667414578047558,0.03778379295615997
2026-04-09,-0.01087776855307343,-0.009469925300775728,-0.012895469452132935,0.03664864898063036,-0.01728196608121524,0.017206572806259146,0.008990461166964892,-0.0039360560591461535,0.002669419814093743,-0.022546206951919445,-0.005779385410408233,-0.02131062531822081,-0.010845353978939598,-0.006304055122134167,0.001818437551274421,-0.013488703631476473,-0.0009557681660310458,0.010858164986044194,-0.013206752133664734,-0.019313199955323657,0.0014581041847454568,0.01164434069895015,-0.004480990399256535,-0.00270378166784746,-0.015837297630790226,-0.009261439434677166
2026-04-10,0.02449756449375462,0.023476824240433736,0.02358150753255006,-0.013282957139829299,0.011812699733560583,0.01675049227992753,-0.0063228353853806984,0.012385694538723513,-0.009352155064803358,0.015795366089045526,0.010360123876148375,0.03168649951098401,-0.029363102339199365,0.0021132496428379888,0.004125442674980384,0.02936724291548476,0.008830658844323214,-0.00727652827132097,0.015187987035020889,0.02473707468015629,-0.0362238317901562,-0.02499042104815019,0.028057089424037507,0.00990790526703389,0.019901805248620175,0.011587753764504383
2026-04-13,0.0020728526304880646,-0.011552011604279433,-0.027689091646856845,0.025991530953323405,-0.0021066309398725114,0.0030028200787373116,-0.0040950041789837854,-0.005650952109576113,-0.015022056338167222,-0.019252139613693764,-0.013037665383790586,0.022089358320372066,-0.012146981076221142,0.02205037506800589,-0.018405996500248656,-0.012148064148002735,-0.04617405429806365,0.003664878858529619,-0.02599616182950437,-0.0029530440597482777,-0.0016316232277119314,-0.020480827820098302,0.00846464482801168,-0.009322580914881695,-0.005503203093212172,-0.008646321593950623
2026-04-15,0.0014036818648417437,0.02096962929684132,0.01579618062396393,-0.07862334246632707,0.033515106125823646,-0.014645117318482392,0.012145769830119946,0.019392956271309103,0.015321059077275878,0.01912672339401622,0.014291131915848743,-0.0022203635674509226,0.02232144514134693,-0.0142145397558191,0.011384618226851773,0.011272621855249465,0.01628944066412985,0.00017394648815938218,0.02205158901526394,0.007474933506357528,0.0268733329866524,0.03328474442421636,0.035889981682732275,0.03340397091161251,0.012533006043670358,0.016300637062472756
2026-04-16,-0.004352677555510498,0.002245553158341851,-0.007939531567772051,0.03724396419959497,0.003830122137415737,0.0029561144359762093,-0.0030416870117186967,0.0043106316836116765,-0.0007579788247404906,-0.01784172280484997,-0.008574341056066026,-0.001928627716684117,0.01064880248265676,0.0023764727559347776,0.004469395852635616,-0.01050204227210838,0.003461462238627533,-0.016863720447105823,-0.0005951538075245066,-0.004059700938611632,-0.0020629456312796224,0.008610836189215432,-0.004470568470980152,0.0024313961113993088,-0.0038284781298161263,-0.0014258739785333319
2026-04-17,0.007039120415902378,0.004918292187883866,0.002594094126156632,-0.11447886458755652,0.0204340920123649,0.011707837422918033,0.015087599111024863,0.006524009358240157,-0.005447496040189792,0.005594352903883548,0.04754326698088707,0.0009662229994376048,-0.0003789946762072782,-0.003629049552730801,0.011206381883472227,-0.006858465229202082,0.008848927807835638,0.004597657976900926,0.016154221932395352,0.012275677610649849,-0.0103951098844699,0.0017850739316833675,0.010665258392537957,-0.028250656451753065,0.008545757877181481,0.006480241406387144
2026-04-20,-0.00323743454817349,-0.004513592566816715,0.010459671942626647,0.06869412332795921,-0.008890678657431206,-0.0025086829657990917,-0.010499011646637357,0.0005116195023830983,-0.009706693955597201,-0.005563230230687499,-0.0041502772593003945,0.006979411831912863,-0.004625790714864464,-0.004778134161322556,-0.005867000020333912,0.006687123355933133,-0.00022303858024874668,-0.0024642905105960455,-0.0012453936740434157,0.025549652404580847,-0.004118243208200423,-0.0007358694275600985,-0.012218825089637564,-0.009005511320054227,0.00029438942645443333,0.00046394992773279853
2026-04-21,0.016977946912071662,0.011362440350174863,0.022990991564884267,0.028121823746258157,0.018695454837486247,-0.009735566525557293,-0.022510754611198003,0.025743063436608038,0.009031652800469692,0.020491541469136454,0.03549173923182436,0.02374288720000073,0.000457099401685257,0.005618527398106643,0.015245881335384182,0.007977384914393149,0.0008178438988859504,-0.0008823010221099548,-0.00733514411354752,0.0036106181428066098,-0.002037636869344772,0.011978571828847429,0.0005622124543682716,0.012495074272726336,0.013946003205228763,0.008690798564113589
2026-04-22,0.0013791273731822429,-0.004591144442381179,-0.004367045590048635,0.009009029152271086,0.005102497529162697,-0.002949333559309708,0.007257810821773569,0.015069216461904178,-0.10817364730836876,-0.014598051977781523,0.025143964464466206,-0.01498135244099319,-0.033962799554866474,0.005360687982267187,-0.013402257551621166,-0.030055809923075882,-0.009211764104155917,0.001942733243063488,0.006502548387833373,-0.007689835872451201,0.0027625267719464386,-0.027580911584488055,0.016718216359308036,-0.004926593426712089,-0.004305277335042046,-0.00807678861823835
2026-04-23,-0.00724848919336929,-0.027293920478859812,-0.017544801307372015,0.03108863401582318,-0.029231228083207883,0.09367297618069448,-0.0057897310816165115,-0.022486573770952756,-0.005990823288411273,-0.01944000812886426,-0.001013231985147578,-0.014331596895618803,-0.022071616407382866,0.0018980015854843657,-0.0006546857128899575,-0.03238402590659406,-0.013271363914678869,0.009166247697732999,-0.013728767947403075,-0.008202785157899073,0.006168326804339763,-0.006578677186015902,-0.027359375595260804,-0.0060784301858471945,-0.01434498240170401,-0.008411190019346093
2026-04-24,-0.0027015149337930033,-0.012216902429238341,0.003484478296871929,-0.0151277722621318,-0.009699741701633235,-0.010443254312638262,0.0036555454027040746,-0.012060300956887815,-0.0402042868243202,0.0006374932238164543,-0.016522886083590316,-0.01617214121220789,-0.06932132872095875,0.003330481408167163,-0.012119106817976899,-0.0030514875485757598,-0.008510590775025362,-0.005065544828056767,-0.011612322406057696,0.006260037899565418,-0.035533599147165695,-0.04952819973363032,-0.004119929168308167,-0.01676856801927684,-0.0038229286919456706,-0.011380506539678703
2026-04-27,-0.030529397191442875,0.0008470865005929529,0.00027128376394980336,0.020868656661653606,0.00919857820344272,0.01321079046307072,-0.009931580857529543,0.03323157158744028,0.020777898784893223,0.006306917078756191,0.00042970821381693725,-0.009123856385237494,0.013597868773237654,0.00145992490332425,0.00746014153397323,0.02106374254523602,0.013335349213428715,0.0038623811469937763,0.02861873765675349,0.009762993059082348,0.06979763313412812,0.021152340197958308,0.01098431658472121,0.02854132154983624,0.0031119907157723947,0.008149234824183171
2026-04-28,-0.02658197999425438,0.0038371005062636243,0.0020069953708399257,0.0369409303427668,-0.0076799864807702845,0.015061861314742186,-0.01794496815164226,-0.001969127589725783,-0.02621717130541268,-0.009179512571661053,-0.016664564066337983,-0.016817531622625004,-0.01555162902773255,8.701934460253469e-05,0.0019747225200184015,-0.004609327598313229,-0.024958402662229595,0.053864967559461574,0.016913139279922884,-0.018482721312886308,0.00796076621721764,-0.001184876037325644,-0.010018397309994764,-0.016922697588273472,-0.015355193377572518,-0.004026115924964935
2026-04-29,0.005740876215756696,-0.008319333173226862,0.006874847745678592,0.06954865332750537,0.011141395701461665,-0.018307957029656596,-0.010083808055646348,0.02066207957515398,0.003511738169652334,-0.004536462160496746,0.010875688839586894,-0.008513964114992723,0.013366931887263345,0.004105741562893561,0.038758331367479526,0.0207895309938817,0.02831215937636178,0.0003319153918597273,0.026279801764230504,-0.0040318209354972545,0.017970553777104215,0.012271440290016145,0.005416280278206731,-0.004464775837889179,5.8663887652965485e-05,0.007582657634449097
2026-04-30,-0.02167542646598053,-0.009636077663136344,0.0075269284402974534,-0.016934857832211048,-0.01253266161449762,-0.00518878717954141,0.01529085563088639,-0.014551946198319232,-0.0009165003454857379,-0.009370971627915337,-0.02743691104606416,-0.013739184115041936,0.012248465296620381,0.002864403534758031,-0.004268813946959771,-0.017384200224188517,0.00429956783342611,-0.006138042936228438,0.0037884784278527928,-0.016974963167004198,0.016641411538494966,-0.00032323788850752155,-0.0316133249207482,-0.00014950100578658976,-0.009751171129020464,-0.007449012061355398
2026-05-04,0.005361442748427647,0.013278433134680911,0.01408748215855593,0.012848562653870577,0.034412352962295056,-0.02698621883898311,-0.020629768193652587,0.03520055758600771,0.0011675530697761172,0.009978036340457797,0.02594519994407718,0.0058572095444628935,-0.011338667231728716,-0.00014331750196083792,-0.012067216831803784,0.002905577376877133,0.01997899684952742,-0.02219994714565121,0.022574711776720546,-4.675632638106997e-05,0.008405622735682572,-0.017219717952895564,0.0043916872991074385,0.0004984111989307927,0.0002761121416861023,0.005073434414612388
2026-05-05,-0.012077429140827767,0.013669200880672028,0.008840260115694498,-0.03899644425186566,-0.01630440590765636,-0.01243007925337447,0.008031818716119021,-0.04753131009376366,-0.00024992018578529063,-0.009109672141757286,0.00783786237204498,-0.015344708889922787,0.008301918773358175,0.0037554085391531267,0.0011250765712100819,0.03357475931721354,-0.011340206110686535,-0.010071634520059769,0.0003417276634201105,-0.007955809716116535,-0.0014806299241347798,-0.0016451414702955969,-0.00845354220416028,-0.004831872708921603,-0.0060396916597574846,-0.0035863394542201554
2026-05-06,0.027387453437954346,0.023124920305083396,0.023106589947075484,-0.07030404857746897,0.02059261929500611,0.031309099321746414,0.027679025212324904,0.03188721998340993,-0.009248433755365326,0.031399749089936924,-0.0044255397428071275,0.0225365505835049,-0.009252240255914868,-0.0008020285379277681,-0.0024081689923657335,0.028030401170609176,0.02204676140943218,-0.03155724790081804,-0.017559404857963812,0.03405981451913398,0.016146732231838934,0.003336911402203935,0.05291778719228368,-0.003303684427762299,0.026289230663464558,0.01240589643353629
2026-05-07,-0.0011590614839687152,-0.006317726704322513,-0.008157010636028916,-0.002839758805859849,0.015173898700364896,-0.0025935074794551927,0.0038232133785665035,0.0061054276095267035,-0.004793592807298186,-0.0006277293256695682,-0.019377714994459505,-0.00039080099483967956,-0.0038553611830102197,-0.0060409627386595055,-0.010621219292607065,0.02117668795210248,0.003498012775369652,0.011039908255983333,-0.0011823388612344221,-0.0036496561411178963,-0.00853959977691654,-0.013960774730437886,0.003071402790561395,-0.008838819811388232,0.0011851806160134704,-0.00017668148029703623
2026-05-08,-0.01887515135890605,-0.0033981847999950965,-0.01788744219361882,0.006433927075829571,-0.01712854392147256,-0.010477195614276735,0.0043831862020387025,-0.0026615587999603285,0.012675429638490998,-0.019094287675940236,0.006821612166346247,-0.011102336627374032,0.01419110741372065,-0.0037523607995186836,0.00016276177774221523,-0.011956021654544013,-0.0031953522981923443,-0.016555060903477248,-0.0006962564559982454,-0.0665751479440777,0.007359359983944547,-0.002915051654487355,-0.010577593803404506,0.002786801984808518,-0.01314686634512896,-0.006186630612244115
2026-05-11,0.0031538521776395267,-0.013254146695645064,-0.02020200396957661,0.02777197208898441,-0.029593064500494926,-0.010819975974175278,-0.0003600769143322635,-0.04232489571970588,-0.0029206389452072212,-0.022027220345781418,0.008523871162207097,0.0012649613776545277,-0.0018656012010918044,0.0018280823857736994,-0.005204164473580852,-0.025372323466734348,-0.017703641679292725,0.0064469474006829675,-0.0327480499097329,-0.04483466079283782,0.013420603351594229,-0.0006263836579122328,-0.026586014947588943,-0.006215019557816448,-0.015741162064962566,-0.014903149402549887
2026-05-12,-0.009588992428934295,-0.027533109916513254,-0.03402594737466391,0.04190884697808839,-0.03566286490470327,-0.007735005376783732,-0.008710046401565918,-0.045644583153714446,-0.041091278818241594,-0.017285402840883424,-0.0195908450278911,-0.02060953073787042,-0.031180925722075647,0.010231395547356747,-0.016838249832236585,-0.021534787809747713,-0.023066050883329137,0.04804270462633453,-0.017432646312707356,0.0010271218500037538,-0.014417696764347787,-0.038697715313190106,-0.026445041519142065,-0.03615005971795682,-0.016250934409175688,-0.018319683541890175
2026-05-13,-0.0034917842196210414,-0.009112809441436887,-0.00890287099167053,-0.01135255097518939,0.008696501898993958,-0.003700713020098667,0.004297096211008045,0.010628344257010758,-0.0022691624440054348,-0.001132669214373161,0.0023430361998548754,-0.0037894532492172006,-0.015083864686515902,0.002532723374652379,0.012470887258366758,-0.020214075157707123,-0.005238350449411677,0.008998281482120118,-0.00381228544543466,-0.004617305789352932,-0.011323534024280768,-0.011955056481173676,0.0,-0.009336929739337085,-0.0018495082213291214,0.0014135784059419176
2026-05-14,-0.0008759805529203746,0.006535899678003165,0.017854126451390506,0.001484869638324282,0.015849435902381748,0.030269458726241094,-0.004172275122156011,0.0016757534990206047,-0.016794977590084637,0.026614222277917543,-0.00820364720150979,0.00841690813820084,-0.025019987652072695,0.000656651409686404,0.009032665025406006,0.01995620080211058,-0.0021369219952334095,0.012619889204192214,0.0022078400297471656,0.010102097664349996,0.021043298896884943,-0.011791545814260118,0.005640402035536063,0.00266240764716974,0.012586031745938975,0.011831236369372666
2026-05-15,-0.007811183179202819,-0.006953245690474619,-0.0018637535119160331,0.0420085013039424,-0.028289752318441774,0.025391180285710302,-0.02614315436089598,-0.011191280818990568,0.007651222145021341,-0.0026639166161285255,0.010450506809055682,-0.0012038254876876042,0.021917849407550483,0.0001473327040335537,0.007324251586557251,-0.016005437929793476,0.011166313471975275,-0.005151172563672368,-0.01865176919350786,0.0006753149678522252,0.008050679229051783,0.008014244295923012,0.05254614519715872,0.00902813299442351,-0.007733341627570334,-0.0019459851637491088
2026-05-18,-0.005543133235402897,0.014466798991129126,0.01169747672888577,0.030734258674256942,0.011292517733771712,-0.00411460420736931,-0.000724308536144358,-0.016218346759232394,0.012360944949377783,0.0014983680439768499,-0.00792177065602917,0.005303315207532133,0.021000848686875795,0.0027207098221999626,0.0022619483714945154,-0.012615728370585444,-0.015505655532170648,-0.007182207625347159,-0.0003741258009706261,-0.024709289339017615,0.014694974161010954,0.008480452056328636,-0.009535862939715756,0.011421030349836547,-0.0032275261184667725,0.0002727692071817778
2026-05-19,0.0003231994435639596,-0.0018823413315532944,0.0026598931042458585,-0.008190750865521235,0.007415202950597166,0.003004761052700866,-0.01014831308347064,0.017256682163541592,0.028606409901633878,-0.008066086243387116,-0.009449102665107123,-0.008232735553478587,0.04761492564390868,0.003124965468292995,0.0004836526417846265,0.0027888957149009297,-0.004609704394341385,-0.0023553572620435004,-0.009881095096107906,0.010006347812019145,-0.012330793480193059,0.019227567093740072,0.022794913048611587,0.015611183019252683,-0.002388097250499599,-0.0013509212410769411
2026-05-20,0.00928688539064959,0.012687139443746664,-0.0004872666025887984,-0.08824343326587425,0.010218109642223805,-0.009960962477792434,0.0055477888918964435,0.002331791057220256,-0.008139791660480289,-0.003869072903534665,-0.010569186687764076,-0.0028207309038392747,-0.0026736616713510797,0.0030705335920893084,-0.00886237555753544,0.009669126584206378,0.0036277044860506535,0.006070785136488288,0.027973085446836077,0.0022133607168131064,-0.0010625186327639646,0.00012883557127674194,0.00013843420941883622,0.00999127724299842,0.002865628562288336,0.0017359640951817301
2026-05-21,0.0028004573005038225,-0.011173862274342694,-0.01673699929621919,-0.019438261964021764,0.007971888975651265,-0.002572122202475602,0.0018758414508805998,0.010178013761017679,-0.0013677828371979617,-0.0004608213615903134,-0.01371473695420522,0.0044451298224843505,-0.010471636857328326,-0.00038839943484580974,0.0016257026763191185,-0.00743068617377185,0.0005382821305353058,-0.008213147132790088,-0.007428072844503308,0.0,0.005850165922960837,-8.595058568272584e-05,0.00027683009608225895,0.013291438387990961,-0.002292676235127633,-0.00018178203854768427
2026-05-22,0.02561232822847792,0.007875868162566135,0.009805493636638962,0.0025947068392238037,-0.0021260245013129397,-0.008570321713624596,-0.0041411087484714,-0.0023029978519429894,-0.0035952024557751594,0.010077033756975995,0.011289693689472413,0.01729968906201962,-0.00567221394352746,-0.003671468825434232,-0.02061339182022126,-0.005711459411023467,-0.0017678089101450523,-0.01977355410791759,0.0036307001155833074,-0.0017877927893404921,-0.024692049087327916,-0.0042540644009113615,0.00553481418302848,0.016871975867750022,0.011526198703759594,0.002731024474358801
2026-05-25,0.020071504318333933,0.023442763196399596,0.02765807562716205,0.0,0.009544937195212766,0.018512841717491568,0.0,0.019851173884250173,0.0014604112543519232,0.026147593265809732,-0.0032221373257245167,0.021751199545107625,-0.005108460549326788,-0.004724765493084315,0.007457668752199664,0.018725855881455145,0.014090958562352762,-0.017413751010237122,0.009228523034322533,0.021491743696329557,-0.002168535186760856,0.009578876866111585,0.027246428359713137,0.018364355971014268,0.022907942307400564,0.01317064277657587
2026-05-26,-0.009075500471812714,-0.0037070091878262934,-0.012421725272944828,-0.02805382119336841,-0.004220925095561157,-0.002628782525197937,-0.004556535646151327,-0.0040175379394808974,-0.0032598437708103445,-0.01010353495589067,0.005872939219357054,-0.00983137247465371,-0.0006847677595628321,-0.0048756805476360965,-0.007567072836789035,-0.010098771381904958,0.0028853387717258094,0.008948895187679717,-0.00782727074955647,-0.0011344632978903535,0.00010871891810904089,-0.013863695533430809,0.033087706102060244,-0.015035739867486408,-0.003630615914717805,-0.004910181295375682
2026-05-27,0.0036941746185288338,0.004664911701848462,0.0010213052730314587,-0.05549045817809506,0.006951667973843945,-0.0067022794355316995,-0.011754489265765167,0.01613455651781126,0.0028401335924124194,-0.025998210590779114,-0.004978691375049582,-0.005003470863179094,-0.0066796722140674,0.0068470301302165915,-0.005789142601012265,0.0046020589378583665,0.011811051259436711,-0.04678265115489133,-0.004276436694568342,-0.0007227797697793026,0.0019013436862385102,0.0035147038427931765,0.03980811704113574,-0.010553156095216232,-0.004338978013131545,-0.00027385257567613674
2026-05-29,-0.013419167895243445,-0.014095413192979356,-0.024593225254015527,-0.014884976209761924,-0.005556614658690395,-0.01175134162609337,0.025407532321529036,-0.014480589301939295,0.015962997409632473,-0.01858566838678044,-0.020423880384703663,-0.01280738948641702,0.0008620911182357638,0.0014931832247984111,-0.017297544440469936,-0.02434641809073379,-0.01773421826178312,-0.03156356242211922,-0.021695675384946322,-0.003513084750765394,-0.024453758185755126,-0.011076119411967511,-0.017583252495732893,0.013245340875456257,-0.011205272305257696,-0.015033175629577955
2026-06-01,-0.008316507156248654,-0.013848404190099584,-0.02113956245133486,0.054945089494299326,-0.0178631933958463,-0.010049871920419062,-0.018704046636881966,-0.027514626241469164,0.009545522540116869,-0.0024847023765377507,-0.03213371539520693,-0.013291974905118242,0.03583427000602346,-0.010882079364663233,-0.025270129502393268,-0.024757118917118404,-0.013788368556349129,-0.004144710357245396,-0.0009082506285353897,-0.010680266038341046,-0.0015006272907779339,0.0170436861551837,-0.022848458799640148,0.010575326952221076,-0.01099016329215885,-0.007013425513053284
2026-06-02,-0.019437256453824103,-0.009949415918620974,-0.00792984776546235,0.017361093864397548,0.02034307076870756,-0.012709220625147233,0.003105984478260826,0.0036752315212675857,0.04049872267115773,0.007472758041013217,0.004509822714294565,-0.0105670686339141,0.05679838726070363,0.005772458642558487,0.012873256506660935,0.009460687174374094,0.005870525391070025,0.002837684580551336,-0.004090889791988239,0.0026727270656921043,-0.0036738188933865823,0.06507358393714768,0.013769842285012768,0.016617320417548598,0.0013337572384146679,0.00431736306319519
2026-06-03,0.003277085215249498,-0.004019746606174879,-0.005895672443022915,0.02410403642645198,-0.017403083922162277,-0.00839874108558225,-0.011672696354244283,-0.00912520382794435,-0.05186971107332117,0.007216830370820881,-0.0014805445444955323,0.012555017646492583,-0.037928963126298454,-0.0030182576602433286,-0.02206531332744921,0.004269090612279314,0.0016894486719376545,0.010186803740358075,-0.001064961136754583,0.014425325292205082,-0.000782178822393842,-0.08386122221554515,0.020374134859073578,-0.027354107455378585,0.008774157421850948,-0.0033193946094914883
2026-06-04,-0.0015136246658531416,-0.01418355235958968,-0.0027372011629585025,-0.031035157589273332,-0.006448265048156876,0.0033245693346135585,0.008812767970283408,-0.006159135696329532,-0.009075429149983938,0.0007297335723297493,-0.005357398805573954,0.00780997491923463,-0.01742181461756276,0.009463242629208946,0.011913313332017061,0.0016605092282921952,0.0015333201655989281,-0.0007470110440009892,-0.007234252850892964,0.009067945470942362,-0.004696678198333637,-0.0003122011517167067,0.003893040428018857,0.001077894208332042,0.002249703945535364,0.00046788683297016576
2026-06-05,0.015159971779261427,-0.0038601646047015103,0.017154655619545656,-0.02687016310618695,-0.00017295421740359807,0.008441812003515903,-0.030988809393572514,0.008263050192507837,-0.011641027351511402,-0.009480276968216628,0.02024631318344472,0.008308744426129167,-0.003163214606722198,-0.0038912376582503905,0.0014271296164234393,0.008089936828246547,-0.0010716884362975687,-0.010465288434755582,-0.005162943225685335,-0.0015828315475810983,0.0011796930804104377,-0.018786335800248022,-0.004753642851825446,-0.029121055297125054,0.0034690828688588304,-0.0021289028843615165
2026-06-08,-0.003301215115246281,-0.016791889772104995,-0.02057578105380964,0.00839410347410463,-0.028388547401825392,-0.0020341125430789475,-0.00027672760265518015,-0.03143481312479468,-0.002944347349686849,-0.011244112901075853,-0.005373529716407477,-0.009428746880817962,-0.00826732718636769,-0.008769117033543883,-0.004453152638547286,-0.02450256859061528,-0.010574719732928783,-0.00037773787919026525,-0.021456197654434517,0.0043469366338722,0.0037032970028951784,-0.02160170492476765,-0.022121588639241296,-0.08373240509374136,-0.00793632589398352,-0.010429338627102713
2026-06-09,0.019162605516292563,0.011047429830840283,0.01813808538993289,-0.033954063525695855,0.02467499736575851,-0.005565943467672585,-0.017504994131142815,0.017949957299425945,-0.004342910637003428,-0.0004062111669768109,0.010757785553269894,0.019836810056854892,-0.006146752535401534,0.007772476189052746,0.001968107958289389,0.008125443647992059,0.01610903240690531,-0.021348928875072337,0.0046702304406802675,0.021131421907478076,-0.0054785504064337465,-0.00018587231222533251,-0.0030849041171394642,-0.0004951042754474111,0.0209151233497491,0.005150698844224255
2026-06-10,0.017099998846791697,-0.01706928463961377,-0.0031571386917677025,0.020748320797886022,-0.02077727658238393,0.0025225477887613756,-0.0356337569688967,-0.025411152181581964,-0.012387703458059507,0.011512144817837466,0.017207359031339742,0.014353007261128425,-0.00865576004272095,-0.003427826870823547,0.013035692487444184,-0.012574823620460807,-0.003582283047047885,-0.027413150978824685,-0.00819406141179535,0.0005485068178647801,0.0041596857563561684,0.0013481386260374428,-0.017534715265591916,-0.01508237787480693,-0.0017066776354528468,-0.0011681556778996294
2026-06-11,0.002130094499244617,-0.011477000739198884,-0.015326332372342155,-0.025769185008116646,-0.0003550949708961415,0.0033813376898017555,-0.004357174829210941,-0.014316179488691239,-0.019344610790901218,-0.003012635723958046,-0.013689758599580881,0.018325185401073085,-0.02680526668413219,0.002980302926658851,-0.0044068395095970825,0.016392790598007467,0.0019123041246389416,0.002778929035301525,0.003336472043979466,-0.002541727179634967,0.004366283875182786,-0.008496096254216212,-0.013385913321682263,-0.008718430932562748,0.0013874555613317963,-0.0022980713363744965
2026-06-12,0.029606030081036794,0.026746118076943493,0.05485044104281411,-0.03226544134756104,0.04271753368535647,-0.0004701977063902296,0.030486749060769203,0.0453647004240425,-0.0005404957498995611,0.03740260424183384,0.013552673935375514,0.018071406826400516,0.0016149729656855794,0.0012086485375768508,0.009560949948252961,0.013995787222337297,0.020461194714357145,-0.025336536027836365,0.02375296912114022,0.016438505052828845,0.007524250552502387,0.012080851356331301,0.037510005194760776,0.015617083402107879,0.029687337171000472,0.019916620139797336
2026-06-15,0.008847577535648687,0.03617307677006876,0.026135210440629164,-0.04865689664300343,0.046674122915247196,0.003214721761285233,0.026809015421115134,0.044223649996345094,0.008741962084823474,0.006343421388081083,-0.005855725698908909,-0.009844923925420912,0.016571121099455022,-0.006785740122191242,0.009821072371188011,0.030037237954012364,0.03284451704097213,-0.010357445505142948,0.010827532869296164,0.0036375668122374805,-0.0009404217436068674,0.00027757530025041,0.01641026757754349,0.0068835336300803185,0.006758802190972801,0.009778646829145199
2026-06-16,-0.0019002763811108991,0.021197642176344678,0.018412418199361902,-0.05820429657265869,0.024167890726554564,-0.0020320457405671455,0.0006700328890365537,0.016023144209825757,0.03546852139117562,0.009712599233722363,0.020314300479658876,0.005046742733137322,0.007665830456182077,-0.0038754892491330573,0.013025356302537316,0.0011485535836217586,-0.008257858094165682,0.018674340922375965,0.0166794558746175,-0.005436634104617921,-0.002934654931028735,0.01711383174475789,-0.0070635283626337975,0.007112155977841539,0.0017194006676140017,0.005669932287180934
2026-06-17,-0.010836829710054174,-0.012700799551359276,-0.0013025022838906164,0.009730412019390844,-0.009137147463876838,-0.006186861119211073,0.006465169048318842,-0.00345499618997569,0.006730062802073666,0.002802798830629616,-0.001045396672824661,0.001873661225739287,0.012329464748994212,0.0015505737485246307,-0.003085869759365756,-0.0015934880524168804,-0.004455488165323485,-0.01289281622718752,0.002934905328449755,0.011031234454535577,0.010940220318736538,0.01091405793354494,-0.0829522106963152,0.009853854445171395,0.005024723770748363,0.004024687267071059
2026-06-18,0.006810245391477343,0.004023601844401314,0.0004694841697270302,-0.00247431226905781,0.027503850759135418,-0.0011820752055781147,-0.030925189315546997,0.01224621349665922,-0.004285218458843221,0.015118840210480489,0.00951032765650961,0.004114272138304509,-0.02608616433066724,-0.0003130115936503808,0.0013757313722593256,0.0011491456925070143,-0.010711704776159126,0.0012245022520727122,-0.003451621335989863,0.015781735189356993,0.002417079340389039,-0.008861877462246093,0.010250629480702322,-0.008836170925669795,0.006577227854478673,0.0034169978003351087
2026-06-19,-0.0016174821727111821,-0.001298151239550016,0.003076569938023521,0.0,-0.025284865898960285,0.003629217380584304,0.0,-0.007899606872910692,-0.025908151353499442,-0.00788805624304234,-0.010772968373665037,0.0031288878389361674,-0.06749443510947895,-0.005471334908559555,0.004636806222965584,-0.019671545224984377,-0.006600428782814527,0.0038727963164424395,-0.014004951380058195,-0.007288746467664087,0.007398009093014579,-0.03553761041857817,-0.005944957646258908,-0.011157312929691687,-0.004796972895192653,-0.006409317718677587
2026-06-22,0.0005154136016471966,0.007234007617572313,0.006758203722241118,-0.023237582438049742,0.004963908250429139,0.014621491664279063,-0.009990339797088299,0.0016704183975648768,-0.0010603458965779966,0.008463755737895706,-0.004420036028260688,0.004381754698531193,0.013315578918501547,-0.00010173615415820514,-0.004273504273504258,-0.0037076274586199665,0.0019410764019749394,-0.0032487433573921143,0.012982054219167649,0.005458433530407758,0.013381967190521982,0.0013176169639199653,0.0055632823365785455,-0.0034292456248607994,0.004331252735727542,0.0037396580495980825
2026-06-23,0.00360666604682236,-0.00965090673868163,-0.006093152457238515,-0.02151831885750377,-0.024298921300733523,0.00821259864103041,-0.012434539614603501,-0.005114246514946186,-0.018575804451024247,-0.014941505131252697,-0.0012944679892333832,-0.010425859035861351,-0.03388396354298129,0.003925571056305754,-0.0042918454935622075,-0.00851989718204127,0.0022352627657433732,-0.004481527229183602,-0.012815680361854542,-0.015902040670790263,0.0027376018872891095,-0.03205189512667539,-0.019225483283627276,-0.03157943694609455,-0.012977366976830607,-0.011567105067506356
2026-06-24,0.015401591802446823,0.008781818057221003,0.029665398451022007,-0.03920233277520613,0.009471815822282403,0.020825309220970034,-0.033802236571496835,0.01726545582647021,0.0039656914340842064,0.02394628181545566,-0.0010647880765435325,0.02637673960834097,0.026522807211457833,0.005101349862562943,0.0012069175983298042,0.0089552915276232,-0.015091808470977353,-0.017802357253360435,0.0031309473737590743,0.010154291066078347,0.0034261404716282584,0.02398523787326501,-0.013679243415372855,-5.740187441438671e-05,0.016903430826065158,0.008292056551520766
2026-06-25,-0.005272704234787318,-0.008930093279408635,-0.010646340941949606,0.02246235304683375,0.005176664757418736,0.0166365258215615,0.010074418133964924,0.016478099202229313,-0.011850301953425513,0.003908189029538711,0.007600288243879039,0.01011940715833548,-0.014575075496781498,-0.007805998724903396,-0.0012054627041779842,0.03840756673076129,0.03751512445440852,-0.028749974568685,0.00342570042907675,0.010438864375584833,-0.006188594710774931,-0.006780534579050257,0.010008578432441961,0.0029803808766661888,0.0004591411407255386,0.0014299437722400388
2026-06-29,-0.01481257353640375,-0.0030034733112525025,0.0016829593475871096,-0.016268050594174133,-0.010621972154087223,0.018659803023183263,-0.002034474921690843,-0.011077478453904055,0.0015445100320330418,0.0032651471316733627,-0.010532565016114104,7.204088728474112e-05,-0.004321936430111473,-0.0008513126476801247,0.0024138351966593863,-0.02803090573923195,-0.024227030618235612,0.004075490876737087,-0.01297320074551711,-0.008896162818953002,0.006441912701494967,0.0015276973068651944,-0.02307481351185603,0.002742762624525996,-0.007729838702908887,-0.004562271366810755
2026-06-30,-0.00818109222470298,0.012743145819505086,0.02940424421491694,-0.017667844522968212,0.008621339640247694,-0.013520389301773572,0.00014913196637333925,0.019944222744412654,-0.027757524558721602,-0.0011891503041673301,-0.015386090691663634,-0.008936329935560927,-0.03501488228756988,0.004559106720063655,-0.012899896259135013,-0.007824112876904321,0.05241580901660914,0.0036316634635489287,-0.005457321741689114,-0.008879404872751073,-0.006560750938621074,-0.03165066334040867,0.02072170603394574,-0.029006108669195174,-0.0031952466206647268,-0.0033616954637991636
2026-07-01,0.017091403832733887,0.009774196658419498,0.01010203972536683,-0.01323738372583183,0.04620601586614326,-0.01267404131595895,0.011285427822333993,0.04982326747484778,-0.03508130343683613,-0.0022557651048719096,0.030119936879815512,0.0033450426385743803,-0.01509399865312655,0.0013450973006299272,0.011674422176084498,0.019942640890573626,0.019837045923827956,0.00038319114098972484,0.010897268196839782,0.019962994948507395,0.0019865660532392138,-0.02407086139105219,-0.012492970646111323,-0.0015259152434557999,0.008518033624642207,0.0058703208311072785
2026-07-02,-0.004456722477449326,0.03232085913163152,0.0034486155441968425,0.001603975027917759,0.014644665973992499,0.0043285725117263585,0.010913685311181531,0.004643767603555338,0.04244828815392454,-0.0003140111691687375,0.013107285818629633,0.014639802598416685,0.05642955172021824,0.005262480174569983,-0.001377863979689975,0.01450472502107436,-0.0032650598917507434,0.004127840325240273,-0.0034403669724770714,0.004009882636984319,0.0025720837977674105,0.04312527526027221,-0.0053190789271641,0.022747361603230765,-2.4164570552875908e-05,0.007075342557701703
2026-07-03,-0.015044804841248482,0.021501333978515946,0.01276512145360531,0.0,0.026891516770144896,0.021104287332406768,0.0,0.01407021017869825,0.056488274574665986,0.0064706159328209445,-0.004252305287754776,0.00814285089995792,0.006052384100345032,0.001148596940662383,0.00017253643187298273,-0.0017502546368772798,0.0012545490205972953,0.007967407910371982,0.0003835826620637306,-0.011030787233970885,0.018065217708421732,0.012281675910466694,-0.005347611036962463,0.011953965856227322,-0.001605131682590799,0.003935786500487426
2026-07-06,-0.0018627326936713207,-0.013135695681978254,-0.002230025958581572,-0.0020381334207676405,-0.003846703515897998,-0.004512014501383943,0.010309504785220192,0.025045103673937197,-0.004214200113442534,0.03595279724342504,0.0003634603152244953,0.010981961669627172,-0.0047746373502067785,-0.003269246496745426,-0.00586312169498171,0.020497960033752705,0.006264816836980103,0.02547930395182374,0.013266908610525263,-0.0022115854116586675,0.004199935836366242,-0.017148252342576664,0.008573035853320254,-0.00999537569255049,0.006092667224729675,0.006571669412775316
2026-07-07,0.0010450915987221254,0.007804617542810144,0.013021110418774295,0.027571105842568944,-0.0329720309214675,-0.009722932306417631,-0.002358617780177652,-0.0016126145490391597,0.029977057813852515,-0.0006627556897623732,0.003088123900147677,-0.008550014006021511,0.02840155348593809,0.004082373757551716,0.0017346053772766545,-0.001499452986798877,0.00567237882508409,0.001148006503910226,-0.009763130203093273,0.00038549140684729366,-0.0023063341552828076,0.018711109987005425,-0.01368678912858401,-0.007572307475470219,-0.001557701916231391,-0.0012955357222089736
2026-07-08,-0.023489920657782326,-0.016124767213027247,-0.030791343487709955,0.04372507232977707,-0.02626319711607139,-0.004134051887765167,-0.017948014823829794,-0.031129172995003396,-0.01934598519187858,-0.022910889038555315,-0.03304961897240544,-0.024104063786509533,-0.0023325246184989767,-0.00010565845728116585,-0.02805196918966446,-0.029376769244329637,-0.04037699178004528,0.011548887741851699,-0.024839498160781792,-0.020421878114301295,-0.007985748159726302,-0.018415158181329327,-0.02994449420255152,-0.0016185082479869273,-0.025052923346670974,-0.02117524515827318
2026-07-09,-0.009087468352222072,0.021618402640651402,-0.006532102594634326,-0.01958643740155175,0.040378571897165205,-0.05893254829452943,0.01466511010946947,0.02546099570722804,0.004189921282354403,0.008947303602641066,0.004073392158900235,7.240093999949515e-05,-0.017301037272255515,0.0028077472114473867,0.00498839810059204,-0.005511715602336875,-0.015984485615122446,-0.013562777747026744,0.0030566849591946443,0.005113532350312866,0.02674504888566398,-0.003888235901543191,-0.0016563403499103568,0.00023151370648699654,0.008985271069892997,0.0033812004144717633
2026-07-10,0.02090079908700515,0.011081794195250572,0.0166367925982438,-0.009295201885755944,0.03964521696046863,-0.013634523322929026,-0.006415532700693172,0.0507906605302042,0.011908881236630142,0.009051464160667821,0.002844531432151909,0.014847537512027387,0.01636843392903975,-0.004919617490070416,-0.0010635979647301008,0.014260712190525604,0.009178315146415095,0.005376617484913027,0.02187841766816523,0.0135994763194216,-0.0016505654575070805,0.009514461356034731,0.01945705039828427,0.015628694730186465,0.013858782105869327,0.01018660596494203
2026-07-13,-0.0032484149855908084,-0.004123186019865721,0.002057790873040366,0.09424443890779477,-0.004958084963452625,-0.0078759531009861,-0.026095878538004547,0.013877240722551809,0.04905077706068228,-0.008485362623697035,-0.009299729885531183,0.005923567304255917,0.03239698088570919,-0.0006835168308618744,-0.007453437811945407,0.009906052587520975,-0.011476823398232416,0.014247183779887651,-0.008334626095043873,0.0009652509652509078,-0.007284926678345349,0.05437418749512801,0.012723739126053069,0.01692684110611009,0.0014738471374013962,0.0001693570555851842
2026-07-14,-0.0013642934627990932,-0.020386785237559102,-0.01564639192449835,0.015357012511074464,-0.015974182780314483,0.009477481710712832,0.01603705220321494,-0.02552487981542295,-0.044628236706409585,-0.010452946592541479,-0.004881322635728602,-0.0012771074193801413,-0.00879734390227993,0.010216625989900363,-0.014661205767926067,-0.021231443990953114,-0.015042018864554363,0.0018112173627273798,-0.0030071897144303694,-0.02082929178971804,0.011033595764806892,0.008755444513198984,-0.0260043649276388,-0.007229655964695381,-0.011510953992940665,-0.006565165369047166
2026-07-15,-0.004022409574996888,-0.01048575652575301,0.014603628614707986,0.003277062619503779,-0.02040363631276232,-0.013400699587711506,-0.004210705780465451,-0.0014235679952486757,0.001114256650659895,0.007474657289945563,-0.00830103477075228,0.00603822964528522,-0.015188924160594919,0.001312619487946698,0.003992038295215217,-0.003362152497400017,0.006968647994247679,-0.006910410859304772,0.0019334880123742515,0.014477004942320848,0.00458150135175317,0.0002740809142187661,-0.0010499657930317374,-0.01405667906143604,0.005143385789147414,0.0010996658451518648
2026-07-16,-0.0035815538118623147,-0.0059472319124114215,0.01596003915381705,-0.008165848471595516,-0.01467120876403294,-0.004148007796614506,-0.01444112323040303,-0.006700156373897537,0.01660962219731954,-0.008768194625089043,-0.001997619669656614,0.0014122274191163964,0.0056675418649094755,0.0007601282319791292,0.009759668413517275,0.01132055778322294,0.014724314507941871,-0.001739593367272474,0.0008490741689983761,0.0010678338142002808,-0.0007174093846080698,0.0053901192633447614,-0.0036036402613550678,0.017692565040191344,-0.0030403063436316158,-0.00023880225097083763
2026-07-17,0.015983500156228736,0.008375951603694975,0.018022430302802928,0.04483851871264899,0.030396567726178603,-0.010780850195183933,0.006799441201228662,0.0056450873715170324,0.024247064325362055,0.013979943045431487,0.02163560264831621,0.018403721001933215,0.013026584689491472,0.001591759944289839,0.0048326689601552175,0.019693341902033756,0.0014510368802105322,0.0021884226388362293,0.023600166714571547,0.012703741540486702,-0.008973898886769582,0.030895047705588263,0.011452737945602198,-0.009789579396705883,0.01630968636168273,0.010865014643113069
2026-07-20,-0.05457282649604822,0.004045307443365731,0.007289549196194178,0.00897085116169083,0.0011979004905986468,0.009824987527904838,-0.0005980766997166764,0.007896804015225856,0.014453047646154182,-0.051244511043297525,-0.0019125373462377526,0.011008717191209216,-0.008572753683595558,-0.003801270200168072,0.007125044221675703,-0.004309244898807019,-0.020937445421993273,0.009260417352481287,-0.0030891920861791933,0.015033946603270731,0.012315041461650411,-0.007888894818752767,0.0025327952564262457,0.0021590493869174665,-0.009849361992188,-0.003936861885253551
2026-07-21,0.0017515534807921451,0.02100455309478222,0.004887172154017794,0.020185032289030014,0.007553161635107886,-0.013980848603766471,0.015160972517727744,0.021522618844851626,0.014902112866808093,-0.020768986478860052,0.0013086175127459132,0.001986013099357198,-0.012510326456963816,0.0021270592217690343,-0.006013484731604013,0.011435776708853318,0.006141785490549001,0.0012420769144940724,-0.014662553678508772,-0.014716958099941002,0.002811286000493407,-0.013326817421950632,-0.00787642834868385,-0.007994074574438126,-0.0018922847096384254,-0.002095871495760848
2026-07-22,-0.015736709208557076,-0.012732795687011467,-0.008323889590525546,0.022612155059912098,-0.03288059059304249,-0.019237107107690665,0.01861899802737299,-0.038441894248320896,-0.0017748698441911737,-0.010900239884311769,0.005647653515169271,-0.01530998154560248,-0.019934815476537082,-0.0015411456473960472,-0.0007117872136342962,-0.008245589139009524,-0.0038244059472091196,0.00804351719454699,-0.011582400975289064,-0.01857528146358145,-0.009633530852168226,-0.005762932000062393,-0.018274343346354027,-0.0030291021193394885,-0.012251170989845184,-0.0079151479856997
2026-07-23,-0.012435419985839302,0.006928160216827628,-0.01933414982170112,0.06172982261108917,-0.0142747592826441,-0.013949948697032588,-0.02418669537473339,-0.01926871535571384,0.005980685405095221,-0.007833797016275179,0.003341664738485406,-0.004234015551011994,-0.004467209657768034,0.0022441329678479782,0.0017806268580347062,0.017132208455017395,-0.010483560242167123,0.0018658246609415396,-0.01272700971968066,-0.012097584794207195,0.005661348430262558,0.015668094348857187,-0.010375417416568333,0.002178446079544649,-0.009361644165894356,-0.0052779242850445884
2026-07-24,0.003515984323896104,-0.006721749273887134,-0.025966589504959003,-0.031239882921610174,0.004671485165246292,-0.012518303219587357,0.005189541712353307,-0.006026464108592089,0.02112962951702846,-0.005955185288767151,-0.007771324104295374,-0.0011850014681662469,-0.006205842895255054,0.0033120437119922297,0.007643172795460229,-0.02114749043586628,0.0029098030240197748,-0.014304397036879246,0.004559070154642297,0.0023701604502543994,-0.006601854869018764,0.00508277095757248,-0.0015417823583736556,0.013156321964498563,0.0017935397229289496,-0.004279518395644999
2026-07-27,0.00016291955016689563,0.01934248935502869,0.03505140349825231,-0.07501956255061493,0.02150033261860651,-0.0007813687435119787,0.0016963079403320425,0.02469562399310976,0.019590892536634597,-0.0043753366362545565,0.013799579326922995,0.008932934393476977,0.03679500995244189,-0.0031958168663054343,0.00846707988402362,0.024419623488716624,0.021425409811044238,-0.04100336538623761,0.0015649452269170805,0.00551721732604693,0.016794588633229468,0.01832056422550954,0.01189007488776439,0.019472383263986925,0.0069443449204935614,0.009613989195766948
2026-07-28,-0.0032586558044807035,0.007788826144308647,9.536924666675439e-05,-0.04055197251386189,0.018666404859707386,-0.013208266073385988,-0.00937537149880352,0.03277264463838847,0.01751674569351036,-0.0056114710937809065,-0.06985199101576911,-0.010306394707499389,0.0245552272043974,-0.008213936197453031,-0.004198048561862455,0.010066032400609437,0.0052439258134715505,0.0014671617500736645,-0.009609413146972612,-0.007250601171784221,0.0015199878777008013,0.04460702996497412,-0.009919121198051273,0.014507345295467378,-0.005808616656413079,-0.0004417249460887396
2026-07-29,0.009726215295514873,-0.0018154468362869824,0.005723006352802429,0.06560682321588307,0.010858928194836803,0.005900029399640072,-0.00039642683568941184,0.009079800363685608,0.019490424479014168,0.017405476431915146,0.04701641368071052,0.004962262730547895,0.045129806111663395,-0.0018313905113259699,0.005620959556730254,-0.015101462179361147,0.010578216469452117,-0.0025114314776212288,0.006468465376690435,0.0004934859790524104,0.006677833544925127,0.020266929798269384,0.016646097404698246,0.013747822218927341,0.007933963566646884,0.011042140877174367
2026-07-30,-0.005261453676174921,-0.0077946371906574274,-0.0008535891438001819,-0.010300766706282993,-0.02297653773079078,0.0021885668328254226,0.01620942009959858,-0.020918412642045414,0.006248532350402458,0.007685110807521545,-0.004674731445895142,-0.002781829535335012,-0.00043267567546156904,0.0013587848922849144,-0.004192182382641962,0.019212831772805083,0.017206742279892717,0.013763580264778641,0.01332392795258941,0.011443263767786815,0.005628398931837086,-0.006049230866255084,0.013341493562530449,0.014814014550739829,-0.0010208464353339552,0.0027608503860552247
2026-07-31,0.0004882216405062145,0.0626898238406628,0.08324627543604657,0.0129202282374683,0.0067954682338493555,0.002882535479615367,-0.012438720710539086,-0.0024633812176984016,-0.004287666864176254,-0.007692801510793101,-0.003131008976416161,0.0010460746745364347,-0.0216431482368602,-0.00045754721379565044,-0.014207991462572012,0.03496057816949927,0.0032422018496596205,0.003890899688129057,0.011524498517056836,0.0020481571110209096,-0.00529707446667349,-0.027222612814641778,0.01660678512941116,-0.014383126218182718,0.002053485498053176,0.0027326071386892803
2026-08-03,0.03456689711264738,0.03297029481987157,0.010340036218900783,-0.0511397416404199,0.01403003211173215,0.027785058002272045,-0.0038033504020532627,-0.007598423503356044,0.0223475945061562,0.006482624377023738,0.017465354932220345,0.02571306376154081,0.04415540703661214,-0.0029534513863385126,0.021352313167259718,0.008856877344784353,-0.005901381832938202,-0.002185291642124554,0.008563962955889792,0.017130596814979526,-0.013564431047475511,0.04569658820302136,0.028108867676140514,0.027280206545766905,0.01716755792472502,0.01602311299947612
2026-08-04,-0.00801882953763755,0.004293893129770909,-0.003469210754553309,-0.056883244997969706,-0.03761867300593613,-0.006271207130561396,0.015296118183988794,-0.026845947694298267,-0.0051561187987926305,-0.014608233731739695,-0.01941066417212345,-0.0036986468589469412,-0.010593220338983023,-0.0007400502072963944,0.006968641114982521,0.0012832941195906056,0.0012721038411485086,0.0,-0.021303999686078434,-0.0022010036632774677,0.0002546473134708016,-0.005538242892144218,-0.002147151520785373,-0.012509278938520052,-0.005849991365709961,-0.006434102501316152
2026-08-05,-0.006260916237401881,-0.009026128266033218,0.008529198283833805,-0.0072587494619298365,0.008859109349686367,0.0028995603657278046,0.03672410654150715,0.03215972914988807,-0.014526625344483901,-0.009433962264150941,-0.005342213771464377,-0.003093634040649107,0.005567451820128522,-0.0024587639051250054,-0.007093383366673867,0.006524876884284936,0.0015527950310558758,-0.007438029139495095,-0.00844374018740146,0.011796345453264134,-0.012219959266802416,-0.019105691056910623,0.003586286167774899,0.0037037167477371735,-0.002888241915624312,0.00039610154196334513
2026-08-06,0.0016747551998164134,0.0,-0.012081463073942755,0.027519272284384,-0.010938184952985708,-0.004251700680272141,-0.0008949561595685829,-0.00814678306634109,-0.011111111111111072,-0.0009523975605867374,-0.002781397732851132,0.005103113260223502,-0.0076660988074956915,-0.0002092328822952405,-0.003659237727403508,-0.014296435648517236,-0.007751937984496138,-0.009991648322133506,0.03515625,0.028436018957346043,0.005670103092783485,-0.016576875259013635,-0.012721503272569823,-0.004652710574995944,0.005606156969824472,0.0004609043862535689
2026-08-07,-0.014331210191082855,-0.036960678612625864,-0.058350843797137286,0.011515065068004704,0.0,0.000853970964987294,0.02326737277522395,-0.005715885922446762,0.016179756993211614,-0.0044940594414106805,0.007934599663380615,-0.025042881646655246,0.008669506940718774,0.002467426503606429,0.0006995880073494831,0.028185554903112253,0.006958393113343009,0.004415487965865328,0.00739626326650944,0.011244194628456272,-0.003075345976422339,0.03358615725742742,0.0047777439331788685,0.00757577745057203,-0.005462957070144103,-0.0026526063230638552
2026-08-10,0.007512155757774641,0.006172544309505534,0.022448934296730005,0.05052439156847499,0.028037383177569986,-0.011262756972589605,0.004860876915154133,0.0185506774607489,0.00044226418747972396,0.0,-0.004198496578303956,0.007600315853712125,0.006722853015228125,-0.001065980741905781,-0.012058763136771788,0.004283266704740107,0.004274417610600656,0.004144819799359878,-0.005618819093230143,-0.023878921197446168,-0.00030847073827122706,-0.011008276812293993,0.0002882020274226349,-0.010824928238206688,-0.0010303663827815335,0.0005352072662276885
2026-08-11,-0.01403030491054802,0.005293598631276097,-0.008074671328271665,0.01302812286140309,-0.015000036991003829,0.039868786007211776,0.004860423738319408,-0.03343762151161078,0.006041905052462715,-0.002735978112175075,-0.010684193824173183,-0.0015365785494896311,0.006508834464814095,0.0019577858045143337,-0.012913475943046038,-0.016178533506895132,-0.007590267432787123,-0.0016260815360380487,-0.002561609499724171,-0.00466853408029877,-0.0012343264677677768,0.008245042834064353,0.001440507033154237,-0.004851719118514342,-0.004172507335017173,-0.00455997685213505
2026-08-12,0.00016258835903082414,-0.005659448818897683,0.0008231064699160129,0.0008413425167281829,0.01792035817808224,-0.004149377593360981,0.005909172334873425,-0.011237069600922522,0.0,0.0,-0.00092009416126837,0.0014689253090374166,-0.012261674800245315,-0.0001761059566040002,-0.01021507563984092,-0.01632900737128129,-0.008220157255182325,-0.0016704694156702837,0.003852236189960445,0.015009380863039379,0.001029866117404632,-0.03925256651127662,-0.013233619167848154,-0.0035753176613615434,0.007652397893683327,-0.0014608711753293369
2026-08-13,-0.006666626969004108,0.00222717149220486,-0.0031072038891143405,-0.02425839707578037,0.0034000755572345387,0.004999999999999893,-0.010274627614797693,0.006451612903225712,0.0033689581834535076,-0.005486968449931462,0.014057198254968428,-0.017391844096501408,-0.0009352738787273829,-0.0003732312112162406,0.008509890115719232,0.007227598075509656,0.00216216216216214,0.0035557031327146937,-0.009029345372460473,0.0009242144177448175,-0.006172839506172867,0.010767353004159874,0.019242000301794793,-0.004566686564866362,-0.004329236864200281,-0.0016410088683697088
2026-08-14,-0.003601263904255636,-0.008246889467592555,-0.0034837263091502813,0.014153864933894145,0.001506024096385561,-0.00497512437810943,0.00384998723795138,-0.018737672583826415,-0.007299270072992692,0.0027586206896552667,-0.0071701720841300665,0.007250462622866438,-0.004936211768617027,0.000596784756110802,-0.0010771554505161207,2.9198313306055823e-05,-0.005106076950737171,-0.014589412626288878,-0.005315110098709219,-0.014127468908702645,-0.0010351966873706209,-0.005894736842105286,-0.04319223638412795,0.0049153133068471355,-0.002501046451607314,-0.001223552770366676
2026-08-17,0.008132104662004869,-0.0016432050728927283,0.0021159602834637248,0.025485417903318375,0.009022556390977376,-0.00666666666666671,0.008538010952775954,0.032160804020100464,-0.02573529411764708,0.0027510316368637433,-0.010592200288878195,-0.0011996832546753433,-0.025059808400133443,0.0005146977558183607,-0.018511948914761156,-0.011055084428018502,-0.005349139800491565,0.008840996830121961,0.004580152671755711,-0.006087852671404326,-0.024870466321243567,-0.020245679300349373,-0.012854970980474612,-0.011413076649541276,0.00011652618523427805,-0.003215530221415075
2026-08-18,0.012792268025138442,0.0030922449735037993,0.004590103530591971,0.005207129484097628,-0.007824143070044753,-0.011073784540163611,-0.011725249440352137,-0.027555976429375573,-0.02037735849056599,-0.008230452674897082,-0.009732360097323589,-0.002331695551665902,-0.02184404235525983,0.002554180519295901,-0.011170071156645922,0.009172988010868854,-0.005014534883720945,0.004234955275158825,0.004559270516717229,-0.007727055738006583,-0.0036663254059844386,-0.014352391437262413,-0.022410733314639497,-0.02111048085068057,-0.0040941103929450495,-0.00546574073098649
2026-08-19,-0.006436041834271933,0.0003977967619075429,-0.01288503794854956,0.010477976972774083,0.006233607831862553,-0.007465259979309802,0.028263834709974844,0.004956455538728033,0.02064718707867863,-0.004149377593360981,-0.00702705102119161,-0.007082152974504208,0.004304976527466309,0.0012780223134885027,-0.010925971137152768,-0.0018997515709484603,-7.304068366076333e-05,-0.006263048016701411,-0.008320726172465931,-0.004178560697115419,0.01327930496414309,0.003947368421052699,-0.004646840324424195,0.008367996819014678,-0.0003955202387255774,-0.003171182995427735
2026-08-20,0.012955465587044523,0.001988071570576455,0.013701212272847263,0.023301875303891384,0.009329750369044376,0.008547008547008517,0.005991870390006149,0.006326882311037396,-0.004830936124831653,0.007013871934678839,0.003612633743021343,0.007061358355251457,0.00910872542160468,-0.003343857919441362,0.017225262362048133,0.0028697068310761242,0.008692476260043769,0.0021008403361344463,0.0016780710693173884,-0.0005721682242098014,0.002105263157894832,0.003931847968545288,-0.0032679359877390013,0.008075727783887654,0.00447500971789716,0.006377062464663963
2026-08-21,-0.004156635628996819,0.008184523809523725,0.0,-0.00876698458850178,0.00288390313017417,-0.004491566803495717,0.023869162285653278,0.007425742574257432,-0.012060091110153714,0.002620542646785129,-0.0064102564102563875,0.005736932818100282,-0.007964601769911539,0.0028922607697206004,-0.008282716917186406,-0.0036790754136322157,-0.01766963574480407,-0.008805057037801212,0.0021322334238791374,0.0006678923395753156,-0.0008403233119419484,0.0017406440382941035,-0.00733803623267959,-0.0011602580876640678,0.0046273001810590575,0.000831566345525836
2026-08-24,-0.00786647009473429,-0.015153775561193128,-0.016438356164383605,-0.023546927174947108,0.016074361903116063,0.013024644133901475,0.0036114501586403946,0.002407874404944721,0.01497120921305184,0.00281998453613741,0.007444168734491274,-0.0035211267605633756,0.00802854594112401,-0.0007507336461708425,0.0011136537392133494,0.0005568684460364182,0.004054552156284474,0.000634556510771711,-0.004711209097169489,-0.008772720129904155,0.003994940858076612,-0.007775804667137232,-0.011009751705562065,0.0028762890191489365,-0.004085734695452259,-0.0013586186190829297
2026-08-25,-0.0008090614886731018,0.0011490477515265773,0.009656475779073803,-0.031172820365681475,-0.008780824082683214,0.002941176470588225,-0.0005817331375774781,0.004460990968687906,-0.004689826907620986,-0.002057613168724326,-0.0028571669104063835,0.005441661605565473,0.012389380530973382,0.00023820855685308118,0.006303231785351748,0.008464866734162024,0.004258443465491979,-0.010779974715112828,0.0054969849621830935,0.008177008177008283,0.006282722513089034,0.0052974269945702535,-0.00047707983268518994,-0.00672881383889945,-0.0002042556474004531,0.004768973030496282
2026-08-26,0.0161943319838056,0.0029940119760478723,-0.002207121905625997,-0.001578402773853682,-0.015301284164650375,-0.009635525764558062,-0.008602639335859141,-0.006783808889244902,-0.013147931438011962,-0.0004123543545961894,-0.0015808473713392335,0.005131123271714388,-0.020979020979020935,-0.022742702455753383,-0.004237265741881324,-0.013011922401430454,-0.01155139640298286,-0.007649543957832572,-0.014426727410782103,0.003816793893129722,-0.011706555671175845,-0.011410134887644974,-0.0036594873396479377,-0.01521456099779217,0.00468668233082381,-0.00521073030646213
2026-08-27,0.0007968127490038945,0.0004975124378110429,-0.0018433179723502668,0.015809259020949096,0.005427545597118888,-0.004230118443316444,0.0025009785375860183,0.016854172851108906,-0.012706969580284944,-0.022277244135165297,-0.005937654626422595,0.009090909090909038,-0.008214242117745574,0.020141952622541703,-0.0046253469010175685,-0.02006943445112941,-0.00591715976331364,-0.0009043827044282748,-0.012172610807492323,-0.008650166906784662,0.007265095460976534,-0.009515461522577096,0.00926219686985763,-0.005356708059410797,-0.00473836989205445,-0.00482904816122931
2026-08-31,0.035031847133758065,0.004972650422675251,-0.024007386888273308,0.026697035670091518,0.022036475398811373,-0.01920133864565632,-0.03874440637980414,-0.026432760101091746,0.023556904190230155,-0.002812939521800284,-0.020706807160745355,0.007623007623007716,0.020705796713156976,-0.0005238946486476603,-0.05018587360594795,-0.014414414414414378,0.007961309523809579,-0.0008620558113887622,-0.004055491631490438,0.016396562648030244,0.03736998807050318,0.06711446052238101,-0.02262656296355814,0.04591840353616394,0.008954972261253413,-0.0004337422265893176
2026-09-01,-0.03230769230769226,-0.024245423057892124,-0.0029328056631385824,0.04559230335027031,-0.023008412791796107,0.014379742926948769,-0.008982034278530837,-0.018216087785443147,0.029873551822021893,0.004090302417577574,0.01392702250383615,-0.011004126547455306,0.019580128960851928,-0.004616256989956824,0.04344425089438597,-0.007007921998781197,-0.04406879751974602,0.02006037029881358,0.025058731401722767,-0.024056603773584873,-0.028113687754628303,-0.01262870345996292,0.003723470531837858,-0.015176168302210358,-0.010604880564913266,-0.0010215614763854353
