Date,nifty_return,bank_return,oil_return,gold_return,fx_return,mean_market_return,market_dispersion,worst_asset_return,best_asset_return,negative_breadth,severe_loss_breadth,nifty_abs_move,nifty_vol_5d,nifty_vol_20d,bank_vol_20d,system_vol_20d,nifty_5d_return,bank_5d_return,isolation_score,pca_score,svm_score,ml_stress_score,stress_regime,iso_alert,pca_alert,svm_alert,model_agreement,downside_stress,ml_market_risk_score
2021-02-02,0.0256735714819573,0.0356264577456948,0.0225956881738897,-0.016283344815692,0.0029242317979023,0.027017268088820656,0.03346757587543862,-0.0252523916656149,0.1516452164147559,0.11538461538461539,0.038461538461538464,0.0256735714819573,0.0290743007562374,0.01586887364725381,0.02379642082622031,0.024263359398122193,0.028720561808218026,0.09838641065346465,99.56427015250546,98.54756717501816,96.44153957879448,98.32244008714598,CRITICAL,True,True,True,3,5.384615384615385,70.44109267638679
2021-02-03,0.0097011226717231,0.0143152221492668,0.0169832055091585,0.0009286813285305,-0.0027830881562711,0.008768159576928402,0.012904613016456573,-0.0154498352311019,0.0372671558377533,0.23076923076923078,0.0,0.0097011226717231,0.025498959649507796,0.015954237073851477,0.02374981042421268,0.024115223738949945,0.05888313551548241,0.14772877512574545,95.3522149600581,98.0392156862745,91.79375453885258,95.09077705156136,CRITICAL,True,True,False,2,8.076923076923077,68.98662085916988
2021-02-04,0.0071467580293813,0.0168692951047757,0.0096965510656048,-0.023632751834819,-0.0007994948356149,0.011761663412709785,0.024796334325908814,-0.034955687187719,0.0608996041429588,0.34615384615384615,0.07692307692307693,0.0071467580293813,0.022648957335206717,0.01592788260202016,0.023891387277526044,0.024431822235662884,0.07802400578804214,0.16425495820731162,97.96659404502542,97.53086419753086,88.45315904139433,94.98184458968771,HIGH,True,True,False,2,14.807692307692305,70.9295989050891
2021-02-05,0.0019199973566108,0.008762219606099,0.0110261237227835,0.0122980600926572,0.0012037097927419,0.0048229682775935085,0.02668020968059462,-0.0326656621613443,0.1070121407462971,0.38461538461538464,0.11538461538461539,0.0019199973566108,0.018501093213475078,0.01591000171709992,0.023901463148866025,0.02488310862540006,0.09458659788867174,0.16649492368822405,98.54756717501816,96.94989106753813,94.98910675381264,97.00072621641249,CRITICAL,True,True,False,2,17.5,73.15050835148874
2021-02-08,0.0128348027329681,0.0092316076150984,0.0197010162997959,0.0115964436009077,-0.0022058041411174,0.016691347333920192,0.018848674360390557,-0.0144962969020083,0.0726746344441819,0.19230769230769232,0.0,0.0128348027329681,0.008896978984819533,0.01583619730066375,0.023909924863227107,0.02446529152046464,0.05844043903599494,0.08747896720211656,94.91648511256355,73.27523602033406,82.35294117647058,84.65504720406682,ELEVATED,False,False,False,0,6.730769230769231,61.27776381207754
2021-02-09,-0.0004300136336804,0.0020245976125814,0.0067276070628949,0.0018560098088049,0.0019935956303789,-0.004267123885472488,0.012364186254433656,-0.035975799472269,0.0135475210740043,0.5,0.07692307692307693,0.0004300136336804,0.005464530141165789,0.015766250102051148,0.023843341251866292,0.023895246283387215,0.031502930984296906,0.05219470434814322,86.49237472766885,79.66594045025418,80.75526506899055,82.72331154684096,ELEVATED,False,False,False,0,35.192307692307686,68.46401039048096
2021-02-10,-0.0001853034041081,-0.0075824802875988,0.0054832023899509,0.0028877712727117,-0.0010284475432124,0.003661994754382685,0.01178106514609776,-0.0186742884824209,0.028798040150314,0.5,0.0,0.0001853034041081,0.005680958074517378,0.015756211160483778,0.024014446245346373,0.02363649460195374,0.021403033851177478,0.029479234799495657,75.88961510530137,61.94625998547567,70.66085693536675,70.13798111837328,ELEVATED,False,False,False,0,47.5,63.34658678286129
2021-02-11,0.0044219246475027,-0.0008663407408959,-0.0074982723998072,-0.0085298008150178,-0.0006533506289559,0.002593851652191954,0.011800829159119869,-0.011857692452019,0.0412298797652483,0.5769230769230769,0.0,0.0044219246475027,0.005460907583740992,0.015759135281120294,0.024048826621062634,0.023466281579697594,0.018639630145807384,0.01152366380627079,73.71096586782862,87.07334785766159,58.75090777051562,73.2316630355846,ELEVATED,False,False,False,0,35.192307692307686,61.819856432601526
2021-02-12,-0.0006590524229219,0.009979751829896,0.0211194970258921,-0.0018083449964251,-0.0013431837667785,-0.0007761595585086307,0.014593784114685263,-0.0397438196910981,0.0268769272855755,0.5,0.11538461538461539,0.0006590524229219,0.005784721795821649,0.01577180018830636,0.024021334331342244,0.023503969702832597,0.016017542234115778,0.012744528973384295,80.75526506899055,90.92229484386347,59.25925925925925,77.35657225853303,ELEVATED,False,False,False,0,36.53846153846153,65.11113904251158
2021-02-15,0.0099846598415338,0.033159410807559,0.0,0.0,-0.00157751480035,0.010881733174360697,0.018955347930324218,-0.0171432342995104,0.0581023472457653,0.3076923076923077,0.0,0.0099846598415338,0.00462086124554112,0.015551731024735095,0.024546304293887666,0.0232453090360299,0.013158443032787792,0.036755619778180426,89.39724037763254,97.60348583877996,82.86129266521424,89.89832970225127,HIGH,False,True,False,1,10.76923076923077,66.15960002234512
2021-02-16,-8.162092525865194e-05,-0.0055714544345202,0.0097527829906198,-0.013394831324706,0.0006047200957295,-0.00109148271429064,0.014940953948831368,-0.023866531343575,0.0538342691425908,0.6153846153846154,0.07692307692307693,8.162092525865194e-05,0.004565546029011479,0.01524149950577238,0.024250366529196692,0.022791598814359215,0.013511571897042662,0.028896282126466222,85.47567175018156,71.60493827160494,68.2643427741467,76.15105301379812,ELEVATED,False,False,False,0,54.23076923076924,69.57496787888945
2021-02-17,-0.0068273186874309,-0.0050528162340424,0.0181515431546448,-0.0145225775067036,0.0040790261424865,-0.006423185645570704,0.01270572169513488,-0.0262844765515377,0.0233628131075371,0.6923076923076923,0.15384615384615385,0.0068273186874309,0.006263921952775751,0.015079923651969342,0.024264649250784344,0.02263583012724209,0.006778564897560901,0.03151893024385077,87.14596949891067,83.51488743645606,72.25853304284678,81.59041394335512,ELEVATED,False,False,False,0,59.61538461538461,74.99790514496397
2021-02-18,-0.0059143128695843,-0.0087765037342737,-0.0101406434097828,0.0012986555585965,-0.0018879182437674,-0.0026220813099105266,0.020360488815320495,-0.0274690280742063,0.0826403885404583,0.6153846153846154,0.15384615384615385,0.0059143128695843,0.006694757598366411,0.015118398497140592,0.024506783440416142,0.022778385459028806,-0.003581924174345219,0.023352372353053097,89.25199709513436,94.48075526506899,73.05737109658679,85.96223674655047,HIGH,False,False,False,0,56.923076923076934,77.25048879950842
2021-02-19,-0.0090747170630297,-0.0203733375129174,-0.021150012716708,0.0013533463296615,-0.0026361163768926,-0.011538661511036314,0.017455792800129193,-0.0505870086246891,0.0159535327593633,0.6923076923076923,0.3076923076923077,0.0090747170630297,0.0076690379360795195,0.015266313566526163,0.024939141116769658,0.022946138729354002,-0.011972974684004711,-0.007402606576904391,91.72113289760348,88.45315904139433,72.62164124909222,85.01089324618735,HIGH,False,False,False,0,65.0,79.00762527233114
2021-02-22,-0.0204281745915864,-0.0163051125173194,0.037981092779372,0.0174005527053235,-0.0007216912458157,-0.019806771746541624,0.020713581622664148,-0.0516330678329326,0.037981092779372,0.8461538461538461,0.6538461538461539,0.0204281745915864,0.00746589496600267,0.015619564701351113,0.023944114805271303,0.023315023389145647,-0.04172461699221386,-0.054925144150087646,98.40232389251997,99.12854030501089,89.03413217138707,95.80973129992738,CRITICAL,True,True,False,2,82.5,91.81681190994917
2021-02-23,0.0021872625461001,-0.0039778464652973,0.0029272480983124,-0.0012729987380144,-0.001502365960869,0.008524628930130415,0.019516445987101175,-0.0163622878651387,0.0640394331915918,0.3076923076923077,0.0,0.0021872625461001,0.00814124491613172,0.01542636665166343,0.024029444571719658,0.023169453261235685,-0.03955022433875721,-0.05341062726648571,88.88888888888889,76.68845315904139,91.28540305010894,85.94771241830065,HIGH,False,False,False,0,25.769230769230766,67.89416792357969
2021-02-24,0.0186431824578623,0.0380258369591877,0.0251338267841612,-0.0044336066790942,-0.0009248708319203,0.013587455988281046,0.018166329465896833,-0.0132588314422327,0.0505508510988106,0.34615384615384615,0.0,0.0186431824578623,0.014529603939717141,0.015050796133444863,0.023505394154199867,0.022752072398070807,-0.014918921473432656,-0.012425742872887002,93.6092955700799,97.31299927378359,87.00072621641249,92.7378358750908,HIGH,False,True,False,1,12.115384615384613,68.55110049717894
2021-02-25,0.0076992130139501,0.0026526839055043,0.0049034728346737,-0.0122467154870896,0.0003178167768889,0.008952899654680508,0.016813734337162333,-0.020433590928745,0.0479756551367036,0.2692307692307692,0.038461538461538464,0.0076992130139501,0.015092229961249532,0.014685544725569231,0.02350197189717496,0.02238178740989239,-0.001428709378524795,-0.0010386323620460436,77.77777777777779,29.629629629629626,18.010167029774873,45.40305010893246,NORMAL,False,False,False,0,10.769230769230766,35.012904307021955
2021-02-26,-0.0376356932475859,-0.0477550477291831,-0.0319533892381943,-0.0260933544809964,0.0103715504520573,-0.032718417531480935,0.01895487791368065,-0.0676186864603007,0.0103715504520573,0.9615384615384616,0.7692307692307693,0.0376356932475859,0.022753747296073976,0.01706106130858853,0.026778712208898593,0.023464774332926937,-0.03021006286815575,-0.028960770185920803,99.85475671750181,96.87726942628903,96.51416122004358,97.9593318809005,CRITICAL,True,True,True,3,90.57692307692308,95.74460923970727
2021-03-01,0.0159953891187234,0.0141479690824006,-0.013983749761814,-0.0032405391268168,0.0060833111268367,0.012027995375430608,0.01193145116423784,-0.013983749761814,0.0545044984131313,0.11538461538461539,0.0,0.0159953891187234,0.022772985588855824,0.01394854316146439,0.02014610330511436,0.02076409138484749,0.005849779447145265,0.0011005194256694661,88.67102396514161,75.59912854030502,76.32534495279593,81.04575163398692,ELEVATED,False,False,False,0,4.038461538461538,57.9435646053293
2021-03-02,0.0106729853417877,0.0035046650104901,-0.0146767710851983,0.006153831980225,-0.0038928665542512,0.011273447449437778,0.01984100398583183,-0.0303289425465732,0.0531526706624581,0.23076923076923078,0.07692307692307693,0.0106729853417877,0.023161271726584793,0.01296283005947763,0.01867031932841327,0.01993271299444379,0.014366513516193002,0.008621181590096283,84.45896877269426,94.11764705882352,23.74727668845316,69.1430646332607,NORMAL,False,False,False,0,10.76923076923077,51.63091447405173
2021-03-03,0.0218846987116321,0.0267746719048083,0.0256066741304916,-0.010270571235681,-0.0004352255898493,0.017799026705449326,0.01717731060415479,-0.0123922803871575,0.0525059343360616,0.15384615384615385,0.0,0.0218846987116321,0.02374401454891973,0.013660813433714475,0.019306207730191174,0.020307185125494027,0.0175944205963825,-0.0023112663195404837,93.31880900508351,80.61002178649237,57.0079883805374,78.61292665214232,ELEVATED,False,False,False,0,5.384615384615385,56.64443327188423
2021-03-04,-0.0108129305241382,-0.0155508316601528,0.0416123221696165,-0.0088031814996835,-0.0054149936884593,-0.0067377595874405375,0.014543889680373522,-0.026685905549704,0.0416123221696165,0.7307692307692307,0.19230769230769232,0.0108129305241382,0.02440321606712461,0.013866284793829635,0.01939208790864989,0.01987199537253527,-0.0010995048670456864,-0.020424659605928652,90.77705156136528,94.40813362381991,89.61510530137981,91.51779230210603,HIGH,False,False,False,0,62.30769230769231,82.75476230378192
2021-03-05,-0.0094591045289524,-0.0160421885380487,0.0354064615698694,-0.0012939367339462,0.0034453378701693,-0.009718867889376046,0.016973386252635978,-0.0414208992108321,0.0354064615698694,0.7692307692307693,0.15384615384615385,0.0094591045289524,0.014959410319724573,0.014046295460087342,0.019649063336427196,0.01956737024835918,0.028146808846708504,0.012198390548281868,85.69353667392883,62.96296296296296,40.37763253449528,65.279593318809,NORMAL,False,False,False,0,62.30769230769231,64.38802301547399
2021-03-08,0.0012117060677612,0.0013512523035104,-0.0157360167008598,-0.0119552702167992,2.190801949319976e-05,9.112058317714799e-05,0.012464224273087854,-0.022819684150812,0.0287082051282516,0.5384615384615384,0.038461538461538464,0.0012117060677612,0.013822800834511097,0.01373034303818226,0.019523998913500623,0.019066213284256037,0.013186311274930862,-0.0005737260686006218,54.61147421931736,48.438634713144516,9.368191721132897,39.18663761801017,NORMAL,False,False,False,0,20.19230769230769,33.48833864029942
2021-03-09,0.0095077756017913,0.0167224646909962,-0.0159877150920324,0.0231865205616121,0.0026882637450771,0.00397515953123639,0.01343516415001237,-0.0188326888314972,0.0282988064959823,0.38461538461538464,0.0,0.0095077756017913,0.013663672909565902,0.013909389882497212,0.01990919362819748,0.01921731245665317,0.0120182039093919,0.012590354523014602,77.41466957153231,56.57225853304285,69.64415395787945,68.83079157588962,NORMAL,False,False,False,0,13.461538461538462,52.22001564158427
2021-03-10,0.0050600998838219,0.0020257040816538,0.0067177049027529,0.0028544940485566,-0.0075562528676555,0.006347128430034204,0.010861091884673869,-0.0201285469929185,0.0240072307072121,0.23076923076923078,0.038461538461538464,0.0050600998838219,0.008941872519821936,0.013953971218907651,0.019834330334682192,0.019265072920140538,-0.0046439501562117735,-0.011816720162257877,66.23093681917211,54.39360929557008,67.97385620915033,63.20261437908496,NORMAL,False,False,False,0,9.423076923076923,47.06875314228255
2021-03-12,-0.0094795062357636,-0.012289216919211,0.0181563954782459,-0.001161777519605,-0.0018811426872517,-0.008307334791483961,0.009675535934905556,-0.0241883663777758,0.0181563954782459,0.8461538461538461,0.11538461538461539,0.0094795062357636,0.008585022469027509,0.014084447541738713,0.020036262319540084,0.01925978212404174,-0.0033022100815608413,-0.008542733799197344,72.1132897603486,50.18155410312273,44.88017429193899,57.36383442265796,NORMAL,False,False,False,0,63.65384615384616,59.250837942014414
2021-03-15,-0.006749419963093,-0.0088486498787944,-0.0033531659603187,0.005466719635977,0.000605717566303,-0.006124560240041246,0.00974866507131611,-0.0246674893970337,0.0133773570110262,0.6538461538461539,0.07692307692307693,0.006749419963093,0.007950565475375263,0.01415653837899446,0.01997663722059593,0.019110364763876456,-0.0005756829583328793,-0.001294367974633115,59.11401597676107,24.546114742193172,11.909949164851126,34.58242556281772,NORMAL,False,False,False,0,55.57692307692308,40.88077481704933
2021-03-16,-0.0012759841044576,-0.0107425331655753,-0.0090227304388692,0.000983255912933,-0.0023073032798535,0.0008884371119599617,0.010140347064670176,-0.0141674559443842,0.024745360331607,0.5384615384615384,0.0,0.0012759841044576,0.007926553739979037,0.01393217839146992,0.018359529095406897,0.018673662130765108,-0.003058932041731799,-0.013356201055380157,50.18155410312273,48.148148148148145,20.915032679738562,40.7915758896151,NORMAL,False,False,False,0,48.84615384615384,43.20794927657672
2021-03-17,-0.0126857598628687,-0.016530873500568,-0.00308649025027,-0.0021957279622206,4.208433173946702e-06,-0.015616365739013026,0.014843591028816237,-0.0499563936507706,0.0132308982210556,0.8461538461538461,0.34615384615384615,0.0126857598628687,0.007022603600805682,0.014160044374178858,0.018592835256193846,0.018955330954057086,-0.02497619457566158,-0.04562577417913982,88.96151053013797,81.69934640522875,24.546114742193172,67.45824255628176,NORMAL,False,False,False,0,71.73076923076923,68.740000558628
2021-03-18,-0.0111029730717429,-0.0108810344343552,-0.0712074084020893,0.003127115005246,-0.0030338467074146,-0.01222941821563265,0.020450372227584796,-0.0712074084020893,0.0334756947991594,0.7307692307692307,0.3076923076923077,0.0111029730717429,0.004478151507734733,0.014270607506441131,0.018658205564088703,0.01945133195512004,-0.04065623291596365,-0.05791873086569277,94.69862018881626,84.31372549019608,89.17937545388526,89.9273783587509,HIGH,False,False,False,0,66.34615384615384,82.85301100497178
2021-03-19,0.0127869428260285,0.0090026352102861,0.0236666361490884,0.0053112074249646,0.0051621323882862,0.009710435936632015,0.012519898502259241,-0.0210245349877954,0.0437207762821874,0.11538461538461539,0.038461538461538464,0.0127869428260285,0.010277237016777758,0.014615211886151601,0.01884841419717841,0.019534732415672808,-0.0190906224545927,-0.037610503578944465,80.53740014524328,77.99564270152506,56.57225853304285,72.58533042846767,ELEVATED,False,False,False,0,5.384615384615385,52.42511591531198
2021-03-22,-0.0005154374236977,-0.0163385501736481,0.0021165918591798,-0.0020672881218942,-0.0036301903075588,0.0037497136093912315,0.020045352991009176,-0.0225005516037513,0.0715234431395319,0.5384615384615384,0.038461538461538464,0.0005154374236977,0.01020870926638673,0.014495860569514673,0.018676350010227036,0.019599358729854775,-0.012934097550152068,-0.04488305723296171,82.42556281771968,88.23529411764706,69.42628903413217,80.26870007262164,ELEVATED,False,False,False,0,50.19230769230769,71.24578235852745
2021-03-23,0.0053167399974314,0.0172883490539772,-0.0615759701463213,-0.007538322757606,-0.0003383466093896,0.0023212709811805347,0.017771401843076292,-0.0615759701463213,0.0225825757442084,0.38461538461538464,0.07692307692307693,0.0053167399974314,0.010823061165520719,0.013779477499352408,0.01893065010785472,0.018916674651609885,-0.006418330369567293,-0.017819556146360438,83.80537400145244,59.47712418300654,69.28104575163398,72.14960058097313,ELEVATED,False,False,False,0,16.153846153846153,55.350874252835034
2021-03-24,-0.0179111769942118,-0.0260688251448045,0.0592105623792511,0.0047544926505134,0.0032010980855285,-0.016598389558858145,0.020638280359330755,-0.0463166373361801,0.0592105623792511,0.8846153846153846,0.46153846153846156,0.0179111769942118,0.012349244102735631,0.014374765705930766,0.01971870278460844,0.019217264807254567,-0.011676918230261513,-0.027345009795053277,95.279593318809,65.359477124183,70.29774872912128,78.80900508351489,ELEVATED,True,False,False,1,77.11538461538461,78.3009189430758
2021-03-25,-0.0154301891468089,-0.0086143649639627,-0.0428244347632524,-0.0046165386850317,0.0004599983230759,-0.01959485630503875,0.013527552471746973,-0.0443360153060142,0.0071364068550323,0.8846153846153846,0.46153846153846156,0.0154301891468089,0.01324111157135896,0.014008201088274302,0.01728413609621569,0.019130660823091148,-0.016001622835833063,-0.025116069244649708,92.81045751633987,87.9448075526507,60.56644880174292,81.67755991285404,ELEVATED,False,False,False,0,77.11538461538461,80.3089073236132
2021-03-26,0.0127330319296232,0.0094451150256114,0.0411543680139205,0.0042320868772045,-0.0004514900747799,0.012555364387843927,0.013844089502644371,-0.0033081633243446,0.0452550382909775,0.11538461538461539,0.0,0.0127330319296232,0.013224901234454451,0.014237748164716865,0.017503819169730456,0.01914462595970239,-0.016054001309854904,-0.0246885515686881,79.88380537400145,12.781408859840232,52.94117647058824,51.670297748729126,NORMAL,False,False,False,0,4.038461538461538,37.38074688564885
2021-03-30,0.0232848158675504,0.0167146186818236,-0.0068886661511162,-0.0278835747138408,0.0017778819133795,0.013211566413277642,0.01747734244348,-0.0278835747138408,0.0418426619277194,0.19230769230769232,0.038461538461538464,0.0232848158675504,0.017879479552341794,0.0126127511467255,0.014847755923711457,0.018033329356746407,0.007376239506843962,0.008084039038950053,91.79375453885258,51.27087872185911,88.8162672476398,78.7436456063907,ELEVATED,False,False,False,0,8.076923076923077,57.54362884755041
2021-03-31,-0.0104006990943323,-0.0168620000749545,-0.0229562247260552,0.0177564130771163,0.0096698007829731,0.00026234511807188445,0.017347260826338542,-0.0386497011362867,0.0403416710692079,0.46153846153846156,0.07692307692307693,0.0104006990943323,0.01843539791525533,0.012356177702591098,0.014774508071565688,0.018032564078274284,-0.008373398450024494,-0.02575732159051014,87.29121278140886,93.5366739288308,91.5758896151053,90.45025417574436,HIGH,False,False,False,0,48.846153846153854,77.9690240768672
2021-04-01,0.0120245741669184,0.0166376973899735,0.0387086024583132,0.0074104042537279,-0.0032922244168307,0.011949181952850347,0.011815730230156939,-0.0133249581978531,0.0387086024583132,0.19230769230769232,0.0,0.0120245741669184,0.016556705353830515,0.012422112235834532,0.015349966235102272,0.017730239993657824,0.021853080554087745,0.01696286026014615,73.8562091503268,41.321713870733475,32.17138707334786,51.590413943355124,NORMAL,False,False,False,0,6.730769230769231,38.13252052957935
2021-04-05,-0.015439860548026,-0.0348262893757599,-0.0455654874254978,0.0002896032435564,0.0023564530805804,-0.018022960186263978,0.024441807473236186,-0.0587332481456456,0.0308199754270028,0.7692307692307693,0.5,0.015439860548026,0.016559607734521847,0.01172973958401084,0.015422759556301796,0.017832754240480277,0.02184304292037398,-0.009925317942854672,94.48075526506899,97.45824255628177,89.39724037763254,93.8489469862019,HIGH,False,True,False,1,74.42307692307692,88.0211859672644
2021-04-06,0.0031220672452334,-0.0054316509633367,0.011594207800246,0.0083960625361898,-0.0013150973445493,0.003247250307547334,0.008173734384329008,-0.0107259889309161,0.0191359313498278,0.34615384615384615,0.0,0.0031220672452334,0.01590108512410181,0.011589660201922763,0.015230812204510185,0.017695530732791075,0.012145623078359868,-0.024516610859431465,57.44371822803195,87.29121278140886,46.33260711692084,63.06463326071169,NORMAL,False,False,False,0,27.115384615384613,52.27985866711356
2021-04-07,0.0092314369658119,0.0150716643215846,0.0074161235990166,-0.0008039186988587,0.0028724948570473,0.00973983010432692,0.008081078776396683,-0.0017141136804773,0.0254010411823184,0.11538461538461539,0.0,0.0092314369658119,0.01210054938150364,0.01164799640033583,0.015597473115173515,0.017529737057120034,-0.0017547746645667495,-0.026092937842520536,65.50472040668119,24.909222948438632,67.17501815541031,53.82716049382715,NORMAL,False,False,False,0,4.038461538461538,38.890550807217465
2021-04-08,0.0036945688638336,-0.0063153228366463,-0.0028442694050624,0.0095971918145474,0.0124030351059087,0.0005776874698659079,0.009013841551216137,-0.0109491937697965,0.0199804744367877,0.5384615384615384,0.0,0.0036945688638336,0.010720060507470007,0.011678546258691924,0.015574992758676652,0.01740236301482672,0.012463640734661663,-0.015645286093257438,67.90123456790124,58.46042120551924,91.6485112563544,72.19317356572259,ELEVATED,False,False,False,0,33.84615384615384,60.689067649851964
2021-04-09,-0.0026187118170183,-0.0102126207891222,-0.0046979662158623,-0.0076844260159288,0.0019220765317469,-0.0009543494833122287,0.014621970993358057,-0.0312556558886307,0.0366300807221449,0.5769230769230769,0.038461538461538464,0.0026187118170183,0.009394880191772755,0.011460135589328041,0.014879513357029178,0.017325271348351542,-0.0021859982346488227,-0.04164298157252544,36.89179375453885,60.49382716049383,1.9607843137254901,33.493100944081334,NORMAL,False,False,False,0,51.53846153846153,38.90670912239539
2021-04-12,-0.0353255893040076,-0.0510369790688842,0.0064059519566785,-0.0069409151134848,0.0024817062692661,-0.03883019915855236,0.03389339102564345,-0.117868105368144,0.0497131512367021,0.8846153846153846,0.7692307692307693,0.0353255893040076,0.01780086038758632,0.013707564809933966,0.01798780185639497,0.019882809329805747,-0.022339422888901894,-0.057739180702221726,99.41902687000727,95.279593318809,90.19607843137256,95.41031227305737,CRITICAL,True,True,False,2,87.88461538461539,93.15260320652477
2021-04-13,0.0135561955060299,0.0318134340556719,0.0080401932345417,0.0086645104107392,0.0034992539519109,0.018647747742252807,0.03265714885203416,-0.0439567673869989,0.0795076705385695,0.23076923076923078,0.19230769230769232,0.0135561955060299,0.0194365549230002,0.014082713781859416,0.019969339754035063,0.021704234830658062,-0.012170136228589978,-0.022452933800418462,96.73202614379085,96.00580973129993,89.46986201888163,94.33551198257081,HIGH,True,True,False,2,14.807692307692308,70.47716608010725
2021-04-15,0.0052844845607746,0.0107407263966576,0.0545031366344939,0.0109953463400924,0.0004680941112316,0.007628141650886772,0.02023667823314522,-0.0301134457568307,0.0545031366344939,0.2692307692307692,0.11538461538461539,0.0052844845607746,0.01892493848163824,0.01411200473711529,0.020266231974182806,0.02210480432173399,-0.016033390298738848,-0.026623768049086394,91.28540305010894,90.55918663761801,44.80755265068991,77.12418300653596,ELEVATED,False,False,False,0,13.461538461538462,58.02538964303671
2021-04-16,0.0024962821650071,-0.0042163810454318,-0.005200094880527,0.0077036226338851,-0.0039812601836051,0.006673913216599497,0.020206977779744808,-0.0143428514593275,0.089389407426466,0.46153846153846156,0.0,0.0024962821650071,0.01882499540888303,0.0141344888790473,0.020210474951618027,0.022463258035154195,-0.017208124263702884,-0.024567723411617393,91.93899782135077,96.36891793754539,81.62672476397967,90.17429193899783,HIGH,False,True,False,1,31.153846153846153,72.46815820345232
2021-04-19,-0.0176769785548196,-0.024049758787178,0.0039600823027114,-0.0053962763271149,-0.0021973175206515,-0.017061766104441316,0.01684437465631607,-0.0619924435484894,0.0152965562104285,0.8461538461538461,0.4230769230769231,0.0176769785548196,0.01986050322169566,0.01439528300886098,0.020522746496294614,0.02248439445248397,-0.03204612291870279,-0.038204178373966946,95.64270152505446,32.89760348583878,80.02904865649964,72.13507625272331,ELEVATED,True,False,False,1,74.42307692307692,72.82147645382939
2021-04-20,-0.004390823034999,-0.003066492724762,-0.014831215297646,0.0044648040607315,0.0042245344079512,0.001555569185236546,0.01707555154807333,-0.0334807139899976,0.0379722336672956,0.6153846153846154,0.038461538461538464,0.004390823034999,0.011721515589258179,0.014228167733546303,0.020467316018032918,0.022121519501567752,-0.0010061921247607186,0.010415011530688023,70.73347857661582,34.20479302832244,5.010893246187364,40.05809731299927,NORMAL,False,False,False,0,52.88461538461539,43.906052734484106
2021-04-22,0.0076767575754221,0.0215314124088006,-0.0161755019818524,0.0021942847221105,0.0073626245423195,0.0072279909078397635,0.017157753799588647,-0.0200421609353038,0.0537542619590027,0.2692307692307692,0.038461538461538464,0.0076767575754221,0.010199332737708292,0.014015457557161234,0.02106962472993256,0.022153137978965957,-0.006801156540652387,0.00034622518038207595,81.62672476397967,74.43718228031953,67.61074800290487,75.26506899055919,ELEVATED,False,False,False,0,10.769230769230766,55.91631752416066
2021-04-23,-0.0044981330537942,-0.0018972497284068,0.0115578557861872,-0.0023579335768069,-0.0044783418523581,-0.006286036989712505,0.010916662883791358,-0.027260296542227,0.0192045169263683,0.8461538461538461,0.15384615384615385,0.0044981330537942,0.009531614889141742,0.014035526026930598,0.02084880783159572,0.021957077630878712,-0.01646616644582366,-0.012161781453226661,82.35294117647058,62.091503267973856,62.96296296296296,70.45751633986927,ELEVATED,False,False,False,0,65.0,68.82026143790848
2021-04-26,0.0100165182871698,0.0174278085036914,-0.0037013122706055,0.0012380141653769,-0.0029776216598785,0.008878040240173008,0.016060453361728066,-0.0280962079200139,0.0433454929781682,0.3076923076923077,0.038461538461538464,0.0100165182871698,0.011129987976430925,0.014189987670446477,0.02085585564688747,0.022014525064130805,-0.009088177326013747,0.009309708174752407,74.87291212781409,51.343500363108205,9.513435003631082,48.206245461147425,NORMAL,False,False,False,0,12.115384615384617,37.37898720741858
2021-04-27,0.011601643402658,0.0142586076527329,0.016637034111379,-0.0006744330062985,-0.0007105798853614,0.009309942017384236,0.010842954086950086,-0.0105663616341047,0.0279579476880216,0.23076923076923078,0.0,0.011601643402658,0.007907168209510559,0.013872936316529999,0.020418491387135945,0.02161578719465944,0.020446438086525243,0.04892751297601827,74.36456063907045,80.82788671023965,53.522149600580974,70.05083514887437,ELEVATED,False,False,False,0,8.076923076923077,51.458661527288974
2021-04-28,0.014433855260107,0.0301647273223684,0.0146171274819852,-0.0026996900045697,-0.0032066647229862,0.012230746478483618,0.020266439687706035,-0.0110367887280338,0.0854769641181834,0.2692307692307692,0.0,0.014433855260107,0.007324993305402072,0.013679909681973827,0.021437635628466026,0.021386089105820245,0.039740731830305354,0.08389187192555814,93.82716049382715,93.75453885257808,76.10748002904866,88.48946986201888,HIGH,False,False,False,0,9.423076923076922,64.76955198033629
2021-04-29,0.0020418099664161,-0.0002461502962433,0.0180081665344127,-0.0028761424127984,-0.0035293176441124,0.005008140975872342,0.016548806369450345,-0.0130761159919297,0.0655192005544558,0.4230769230769231,0.0,0.0020418099664161,0.007777097877689165,0.013442803155902752,0.021353069896070994,0.0213036971539968,0.03392648186694358,0.06078487499955476,83.1517792302106,45.24328249818446,64.70588235294117,66.24546114742192,NORMAL,False,False,False,0,29.807692307692307,55.314130495503036
2021-04-30,-0.0177108120451774,-0.0276647203067336,-0.0219966198767256,-0.0004524216779921,-0.0027721208074252,-0.010976849256802255,0.016985273491528664,-0.0408827097934031,0.0394041096171742,0.8461538461538461,0.3076923076923077,0.0177108120451774,0.013019344627324987,0.013050880797783227,0.02191189765433012,0.02104467404796244,0.020203816787967677,0.033399174430101874,93.75453885257808,92.5199709513435,87.07334785766159,91.37981118373277,HIGH,False,False,False,0,70.38461538461539,85.08125244399756
2021-05-03,0.0002085134632017,-0.0096409777690604,0.0143126141319229,0.0136366066429511,-0.0001483548924942,-0.00046697710293283536,0.01380422882396672,-0.0428618810283624,0.0230484286239545,0.46153846153846156,0.038461538461538464,0.0002085134632017,0.012633818394643705,0.01284746879512443,0.021702360619029113,0.020881330221450035,0.010296885787021148,0.005905468092130217,73.49310094408133,85.54829339143065,33.69644153957879,65.17066085693537,NORMAL,False,False,False,0,32.5,55.36946259985476
2021-05-04,-0.0094061074234402,-0.0060186721778269,0.0186076076505947,-0.0087082591120539,-0.0034725961963204,-0.00711737170983926,0.011246683349457946,-0.0228887968424795,0.0186076076505947,0.8076923076923077,0.11538461538461539,0.0094061074234402,0.01217505593007681,0.012674348151460154,0.021318534277379245,0.02079709979621117,-0.010683769370483986,-0.014204813946095407,78.06826434277416,46.695715323166304,55.33769063180828,61.837327523602035,NORMAL,False,False,False,0,62.30769230769231,61.97843695882911
2021-05-05,0.0083709591539336,0.0159077223669665,-0.0009134599750061,0.0046739083959872,-0.0007936533358187,0.008651605971535565,0.01731942892935186,-0.0470849185980766,0.059288355566097,0.19230769230769232,0.038461538461538464,0.0083709591539336,0.01027146454835219,0.012379774109629307,0.020219691005310292,0.020173995106269917,-0.016596546720486716,-0.02784776490318397,73.27523602033406,76.10748002904866,19.172113289760347,57.893972403776324,NORMAL,False,False,False,0,8.076923076923077,42.94885760572034
2021-05-06,0.0073164109749706,0.0013452440855432,-0.014017952269492,0.0175999242440154,0.0002778597006023,0.006224710533999381,0.012822286729970482,-0.014017952269492,0.0442314997050705,0.3076923076923077,0.0,0.0073164109749706,0.011187176760786613,0.012470544242215163,0.02017432991055016,0.020350818948041863,-0.011420055285805142,-0.026300306390638406,68.33696441539578,40.52287581699346,30.28322440087146,48.5766158315178,NORMAL,False,False,False,0,10.76923076923077,37.23440031283169
2021-05-07,0.0066792477481554,0.0023364377552634,0.0029362145587148,0.0085926607468671,-0.002496010817701,0.006011706288450922,0.009547505283894968,-0.0066465452312478,0.0297406488009264,0.19230769230769232,0.0,0.0066792477481554,0.007450652215309841,0.012386198308636931,0.019895727700551685,0.02031249166678905,0.013126202840348489,0.003742950316151017,55.19244734931009,71.82280319535221,44.58968772694263,57.00072621641249,NORMAL,False,False,False,0,6.730769230769231,41.919739120719505
2021-05-10,0.0080414227481215,0.0072299320445032,0.0003081146779084,0.0034951802192093,-0.0044134605728264,0.008882157626265484,0.012719425668353926,-0.0096112806099486,0.0399669773413613,0.23076923076923078,0.0,0.0080414227481215,0.007634433086777943,0.012490521473203467,0.019897900214351172,0.02036199431979422,0.021060274120692446,0.02084185728893506,62.96296296296296,52.4328249818446,28.830791575889613,49.56427015250545,NORMAL,False,False,False,0,8.076923076923077,37.118066029830736
2021-05-11,-0.0061302011912188,-0.008152652735535,0.0055452960644686,-0.0008707350127551,0.0028612455193495,-0.0021355522878590267,0.011178132782862563,-0.0143550267811312,0.0368744880729579,0.6923076923076923,0.0,0.0061302011912188,0.006176089501766249,0.012558275799192352,0.019843504540318833,0.02024832668646911,0.02443693305280581,0.018650209805252116,58.315177923021054,81.77196804647785,26.434277414669573,55.787944807552655,NORMAL,False,False,False,0,54.230769230769226,55.320792134517625
2021-05-12,-0.0103866808073666,-0.0127736348042258,0.0122549489386867,-0.0072444297898901,-0.0016993308553889,-0.0072030136040056435,0.013846111356339764,-0.0304526323522417,0.0331168875647105,0.8076923076923077,0.23076923076923078,0.0103866808073666,0.008691586222394293,0.00978434868612246,0.016063303590588145,0.017392769074334152,0.005380435065808875,-0.010108573947137822,60.05809731299927,46.98620188816267,5.446623093681917,39.75308641975309,NORMAL,False,False,False,0,66.34615384615384,47.73100664767331
2021-05-14,-0.0012724250884564,-0.008712768316834,-0.0107445379055511,0.0083946280220961,0.000951294531039,-0.008459659456981542,0.01900434134798798,-0.0555973155253084,0.0442804504064371,0.7307692307692307,0.11538461538461539,0.0012724250884564,0.007976137765777993,0.009365685325523872,0.014702804818305916,0.016424748726534464,-0.0031918939899635568,-0.02005153847316299,59.25925925925925,53.15904139433552,2.904865649963689,40.52287581699346,NORMAL,False,False,False,0,59.61538461538461,46.2506284565108
2021-05-17,0.0167157604819725,0.0400906001164862,0.0137676894396556,0.0161053241159698,-0.0022602027513434,0.018036837125920517,0.016764075088452866,-0.0062189809935288,0.0628381047517212,0.15384615384615385,0.0,0.0167157604819725,0.010971012250020134,0.009992232465600442,0.01703484446005275,0.016505476563250996,0.006746204238961884,0.016859354844224406,88.16267247639796,93.6092955700799,77.19680464778504,86.50689905591867,HIGH,False,False,False,0,5.384615384615385,62.170213954527675
2021-05-18,0.012393443335275,0.0138422092056149,-0.0117700138646149,0.0001606687165327,-0.0001255620620164,0.01136128122336703,0.016258737902858242,-0.0119943157177606,0.0585894827422754,0.23076923076923078,0.0,0.012393443335275,0.01177356832319234,0.010299818357631394,0.017155424868298103,0.01644966094934825,0.0110926329749379,0.02353484737496281,56.209150326797385,48.80174291938998,2.832244008714597,37.97385620915033,NORMAL,False,False,False,0,8.076923076923077,29.00477626948215
2021-05-19,-0.0051594324081388,-0.0069923732440906,-0.0325240085951556,0.0072277543886296,-0.0019312537394807,-0.004471869133208074,0.015463774980867727,-0.054143541356925,0.0223862501357046,0.6538461538461539,0.07692307692307693,0.0051594324081388,0.011607367714273715,0.009401452026286141,0.01612812689863037,0.015897061245023266,0.012080224273184781,0.024732195430047232,52.4328249818446,69.93464052287581,5.591866376180102,43.63108206245461,NORMAL,False,False,False,0,55.57692307692308,47.214834366795145
2021-05-20,-0.0082567760609306,-0.010409574698164,-0.0206755265257524,0.0002657736602469,0.0012950363685815,-0.0062599949957080495,0.010921825367335053,-0.0269798471039482,0.0235091913637897,0.6923076923076923,0.15384615384615385,0.0082567760609306,0.011043512531940126,0.009584799537673825,0.016377874169516818,0.015773786504955666,0.014258483631306884,0.027186068815137743,49.818445896877265,62.745098039215684,5.3013798111837325,40.34132171387073,NORMAL,False,False,False,0,59.61538461538461,46.123540584324886
2021-05-21,0.0180631356749747,0.0381690096942115,0.0246575763546554,-0.0027102229375677,-0.0027450978757739,0.014759096727976503,0.01427937053723359,-0.0037907472189606,0.0450167863155113,0.11538461538461539,0.0,0.0180631356749747,0.012511892082854087,0.01016476113482557,0.017706263014721,0.015875637275523432,0.03389472581858777,0.07576564062346436,90.99491648511257,90.6318082788671,83.80537400145244,88.7291212781409,HIGH,False,False,False,0,4.038461538461538,63.32192335623708
2021-05-24,0.0014761086049899,0.0097293646209621,0.0388487126387071,0.0042095298234163,-0.0015351380809321,0.00640259118429685,0.013800800742085968,-0.0109286891154319,0.0388487126387071,0.3076923076923077,0.0,0.0014761086049899,0.011272480854179121,0.01003044186191286,0.017679016292101755,0.015825072741336883,0.018397576751620903,0.04436301670848586,54.1757443718228,77.63253449527959,40.66811909949165,57.16049382716049,NORMAL,False,False,False,0,10.76923076923077,43.243114909781575
2021-05-25,0.0007073438653115,-0.0080587265626869,0.0003027500702874,0.0071633238750323,-0.0010039310692598,0.0025971934184197314,0.009048214749531614,-0.0205305222153986,0.0187207098263659,0.2692307692307692,0.038461538461538464,0.0007073438653115,0.010178646505802535,0.009900505527377616,0.01765417271124195,0.015529680439133064,0.006642171320821566,0.021802772974262252,35.003631082062455,85.9840232389252,29.411764705882355,48.62018881626726,NORMAL,False,False,False,0,25.769230769230766,41.76490140215631
2021-05-26,0.0061150215048646,0.0006404557276948,0.0021189555062068,0.0016859350315305,-0.0004352225904301,0.009182593391108485,0.01381815211816127,-0.0109074010621972,0.0466382497779931,0.19230769230769232,0.0,0.0061150215048646,0.009604256106497495,0.00970879643701595,0.01748816143136672,0.0156263165592052,0.01805037192819592,0.029656938036909608,27.523602033405954,72.69426289034132,7.334785766158316,35.01815541031227,NORMAL,False,False,False,0,6.730769230769231,26.531939556449355
2021-05-27,0.0023788211965458,0.0118455213461978,0.009666204478147,-0.0029454044666445,-0.0018185659296692,0.0019703370008091383,0.012365759764540131,-0.0267858713066477,0.0281709107441074,0.46153846153846156,0.038461538461538464,0.0023788211965458,0.007190373905603256,0.009274590212115122,0.016441059116380063,0.015261963111781738,0.02896809083193297,0.052813097861076796,43.35511982570806,54.82933914306464,22.512708787218592,40.54466230936819,NORMAL,False,False,False,0,17.5,33.63126361655773
2021-05-28,0.006376433707514,0.0013219832219326,-0.0079281793776262,0.0035870913136444,0.00014445693745,-0.0005441281485670154,0.0173591131657678,-0.0425304964778896,0.060067883777072,0.46153846153846156,0.038461538461538464,0.006376433707514,0.0026563359791592503,0.009335674892690505,0.016432901681253973,0.015377707255481468,0.017156207079156438,0.015446318728770336,38.416848220769786,79.08496732026144,4.429920116194626,40.42120551924474,NORMAL,False,False,False,0,17.5,33.544843863471314
2021-05-31,0.0095330880357249,0.0109614093030918,0.0,0.0,-0.0039830136460597,0.006624740139221804,0.01387371883122455,-0.0448069729476346,0.0312678252296669,0.11538461538461539,0.038461538461538464,0.0095330880357249,0.0034993482818769573,0.008260692765051222,0.014940045057744074,0.014903399765801944,0.025339334532587632,0.016685339084930417,50.108932461873636,92.44734931009441,34.713144517066084,58.191721132897605,NORMAL,False,False,False,0,5.384615384615385,42.34958940841293
2021-06-01,-0.0005101904286871,-0.0053325469426422,0.021109793913165,0.0002102625041064,0.0012942680293033,0.0028851914743955854,0.011584096641721612,-0.0190872180491558,0.034755812393199,0.46153846153846156,0.0,0.0005101904286871,0.0038946917071639832,0.008275886321253319,0.01476097227466622,0.014754974710364112,0.024091831143677744,0.019479523504545293,15.468409586056644,28.0319535221496,18.155410312273055,20.043572984749453,NORMAL,False,False,False,0,46.15384615384615,27.876654935478463
2021-06-02,8.67158252806366e-05,0.0010343549094218,0.0163910305721053,0.0024173501113669,0.0050740750330331,0.0022691829487493363,0.010585781237278167,-0.0290360942663132,0.0217103708612829,0.38461538461538464,0.038461538461538464,8.67158252806366e-05,0.004290529523875507,0.00777477264320206,0.014583441464739468,0.014515285248460437,0.017955814415823612,0.019880838630070397,22.875816993464053,60.27596223674655,29.557007988380533,36.10021786492375,NORMAL,False,False,False,0,14.807692307692308,29.712460197754318
2021-06-03,0.0073284506253876,0.0077811734760078,-0.0002906330368847,-0.0190301697657273,0.001511218000239,0.005349609880023195,0.011478158919337886,-0.0190301697657273,0.040339689603446,0.3076923076923077,0.0,0.0073284506253876,0.004511441431072162,0.007744729153490307,0.014366362274993306,0.014193930283460618,0.022982361216043135,0.015784214761222604,29.484386347131448,58.8961510530138,39.79665940450254,41.40159767610748,NORMAL,False,False,False,0,10.76923076923077,32.21188760404446
2021-06-04,-0.0012810173052479,-0.010024174784282,0.0117716206471092,0.0099401978097537,0.0010839967284566,0.001302263881278889,0.012011613324917174,-0.0137609951904129,0.0285582915621787,0.5384615384615384,0.0,0.0012810173052479,0.005013670363581139,0.007764694132903748,0.014710047136404364,0.014125994610955362,0.015198556810893438,0.0042741826296845975,14.814814814814813,55.62817719680465,16.122004357298476,27.45098039215686,NORMAL,False,False,False,0,48.84615384615384,33.86953242835595
2021-06-07,0.0051945814919991,0.0043070180419471,-0.0056018295642423,0.0037040955757943,-0.0018413317082458,0.002181541544795519,0.01415826040941184,-0.0439979460721559,0.0314973037982497,0.4230769230769231,0.07692307692307693,0.0051945814919991,0.003846768846720398,0.007736170796256182,0.014706846965261066,0.014297432983736428,0.010835702701302186,-0.0023361916963652307,8.351488743645605,73.8562091503268,0.944081336238199,25.780682643427745,NORMAL,False,False,False,0,17.5,23.29647785039942
2021-06-08,-0.0007333060957773,-0.010110355807685,0.0118445710683632,-0.0024251884952724,-0.0013756197404467,0.0031740131985687338,0.009807599460192983,-0.0116830604306689,0.0209840506672263,0.4230769230769231,0.0,0.0007333060957773,0.0038866284876175046,0.007688099724023598,0.015003676697841644,0.014164060242273577,0.010610054295518534,-0.007128393324149385,24.981844589687725,77.19680464778504,35.87509077705156,43.91430646332608,NORMAL,False,False,False,0,44.80769230769231,44.182322216635946
2021-06-09,-0.0066549769442125,-0.0081174757699877,-0.0012848531529492,0.000528485374593,0.0022785681308112,-0.007823299734760895,0.007713396858809655,-0.0266477554823653,0.0042389516382779,0.8076923076923077,0.07692307692307693,0.0066549769442125,0.005571962783119561,0.00772040567686608,0.015002307691098017,0.014207335537870576,0.0037974225626802305,-0.016205597104545832,49.60058097312999,70.66085693536675,29.99273783587509,50.03631082062455,NORMAL,False,False,False,0,60.96153846153847,53.313879112898725
2021-06-10,0.006549286916079,0.0095027132649607,0.0047170073666842,0.0005282062253282,0.0001369573860752,0.012534722110222208,0.01785194152289559,-0.005401334062553,0.072587974224705,0.11538461538461539,0.0,0.006549286916079,0.005349151884317366,0.007126293097999931,0.014594127402569821,0.014169783692341648,0.003020990086586961,-0.014525032659298387,59.840232389252,83.9506172839506,37.182280319535224,60.275962236746544,NORMAL,False,False,False,0,4.038461538461538,43.40471202726104
2021-06-11,0.0039141306333496,-0.0023852830305325,0.0088206393300112,-0.0088691411629585,0.0003699433711719,0.0027606897461580856,0.010932816100208177,-0.011953109889352,0.0304134846969019,0.4230769230769231,0.0,0.0039141306333496,0.005393191773205484,0.007039139249394079,0.014369209198627633,0.013549432821306735,0.008238516256920292,-0.006920870608265406,2.541757443718228,56.13652868554829,11.982570806100219,21.452432824981845,NORMAL,False,False,False,0,29.807692307692307,23.95901066979498
2021-06-14,0.0007911718082738,-0.0027619167568543,-0.000423161855052,-0.0071375435388335,0.0030035941979555,0.00047403532561010776,0.009959013975112172,-0.0349942814504995,0.0148254748748639,0.46153846153846156,0.038461538461538464,0.0007911718082738,0.005016879548182408,0.006358535880074202,0.01171546281326731,0.01297474221935556,0.003821772148131952,-0.013910776572884864,14.669571532316631,51.70660856935366,16.70297748729121,26.390704429920113,NORMAL,False,False,False,0,32.5,28.22349310094408
2021-06-15,0.0036302135450976,0.0085019419374667,0.01749443483654,-0.0050965665236051,-0.0006936419557327,0.0033975762577674574,0.01047355501868735,-0.0106865126708735,0.0320855643576409,0.46153846153846156,0.0,0.0036302135450976,0.005068547425139138,0.0059605283694545985,0.011496086969110262,0.012658780757521113,0.008205182548405077,0.004630064153543945,1.3798111837327522,19.753086419753085,16.19462599854757,11.336238198983297,NORMAL,False,False,False,0,16.153846153846153,12.781520585442152
2021-06-16,-0.0064086327528081,-0.0069294901355033,0.0004159564358627,0.0026961445133459,0.0022396896398795,-0.003370196672829182,0.006966013393862114,-0.0170665890449807,0.0107697176916785,0.6538461538461539,0.0,0.0064086327528081,0.0049678834178981226,0.006050630739879213,0.011493512164697746,0.012338268846825663,0.008455211978965371,0.005833317618576972,19.389978213507625,49.23747276688453,39.94190268700073,34.509803921568626,NORMAL,False,False,False,0,52.88461538461539,40.02224736048265
2021-06-17,-0.0048295020472909,-0.0113732134391691,-0.0153846235187317,-0.0460876317138343,0.0065361639130729,-0.00823927177357706,0.013091968504872794,-0.0460876317138343,0.0132545276346092,0.7307692307692307,0.15384615384615385,0.0048295020472909,0.0047915145418265075,0.0057747241706268375,0.011550079143017962,0.012536257938637703,-0.002945122992486393,-0.014966728125991313,83.29702251270878,36.964415395787945,91.50326797385621,71.85911401597676,ELEVATED,False,False,False,0,60.96153846153847,68.58984134964527
2021-06-18,-0.0005130696464038,-0.0013696992587888,0.0084459243579479,-0.0033262060275397,0.0058219735865217,-0.0033328131835780347,0.013864364563305228,-0.0387691075006157,0.0269676349615188,0.6538461538461539,0.11538461538461539,0.0005130696464038,0.004114518740777079,0.004509772172508432,0.0077952121180454486,0.012215435599854448,-0.007342074380781383,-0.013963952416565562,40.81336238198983,41.46695715323167,48.87436456063907,43.42774146695716,NORMAL,False,False,False,0,56.92307692307692,47.47634210379309
2021-06-21,0.0040265882096546,0.0090659332895883,0.028196598124941,0.0078624493591878,-0.0014814119176906,0.00502457447261391,0.010583951926862085,-0.0139141231908169,0.028196598124941,0.34615384615384615,0.0,0.0040265882096546,0.004761747068038925,0.004540328722025789,0.0077527393634220804,0.012034048855997872,-0.004132951614734148,-0.002268965324540906,9.731299927378359,18.809005083514887,35.294117647058826,20.123456790123456,NORMAL,False,False,False,0,12.115384615384613,17.7210351377018
2021-06-22,0.0016670371193598,-0.0036218421321775,-0.0081456159881276,-0.0030867661069026,-0.0001173058066683,0.0010874495774687305,0.014028430312767945,-0.0191672683432376,0.052971919627176,0.6538461538461539,0.0,0.0016670371193598,0.004367822016226713,0.004533405392173299,0.007573674818659434,0.012242957899041092,-0.0060809427036563335,-0.014263266099757477,15.831517792302105,64.4880174291939,29.629629629629626,34.5679012345679,NORMAL,False,False,False,0,37.88461538461539,35.562915479582145
2021-06-23,-0.0054397492312691,-0.0049216284411122,0.0002738060926554,0.0033778077098844,0.0026572882363771,-0.002401098846753731,0.009897766387734154,-0.0294669780194022,0.023026902658352,0.6153846153846154,0.038461538461538464,0.0054397492312691,0.00409242174573157,0.004692468984611768,0.007656263924962514,0.012093547389997138,-0.005111739640805579,-0.01227023236338931,7.18954248366013,9.513435003631082,20.62454611474219,11.917211328976034,NORMAL,False,False,False,0,52.88461538461539,24.20743254566784
2021-06-24,0.0065978407983298,0.0073176097051117,0.0030104161903514,-0.0037592285578361,-0.0011475058170744,0.004626806463033818,0.013623946812248749,-0.0235110390224623,0.0372883505198375,0.4230769230769231,0.038461538461538464,0.0065978407983298,0.004591904586812497,0.004838205641404014,0.007344049745917444,0.01226052409544275,0.006312362327244969,0.006403631881640948,1.597676107480029,0.5809731299927379,5.519244734931009,2.4691358024691357,NORMAL,False,False,False,0,16.153846153846153,6.574548907882241
2021-06-25,0.0044266891189239,0.0154377581427984,0.0102319231756431,0.0005631899153806,-0.0007623547400297,0.007188564834016146,0.011898333665650873,-0.0227768892867126,0.0300345584882393,0.19230769230769232,0.038461538461538464,0.0044266891189239,0.004644079251434478,0.004752952997088854,0.008148225357483972,0.0120237040334764,0.01128585438752161,0.0233419184118,18.51851851851852,58.968772694262896,32.38925199709514,34.81481481481482,NORMAL,False,False,False,0,8.076923076923077,26.793447293447294
2021-06-28,-0.0028782098242977,-0.0001470191075133,-0.0153949944992118,0.0016886187331002,0.0003059355297687,-0.0014151498697271847,0.007554779775037233,-0.0153949944992118,0.0178836627162366,0.6153846153846154,0.0,0.0028782098242977,0.004998884041724445,0.004430155944209571,0.007755850829689933,0.011689784735194587,0.0043311336050870786,0.01399862371791305,5.446623093681917,29.266521423384166,46.84095860566449,25.010893246187365,NORMAL,False,False,False,0,51.53846153846155,32.96916373386962
2021-06-29,-0.0041891404314852,-0.0098742652658874,0.0009600835455807,-0.0094402826412048,0.0009756101572839,-0.005297457531618616,0.008784065928992621,-0.0241109491135624,0.0131495869548512,0.6153846153846154,0.07692307692307693,0.0041891404314852,0.00543395202169486,0.004559642308121717,0.007977144509041995,0.011686472994376092,-0.0015406194029258247,0.00763562950490182,26.361655773420477,5.519244734931009,36.964415395787945,23.289760348583876,NORMAL,False,False,False,0,54.23076923076924,32.572063013239486
2021-06-30,-0.0017112919035373,-0.0068008675672379,0.0067141386849904,0.0045382345010247,2.9578700706300864e-05,-0.0031421335957908148,0.007849700848061629,-0.0212396171802595,0.0113557874443783,0.6923076923076923,0.038461538461538464,0.0017112919035373,0.004766544521924594,0.004587195280947469,0.008092774871727946,0.011535676488793053,0.0022024551781791857,0.005732675572864165,12.200435729847495,12.418300653594772,50.03631082062454,23.61655773420479,NORMAL,False,False,False,0,55.57692307692308,33.204667337020275
2021-07-01,-0.002639697229908,-0.0025365159892962,0.0239553846057989,0.0028800403463464,0.0011227249722296,0.0007289171177376363,0.010765029588664897,-0.024163749966124,0.0249766945428295,0.5,0.038461538461538464,0.002639697229908,0.0033744796875679254,0.004338052803139737,0.007840124897201203,0.011484293420248086,-0.0069947464414460425,-0.004105945438605985,6.608569353667393,9.658678286129268,32.752360203340594,15.366739288307915,NORMAL,False,False,False,0,48.846153846153854,25.410563655661697
2021-07-02,0.0026913389867666,0.0036298002444192,-0.0009304757636671,0.0037727074045654,0.0023395673923847,0.0024951851271956117,0.0057240136823308845,-0.0055853469279815,0.0149006433790985,0.38461538461538464,0.0,0.0026913389867666,0.002633472476069427,0.004368305413405829,0.0076361389811399494,0.011295686245243962,-0.008710363735036086,-0.015686640536072605,40.74074074074074,11.11111111111111,79.520697167756,43.485838779956424,NORMAL,False,False,False,0,13.461538461538462,34.47854868443103
2021-07-05,0.007133188273225,0.0115513795514199,0.0,0.0,-0.0008478356140493,0.00856435270835424,0.011192480549323203,-0.006779532310261,0.0397579834367871,0.23076923076923078,0.0,0.007133188273225,0.004616307073694002,0.004504931295045026,0.008044987559870084,0.011311879798733892,0.0012424778098749645,-0.004170057293960028,22.80319535221496,17.501815541031227,38.05374001452433,25.78794480755265,NORMAL,False,False,False,0,8.076923076923077,20.474638288363774
2021-07-06,-0.0010167521731027,0.0104268092659032,-0.0238158705203701,0.0061146777534761,-0.0022017975354208,-0.005971922034938035,0.0196773183165819,-0.0843685920457375,0.0262464064211034,0.6923076923076923,0.07692307692307693,0.0010167521731027,0.004033714129131097,0.004508703000601947,0.008037180218560732,0.011835769525755324,0.004432169757775828,0.016247973647628644,74.43718228031953,95.71532316630356,79.66594045025418,82.38925199709513,ELEVATED,False,True,False,1,41.92307692307692,70.24939947488966
2021-07-07,0.0038816171589777,0.0054007638867845,-0.0159466506002597,0.0044605519933091,0.0059891286125846,0.0036990289891971925,0.010038137797112176,-0.0159466506002597,0.0337227666189285,0.2692307692307692,0.0,0.0038816171589777,0.0039049694210125056,0.004267652353982476,0.00781946708774857,0.01180715330441865,0.01005949754317359,0.028732764295776647,27.233115468409586,23.3841684822077,72.8395061728395,39.760348583878,NORMAL,False,False,False,0,9.423076923076922,30.659167085637673
2021-07-08,-0.0095562557277451,-0.0138994405257331,0.0102493839950512,-0.0010546902104149,0.0007891361474665,-0.010562616276323593,0.009692522748883659,-0.0339010710675824,0.0102493839950512,0.8846153846153846,0.11538461538461539,0.0095562557277451,0.006395020169615718,0.00462693561069587,0.008281359833260976,0.011420933594733704,0.0030548718510843287,0.017013625744607852,62.527233115468405,42.26579520697168,67.46550472040667,57.93028322440087,NORMAL,False,False,False,0,65.0,60.05119825708061
2021-07-09,-0.0024224839292732,-0.0057308557579596,0.0222099679594727,0.0057790756585647,-0.0013432165575479,0.002697320135273619,0.014427035503255012,-0.0154521785723762,0.043425197235632,0.5,0.0,0.0024224839292732,0.006391184160465141,0.004559748334879949,0.00837039589084286,0.011487564463939098,-0.00206080511776352,0.007528141457464166,14.451706608569353,35.87509077705156,19.462599854756718,22.381989832970223,NORMAL,False,False,False,0,47.5,29.917392883079156
2021-07-12,0.0001784474449868,0.003619610138428,-0.0061695158199429,-0.0024861878453038,-0.0030900920503134,0.003467171344339497,0.009425791571489747,-0.0099864430743737,0.0352922684103735,0.3076923076923077,0.0,0.0001784474449868,0.004933423259255727,0.004553817168379733,0.008378459180345448,0.011470845108428522,-0.008952056983513201,-0.00037208096987773054,16.267247639796658,53.37690631808278,56.0639070442992,39.339143064633255,NORMAL,False,False,False,0,10.76923076923077,30.76816937601251
2021-07-13,0.0076309854951284,0.0134805816078971,0.0155195890628869,0.0021600799856342,0.0006873475910931,0.005803975904394039,0.010018675067960245,-0.011741191888916,0.0289362296314648,0.2692307692307692,0.0,0.0076309854951284,0.006528871145758133,0.004818878688397427,0.008700029856907167,0.011607550676209572,-0.00037301159262237427,0.0026490543201060923,8.49673202614379,15.831517792302105,26.65214233841685,16.143790849673202,NORMAL,False,False,False,0,9.423076923076922,14.127576671694317
2021-07-14,0.0026308921169333,-0.0001443231507035,-0.028172793974512,0.0082347873400121,0.0015749723909017,0.002932387603229616,0.017183951188703275,-0.028172793974512,0.0702106802902089,0.5,0.038461538461538464,0.0026308921169333,0.006362045356522381,0.004622729227109267,0.008519904063664405,0.012049603766954976,-0.0016184358395996412,-0.002880856213049232,42.0479302832244,78.79448075526507,36.4560639070443,51.394335511982575,NORMAL,False,False,False,0,33.84615384615385,46.12988101223395
2021-07-15,0.0044310723280038,0.0067117761691368,-0.0202378747863263,0.0022474239303842,-0.0025449333406092,0.0051759880646996695,0.01662580274167318,-0.0322847282098082,0.0508362680760352,0.38461538461538464,0.07692307692307693,0.0044310723280038,0.0038630660609843444,0.004546808907060485,0.008089129475684475,0.011910795402815812,0.012480992364658494,0.01796066805720664,30.28322440087146,5.737109658678286,14.306463326071169,18.126361655773422,NORMAL,False,False,False,0,16.153846153846153,17.53460700519524
2021-07-16,-5.0225736783704455e-05,-0.0043401773950689,0.0022330220419752,-0.0076022884644825,0.0009118091995197,-0.0005569434713223728,0.011186934876027678,-0.0334214727570286,0.0254184989420576,0.5384615384615384,0.038461538461538464,5.0225736783704455e-05,0.0031972204820582962,0.0045412352979849946,0.008178707448014836,0.011740201147364135,0.014888691305526391,0.019384483614130588,11.256354393609296,5.954974582425563,36.23819898329702,17.160493827160494,NORMAL,False,False,False,0,50.19230769230769,27.07003798670465
2021-07-19,-0.0107389122803617,-0.0188130814418802,-0.0750591780100039,-0.0031964997674979,0.0012717874852836,-0.010702127224163952,0.015680302813939475,-0.0750591780100039,0.0023673453383392,0.8461538461538461,0.11538461538461539,0.0107389122803617,0.007019023169534257,0.005144083284546162,0.009177616072825493,0.01216221543608966,0.003810763209320278,-0.003400581057446894,85.54829339143065,82.49818445896877,86.41975308641975,84.89469862018882,ELEVATED,False,False,False,0,63.65384615384616,78.52244288028601
2021-07-20,-0.0076369809214345,-0.0189214659720845,0.0150557065276697,0.0012163837571632,0.0048451570765861,-0.009127007085570314,0.011944089343291144,-0.0267170084788752,0.0150557065276697,0.7307692307692307,0.19230769230769232,0.0076369809214345,0.00660260234718402,0.005402578750313471,0.010114776956584292,0.012291844575843017,-0.01139931790359161,-0.03526291998803366,68.84531590413944,39.36092955700799,53.37690631808278,55.359477124183,NORMAL,False,False,False,0,62.30769230769231,57.44394167923579
2021-07-22,0.0122792331234495,0.007608521571401,0.0665975321137315,-0.0032580619219835,-0.0073766459959703,0.012452659812924077,0.01823734652545106,-0.0233067866316598,0.0665975321137315,0.15384615384615385,0.038461538461538464,0.0122792331234495,0.009266544691466616,0.005962319120870644,0.010209387358852226,0.012869036533411442,-0.0018859899429882754,-0.027782383594463056,86.20188816267247,65.50472040668119,88.16267247639796,80.58097312999274,ELEVATED,False,False,False,0,6.730769230769232,58.42591196022568
2021-07-23,0.0020222383267853,0.0102977418999454,0.0022249481931142,-0.0019944463079986,0.0001585524113598,0.005414557416605445,0.011774312218724657,-0.0231366321847518,0.0315573566519062,0.34615384615384615,0.038461538461538464,0.0020222383267853,0.009015496488741063,0.005799654431263123,0.010339671054678113,0.012659397403305423,-0.004279674318906301,-0.02431928806121575,10.530137981118374,54.90196078431373,12.563543936092955,24.451706608569353,NORMAL,False,False,False,0,13.461538461538462,21.154656164460086
2021-07-26,-0.0019929055322251,-0.0024176296636904,-0.0022200087885713,-0.0014988748782024,-4.1706917599526605e-05,-0.002684026958880373,0.008779207389041898,-0.0145205398180129,0.0245317804514149,0.7692307692307693,0.0,0.0019929055322251,0.009015624061825309,0.005732025484541765,0.009720484278695367,0.012423084099946576,-0.006214137237342543,-0.022435318560086404,18.155410312273055,78.28612926652141,31.88090050835149,40.312273057371094,NORMAL,False,False,False,0,56.92307692307692,45.29551421708284
2021-07-27,-0.0049290812026508,-0.0043563113032396,-0.003615660172292,0.000444792822507,-0.0021410785592292,-0.00632696599738955,0.022758535839417424,-0.1049479282960178,0.020909381456708,0.6153846153846154,0.11538461538461539,0.0049290812026508,0.007769278355294065,0.0058022996577103345,0.00975691614554202,0.013145879112142631,-0.0003777326099478895,-0.008031918323158749,71.75018155410312,98.9832970225127,81.77196804647785,82.92665214233841,ELEVATED,False,True,False,1,55.57692307692308,74.72173342271381
2021-07-28,-0.0023528988583426,-0.0076025677020193,0.0103279532171713,0.0,0.002864457019948,-0.003795405290515415,0.010611183560029372,-0.0238503523659007,0.0117831084574742,0.5384615384615384,0.11538461538461539,0.0023528988583426,0.006775310839272177,0.00575015310352694,0.00965789232928042,0.01307662406640514,0.0049450031142102,0.003412614825022864,14.0159767610748,21.78649237472767,14.960058097313,16.63035584604212,NORMAL,False,False,False,0,52.88461538461539,27.5066337076141
2021-07-29,0.0043954449546468,0.0045928206889367,0.0169913436566415,0.0176159773114059,-0.001507296599699,0.00839036644410968,0.01654339350063095,-0.0239426843513441,0.0449875854527004,0.3076923076923077,0.038461538461538464,0.0043954449546468,0.003727610165704114,0.005822244037986621,0.009611395160690456,0.01345222077268322,-0.0028816649301425246,0.0004094719940308522,27.959331880900507,16.267247639796658,13.362381989832969,20.07262164124909,NORMAL,False,False,False,0,12.115384615384617,17.685450533489746
2021-07-30,-0.0009760394990868,-0.0030886436215342,0.0044823986599955,-0.0101572608573053,-0.0018550946284918,0.0012765911615904,0.023595435912878993,-0.0268745340021014,0.1009245631365327,0.6538461538461539,0.11538461538461539,0.0009760394990868,0.0034358007409079215,0.005791386791778988,0.00961963545002701,0.01403456827730317,-0.005865269165116982,-0.01284589453412499,79.30283224400871,85.11256354393609,78.93972403776324,80.93681917211327,ELEVATED,False,False,False,0,56.92307692307692,73.73269649740236
2021-08-02,0.0077460001364197,0.0036331431296423,-0.0363758610280194,0.0030343153889882,0.0017117126188741,0.007762145588517192,0.014491621977093708,-0.0363758610280194,0.0420552978110391,0.2692307692307692,0.038461538461538464,0.0077460001364197,0.005174187939558575,0.006008376648905544,0.00961970369131893,0.01436377255223777,0.0038358486116936152,-0.006858373722017919,21.060275962236748,26.65214233841685,16.267247639796658,21.29992737835875,NORMAL,False,False,False,0,10.769230769230766,18.140718395620354
2021-08-03,0.0154609558824161,0.0143315232627143,-0.0098232466552343,-0.0044001980679977,-0.0006331920438747,0.01228807664590643,0.00947634253315698,-0.0098232466552343,0.0266727616380109,0.11538461538461539,0.0,0.0154609558824161,0.007193924518778709,0.0067345450760620046,0.00981502778004549,0.01459994944827288,0.024405488216125093,0.011782498131183816,59.62236746550472,57.73420479302832,55.04720406681191,57.683369644153956,NORMAL,False,False,False,0,4.038461538461538,41.589897212446225
2021-08-04,0.0079382424678022,0.0233076615316405,-0.0341552737542764,0.000220995756841,-0.0015820842456268,0.0003536999006532807,0.015255864833662428,-0.0341552737542764,0.0351245236961728,0.5769230769230769,0.038461538461538464,0.0079382424678022,0.005987227837362524,0.006892786794337572,0.010895623258643166,0.014390317899681211,0.03497265334139499,0.0432965145262294,62.745098039215684,84.0958605664488,49.31009440813362,65.119825708061,NORMAL,False,False,False,0,21.538461538461537,52.045416457181155
2021-08-05,0.0022018725316477,-0.0053653478222119,0.0137930270134296,-0.0029826149760081,-0.00040966627362,-0.0008701262409571114,0.013599655632458645,-0.033045264013491,0.0318792901807192,0.5,0.038461538461538464,0.0022018725316477,0.0062904993405742,0.006871118029070243,0.010916230459273653,0.014625854608766357,0.03271230112421586,0.03295469017233721,14.887436456063908,26.361655773420477,12.127814088598402,17.501815541031227,NORMAL,False,False,False,0,33.84615384615385,22.40511703256801
2021-08-06,-0.0034612335015614,-0.0007116080740046,-0.0117238037563699,-0.0249847521998318,-0.0013749242166742,-0.005035801457370501,0.009153454783600209,-0.0249847521998318,0.0104232664413879,0.7307692307692307,0.11538461538461539,0.0034612335015614,0.007075540466490806,0.00648816071655195,0.010409774051051084,0.01452268467630815,0.030143303263795218,0.0354176674489195,71.31445170660857,17.647058823529413,79.37545388525781,57.6325344952796,NORMAL,False,False,False,0,59.61538461538461,58.227389531311104
2021-08-09,0.0012347307242392,0.0061353360689975,-0.0263619720934888,-0.0207954406738281,0.0055263213181853,0.0004365259655244502,0.011209455514112107,-0.0263619720934888,0.022024443480648,0.46153846153846156,0.07692307692307693,0.0012347307242392,0.007265254699943077,0.006419472640063205,0.010355698938429313,0.014450933768645825,0.02348731993089581,0.037999103499043674,59.912854030501094,20.551924473493102,72.47639796659404,51.87363834422658,NORMAL,False,False,False,0,18.846153846153847,41.96539299480475
2021-08-10,0.0013439090538649,0.0001430073214543,0.0272261953549521,0.0031333551918095,-0.0003382926025148,-0.000812968026539681,0.01152813850438117,-0.023374803748722,0.0272261953549521,0.5,0.038461538461538464,0.0013439090538649,0.004063077188133492,0.0064092541733144085,0.010345616355948523,0.014514193218498932,0.009258689730794023,0.023479524358254844,2.6870007262164126,20.11619462599855,12.345679012345679,10.813362381989833,NORMAL,False,False,False,0,18.846153846153847,13.223199821239037
2021-08-11,0.0001320870680521,-0.006319174236172,0.0140576815288104,0.0124942011660511,-0.0004122767491691,0.0005048361050843731,0.008664615676664785,-0.0173945276746888,0.0187199332582319,0.5,0.0,0.0001320870680521,0.002222340315781891,0.006271678004903122,0.010054273354942102,0.014477366245682575,0.0014423078944452161,-0.006152287187547123,13.65286855482934,14.887436456063908,43.64560639070443,23.021060275962235,NORMAL,False,False,False,0,32.49999999999999,25.864742193173562
2021-08-12,0.0050453954843463,0.0036488972523467,-0.0023105221965252,-0.0007998311211925,-0.0044670119439425,0.003862899808094728,0.009655227835182108,-0.0064102312815009,0.0357081022498586,0.4230769230769231,0.0,0.0050453954843463,0.0030452847746634147,0.006317986129523569,0.010082497482854618,0.01421450995269515,0.004283675752906557,0.0028548259574308066,8.932461873638346,42.774146695715324,25.34495279593319,24.00871459694989,NORMAL,False,False,False,0,14.807692307692308,21.248407910172617
2021-08-13,0.0100644823408473,0.0064640690242743,-0.0094079306837059,0.0149799606471554,0.0021200828430194,0.005647792788522365,0.010570249593518226,-0.0136120704076343,0.0333110573730353,0.34615384615384615,0.0,0.0100644823408473,0.0040799242858222595,0.006571130697928442,0.01007451566783503,0.014051150422889215,0.017914510879504686,0.010056112858854105,23.602033405954977,50.76252723311547,29.266521423384166,33.44952795933188,NORMAL,False,False,False,0,12.115384615384613,27.049284956147698
2021-08-16,0.0020540242770237,-0.0020693909633678,-0.0168030608541176,0.0065908481095122,-0.0005831454925401,0.0011300462914551495,0.012616030719263696,-0.0250422429895622,0.0358316395138758,0.46153846153846156,0.038461538461538464,0.0020540242770237,0.003978165830212506,0.006555319070647961,0.010030849146257376,0.014022016829602952,0.018747453216059418,0.0018194130866771019,0.5809731299927379,20.47930283224401,4.139433551198257,7.618010167029776,NORMAL,False,False,False,0,32.5,15.082607116920844
2021-08-17,0.0031122785775283,-0.0062905265481865,-0.010402802319998,-0.0010633076210772,-0.001102105483039,0.00117240486734715,0.014031441863712829,-0.0197562589180673,0.0339547720195136,0.5769230769230769,0.0,0.0031122785775283,0.0037872510663349212,0.005831272974772679,0.009108680579174204,0.013769708237857892,0.0205465573323258,-0.0046249044540895845,2.3965141612200433,70.58823529411765,11.11111111111111,25.468409586056644,NORMAL,False,False,False,0,35.192307692307686,28.385579017931953
2021-08-18,-0.0027536023181795,-0.0087251523639833,-0.0169694746292542,-0.0019047755821078,0.0030957012245416,-0.0025282099930878463,0.00888072997640627,-0.0183970197448779,0.0209042855210912,0.6923076923076923,0.0,0.0027536023181795,0.004659111752702225,0.005467236340410119,0.008162266757497138,0.01340706756424176,0.01760196590612484,-0.00703498488108234,21.641249092229483,71.38707334785767,45.17066085693537,43.6238198983297,NORMAL,False,False,False,0,54.230769230769226,46.80590469806155
2021-08-20,-0.0071428984006249,-0.0146436228431023,-0.0479682162169974,-0.0003367622329137,0.0008713357321312,-0.011300744879707236,0.02122246061146768,-0.055334792230453,0.0536394031572031,0.8076923076923077,0.2692307692307692,0.0071428984006249,0.006482891013599881,0.005443727613405118,0.008800511682809042,0.01355563120420921,0.00526139713767515,-0.025132780377961184,83.87799564270153,83.36964415395788,64.92374727668845,78.03921568627452,ELEVATED,False,False,False,0,67.6923076923077,74.93514328808448
2021-08-23,0.0027931806783987,0.0025844722933285,0.0532734228350766,0.0124648799392896,-0.0017170655983431,0.005417373251539865,0.0167114981131083,-0.025138466258093,0.0532734228350766,0.34615384615384615,0.07692307692307693,0.0027931806783987,0.004459822534294352,0.005446941339947581,0.008515154900085942,0.013684455468262576,-0.0019753278397862672,-0.028890581371312285,56.644880174291934,57.661583151779226,47.34931009440813,54.16122004357298,NORMAL,False,False,False,0,14.807692307692305,42.35516172280878
2021-08-24,0.0077683620836017,0.0167321322978497,0.0289457882929009,0.0013309807448156,-0.0026324474172813,0.011930222209720422,0.01836779864400868,-0.011383224274194,0.0779078187978266,0.3076923076923077,0.0,0.0077683620836017,0.005778954896480965,0.00550772098842932,0.00925432343653723,0.014221904116648604,0.003716032084781995,-0.010594383060328894,63.18082788671025,38.63471314451707,31.66303558460421,46.36165577342048,NORMAL,False,False,False,0,10.76923076923077,35.68392827216357
2021-08-25,0.0006045728309951,-0.0035241001282843,0.012140948826012,-0.0096366995177964,0.0005248522913487,-0.0020828774448297806,0.012072859435351352,-0.033854391121371,0.0216430532085747,0.5769230769230769,0.07692307692307693,0.0006045728309951,0.00563018105780528,0.005248633284295755,0.009230243582148506,0.013696408843026186,0.0012068169995915756,-0.007839938313824013,5.010893246187364,30.93681917211329,10.893246187363834,14.553376906318082,NORMAL,False,False,False,0,37.88461538461539,21.55274844980727
2021-08-26,0.0001352598309651,0.000879585386303,-0.0137507670130697,0.0022368863154138,-0.0006042204676184,0.00027894230653672283,0.008923231021091238,-0.015324537063737,0.0171815620314019,0.5,0.0,0.0001352598309651,0.005387381614126151,0.005149607287602665,0.008998307730336242,0.013558779873818531,0.004107151845442303,0.0017733765216421116,1.3071895424836601,9.222948438634713,25.272331154684096,10.871459694989106,NORMAL,False,False,False,0,17.5,12.860021786492375
2021-08-27,0.00410526158848,0.0002877828187295,0.0195787560171165,0.0136145659406516,0.0007557322133944,0.005766359376048501,0.008054422020844108,-0.0109393493224305,0.0215499022458585,0.19230769230769232,0.0,0.00410526158848,0.00307869254705625,0.005145534327808358,0.008974047113943985,0.013272705096929165,0.015482764581623565,0.01695355398111764,19.89832970225127,51.053013798111834,61.14742193173566,41.61946259985476,NORMAL,False,False,False,0,6.730769230769231,31.1528545891291
2021-08-30,0.0135198365217041,0.0202046770770072,0.0068373761319369,-0.0041836263833956,-0.0088920782631285,0.014290537014336894,0.01309777005755852,-0.0088920782631285,0.0420652623879824,0.19230769230769232,0.0,0.0135198365217041,0.0055628366455075535,0.005577985422232204,0.009835087919607119,0.013098249363017837,0.02634515808444582,0.034826292260864644,78.72185911401598,28.104575163398692,83.07915758896151,64.84386347131445,NORMAL,False,False,False,0,6.730769230769231,47.40993519915088
2021-08-31,0.0118804461754233,0.0021171663501664,-0.0102586200529505,0.0033167495854062,-0.0011619015864269,0.00808304863772026,0.013335988453455705,-0.0159275029626811,0.0501011596719076,0.19230769230769232,0.0,0.0118804461754233,0.006289105496816354,0.005811633144637631,0.009832021799726655,0.012915680167191156,0.030533042677837186,0.019951232702179356,37.98111837327524,73.05737109658679,22.80319535221496,43.95061728395062,NORMAL,False,False,False,0,6.730769230769231,32.784662867996204
2021-09-01,-0.0032657347743637,0.0041097785532662,0.001313815151688,-0.0010468454071971,-0.0056463454696678,0.0008544288882361851,0.01737037630602254,-0.0294969986511135,0.0480523816580831,0.5384615384615384,0.07692307692307693,0.0032657347743637,0.007285921628175805,0.005322288688008889,0.009440272103077265,0.013212770468176501,0.026546972674813984,0.027764953006452098,48.656499636891795,37.76325344952796,24.909222948438632,38.26434277414669,NORMAL,False,False,False,0,36.53846153846153,37.74657840344114
2021-09-02,0.009246783727399,0.0070267668861994,0.0204111619861031,-0.002426796356136,-0.0001588658151389,0.006492699146723588,0.012073295272862777,-0.0226651209488742,0.0327866446490265,0.3076923076923077,0.038461538461538464,0.009246783727399,0.0068024357143486895,0.005395469691371831,0.008109677627898697,0.013067562464750222,0.035899114977965274,0.0340772585001492,28.612926652142338,16.848220769789396,27.886710239651418,24.86564996368918,NORMAL,False,False,False,0,12.115384615384617,21.040570359197808
2021-09-03,0.0051902308336972,-0.0019046097856725,-0.0100013854780318,0.0122740497824438,0.0009481196654548,0.004360948416035342,0.01232265415828867,-0.0122632368766683,0.0410127098545012,0.34615384615384615,0.0,0.0051902308336972,0.006699658077532774,0.005415557744276421,0.007999874018706178,0.013012201568195844,0.03701843854282849,0.031810807411915665,29.121278140885988,56.79012345679012,49.092229484386344,43.41321713870733,NORMAL,False,False,False,0,27.115384615384613,38.52386738171052
2021-09-06,0.0031287476677577,-0.0045917724898506,0.0,0.0,-0.0008185581908923,0.004179981172299208,0.011983764491359872,-0.0117787982985476,0.0478553365219758,0.38461538461538464,0.0,0.0031287476677577,0.005851434704906789,0.005192481595691434,0.008097861268431615,0.012985918885369773,0.026386430811178307,0.006732266582409885,6.245461147421931,72.8395061728395,23.16630355846042,31.29992737835875,NORMAL,False,False,False,0,28.46153846153846,30.44841070331266
2021-09-07,-0.0009035189246697,-0.003376449274318,-0.013566206220032,-0.0191162813552318,0.0015823302449375,-0.0073537737077414116,0.00944921016947191,-0.0273516687168683,0.0117056023193249,0.7692307692307693,0.038461538461538464,0.0009035189246697,0.004945165550380117,0.0052611831520887505,0.008066644902420718,0.013104163932253736,0.013419199000055393,0.0012133509355372052,45.025417574437185,32.24400871459695,58.968772694262896,45.37400145243282,NORMAL,False,False,False,0,58.269230769230774,49.2425702474722
2021-09-08,-0.0004953092983268,0.0082098102122729,0.0138991162961972,-0.0028955249019967,0.0038353595249092,0.0005894053137356655,0.008040932037357113,-0.0178717899448289,0.0138991162961972,0.38461538461538464,0.0,0.0004953092983268,0.004213617629043564,0.005313046159096479,0.008240411589819363,0.013035157364378816,0.016236000292804365,0.005301555755303555,21.423384168482208,40.885984023238926,62.16412490922295,39.48438634713145,NORMAL,False,False,False,0,28.46153846153846,36.17753198145355
2021-09-09,0.0009075978909154,-0.0023118071085943,-0.0167388688459798,0.0037415945858505,0.0054311966814655,0.0014660414011139155,0.007967749770870168,-0.0167388688459798,0.0269018173485031,0.46153846153846156,0.0,0.0009075978909154,0.002567013901149187,0.005292182042807421,0.00809954301934172,0.013009904179369373,0.00783906408571755,-0.004021019646074153,13.943355119825709,17.356572258533042,62.817719680464776,29.62962962962963,NORMAL,False,False,False,0,31.153846153846153,30.086894586894587
2021-09-13,-0.0008030985074197,-0.0057628804392388,0.033900756960451,-0.0030043531438266,-0.0035872804619511,0.0031270464379606344,0.011798163111327923,-0.0222831550294992,0.033900756960451,0.38461538461538464,0.038461538461538464,0.0008030985074197,0.0017063427537767429,0.005349017868505385,0.008224750492804694,0.0131148753267131,0.001829941385729894,-0.007871109035469392,29.99273783587509,42.120551924473496,54.756717501815544,41.060275962236744,NORMAL,False,False,False,0,44.80769230769231,42.18450086587341
2021-09-14,0.001423151293159,0.0038729003225133,0.0001419749703865,0.0070870263235909,0.0002244479778255,0.003454283451307463,0.007157110769957256,-0.0085415462237872,0.0250330855900917,0.2692307692307692,0.0,0.001423151293159,0.0010668199767024731,0.0050873246637285425,0.008150420979653836,0.012974778293624175,0.00012655334110966976,0.0005656772172568658,19.753086419753085,47.34931009440813,64.12490922294843,41.343500363108205,NORMAL,False,False,False,0,9.423076923076922,31.767373331098817
2021-09-15,0.0080235453826236,0.0065331374764852,0.0305137887285709,-0.0068154968086664,0.0014957765941774,0.008449345646916486,0.011342458420695362,-0.0068154968086664,0.0363048587038079,0.2692307692307692,0.0,0.0080235453826236,0.0035956520809871193,0.0052313008871250535,0.008226480592492324,0.012996395716050544,0.00906282148560189,0.010514461159840893,24.18300653594771,26.07116920842411,48.148148148148145,31.93899782135076,NORMAL,False,False,False,0,9.423076923076922,25.184221551868607
2021-09-16,0.0062816347635072,0.0221520604159437,0.0,-0.0210890695789194,-0.0028892973968769,0.005391279125563727,0.01831983720213152,-0.0210890695789194,0.0682869974741879,0.46153846153846156,0.038461538461538464,0.0062816347635072,0.0037813545914118915,0.005288194988028035,0.009278083803942643,0.013380213252975627,0.01590457256461253,0.024488581733961734,72.8395061728395,77.5599128540305,74.36456063907045,74.71314451706608,ELEVATED,False,False,False,0,17.5,57.54920116194626
2021-09-17,-0.0025156476006126,0.003805435002411,-0.0088142044383511,-0.0029636106487113,0.0017279843285649,-0.005071028394664957,0.009688446569256506,-0.0223423699534702,0.0142311943170216,0.6538461538461539,0.07692307692307693,0.0025156476006126,0.0045286715451851355,0.005274861817074606,0.008895848617236642,0.013494068036223113,0.012430035299451747,0.03077014819839463,17.501815541031227,33.33333333333333,32.6797385620915,26.80464778503994,NORMAL,False,False,False,0,40.57692307692308,30.93633037260488
2021-09-20,-0.010705054879733,-0.0176200904445219,-0.0233430634525612,0.0070881583634456,0.0017833921142664,-0.007170244088386749,0.01613028153695739,-0.0366659753340455,0.0286897427814478,0.6153846153846154,0.23076923076923078,0.010705054879733,0.0075088384195186745,0.0056797562045878,0.009227386454343674,0.013022340309686829,0.002396939695792799,0.018477247567441735,65.14161220043573,58.75090777051562,26.94262890341322,51.76470588235294,NORMAL,False,False,False,0,59.61538461538461,54.119909502262445
2021-09-21,0.0094901738624639,0.0024270211084269,0.0038411813849723,0.0080599107607699,-0.000503442467748,0.013052219638649594,0.017936365944628354,-0.0249482262216357,0.052140034934456,0.15384615384615385,0.038461538461538464,0.0094901738624639,0.008550755048367054,0.005872479996432572,0.009227800922696249,0.013182867654378252,0.010471806674338335,0.017010333696368507,43.500363108206244,37.83587509077705,6.971677559912854,30.84241103848947,NORMAL,False,False,False,0,6.730769230769232,23.6089184961734
2021-09-22,-0.0008740239935656,-0.0078204901310464,0.0236678834484518,0.0003941166508305,0.0018151908845411,0.011582307572703409,0.034723589719941196,-0.0119405015265572,0.1319583237292734,0.4230769230769231,0.0,0.0008740239935656,0.007915971436008898,0.005832658794505843,0.008927966253625083,0.013821726118262878,0.00155262711375026,0.0025072964297687683,87.36383442265794,97.67610748002905,88.88888888888889,90.91503267973854,HIGH,False,True,False,1,44.80769230769231,77.08283056812466
2021-09-23,0.0157465283671818,0.0223862622281056,0.0148137843706954,-0.0163223959008228,0.0011139190565248,0.020711383518655632,0.030232342992842606,-0.0163223959008228,0.1272103194890348,0.19230769230769232,0.0,0.0157465283671818,0.010426869515581734,0.006489537358176849,0.009946372331989294,0.014631501726002137,0.010973040571201631,0.002736997111909778,92.5925925925926,82.06245461147422,89.54248366013073,88.51851851851852,HIGH,False,False,False,0,6.730769230769231,63.98219373219373
2021-09-24,0.0016972499684944,0.0015513820185919,0.00927694784263,0.001144361192354,-0.0004724809048004,0.0013576260309240004,0.013062708325950094,-0.0201200059247167,0.02768797719889,0.4230769230769231,0.038461538461538464,0.0016972499684944,0.01011317091679022,0.006456533703257492,0.009939855870900073,0.014827647296717924,0.015242907917802473,0.0004853433137606,0.29048656499636893,57.29847494553377,2.178649237472767,17.95933188090051,NORMAL,False,False,False,0,16.153846153846153,17.417686162784204
2021-09-27,0.0001064453827974,0.0090125979354105,0.0198701476697191,0.0001714858755776,-0.0003670044788598,0.006333495168648602,0.02536425236759658,-0.046384929229171,0.0648998410665968,0.34615384615384615,0.15384615384615385,0.0001064453827974,0.007154310592780284,0.0065003297846692775,0.010002821300359723,0.015639669337175897,0.026337980241406322,0.02760887680420243,76.10748002904866,84.38634713144518,39.14306463326071,67.50181554103123,NORMAL,False,False,False,0,17.5,52.50127087872186
2021-09-28,-0.0059646824901542,-0.0059272026252066,-0.0021205571794071,-0.0081142578124999,0.00016806542024,-0.007749334867717606,0.012917788767167827,-0.0323457785136712,0.0157917272264682,0.7307692307692307,0.23076923076923078,0.0059646824901542,0.00812771767701624,0.006355034119494168,0.00939431240746698,0.015617059076365068,0.010625191286584679,0.01904478756207717,46.84095860566449,47.49455337690632,11.474219317356573,36.42701525054466,NORMAL,False,False,False,0,63.653846153846146,44.59506452153511
2021-09-29,-0.0021015082285871,-0.0053234535131282,-0.0061096968904111,-0.0082383041974098,0.0045783413924349,0.0033126077378919116,0.015053108623157889,-0.0141527218114905,0.0467037033145596,0.46153846153846156,0.0,0.0021015082285871,0.008259078964217247,0.006014837179101411,0.009543677372198306,0.015588615646733507,0.009383579598358338,0.021609436523813308,23.674655047204066,79.37545388525781,22.367465504720407,39.99273783587509,NORMAL,False,False,False,0,46.15384615384615,41.84107033126641
2021-09-30,-0.0052593760207388,-0.0084227066259743,0.0026726839950335,0.0196340684450333,0.0021398594262243,-0.0004441876011474187,0.010964151721762226,-0.0199449842753399,0.0203181922550415,0.5769230769230769,0.0,0.0052593760207388,0.003316477581281694,0.006116783080639515,0.009793744578538629,0.015506982383833552,-0.011490737341581347,-0.009176123174830186,28.830791575889613,59.04139433551199,45.89687726942629,43.013798111837325,NORMAL,False,False,False,0,50.19230769230769,45.16735098597843
2021-10-01,-0.0048869834497958,-0.0053227760141074,0.0113287816600049,0.0009684675694106,-0.0009095077745976,-0.0031599825367507,0.014243779906970894,-0.0342361373129077,0.0308821628141882,0.5769230769230769,0.11538461538461539,0.0048869834497958,0.0025486536532134865,0.005999859147477931,0.009796071212353173,0.01550877931956275,-0.017988285100337342,-0.0159766528672165,18.082788671023962,42.70152505446623,4.066811909949164,21.263616557734203,NORMAL,False,False,False,0,54.230769230769226,31.15376235964471
2021-10-04,0.0090804675811375,0.0095027985610069,0.022931016817949,0.00523617027426,-0.0013777304549326,0.013111688493061133,0.01176876452902059,-0.0066011845699673,0.0466798109273998,0.07692307692307693,0.0,0.0090804675811375,0.006271230388627658,0.00620663938488035,0.009974367617352488,0.015574412477074424,-0.009176628131996822,-0.01549859257207975,47.204066811909954,52.723311546840954,39.57879448075526,46.57225853304284,NORMAL,False,False,False,0,2.6923076923076925,33.40827328082229
2021-10-05,0.0074076609199462,0.004293638915632,0.0168770614820861,-0.0037368224257725,0.0056734748639402,0.0074984540237429224,0.023341566031382696,-0.0222883929732413,0.1087393507369716,0.2692307692307692,0.07692307692307693,0.0074076609199462,0.006886442290184674,0.006353396315553658,0.009902850376550023,0.01590349291393407,0.00415250631019215,-0.0053761619929239,76.25272331154684,69.28104575163398,66.3761801016703,71.19825708061002,ELEVATED,False,False,False,0,12.115384615384613,53.4733953410424
2021-10-06,-0.0098921448702895,-0.0058146780072501,-0.0190041808463243,0.0005114937636678,-0.0001287034731317,-0.009192853028529893,0.01162197033181639,-0.0258009924939546,0.0271925369687882,0.8076923076923077,0.11538461538461539,0.0098921448702895,0.00842919734579159,0.006817184981504545,0.009981939710899564,0.016038608444847263,-0.003686955693233407,-0.005867360456778492,33.11546840958606,79.01234567901234,4.720406681190995,38.36601307189542,NORMAL,False,False,False,0,62.30769230769231,45.548516842634484
2021-10-07,0.0081803020160375,0.0061738156798176,0.0112359904837024,-0.0014768392990273,0.0026393747439412,0.015779168415152818,0.03210212505397059,-0.0458059416782727,0.1203691111103861,0.2692307692307692,0.038461538461538464,0.0081803020160375,0.008752473231251374,0.007001712540832348,0.009919786530262561,0.017039129118620606,0.009773966899591757,0.00876677784486879,86.78286129266522,32.38925199709514,70.80610021786492,65.6717501815541,NORMAL,False,False,False,0,10.769230769230766,49.2009943578571
2021-10-08,0.0058936227604964,0.0005840839251516,0.0134099027003768,-0.0009101630147998,0.0009363254791869,0.0021611429636478694,0.015760595073900558,-0.0473595385815077,0.0384273056881088,0.4230769230769231,0.038461538461538464,0.0058936227604964,0.007927577964532166,0.007076603118020417,0.009884299449670765,0.017307003803782667,0.02071340324249893,0.014757308164070837,11.038489469862018,79.30283224400871,1.4524328249818446,28.64197530864197,NORMAL,False,False,False,0,16.153846153846153,24.895536562203226
2021-10-11,0.0028359561343596,0.0137272148935219,0.014744778720152,-0.0009679856487631,0.0063584063731696,0.009630551096597613,0.024912224285989458,-0.0635345996050925,0.0856506931813951,0.23076923076923078,0.038461538461538464,0.0028359561343596,0.0074297431392081606,0.007060590573943455,0.010087780275811227,0.017807805736397012,0.014396903483360646,0.019003712782520443,84.60421205519245,85.62091503267973,82.13507625272331,84.16848220769788,ELEVATED,False,False,False,0,9.423076923076923,61.74486062231159
2021-10-12,0.0025632525445875,0.0059460788879108,0.0014903471384131,0.002108784505683,0.0012854488767619,0.003929775349769153,0.014015554776701404,-0.0403331224987403,0.0293020407017023,0.34615384615384615,0.038461538461538464,0.0025632525445875,0.006995721957040161,0.007062853680812891,0.010113373360447295,0.017971084465984038,0.009518885332610028,0.02068035634736498,3.848946986201888,74.58242556281772,2.541757443718228,24.676833696441534,NORMAL,False,False,False,0,13.461538461538462,21.312245125970612
2021-10-13,0.0094375978492116,0.0029659107859958,-0.0024801209047115,0.0201330269923745,0.0010781965705335,0.013498321692839675,0.04193096117005936,-0.0275091467323073,0.2044670284712515,0.3076923076923077,0.07692307692307693,0.0094375978492116,0.0030889811171724265,0.00713560664823843,0.010071582106249533,0.01887962138384044,0.029227586988552545,0.029694947792414883,94.77124183006535,99.20116194625999,96.87726942628903,96.73202614379085,CRITICAL,False,True,True,2,13.461538461538463,71.75087983911511
2021-10-14,0.0097347877407187,0.0182512006051784,0.0108154536397635,0.0016725205339054,-0.0023528814838668,0.008060539167088375,0.015596656405330271,-0.0183467671168269,0.053003335588053,0.3076923076923077,0.0,0.0097347877407187,0.003448048572646136,0.0072892143963768875,0.009700142177200218,0.018795082060613474,0.03081452494818393,0.04205466342642383,54.103122730573716,83.44226579520696,34.42265795206972,57.00072621641249,NORMAL,False,False,False,0,10.76923076923077,43.13127758225797
2021-10-18,0.0075523961327199,0.0087416008872072,0.0138974900595487,-0.017754718768119,-0.0039890393105873,0.0061151776316966805,0.016234458841863662,-0.0237779601935981,0.0445286671035818,0.2692307692307692,0.07692307692307693,0.0075523961327199,0.003503419465492817,0.0073086667630686665,0.009804868875593196,0.01894275420968413,0.03251439424548863,0.05055027986571736,70.22512708787218,83.2244008714597,75.96223674655047,75.84604212055191,ELEVATED,False,False,False,0,12.115384615384613,56.726844869001724
2021-10-19,-0.0031553077349963,-0.0036362147340275,0.0063075767548161,0.0027764631732662,0.0030610792832146,-0.010814049060790561,0.023841934873572813,-0.0632259907397361,0.0213407170712167,0.5769230769230769,0.23076923076923078,0.0031553077349963,0.005495802584106617,0.006765401421817001,0.008737677249893907,0.01918057748919364,0.02634582186134904,0.03255613352471509,84.31372549019608,96.15105301379812,81.40885984023238,86.99346405228758,HIGH,False,True,False,1,58.269230769230774,78.37619406737053
2021-10-20,-0.00826062521208,-0.0005640050384054,0.0109691860191896,0.0081369863883009,-0.0015337785702385,-0.006390352461698569,0.013096978857876706,-0.0337397979735779,0.0239656623970172,0.6923076923076923,0.15384615384615385,0.00826062521208,0.008249162965054605,0.007012371004103508,0.008776480092755912,0.019076154215489187,0.015265182626170493,0.02587383988198866,45.969498910675384,82.64342774146695,25.780682643427745,50.91503267973856,NORMAL,False,False,False,0,59.61538461538461,53.52513826043237
2021-10-21,-0.0048449082967022,0.0129561082192026,-0.0163348360762736,-0.0016254831308486,-0.0041387784169677,-0.004377279534666615,0.014597438081645072,-0.0288476125686973,0.0433354145737654,0.6923076923076923,0.15384615384615385,0.0048449082967022,0.00795709017267165,0.007152603728193075,0.008655176053201406,0.018636856087984262,0.000900222135807649,0.03609221529412143,60.856935366739286,95.64270152505446,37.400145243282495,64.2556281771968,NORMAL,False,True,False,1,44.61538461538461,58.363555108653145
2021-10-22,-0.0034766680845673,0.0073306834802098,0.0152727531664298,0.0080283231642337,0.0007513213904473,-0.0023073593596388154,0.015064358290958913,-0.0336614745673792,0.0297866583306263,0.46153846153846156,0.11538461538461539,0.0034766680845673,0.005939224355885225,0.006434477748769448,0.007562592030132753,0.017763967707112163,-0.012195641481859143,0.024980357263959974,32.534495279593315,93.17356572258532,15.105301379811184,45.49745824255628,NORMAL,False,False,False,0,35.192307692307686,42.4059130774817
2021-10-25,0.0005796333280105,0.0215443893061664,0.0,0.0058479532163742,0.0017136874261038,-0.000492310816825208,0.028066921680830907,-0.0306032266094565,0.1085210236560001,0.5,0.2692307692307692,0.0005796333280105,0.00318925482663183,0.006431423654519579,0.008572984148881857,0.018485287409225684,-0.01903173806189029,0.03798924540349735,92.95570079883805,99.41902687000727,90.55918663761801,94.1757443718228,HIGH,False,True,False,1,26.923076923076923,73.99994413719904
2021-10-26,0.0078894808897,0.0011143531550248,0.0106255893857416,-0.0073643681218853,0.00128276159272,0.008882700382914055,0.01577745524436299,-0.0146133410286918,0.0599082907151691,0.2692307692307692,0.0,0.0078894808897,0.006188976741333857,0.006621407864033189,0.00852630855623504,0.01810170868278426,-0.008162856294536724,0.0429382795327129,47.6397966594045,93.4640522875817,42.41103848946986,59.818445896877265,NORMAL,False,False,False,0,9.423076923076922,44.699835204737155
2021-10-27,-0.0031448386638428,-0.0088255225359153,-0.0235085390182911,0.0029006935816493,-0.0026767435639024,-0.006589833019209264,0.01944190172456219,-0.0646158450637782,0.0162668487041857,0.5769230769230769,0.19230769230769232,0.0031448386638428,0.0051534815573842045,0.006490312246913176,0.008724559519268173,0.018447570080979806,-0.003046565415297131,0.03431716433512233,73.42047930283225,92.66521423384168,44.95279593318809,70.65359477124183,ELEVATED,False,False,False,0,56.92307692307692,66.53443941679235
2021-10-28,-0.0194223384240636,-0.0334048758222703,0.0018145885535827,0.002057929318445,0.0021512172470654,-0.021332456774293903,0.01816626343199743,-0.0559866547394133,0.0021512172470654,0.8076923076923077,0.5,0.0194223384240636,0.010000126385802912,0.007958555204091947,0.01193313527473425,0.019201088328849016,-0.01765033838903196,-0.013021472709934367,93.68191721132898,91.14015976761075,58.46042120551924,82.3529411764706,ELEVATED,False,False,False,0,75.76923076923077,80.37782805429865
2021-10-29,-0.0103935157639054,-0.0099558312874419,0.0091776616186072,-0.0103241428940894,-0.0033684207530094,-0.005512289527338331,0.01103075379440217,-0.0239934417476448,0.0195298313593808,0.6538461538461539,0.11538461538461539,0.0103935157639054,0.01046129543508853,0.008230251544175716,0.012010699213714279,0.019240050033987384,-0.02446880691816533,-0.029958729925618433,62.16412490922295,71.45969498910677,46.40522875816993,60.22512708787219,NORMAL,False,False,False,0,56.92307692307692,59.23451203843361
2021-11-01,0.0145996550575078,0.0165700668638808,0.0057437281163867,0.0067863015064146,0.0017526843365835,0.01423626880167427,0.014837416350742347,-0.0157196059109027,0.0501499792444588,0.07692307692307693,0.0,0.0145996550575078,0.013680328447454128,0.008736245690029154,0.012275998273870551,0.019531481534578374,-0.010799761427684018,-0.03468226236354932,75.52650689905592,59.98547567175018,54.103122730573716,64.43718228031953,NORMAL,False,False,False,0,2.6923076923076925,45.913719903915975
2021-11-02,-0.0022700482713416,0.004393381850918,-0.0016656678710912,-0.0035652746371263,-0.0013132061270326,0.0016858782376166616,0.012961863666295202,-0.0155986687218907,0.0518527604269885,0.5384615384615384,0.0,0.0022700482713416,0.01253312724859429,0.00856144099798168,0.012194659822454473,0.019379740163784485,-0.02077090296694628,-0.031520481142064294,41.90268700072622,87.50907770515613,21.060275962236748,49.33188090050835,NORMAL,False,False,False,0,33.84615384615384,44.686162784202
2021-11-03,-0.0033400508475575,-0.0134305882831624,-0.0363485033803553,-0.0140325243311452,-0.0015756356605073,-0.005324373854266557,0.013764886353921478,-0.0363485033803553,0.0334489546320815,0.7307692307692307,0.07692307692307693,0.0033400508475575,0.012529609397900734,0.008447582320662249,0.012736823377960258,0.019124455689518694,-0.020962663473189203,-0.03602010452887072,67.75599128540306,88.01742919389977,39.50617283950617,65.359477124183,NORMAL,False,False,False,0,58.269230769230774,63.232403217697325
2021-11-04,0.0049133761659847,0.0043562839701123,-0.0253524985936665,0.0166704608874213,-0.003700836474209,0.004175917448101526,0.009224770723353938,-0.0253524985936665,0.0280918442010327,0.15384615384615385,0.038461538461538464,0.0049133761659847,0.009475787847050802,0.008174476437264594,0.012600898506263654,0.018960955235526086,0.0033348237410577575,0.0016388883203797278,44.15395787944807,77.70515613652869,54.46623093681917,57.31299927378359,NORMAL,False,False,False,0,6.730769230769232,42.13833026087928
2021-11-08,0.0084697040421863,-0.0034226492039236,0.039588920736387,0.0191857358695273,-0.0032833798497603,0.008236526164419312,0.014569649552945053,-0.0152946542210173,0.0412497992607228,0.34615384615384615,0.0,0.0084697040421863,0.00750381850953497,0.008188484408722397,0.012645967454297797,0.018415766386610057,0.022459724012849458,0.008248582560425266,51.4161220043573,75.6717501815541,45.461147421931734,56.90631808278867,NORMAL,False,False,False,0,27.115384615384613,47.96903804256745
2021-11-09,-0.0013449214352717,-0.0017609813714735,0.0270963165193944,0.001532191485392,-0.0036742717476164,0.0010189719647006848,0.012564700238579635,-0.0174973900765113,0.0379871635848538,0.5,0.0,0.0013449214352717,0.00514127985557002,0.008111482399765222,0.012673187124699085,0.018272410709272248,0.006391625429290615,-0.009932410567928929,19.026870007262165,31.154684095860567,16.485112563543936,21.902687000726218,NORMAL,False,False,False,0,47.5,29.581880900508352
2021-11-10,-0.0014991358050348,-0.0087772774286446,-0.0333928120859761,0.0095071712808871,0.003467254351124,-0.001219252837458927,0.012470603784993952,-0.0333928120859761,0.0308243785131323,0.5384615384615384,0.07692307692307693,0.0014991358050348,0.005018074169593407,0.008102176231829732,0.012589473377638402,0.017780304660964506,0.007169230480322364,-0.022915215034559067,37.32752360203341,66.66666666666666,16.848220769789396,39.98547567175018,NORMAL,False,False,False,0,51.53846153846153,43.45137143176358
2021-11-11,-0.007970140510272,-0.0118660606640589,0.0030735187024288,0.0084433729119262,0.0031021660751191,-0.01101816666481769,0.012603925189367253,-0.0425776563710339,0.0084433729119262,0.7692307692307693,0.23076923076923078,0.007970140510272,0.006366645154180059,0.008282821196353755,0.01284996129297127,0.017856396363056835,0.002490318834864391,-0.02136572838503481,64.12490922294843,71.67755991285402,20.11619462599855,53.18809005083515,NORMAL,False,False,False,0,65.0,56.7316630355846
2021-11-12,0.0128206066843303,0.0044904944598966,-0.0098050675115886,0.0025225812394591,-0.0011128543858798,0.009890698556101547,0.00970483392187686,-0.0098050675115886,0.0296875032249084,0.15384615384615385,0.0,0.0128206066843303,0.008392458151252046,0.008523146101680487,0.012872179214527176,0.01676511282081295,0.01037848335873659,-0.02123495508574913,40.52287581699346,81.11837327523602,36.31082062454611,51.43790849673202,NORMAL,False,False,False,0,5.384615384615385,37.62192056309703
2021-11-15,0.0003700663573213,-0.0008003531396867,0.0011139539159645,-0.0009636751456705,0.0002408241977196,0.0014036931933255113,0.00885153110187626,-0.0100385059329782,0.0223273035895559,0.5,0.0,0.0003700663573213,0.007598597559480454,0.008204049963626257,0.01215118129678597,0.016387535922838845,0.0022635150984240404,-0.01865952857917552,6.753812636165578,18.88162672476398,11.76470588235294,11.895424836601308,NORMAL,False,False,False,0,32.49999999999999,18.076797385620914
2021-11-16,-0.0060879819517564,-0.0102125753467988,-0.0014836192045299,-0.0066984621207527,0.0012792629474958,-0.00040678264413409227,0.019419014972781087,-0.0232367461905688,0.0729366443111267,0.6538461538461539,0.07692307692307693,0.0060879819517564,0.00815810688667439,0.00805662346302732,0.012111239230819717,0.016451761717255778,-0.0024966835002842025,-0.02696805094829502,52.14233841684822,86.27450980392157,10.530137981118374,49.89832970225127,NORMAL,False,False,False,0,55.57692307692308,51.60190771465281
2021-11-17,-0.005586294529162,-0.0069321340204419,-0.0297177001287153,0.0086857875474715,0.0003157941022453,-0.004404375497652592,0.014974554366245221,-0.0430007763040068,0.0278744270301831,0.6153846153846154,0.11538461538461539,0.005586294529162,0.008484811330177148,0.008104625543343211,0.012161362275517845,0.015869890433525848,-0.006579758967288907,-0.025156769340357377,25.70806100217865,7.262164124909224,0.2178649237472767,12.52723311546841,NORMAL,False,False,False,0,55.57692307692308,25.442140103904812
2021-11-18,-0.0074781956434608,-0.0017165845666139,0.0082950679021949,-0.0046531269182641,-0.0026699283298894,-0.009622343498097066,0.012674671880048165,-0.0385739166236122,0.011341927003142,0.7692307692307693,0.19230769230769232,0.0074781956434608,0.00839032055549558,0.008071586749408548,0.012157628737097052,0.01593357779924002,-0.00608712461411165,-0.0151438068517038,49.74582425562818,43.64560639070443,7.4074074074074066,35.21423384168482,NORMAL,False,False,False,0,63.653846153846146,43.74611753533322
2021-11-22,-0.0196033721001568,-0.0223151930500162,-0.0286040004445732,-0.029554003224073,0.0005762643011713,-0.02427195356242293,0.014479548650766366,-0.0570009797954095,0.0005762643011713,0.9615384615384616,0.5769230769230769,0.0196033721001568,0.007313159016545624,0.009025171795504192,0.01244142142608402,0.016655897088164017,-0.037905799878471425,-0.041425536247192585,96.87726942628903,94.91648511256355,89.32461873638344,94.02323892519972,HIGH,True,False,False,1,83.84615384615385,90.97011340148596
2021-11-23,0.0049836979327988,0.0038783304925067,0.0228013029315961,-0.0124584717607973,0.0017119845076336,0.005915957813471481,0.010150780240959521,-0.0127883405241214,0.0288961911410485,0.23076923076923078,0.0,0.0049836979327988,0.008735151553433724,0.009154533810043435,0.012303787192232513,0.016568397014151158,-0.03346869372191952,-0.03693707724113593,53.95787944807553,30.28322440087146,69.93464052287581,51.648511256354396,NORMAL,False,False,False,0,8.076923076923077,38.57703480252499
2021-11-24,-0.0050446817378146,0.0045381726534592,-0.0014012816605294,0.0003364034684258,0.0002310452913349,-0.002874352814791696,0.013432210422184879,-0.0235477768506835,0.0460121830192001,0.5769230769230769,0.07692307692307693,0.0050446817378146,0.008767452311675923,0.009167981511163492,0.010971689807265924,0.015777013512488357,-0.03245413478681214,-0.022584603034883632,25.925925925925924,67.10239651416123,2.4691358024691357,31.24183006535948,NORMAL,False,False,False,0,37.88461538461539,33.23466566113625
2021-11-25,0.006959452503032,-0.0020618614781302,0.0,0.0,0.0023909815998639,0.004151185339857515,0.014595412495511861,-0.0126411741787556,0.0601981246177392,0.38461538461538464,0.0,0.006959452503032,0.010694205772582557,0.009117630711766515,0.010905828856597594,0.015705555069684227,-0.020247358472056276,-0.017791094420468334,30.065359477124183,65.64996368917939,5.737109658678286,33.44226579520698,NORMAL,False,False,False,0,28.46153846153846,31.948047595106424
2021-11-26,-0.0290712541877539,-0.0358426034197693,-0.1306288805140844,0.0006726490996074,-0.0015973421796482,-0.03351699063014454,0.030980965599262535,-0.1306288805140844,0.0346937294836824,0.8846153846153846,0.6923076923076923,0.0290712541877539,0.015645291521846485,0.010947835696066837,0.012911346558372692,0.01734883030204343,-0.04156261427256169,-0.05136761098013953,99.34640522875817,84.89469862018882,96.94989106753813,94.29193899782136,HIGH,True,False,True,2,85.1923076923077,91.56204960616725
2021-11-29,0.0016151341742889,-0.0013615730619974,0.0264122579906291,-0.0016803898044864,0.0063860742539338,0.00030700571402498124,0.012770120095451767,-0.0211781705495806,0.0264122579906291,0.5384615384615384,0.07692307692307693,0.0016151341742889,0.01467943383608187,0.01030926326428139,0.01123948687440412,0.01662251884476617,-0.02081936699489073,-0.031036638823726315,61.51053013798112,76.76107480029049,38.416848220769786,59.15758896151053,NORMAL,False,False,False,0,36.53846153846153,52.371850734595824
2021-11-30,-0.004148599194972,-0.007814773377761,-0.0538955941035411,-0.0048813740693706,0.0009776161712855,-0.004645172891431768,0.014838746419404844,-0.0538955941035411,0.0205412270130651,0.6538461538461539,0.07692307692307693,0.004148599194972,0.013807077342762186,0.010142793297314953,0.011196016717503858,0.01660835594883378,-0.02971719140811757,-0.04232305559811678,69.2084241103849,71.24183006535948,34.277414669571534,59.33914306463326,NORMAL,False,False,False,0,55.57692307692308,58.2104770683202
2021-12-01,0.0108166411704213,0.0187587048258728,-0.0092172953692757,0.0045105999718775,-5.326504564728829e-05,0.009555004219729686,0.014913659579166266,-0.0151249376316248,0.0365284372792469,0.2692307692307692,0.0,0.0108166411704213,0.01574916571000451,0.009849226325305379,0.011421274025196014,0.0163968307094451,-0.014249191331223265,-0.028765904491880212,55.119825708061,52.21496005809732,31.154684095860567,47.05882352941177,NORMAL,False,False,False,0,9.423076923076922,35.76809954751131
2021-12-02,0.0136745711024337,0.0039419694658227,0.0141833202608538,-0.0117310421533817,-0.0004397650032448,0.011706275457916986,0.010324969365903956,-0.0117310421533817,0.0280404908387155,0.15384615384615385,0.0,0.0136745711024337,0.017020800352738483,0.0104630311756462,0.011403424531088894,0.016668236928605463,-0.007675506985530101,-0.022922731361859627,67.53812636165577,58.09731299927379,74.43718228031953,66.7755991285403,NORMAL,False,False,False,0,5.384615384615385,48.358304005362825
2021-12-03,-0.0117776858673942,-0.0085213967939021,-0.0036089904326245,0.0120974893047212,-0.0004585697627091,-0.008073408170028336,0.009623137511333002,-0.0300460469118586,0.0131944343257086,0.8461538461538461,0.038461538461538464,0.0117776858673942,0.010509523171368128,0.010715509132081904,0.01125102462007186,0.016624209251973353,0.009999148842643635,0.004764584050110265,50.98039215686274,82.78867102396515,44.299201161946264,58.51851851851852,NORMAL,False,False,False,0,60.96153846153847,59.2514245014245
2021-12-06,-0.0165409195759996,-0.0127426491647962,0.048747292837362,-0.0025252525252524,0.0033407822786528,-0.016004056216918992,0.01572593633988791,-0.0340363128296091,0.048747292837362,0.9230769230769231,0.38461538461538464,0.0165409195759996,0.013423832447306697,0.011081042453143132,0.011218471011206294,0.017069822020394,-0.00830888006833097,-0.006686309374383637,91.21278140885984,77.26942628903414,74.94553376906318,82.14960058097313,ELEVATED,False,False,False,0,75.76923076923077,80.23548963745041
2021-12-07,0.0156365485816494,0.024695013840847,0.0368399088600779,0.0028691845771799,0.0020907465325012,0.0172502995563345,0.011088844071616692,0.0020907465325012,0.0390437909836531,0.0,0.0,0.0156365485816494,0.015271869131653472,0.01157049368653613,0.013043499200975528,0.01745441877476563,0.01139361303530917,0.025860452920701382,87.21859114015976,21.85911401597676,77.63253449527959,64.7349310094408,NORMAL,False,False,False,0,0.0,45.31445170660856
2021-12-08,0.0170609485278816,0.0181957907665943,0.0043025335942188,0.0004488100746562,0.0002295154431104,0.018138006905414318,0.009201786362098488,0.0002295154431104,0.0363712880735651,0.0,0.0,0.0170609485278816,0.016353148873200923,0.012368627814641502,0.01392674491939695,0.017966220092933007,0.017641484629361992,0.025293614797923913,87.07334785766159,3.2679738562091507,73.27523602033406,57.79230210602759,NORMAL,False,False,False,0,0.0,40.45461147421931
2021-12-09,0.0026960665936832,-0.0054244354920159,-0.019624076243335,-0.0049344222875719,-0.0003354931972582,0.0011991722161975348,0.012057679217964985,-0.019624076243335,0.0464549326496646,0.5,0.0,0.0026960665936832,0.015371656459454403,0.01240494032763548,0.013868827766604783,0.01798360900132254,0.006620016846911492,0.0157280069351573,47.131445170660854,91.35802469135803,6.535947712418301,48.220769789397245,NORMAL,False,False,False,0,32.49999999999999,43.50453885257807
2021-12-10,-0.0003167708948091,0.0006256190747768,0.0102903256613504,0.0046771379140724,0.0028639845192213,0.004604714098129367,0.011936408483558822,-0.0085020111942396,0.0514299741746782,0.3076923076923077,0.0,0.0003167708948091,0.013673268045869694,0.012307106440982922,0.013703016324935225,0.01787747561355441,0.018294299301169437,0.025098738857817215,53.086419753086425,82.57080610021787,20.697167755991288,52.21496005809732,NORMAL,False,False,False,0,25.769230769230766,44.28124127143735
2021-12-13,-0.0081690551168631,-0.0048618076803549,-0.0053020407859117,0.0019070191079164,0.0014656464698841,-0.006074436245962208,0.011523681454849805,-0.0313653361216618,0.0231814844091193,0.6923076923076923,0.11538461538461539,0.0081690551168631,0.01078047919924783,0.011960996129291858,0.013635344535580018,0.01775441735065009,0.026962704548478156,0.03328165150972584,50.76252723311547,12.999273783587508,5.809731299927378,25.947712418300654,NORMAL,False,False,False,0,58.269230769230774,35.64416792357969
2021-12-14,-0.0024959111813221,-0.000847689467006,-0.0078552048169742,-0.0089010938696965,0.0015440177575143,-0.0022242388463572463,0.00937290903765065,-0.0255754103878885,0.0101633839183281,0.5,0.07692307692307693,0.0024959111813221,0.009434074108399061,0.011948260858088684,0.013635074867270155,0.0177523476147293,0.008628035572354253,0.007524907989491458,38.344226579520694,4.793028322440087,4.212055192447349,18.03921568627451,NORMAL,False,False,False,0,50.19230769230769,27.68514328808446
2021-12-15,-0.0059740603216401,-0.0028296170323781,0.0019793493991784,-0.0044058115231366,0.0029053859008694,-0.007044670226564336,0.01333222481953018,-0.0334213425152202,0.0251966182517342,0.6923076923076923,0.15384615384615385,0.0059740603216401,0.0043403215475289495,0.011946308626095857,0.013508968387794818,0.017573357941814246,-0.014215979586141403,-0.013280149593934532,40.2323892519971,59.18663761801016,0.7262164124909223,34.066811909949166,NORMAL,False,False,False,0,59.61538461538461,41.7313837215798
2021-12-16,0.0015678167505297,-0.0065481944392534,0.0213065394146434,0.0192896859587765,0.0021591830137848,0.002215778330012027,0.01188675680899355,-0.0154797843341611,0.0265217593200297,0.4230769230769231,0.0,0.0015678167505297,0.003995398403718284,0.011944735591567815,0.01350175973385468,0.017545341973160357,-0.015325199721205385,-0.014395032464457502,49.673202614379086,48.72912127814089,40.81336238198983,46.732026143790854,NORMAL,False,False,False,0,29.807692307692307,41.65472599296129
2021-12-17,-0.01525945397337,-0.02544551317849,-0.0210002307370166,0.0040076106757371,-0.0005760231994995,-0.01672670040938906,0.021865056249475063,-0.056989934559045,0.0411298729366358,0.7692307692307693,0.5384615384615384,0.01525945397337,0.006323993634470083,0.012262584971094202,0.014490019593532313,0.018107855353094917,-0.030043545540792027,-0.040074804167539946,92.73783587509078,95.20697167755992,39.21568627450981,77.42193173565722,ELEVATED,False,True,False,1,75.76923076923077,76.92612144572928
2021-12-20,-0.0218425462793778,-0.0330948816156753,-0.0371153998132165,-0.0055993443745673,-0.0021204141623912,-0.02170814691567605,0.01845708638633121,-0.0602256022315733,0.0174194731881052,0.9230769230769231,0.6153846153846154,0.0218425462793778,0.009579296042808364,0.012439086895696467,0.015413475729778144,0.01808141984990995,-0.043415472557683854,-0.06730884988649832,97.53086419753086,95.49745824255628,78.86710239651417,91.32171387073348,HIGH,True,True,False,2,83.84615384615385,89.07904586335958
2021-12-21,0.009428705444209,0.0048780128168774,0.042356723544771,-0.0032334988658628,-0.003253680039204,0.00962237042425777,0.01396335623143986,-0.0126047251938329,0.042356723544771,0.23076923076923078,0.0,0.009428705444209,0.012561611555104836,0.012614203995248709,0.015440730601688034,0.018255352432751674,-0.03198002694144231,-0.061964007271347876,78.79448075526507,21.641249092229483,81.91721132897604,62.585330428467685,NORMAL,False,False,False,0,8.076923076923077,46.2328082230043
2021-12-22,0.0110071709945933,0.0121836350487674,0.0230596080752718,0.0076625935369984,-0.0009542949516628,0.011816127431462386,0.010444052556050467,-0.0074553044929628,0.0372574679432287,0.11538461538461539,0.0,0.0110071709945933,0.014806015140113102,0.012921178551899528,0.015744166910979067,0.01836014158416769,-0.015443063040318838,-0.04784107395867643,76.32534495279593,15.468409586056644,67.68336964415396,55.47567175018155,NORMAL,False,False,False,0,4.038461538461538,40.04450868666554
2021-12-23,0.0069093062126275,0.0046145793095204,0.0141561125488751,0.0053285833237288,-0.0030110778148552,0.009069913011610555,0.008908007816279928,-0.0063322650905904,0.0270468954802682,0.23076923076923078,0.0,0.0069093062126275,0.015400531464764501,0.012919505086696398,0.015840187962831563,0.018315726722009814,-0.010192294779146516,-0.037142281521256204,71.53231663035584,24.981844589687725,54.32098765432099,52.40377632534495,NORMAL,False,False,False,0,8.076923076923077,39.10572035081838
2021-12-24,-0.0040327548791804,-0.0094937976955717,0.0,0.0,-0.0051830560183173,-0.005430311853394721,0.010586401492634366,-0.0251612961863605,0.0307551408276591,0.6923076923076923,0.038461538461538464,0.0040327548791804,0.013699677382692467,0.011178440040992953,0.013934808449524536,0.016181331441949363,0.001092173309896971,-0.021382021234734316,54.248366013071895,80.4647785039942,20.84241103848947,52.091503267973856,NORMAL,False,False,False,0,55.57692307692308,53.137129210658614
2021-12-27,0.0048518709108285,0.0057621053016143,0.0241224929829526,-0.0017115590048089,0.0032984274995391,0.005269095234326996,0.006918386063602132,-0.0083029162002088,0.0241224929829526,0.19230769230769232,0.0,0.0048518709108285,0.005893959432900298,0.011226491147817468,0.014030716559870149,0.01609234755063335,0.028412490727646178,0.017945670050473872,41.24909222948438,56.499636891793756,56.499636891793756,50.39941902687,NORMAL,False,False,False,0,6.730769230769231,37.298824088039765
2021-12-28,0.0086034091740434,0.0035911991886541,0.0054254818547716,0.0011614266989066,-0.0044440221368422,0.008031806476135954,0.007362757555248837,-0.0044440221368422,0.0264450499584005,0.07692307692307693,0.0,0.0086034091740434,0.005771363091253554,0.011330866727582201,0.013979345104636328,0.015958284774377884,0.027571673552335252,0.01664212241155183,61.074800290486564,83.87799564270153,71.67755991285402,71.0965867828613,ELEVATED,False,False,False,0,2.6923076923076925,50.57530305569521
2021-12-29,-0.0011402602889762,-0.0039336299043805,0.0076335111349692,-0.0028173548356557,-0.003138133001649,2.382157897280386e-05,0.009290467138052289,-0.0149965975667869,0.0290761892294348,0.6538461538461539,0.0,0.0011402602889762,0.005401489420932982,0.011086926297552693,0.013223479626588219,0.015601405196399461,0.015225216819353182,0.0004538637971471804,16.412490922294847,27.378358750907772,17.356572258533042,19.985475671750184,NORMAL,False,False,False,0,52.88461538461539,29.855217585609743
2021-12-30,-0.0005606259494814,0.0005194215739185,0.0056165140920581,0.0042102795904535,-0.0023373536551122,-6.556004606646179e-05,0.00960829188695213,-0.0180644971664809,0.0194672924952223,0.5384615384615384,0.0,0.0005606259494814,0.0050870464412244645,0.010623212765997151,0.013167796464970499,0.015333493240438038,0.0076935916251952285,-0.0036243334178061026,2.7596223674655045,1.888162672476398,9.222948438634713,4.437182280319535,NORMAL,False,False,False,0,33.84615384615384,13.259873750069826
2021-12-31,0.0087248317576065,0.0119238945573494,-0.0231198704855987,0.0081646434748106,-0.0018653421836821,0.009430647055098919,0.010482301543805788,-0.0231198704855987,0.0296677421524396,0.11538461538461539,0.038461538461538464,0.0087248317576065,0.004780605313756522,0.010467513405377122,0.013420663078273342,0.015348316012225003,0.02060138388590782,0.017920274122771307,36.38344226579521,67.39288307915758,32.97022512708787,44.66230936819173,NORMAL,False,False,False,0,5.384615384615385,32.87900117311882
2022-01-03,0.0156533158122078,0.0264982342694084,0.0115676473497212,-0.015376183631156,0.0011097961160928,0.012958433117951734,0.014161483834545628,-0.015376183631156,0.0350539357039698,0.11538461538461539,0.0,0.0156533158122078,0.00709024082911917,0.010179229862583721,0.014430425460665667,0.014974772133260754,0.03157212488111805,0.03890707206621968,81.55410312273057,81.26361655773421,61.801016702977485,75.54103122730574,ELEVATED,False,False,False,0,4.038461538461538,54.090260320652476
2022-01-04,0.0101868742352642,0.0114833946059897,0.0119610411515973,0.0081138020383719,-0.0014830024512952,0.008054831867584501,0.0115399305929964,-0.0160771671793346,0.0332052880548292,0.23076923076923078,0.0,0.0101868742352642,0.007254750262309924,0.009866429206902675,0.013567683331894245,0.014748801025586221,0.033191649862910566,0.04707698989713216,45.60639070442992,10.312273057371096,22.875816993464053,28.19898329702251,NORMAL,False,False,False,0,8.076923076923077,22.16236523099268
2022-01-05,0.006739585234692,0.0232287926329513,0.0111702900924,0.0058434264531077,0.0017687311023197,0.009534892474194322,0.017407141098053712,-0.0286971149196908,0.0497768784298573,0.23076923076923078,0.038461538461538464,0.006739585234692,0.005887344549414579,0.009281238205912713,0.013956432491215054,0.014807196058071823,0.04134233436203649,0.07563045629513265,74.07407407407408,75.09077705156136,66.30355846042121,72.0479302832244,ELEVATED,False,False,False,0,9.423076923076923,53.26047427518016
2022-01-06,-0.0100054174627969,-0.0054555225585639,0.0206808046487856,-0.0196755589687727,-0.0014060174188116,-0.005384844712933874,0.010261646319631388,-0.0215013371763397,0.0206808046487856,0.7692307692307693,0.038461538461538464,0.0100054174627969,0.009676310323488443,0.009611442950053168,0.013957145330982156,0.014832174362030687,0.03150155612435479,0.06920696091365386,80.31953522149601,68.70007262164125,90.77705156136528,79.97095134350036,ELEVATED,False,False,False,0,58.269230769230774,73.46043517121947
2022-01-07,0.0037641836511315,0.0066511819044172,-0.0070475404611876,0.004640268940963,-0.0001451458849398,0.002536521769768007,0.010646000276496573,-0.0129189662665135,0.0414457364786262,0.4230769230769231,0.0,0.0037641836511315,0.009614499669030293,0.009632156004146193,0.014021704987450341,0.014751716559212926,0.02642889797208281,0.06363577013366073,34.059549745824256,68.77269426289034,31.735657225853302,43.776325344952795,NORMAL,False,False,False,0,14.807692307692308,35.085735433774644
2022-01-10,0.0107003189218717,0.0161182442062737,-0.0084917383521919,0.0007790898241861,-0.0020061950203223,0.008673388460970603,0.012698321232249902,-0.0252986389228583,0.0277764034574923,0.2692307692307692,0.038461538461538464,0.0107003189218717,0.008463161268355883,0.009621432079736984,0.014345760556137005,0.014869981120901531,0.021423352220734104,0.05288024386367152,45.38852578068264,36.38344226579521,14.524328249818447,33.42774146695716,NORMAL,False,False,False,0,10.769230769230766,26.63018825763924
2022-01-11,0.0029133112526023,0.0024591145842882,0.038220602524166,0.0112321791023419,-0.0028678799804863,0.004648260361173585,0.012007044082167568,-0.0079482936293753,0.0431257929384709,0.34615384615384615,0.0,0.0029133112526023,0.007791887910876135,0.009568978878864789,0.014330379285968097,0.01488190754451494,0.014068884177419472,0.04348662830793182,44.95279593318809,29.847494553376908,42.120551924473496,39.57153231663035,NORMAL,False,False,False,0,12.115384615384613,31.33468800625663
2022-01-12,0.0086731157318304,0.0074228573687322,0.0174833556710578,0.0047288989889966,-0.0032636917690374,0.009765353616305815,0.012170110096764697,-0.014300322093201,0.0465295842333319,0.15384615384615385,0.0,0.0086731157318304,0.008077637486766692,0.009477633312731156,0.014326039907682454,0.014793253263109632,0.016016491227458296,0.027367767878219817,30.137981118373276,22.948438634713145,8.061002178649238,21.358024691358025,NORMAL,False,False,False,0,5.384615384615385,16.566001899335234
2022-01-13,0.0024956237305924,-0.0066516120715689,-0.0062923117970344,-0.0032837128723388,-0.0002194288256299,-0.0014185896709390069,0.01682798591208933,-0.0601719856792,0.0350394459197191,0.46153846153846156,0.038461538461538464,0.0024956237305924,0.003729048786920136,0.009473326976946828,0.014329559798036486,0.01500932332323051,0.028846121039619366,0.026132203415260902,50.68990559186638,82.35294117647058,13.507625272331156,49.03413217138707,NORMAL,False,False,False,0,32.5,44.07389251997095
2022-01-14,-0.0001123235637506,-0.0025877843783118,0.0207013747124229,-0.0025806892696492,0.0023468426948589,-0.0010525867506989426,0.012480795368822491,-0.0256514320806739,0.0207013747124229,0.5769230769230769,0.07692307692307693,0.0001123235637506,0.004547682479006937,0.008501572745272854,0.012799565151697181,0.013883798414952632,0.0248727481337383,0.01671444183170978,21.78649237472767,37.400145243282495,15.613652868554828,24.618736383442265,NORMAL,False,False,False,0,52.88461538461539,33.0985000837942
2022-01-17,0.0028675682661627,-0.0040200726724239,0.0,0.0,0.0054980059711025,0.004182959500545904,0.01708540421256544,-0.0586670530984698,0.0298042645577407,0.2692307692307692,0.038461538461538464,0.0028675682661627,0.0032200589166281354,0.006041851303581457,0.009652000236443525,0.01240678184702494,0.016930163631018402,-0.003435691011096309,43.64560639070443,92.5925925925926,59.18663761801016,62.992011619462595,NORMAL,False,False,False,0,25.769230769230766,51.82517736439304
2022-01-18,-0.0106536905679234,-0.0001530171047977,0.0192078336460668,-0.0023121118479906,-0.0016658111946615,-0.01126004728812571,0.016246403986084172,-0.0469562245991255,0.0192078336460668,0.8076923076923077,0.23076923076923078,0.0106536905679234,0.007089583861580956,0.006860072285074152,0.009727731491860033,0.012974318545331808,0.003173547554103262,-0.006032462464265698,57.9520697167756,73.42047930283225,28.0319535221496,53.61655773420479,NORMAL,False,False,False,0,66.34615384615384,57.435436567789495
2022-01-19,-0.0096422404339412,-0.0044215114249299,0.0179093851554648,0.0169949378844458,0.0049101159752769,-0.0024582694611658207,0.016992613356939315,-0.0279577946479026,0.0390602371925796,0.6153846153846154,0.15384615384615385,0.0096422404339412,0.0066269684606081415,0.007272354403330034,0.009791478210128086,0.013268193361909588,-0.015041948162964003,-0.017718635750278766,58.46042120551924,19.680464778503996,28.104575163398692,37.719680464778506,NORMAL,False,False,False,0,56.923076923076934,43.48069940226803
2022-01-20,-0.010112406160797,-0.0050077666180313,-0.0006899443333189,-0.0003255252530436,-0.0022848401312277,-0.010486888593639884,0.011381502366385196,-0.0452694664143505,0.0085350732659164,0.8846153846153846,0.19230769230769232,0.010112406160797,0.00640373995187521,0.007752099100244607,0.010003005640689127,0.01361797496691229,-0.027429414267916674,-0.016093104592892926,64.4880174291939,63.32607116920842,28.39506172839506,53.311546840958606,NORMAL,False,False,False,0,67.69230769230768,57.62577509636333
2022-01-21,-0.0078757453046686,-0.0073063111828481,-0.0202531887839649,-0.0058073005003391,4.027379622861815e-05,-0.01187375581590826,0.016822393504836705,-0.0535228470898914,0.0281190746572996,0.7692307692307693,0.34615384615384615,0.0078757453046686,0.00565948535418037,0.007954378520656866,0.009862155592985571,0.014075223200425313,-0.03498073808936919,-0.020747740847024576,76.18010167029774,78.21350762527233,16.63035584604212,58.925199709513436,NORMAL,False,False,False,0,69.03846153846153,61.95917825819786
2022-01-24,-0.0265679051873833,-0.0166802700805257,-0.0214940315265868,0.0054044666884267,-0.0005238456872753,-0.02630969652879568,0.02110552866602721,-0.0794673627683214,0.0125269256842348,0.9230769230769231,0.5769230769230769,0.0265679051873833,0.007672345978582609,0.010126719859653934,0.010854687975165101,0.01563729983137107,-0.06330531429960717,-0.033195307884315794,97.60348583877996,96.44153957879448,90.12345679012346,95.01089324618736,CRITICAL,True,True,False,2,82.5,91.25762527233115
2022-01-25,0.0075134912216943,0.0205480531033424,0.02748770834997,0.0059727427331475,0.0031123228031164,0.01126190382301163,0.02133746546047267,-0.0175469696140286,0.0683407081964007,0.34615384615384615,0.0,0.0075134912216943,0.012079661002101776,0.010082136704127047,0.011568076263128899,0.01615105506517541,-0.0461049644582493,-0.013178353138807775,81.84458968772694,92.15686274509804,74.50980392156863,82.73783587509078,ELEVATED,False,False,False,0,12.115384615384613,61.55110049717893
2022-01-27,-0.0097117329146276,0.0073024286384408,0.011799090586851,-0.0320612640520545,0.0033518526411349,-0.007228796044857878,0.019356227882081724,-0.0408915881352043,0.0287823638301563,0.5769230769230769,0.23076923076923078,0.0097117329146276,0.012080140027054515,0.010320488068094994,0.011458759631740378,0.016440741161101436,-0.04617189838358482,-0.0015575337119072552,89.10675381263616,95.57007988380536,89.6877269426289,91.22004357298475,HIGH,False,True,False,1,43.269230769230774,76.83479973185855
2022-01-28,-0.0004793161771092,-0.0077063303064133,0.002424651691407,-0.0046841154214832,0.0041965491848174,0.0008721983465119576,0.012031663663420643,-0.0305264804258377,0.0187782906365567,0.46153846153846156,0.038461538461538464,0.0004793161771092,0.01268152375149147,0.01032037548380835,0.011738018575733542,0.016533881890760306,-0.036889721307089784,-0.004265454933870649,57.0079883805374,89.6877269426289,31.953522149600584,59.2955700798838,NORMAL,False,False,False,0,47.5,55.75689905591866
2022-01-31,0.0139107178709299,0.0075870815123875,0.0153190720540163,0.0056585665571118,-0.0022642907421945,0.018565770501048854,0.01314165568931278,-0.0042916097424512,0.0508854529054372,0.07692307692307693,0.0,0.0139107178709299,0.015837698903917685,0.010618478080519718,0.01161719134673728,0.016998500192075165,-0.015740387923211308,0.01067355975610118,77.26942628903414,74.80029048656499,53.15904139433552,69.29557007988382,NORMAL,False,False,False,0,2.6923076923076925,49.31459136361097
2022-02-01,0.0136679386118703,0.0139602864843841,0.0005671630345758,0.0029526734418523,-0.006439319071544,0.0095083269958382,0.019505204680925994,-0.0259777998662791,0.0686040418727425,0.2692307692307692,0.038461538461538464,0.0136679386118703,0.010090933129537424,0.010472846371697129,0.01060287008582788,0.017279153264812885,0.024943000492350542,0.042166470387419164,76.6158315177923,24.618736383442265,23.093681917211327,44.960058097312995,NORMAL,False,False,False,0,10.769230769230766,34.702809898888326
2022-02-02,0.0115578385853996,0.0214255577063602,0.000680330953112,0.0049435661291812,0.002544366261032,0.013389549643982597,0.014827381657382024,-0.0129694141158789,0.050437305643326,0.15384615384615385,0.0,0.0115578385853996,0.010498618742435208,0.010547845551182303,0.011243236981606395,0.01761205579805934,0.029057313162211607,0.04306256329759117,67.82861292665214,17.792302106027595,22.294843863471314,39.15758896151053,NORMAL,False,False,False,0,5.384615384615385,29.025696888441985
2022-02-03,-0.0123622486642295,-0.0081488874549324,0.0227735605958119,-0.0034269021330998,0.0010288819829495,-0.009446053041766685,0.01580725825924168,-0.0641622073636141,0.0227735605958119,0.7692307692307693,0.15384615384615385,0.0123622486642295,0.011496461577974754,0.01076632408654561,0.01048489632838314,0.01748502588768913,0.026303031700504187,0.02706271170142238,74.7276688453159,87.21859114015976,47.712418300653596,70.37037037037037,ELEVATED,False,False,False,0,62.30769230769231,67.95156695156695
2022-02-04,-0.0024998826581151,-0.0056561675006638,0.0225988810389974,0.0019966586721782,-0.002385715197588,-0.005196352806641061,0.020713891541482416,-0.0965014971352404,0.0225988810389974,0.6538461538461539,0.038461538461538464,0.0024998826581151,0.011780597487351671,0.01056381682799862,0.010492263952559118,0.01764246275149039,0.02422832375421402,0.029184710294190896,78.64923747276688,99.49164851125636,90.34132171387074,88.40958605664488,HIGH,False,True,False,1,54.230769230769226,78.15594100888218
2022-02-07,-0.0172811129276234,-0.0204670532879339,-0.010724709023431,0.0077493635498691,-2.279295462614961e-05,-0.011445628375446649,0.015860670351809433,-0.0366468933149728,0.0362665730685083,0.8461538461538461,0.3076923076923077,0.0172811129276234,0.013861253351851297,0.011138970478018735,0.0115276251529661,0.017991738967490043,-0.007280916665605819,0.0005292351230672399,83.2244008714597,79.23021060275963,22.948438634713145,63.94335511982571,NORMAL,False,False,False,0,70.38461538461539,65.87573319926261
2022-02-08,0.0030876976246183,0.000868535155009,-0.0214629773436556,0.0032956168738105,0.000215771407825,0.001394759733480615,0.010815853319508087,-0.0299244863139351,0.0179492512422851,0.3076923076923077,0.07692307692307693,0.0030876976246183,0.011614592345567058,0.01082024274618096,0.010921709463299926,0.017887050609959227,-0.01764250228377695,-0.012389101145719894,24.546114742193172,61.801016702977485,8.424110384894698,30.885984023238922,NORMAL,False,False,False,0,13.461538461538463,25.658650354728785
2022-02-09,0.0114121523303458,0.0152990651421598,0.0033572409322819,0.0047081877263133,0.0004941948961194,0.009042350237032563,0.01072079375170456,-0.0179695155821959,0.0407004088259017,0.15384615384615385,0.0,0.0114121523303458,0.01156746184713998,0.011185349044957861,0.011460341035384783,0.017996587717235803,-0.017783983056805397,-0.018312773979734964,48.51125635439361,32.316630355846044,24.255628177196805,36.3761801016703,NORMAL,False,False,False,0,5.384615384615385,27.078710686553826
2022-02-10,0.008133901085124,0.0103780725202444,0.0024536424528562,0.000544899752946,0.0015221978072712,0.007883037984768906,0.008833317332200484,-0.0160904562106829,0.0314119832721355,0.07692307692307693,0.0,0.008133901085124,0.011282620250631328,0.011159890477031283,0.01157574782421758,0.017822610999773416,0.0025996510663874872,2.4332985796071682e-05,36.528685548293396,47.56717501815541,21.85911401597676,35.43936092955701,NORMAL,False,False,False,0,2.6923076923076925,25.615244958382213
2022-02-11,-0.0131262969128136,-0.0126554481981862,0.0358255598475851,0.0025052269788561,0.0097515112155075,-0.010141316062709151,0.013501583998043963,-0.032084775030243,0.0358255598475851,0.8076923076923077,0.19230769230769232,0.0131262969128136,0.012891683605394949,0.011399863984413526,0.011843753854502577,0.017828346428077638,-0.008081088753712384,-0.007014933294286152,80.90050835148874,38.99782135076253,81.55410312273057,68.52578068264343,NORMAL,False,False,False,0,65.0,67.46804647785041
2022-02-14,-0.0306162228952934,-0.0417656621232962,0.0253490939745564,0.0147761573502731,-0.0026131785686834,-0.026653920672607308,0.02195219335122524,-0.0622029828316212,0.0253490939745564,0.8846153846153846,0.6538461538461539,0.0306162228952934,0.01751048397055291,0.013003529645465394,0.015106930624277733,0.018962639624006065,-0.021541039442038334,-0.028606040143842715,98.69281045751634,65.21423384168482,87.36383442265794,85.25054466230937,HIGH,True,False,False,1,83.84615384615385,84.8292274174627
2022-02-15,0.0302591263839775,0.0341804220552324,-0.0355122503892821,-0.0070663550170636,0.0045711960673597,0.02729960705187087,0.022219321629247543,-0.0355122503892821,0.0690422319092314,0.11538461538461539,0.038461538461538464,0.0302591263839775,0.02352824846316991,0.015041004698317567,0.01709914136011119,0.020307270458164835,0.0049632512632658,0.0037248450720432924,98.18445896877269,85.76615831517792,83.1517792302106,89.94916485112563,HIGH,True,False,False,1,5.384615384615385,64.57980001117255
2022-02-16,-0.0017432697608654,-0.0056667231578748,0.0172695120294927,0.008302729101975,-0.0067464114012598,-0.0004713784075680271,0.010541152813224769,-0.015462902655313,0.0268048091988473,0.6923076923076923,0.0,0.0017432697608654,0.022827644348573324,0.014920420029821637,0.017147459714583032,0.02012289550459347,-0.008108290072343816,-0.017001937149822677,85.11256354393609,97.1677559912854,92.22948438634712,90.86419753086419,HIGH,False,True,False,1,54.230769230769226,79.8741690408357
2022-02-17,-0.0010160147191904,-0.0111228213905636,-0.0202861568608666,0.0163084166379581,-0.0017665127996061,-0.0020264004755361155,0.009900198784301557,-0.0202861568608666,0.018985258324305,0.6923076923076923,0.038461538461538464,0.0010160147191904,0.022229337950150967,0.014815956866199418,0.017299161459205466,0.019968357416391205,-0.017110790259140973,-0.03792018313981382,86.12926652142339,97.09513435003632,86.12926652142339,89.41902687000727,HIGH,False,True,False,1,55.57692307692308,79.266395732082
2022-02-18,-0.0016353356196504,0.00179850312084,-0.0075196428219548,-0.001104843289254,0.0002798929025848,-0.0041612926811263416,0.00809854702906159,-0.023190655559613,0.0058763264242716,0.5769230769230769,0.07692307692307693,0.0016353356196504,0.021536002819135067,0.014683061830652383,0.017273400792669338,0.019752132980911725,-0.0056662236147280165,-0.02383608776243218,79.73856209150327,93.82716049382715,65.50472040668119,79.69498910675381,ELEVATED,False,False,False,0,37.88461538461539,67.15187699011229
2022-02-21,-0.004031556958107,0.002299364069787,0.0,0.0,-0.0050704069599736,-0.004108540022847335,0.011863937242609729,-0.0365632211419648,0.0148458168484577,0.5769230769230769,0.07692307692307693,0.004031556958107,0.014519626749075443,0.014617031427302751,0.017198539260012306,0.01952065828965804,0.021602678444077705,0.021053441511591497,72.47639796659404,58.315177923021054,31.082062454611474,55.80973129992737,NORMAL,False,False,False,0,37.88461538461539,50.43219652533377
2022-02-22,-0.0066515660675804,-0.0083308438893704,0.0140551090763825,0.0039502792038568,-0.0022147824058013,-0.008962381098649445,0.017207126393173212,-0.0639249421267829,0.0144453981810732,0.6538461538461539,0.15384615384615385,0.0066515660675804,0.0023331691464847258,0.013418226453618936,0.016863019180068484,0.01865554987635231,-0.014997882818684971,-0.020918223654424417,74.50980392156863,95.3522149600581,40.885984023238926,70.67538126361656,ELEVATED,False,True,False,1,58.269230769230774,66.95353611530082
2022-02-23,-0.0016937094155936,0.000545937396879,-0.002707092627295,0.0016263446963136,0.0014225319061189,0.001476072905941254,0.014870907262800279,-0.0254625467795639,0.0611993049593364,0.5384615384615384,0.038461538461538464,0.0016937094155936,0.00234002068400456,0.01330140629375807,0.01620460636994837,0.018187839953769516,-0.014948980523772026,-0.014800855490805898,45.24328249818446,76.39796659404503,11.69208424110385,44.52432824981845,NORMAL,False,False,False,0,35.192307692307686,41.72472208256522
2022-02-24,-0.0477810384708364,-0.0578719494906841,0.0077090021306804,0.0083281085379782,0.0001340355665573,-0.04567392764167069,0.02565144638169683,-0.1028300574004875,0.0083281085379782,0.8846153846153846,0.8846153846153846,0.0477810384708364,0.019908461263287155,0.016915704760300333,0.020563585976020534,0.0206116463554434,-0.06106176611506453,-0.061376104679542576,99.78213507625271,98.25708061002179,95.64270152505446,98.08278867102396,CRITICAL,True,True,True,3,91.92307692307692,96.23487514663985
2022-02-25,0.0252616601096495,0.0341389591750718,-0.0131451487209975,-0.020050894018732,0.0103881532118683,0.024986188082509866,0.02270117970493178,-0.020050894018732,0.0882995886341579,0.11538461538461539,0.038461538461538464,0.0252616601096495,0.026177258438457925,0.018016534970012762,0.022183679094282566,0.021742480737958196,-0.035765781022729426,-0.031075076335520868,99.12854030501089,84.53159041394336,94.77124183006535,93.44226579520696,HIGH,True,False,False,1,5.384615384615385,67.02497067202948
2022-02-28,0.0081340342903666,-0.0061885036548788,0.04509231409483,0.0068380728407433,-0.0045127857710662,0.003552163267419411,0.01647649746878986,-0.0271033248404833,0.04509231409483,0.34615384615384615,0.15384615384615385,0.0081340342903666,0.027069897452511874,0.0178073456674549,0.022101693521951297,0.021512736576307107,-0.023987818118561988,-0.03928031608924332,94.40813362381991,96.51416122004358,85.9840232389252,92.5127087872186,HIGH,False,True,False,1,32.49999999999999,74.50889615105302
2022-03-02,-0.0111916331229355,-0.0229938148227389,0.1554533750904256,0.011319363864193,0.0097671453281342,-0.005507121598416574,0.03816867644139701,-0.0601324196223592,0.1554533750904256,0.6923076923076923,0.2692307692307692,0.0111916331229355,0.027233824816749717,0.017562768984531546,0.022228397630262024,0.022147785858455945,-0.028448650391728614,-0.05348566342055305,99.27378358750907,98.62018881626724,97.74872912127815,98.62018881626724,CRITICAL,True,True,True,3,63.653846153846146,88.13028601754091
2022-03-03,-0.006497577228417,-0.0121138573384167,-0.0264918656925782,0.0070279555564678,-0.0022454019283543,-0.005817123257426489,0.020196380143314183,-0.0348545542268421,0.045106051096718,0.6923076923076923,0.34615384615384615,0.006497577228417,0.027152612103650862,0.017253211605241993,0.021461453594007873,0.022024683631657275,-0.033123772947709074,-0.06546180241351707,95.71532316630356,98.69281045751634,91.14015976761075,95.23602033405956,CRITICAL,True,True,False,2,66.34615384615384,86.56906038768784
2022-03-04,-0.0153170320073322,-0.0153529592135249,0.0743940027161691,0.0158705287347036,0.0034470528207808,-0.010655581265008134,0.028059641633717106,-0.0476097641345433,0.0743940027161691,0.6923076923076923,0.4230769230769231,0.0153170320073322,0.01663104237611916,0.01734467278573219,0.021565387962989534,0.022450530445841627,-0.0001600562474796119,-0.023285348251757876,98.0392156862745,64.05228758169935,91.35802469135803,85.83877995642702,HIGH,True,False,False,1,69.03846153846153,80.79868443103737
2022-03-07,-0.0235266847399477,-0.0446571101444718,0.0321576868161253,0.0146557677400296,0.0069348626764893,-0.022339856209078697,0.042893915474042164,-0.0663634975456511,0.131316104313877,0.7692307692307693,0.5769230769230769,0.0235266847399477,0.011760734192513401,0.017894129857666807,0.023228627209215674,0.0239345059986209,-0.04773867726504788,-0.09770598072262049,99.70951343500363,97.96659404502542,97.53086419753086,98.53304284676834,CRITICAL,True,True,True,3,77.11538461538461,92.10774537735323
2022-03-08,0.0094747765094835,0.0087265010263886,0.0360133615361077,0.0231706457726992,0.0086733970563863,0.013704997581740479,0.018428962316840804,-0.0419899369247761,0.0510204185105114,0.11538461538461539,0.038461538461538464,0.0094747765094835,0.012272581316644571,0.01791135282889079,0.023319980361893925,0.024320197049742896,-0.046472241537658165,-0.08416445944731399,97.1677559912854,94.98910675381264,95.06172839506173,95.88235294117648,CRITICAL,True,False,True,2,5.384615384615385,68.73303167420815
2022-03-09,0.0207262900882942,0.0198246425258072,-0.1212611185938525,-0.026567301514872,-0.0021575481273882,0.0136837417587544,0.033891522198854836,-0.1212611185938525,0.0530531324632583,0.19230769230769232,0.11538461538461539,0.0207262900882942,0.018054362824006926,0.01866861154732501,0.024011237609471905,0.025550157497063606,-0.015693147434219124,-0.044026878307719675,99.49164851125636,94.33551198257081,97.67610748002905,97.4001452432825,CRITICAL,True,False,True,2,10.76923076923077,71.41087090106697
2022-03-10,0.0152673871904744,0.0195222080032309,-0.0246550172991438,0.0061432856749545,-0.0101358579720129,0.013709537719538808,0.017824902016665266,-0.0246550172991438,0.0520796846142419,0.19230769230769232,0.038461538461538464,0.0152673871904744,0.019568996771339386,0.01883971555782711,0.02422212399619875,0.025909871734846268,0.005870366788121917,-0.013412795533733202,95.49745824255628,13.435003631082063,88.01742919389977,68.63471314451706,NORMAL,True,False,False,1,8.076923076923077,50.46737612423886
2022-03-11,0.0021421537513466,0.00204925393039,0.0312205743519493,-0.00770733426867,0.0023038025067054,0.0038005123979678885,0.011775519890953493,-0.0151487780073655,0.0373182941274559,0.38461538461538464,0.0,0.0021421537513466,0.017280988487468174,0.01871094949478096,0.02400785908700519,0.02591468508610993,0.02370522141011766,0.004023707198725912,91.86637618010167,52.14233841684822,77.99564270152506,75.78794480755265,ELEVATED,False,False,False,0,13.461538461538462,57.09002290374839
2022-03-14,0.014482565042708,0.0221702658050551,-0.0578066366868844,-0.0116507672138108,0.0058104542386112,0.005426321453171217,0.02226048609027063,-0.0578066366868844,0.0377058090029014,0.34615384615384615,0.11538461538461539,0.014482565042708,0.006994009919139647,0.018916861788970864,0.02473500692104508,0.026239817165871798,0.06355297439661212,0.07425636445266082,98.47494553376906,93.31880900508351,94.11764705882352,95.62091503267973,CRITICAL,True,False,False,1,16.153846153846153,71.78079436902965
2022-03-15,-0.0123464565033122,-0.0081982963128076,-0.0637802112277935,-0.0158705735728732,-0.0034344039384266,-0.010855126805678489,0.017513796835709593,-0.0637802112277935,0.0242196772103242,0.7307692307692307,0.19230769230769232,0.0123464565033122,0.013276623160736039,0.017836855564974923,0.023127046946517866,0.02562592962401549,0.040562764224141956,0.056232082112300796,97.31299927378359,44.80755265068991,90.05083514887437,79.38271604938272,ELEVATED,True,False,False,1,62.30769230769231,74.26020892687559
2022-03-16,0.0187451004846066,0.0207180838427007,-0.0145168134636816,-0.0106300233341976,-0.0029310642338548,0.017105712874056506,0.013471524920824474,-0.0145168134636816,0.0420636033285632,0.15384615384615385,0.0,0.0187451004846066,0.012825795280524271,0.016960019697630942,0.022184186561912796,0.02486979745483173,0.038543072803940426,0.05715741902125249,94.84386347131445,73.20261437908496,83.29702251270878,84.88743645606391,ELEVATED,False,False,False,0,5.384615384615385,61.03659013462934
2022-03-17,0.0183619883565082,0.0190303259178932,0.0835437959271845,0.0178721046047889,-0.0031691649850484,0.019555445330357198,0.018097955803888052,-0.0184184911657446,0.0835437959271845,0.11538461538461539,0.0,0.0183619883565082,0.013348786948820236,0.017498441343120133,0.022711100659139345,0.02539405260561585,0.04170861977671292,0.056647379326465686,97.67610748002905,87.14596949891067,92.81045751633987,93.05737109658679,HIGH,True,False,False,1,4.038461538461538,66.35169822914922
2022-03-21,-0.0098022024704637,-0.0112563254636349,0.0887550892571713,-0.0069512384376231,-0.0010233180432738,-0.004887970040591434,0.021620394833206522,-0.0252030561273071,0.0887550892571713,0.7692307692307693,0.15384615384615385,0.0098022024704637,0.015600078717752286,0.01763623928693471,0.022714004362806586,0.02555587857979245,0.029292677799452438,0.04261682589611171,97.24037763253449,39.651416122004356,87.58169934640523,77.06608569353668,ELEVATED,True,False,False,1,62.30769230769231,72.63856767778336
2022-03-22,0.0115612232521558,0.0091633661868404,-0.0032108508877336,-0.0040962483221343,0.0047493346441043,0.00863495602547899,0.012600720024222602,-0.0281298904033594,0.0289752702423464,0.15384615384615385,0.038461538461538464,0.0115612232521558,0.015248467569014993,0.017833114146486383,0.022834911899420277,0.025697442373841348,0.0263286882564302,0.029349748141691556,91.50326797385621,46.913580246913575,74.58242556281772,73.05010893246187,ELEVATED,False,False,False,0,6.730769230769232,53.15430702195407
2022-03-23,-0.004033935455228,-0.0055353390890886,0.0283643352572704,0.0082782448160949,-0.0026891363928858,-0.001660103317992235,0.010685349272163407,-0.0156823848653827,0.0283643352572704,0.5769230769230769,0.0,0.004033935455228,0.013152024832221922,0.0178331443213811,0.022834611815199173,0.025600488765056127,0.034966716115045315,0.03211352071574192,90.6318082788671,28.75816993464052,85.40305010893246,70.50108932461873,ELEVATED,False,False,False,0,50.19230769230769,64.40845483492541
2022-03-24,-0.0013278937068936,-0.0171589175861452,-0.0225354908240482,0.0129092225111879,0.0059197010715372,0.0003849993712085343,0.015053475650335092,-0.0247423084055753,0.0487485456426299,0.5769230769230769,0.07692307692307693,0.0013278937068936,0.011633754026572752,0.0177640572546072,0.023051178859697225,0.025449301046362484,0.014574096929842906,-0.0061863447590683185,90.84967320261438,85.47567175018156,92.5199709513435,89.73856209150327,HIGH,False,False,False,0,52.88461538461539,78.6823780794369
2022-03-25,-0.0040498758909001,-0.0032931889231159,0.0138864628702335,-0.0039763085516364,-0.0029900708360358,-0.0013168049072387275,0.011312269789248536,-0.0187244075979937,0.0339565999623183,0.7692307692307693,0.0,0.0040498758909001,0.007944648713635288,0.017787391852170847,0.023042462118585835,0.02541225284892725,-0.007754404319526564,-0.027957447461026574,87.72694262890342,80.24691358024691,85.76615831517792,84.89469862018882,ELEVATED,False,False,False,0,56.92307692307692,76.50321211105525
2022-03-28,0.0040226199498629,0.0084833987340815,-0.0697102926693308,-0.0072679255232411,-0.0005895715999622,0.0009062079458169053,0.016843285025477096,-0.0697102926693308,0.0204507177459929,0.3076923076923077,0.038461538461538464,0.0040226199498629,0.006645707790871639,0.013702668893425475,0.019081234951086583,0.022475381530517893,0.00609900879839631,-0.008551151987570282,85.9114015976761,79.73856209150327,82.57080610021787,83.05737109658678,ELEVATED,False,False,False,0,12.115384615384617,61.77477515222613
2022-03-29,0.005998187274997,0.0038334976703666,-0.0162325522420204,-0.014229725682276,-0.0032040484994162,0.0011905960449368961,0.010746762294374091,-0.030337362831074,0.0251510958189138,0.34615384615384615,0.038461538461538464,0.005998187274997,0.0046508857339562,0.012695875319273436,0.01743082705560149,0.02143249394514441,0.0005660120267967361,-0.013787461764333764,57.879448075526504,83.58750907770516,51.19825708061002,63.58750907770515,NORMAL,False,False,False,0,13.461538461538462,48.54971789285514
2022-03-30,0.0099824655821947,0.0135826904005056,0.034343840218928,0.011244769874477,-0.004832057019798,0.010235985138503089,0.018538756151395427,-0.0526316030633687,0.0380082043880181,0.23076923076923078,0.07692307692307693,0.0099824655821947,0.005638995224114686,0.012749179881022645,0.017660003429979712,0.021667778385225142,0.014647148913114805,0.005171925260768484,81.98983297022512,97.38562091503267,68.48220769789397,82.55628177196805,ELEVATED,False,True,False,1,10.76923076923077,61.02016647114686
2022-03-31,-0.0019144771620018,0.0010816566365348,-0.0699313757824958,0.0081199644023144,0.0021290033884577,-0.002444462884707888,0.01614974361655096,-0.0699313757824958,0.0166383322762162,0.5384615384615384,0.038461538461538464,0.0019144771620018,0.005754515724834806,0.01240291237020414,0.016785576098761065,0.02078173387114661,0.014051182302477816,0.02382693819962811,84.0958605664488,33.84168482207698,76.5432098765432,66.75381263616558,NORMAL,False,False,False,0,35.192307692307686,57.28536115300821
2022-04-01,0.0117779652585923,0.02130379376803,-0.0100718203881648,-0.0154422205725182,0.0010735593402126,0.01047628423111953,0.01156244224683879,-0.0154422205725182,0.0296829419508766,0.19230769230769232,0.0,0.0117779652585923,0.005380296181624314,0.012370754407702798,0.017017483813051886,0.02048993387056304,0.03016668913601106,0.04909319824496339,80.10167029774873,85.25780682643428,76.90631808278867,80.68990559186638,ELEVATED,False,False,False,0,6.730769230769231,58.502164683537224
2022-04-04,0.0216718413399843,0.0400204839059905,0.0403949055286942,0.0052628709887061,0.0011275863049773,0.013990181126797943,0.02107145888890701,-0.0108217587397769,0.1001329051450159,0.07692307692307693,0.0,0.0216718413399843,0.00860419302606608,0.012171089243053393,0.01829627121335897,0.020052361253405423,0.04827548430060391,0.08190022470454883,97.09513435003632,96.2236746550472,88.30791575889614,94.19753086419753,HIGH,True,True,False,2,2.6923076923076925,66.74596391263057
2022-04-05,-0.005317557796472,-0.0146834900898802,-0.0127807872814268,-0.0032655644398008,-0.0068004646217819,-0.001601869286736438,0.013176029283171912,-0.0293037195623251,0.0252937164954807,0.6153846153846154,0.07692307692307693,0.005317557796472,0.010930336231451029,0.010456778669152959,0.014830313548139606,0.016898811569895485,0.036484192531830884,0.06194319670622539,77.99564270152506,80.90050835148874,80.17429193899783,79.520697167756,ELEVATED,False,False,False,0,54.23076923076924,71.93371878665997
2022-04-06,-0.0083391803235717,-0.0114295459673816,-0.0561984678206188,-0.002340215270095,-0.0003616679665688,-0.007788402242415047,0.013952346619270528,-0.0561984678206188,0.0097664346902806,0.7692307692307693,0.11538461538461539,0.0083391803235717,0.012707713596444507,0.01091804486963528,0.015413759252942034,0.016658744022517245,0.01768179050047891,0.03573756543721629,78.21350762527233,66.4488017429194,36.38344226579521,62.13507625272331,NORMAL,False,False,False,0,60.96153846153847,61.78301491536785
2022-04-07,-0.0094397411049521,-0.0020049024874181,-0.0020784014409193,0.008027535559882,0.0065526235267923,-0.0038776799667516386,0.012330743309989152,-0.0228585925409686,0.0237817671268878,0.5769230769230769,0.11538461538461539,0.0094397411049521,0.01390933101081374,0.01076913662143023,0.01518893696781712,0.015931312974152734,0.010008776607165926,0.032544154378859824,60.92955700798838,60.92955700798838,36.09295570079884,53.47857661583152,NORMAL,False,False,False,0,54.230769230769226,53.70423440031283
2022-04-08,0.0082087593907955,0.0051841111979007,0.0232219450721722,0.0040334711763705,-0.0004200205017421,0.007067366321075321,0.012564208161580085,-0.0128348310697556,0.0434442716804932,0.2692307692307692,0.0,0.0082087593907955,0.013367634779540885,0.010488025066296713,0.014819690712693376,0.015591966047576759,0.00644581183053039,0.01624706030186429,26.289034132171384,18.736383442265794,1.597676107480029,16.6158315177923,NORMAL,False,False,False,0,9.423076923076922,14.458005139377686
2022-04-11,-0.006151497975913,-0.0036620951525975,-0.0404030239608484,0.0013906434261119,5.396933396117909e-05,-0.005493645084711666,0.01266053632939374,-0.0404030239608484,0.0179248828333955,0.6153846153846154,0.15384615384615385,0.006151497975913,0.007134808728826302,0.010707010153795302,0.014927142865814907,0.01563420480255329,-0.020962874787373686,-0.02643699567746638,44.37182280319536,11.328976034858387,1.5250544662309369,21.604938271604937,NORMAL,False,False,False,0,56.923076923076934,32.200379867046536
2022-04-12,-0.0081838106412522,0.003551866799335,0.0669211740091799,0.0142981669802291,-0.0010577217607886,-0.004747839968544608,0.020000956976513464,-0.0459566465672351,0.0669211740091799,0.7307692307692307,0.15384615384615385,0.0081838106412522,0.0073579166522644065,0.010638654430369172,0.014326945613638549,0.015526612338200779,-0.02378404446547666,-0.008419162159607807,81.11837327523602,91.86637618010167,75.30864197530865,82.5998547567175,ELEVATED,False,False,False,0,45.96153846153847,71.60835986816379
2022-04-13,-0.0031174816283502,-0.0075236810248175,0.0362823218811265,0.0045129681680657,0.0041247040902074,0.0005866029762055542,0.014150672963320614,-0.019538421692316,0.0362823218811265,0.5384615384615384,0.0,0.0031174816283502,0.007092428208993813,0.010174993932672615,0.014298877928143166,0.015247276395999135,-0.018643672394578203,-0.004501403120340197,33.042846768336965,39.869281045751634,11.183732752360203,28.53304284676834,NORMAL,False,False,False,0,48.84615384615384,34.626976146583985
2022-04-18,-0.0172811880101475,-0.0196031101132274,0.0379856027287544,0.0009591238839286,0.0023847054239574,-0.008419057764858023,0.022220083465844864,-0.0727175277861553,0.0379856027287544,0.5769230769230769,0.19230769230769232,0.0172811880101475,0.00921737650140822,0.01032300040820727,0.014578834176691709,0.015365388987851263,-0.026412259382491032,-0.022055588549461658,87.8721859114016,94.84386347131445,59.04139433551199,81.31445170660857,ELEVATED,False,False,False,0,56.92307692307692,73.99703927154907
2022-04-19,-0.0125191788064678,-0.0105474971324162,-0.0522133035179891,-0.013717319535676,-0.0006707707186541,-0.013418062940587151,0.018631943747368575,-0.0522133035179891,0.0381116400936381,0.8461538461538461,0.34615384615384615,0.0125191788064678,0.005552735862287481,0.009829061402884033,0.014197267388780951,0.015250542444468895,-0.04642841806903808,-0.03736088265267634,91.06753812636165,89.83297022512708,59.694989106753816,81.28540305010893,ELEVATED,False,False,False,0,71.73076923076923,78.41901290430701
2022-04-20,0.010490244596548,-0.0007347897132019,0.0018525979517276,-0.0017384580603546,0.0021656902573843,0.006387483848014961,0.015904259109430306,-0.0312761105939465,0.0367101537400964,0.38461538461538464,0.038461538461538464,0.010490244596548,0.010661803759555454,0.009910162726276529,0.013951993808533647,0.015229659541006083,-0.03046110236791244,-0.034532586438434154,49.5279593318809,47.204066811909954,9.15032679738562,36.717501815541034,NORMAL,False,False,False,0,29.807692307692307,34.64455896318641
2022-04-21,0.014941678252146,0.0138015293057414,0.0101216634114582,-0.0037904134758919,-0.0022133063655337,0.01362650824800973,0.01019248886624667,-0.0076923119851464,0.0337589502035733,0.11538461538461539,0.0,0.014941678252146,0.014028356577063408,0.010142009840186648,0.014140819048787775,0.015295889610645331,-0.007855037605645654,-0.024671895150499057,70.44299201161947,2.541757443718228,58.8961510530138,46.60856935366739,NORMAL,False,False,False,0,4.038461538461538,33.83753700910563
2022-04-22,-0.0126864526051679,-0.0209513993488676,-0.0165719356925625,-0.0071469094758482,0.0001180274531855,-0.012845512334570205,0.012089252091228568,-0.0323028977287811,0.0105927011528292,0.8076923076923077,0.38461538461538464,0.0126864526051679,0.014928500075324477,0.010513061887509107,0.014900266395493035,0.01570292152899549,-0.017378533278390562,-0.03786760653933319,84.74945533769062,80.10167029774873,34.64052287581699,68.32244008714596,NORMAL,False,False,False,0,71.73076923076923,69.34493883023293
2022-04-25,-0.0126951225643019,0.0010432031995322,-0.0345840970887734,-0.0195753748462583,0.0023372678508957,-0.015631575232572414,0.01330564589136432,-0.0413483562372233,0.0074875138338244,0.7692307692307693,0.3076923076923077,0.0126951225643019,0.013973606239659856,0.010880282168102353,0.014344995837133811,0.015951437844888137,-0.012792922114854055,-0.017605927775706576,88.74364560639071,76.25272331154684,46.477850399419026,72.31663035584604,ELEVATED,False,False,False,0,52.69230769230769,66.42933355678454
2022-04-26,0.0145601216162072,0.0089364754153822,0.0320681550979864,0.0043313297346705,0.0008409311146906,0.01438069740515895,0.015953568302104006,-0.015915011251248,0.0477229811500228,0.19230769230769232,0.0,0.0145601216162072,0.014358927329226842,0.011366347510755395,0.014418541809699521,0.016399753207415345,0.0142788715521176,0.0017390524824307807,63.108206245461155,35.947712418300654,6.753812636165578,38.05374001452433,NORMAL,False,False,False,0,6.730769230769231,28.656848779397798
2022-04-27,-0.0094414436101153,-0.0103269256005753,0.003146506434873,-0.0081518879777949,0.0034797339195897,-0.01237554058449383,0.015682155360268058,-0.0727086321964325,0.0042014766400788,0.7692307692307693,0.11538461538461539,0.0094414436101153,0.014498628300618226,0.011525658454800329,0.014550839561637718,0.01677599228768037,-0.005727546451902543,-0.007876830284409886,79.520697167756,94.19026870007262,31.445170660856935,69.49891067538127,NORMAL,False,False,False,0,60.96153846153847,66.93769901122843
2022-04-28,0.0121285088909346,0.0109175923226436,0.0327387186550369,0.0014846634082219,-0.0041917207554158,0.011980599607470978,0.010673022396664273,-0.004261699895763,0.0451027990746339,0.15384615384615385,0.0,0.0121285088909346,0.013757882185784042,0.011785395602085314,0.01472037411586495,0.016996220515209694,-0.00848342579251149,-0.010699099356039965,72.0406681190995,0.07262164124909223,46.695715323166304,42.846768336964416,NORMAL,False,False,False,0,5.384615384615385,31.608122451259707
2022-04-29,-0.0082632403816946,-0.0091716247630436,-0.0063591321665149,0.0109070250377611,0.0015273315425838,-0.009709300164985965,0.015306531669897717,-0.0656579342209329,0.0109070250377611,0.7692307692307693,0.23076923076923078,0.0082632403816946,0.012989721319511009,0.011664011176607444,0.014566901413701335,0.016852992260826656,-0.004041383806575927,0.0012040294563480103,73.63834422657952,75.16339869281046,13.435003631082063,56.03485838779956,NORMAL,False,False,False,0,65.0,58.724400871459686
2022-05-02,-0.0019559171203674,0.0020948298845078,0.0045849242176465,-0.0248782269864572,-0.0008603726807318,-0.004423608866944619,0.012093493849742613,-0.0271225704393082,0.0268836253304081,0.7692307692307693,0.11538461538461539,0.0019559171203674,0.011296756622935266,0.011664171163649045,0.014573499525843914,0.01684526854369659,0.00679195089824014,0.002255825094254371,60.20334059549746,48.36601307189542,37.690631808278866,49.898329702251274,NORMAL,False,False,False,0,45.96153846153847,48.71729233003743
2022-05-04,-0.0229361834519363,-0.0248646224399458,0.025102210094247,0.0027929697258026,-0.000729209745608,-0.02022646543169811,0.02015813887889819,-0.0521017924791286,0.0377358596939614,0.8846153846153846,0.6923076923076923,0.0229361834519363,0.012735321801876368,0.01221964058558529,0.014646172504055107,0.017459760826016982,-0.030417256645709045,-0.03132145954711596,96.36891793754539,95.13435003631082,54.248366013071895,83.36238198983298,ELEVATED,True,True,False,2,85.1923076923077,83.91135970057539
2022-05-05,0.0003028482136697,-0.0008989080178385,0.0041740523868589,0.0037493304767006,-0.0060901619340534,-0.0011434135632658045,0.017527475695324042,-0.0560457063003556,0.0323011550078717,0.46153846153846156,0.11538461538461539,0.0003028482136697,0.012840083803935077,0.010819814259468501,0.010728071939003034,0.01697550794861429,-0.02087930743755373,-0.02209344420785664,70.29774872912128,91.28540305010894,37.54538852578068,66.7683369644154,NORMAL,False,False,False,0,35.192307692307686,57.29552818278308
2022-05-06,-0.0162684216398562,-0.0182117533057524,0.0139478521803075,0.0038420230372866,0.0071077354205846,-0.014699414118648602,0.01880170748342709,-0.0489977913872833,0.0175539459240856,0.7307692307692307,0.4230769230769231,0.0162684216398562,0.009751354758594635,0.011167633286637838,0.010930684207515756,0.017265886864763682,-0.04835014937483184,-0.05027158481227145,93.24618736383442,78.5766158315178,71.53231663035584,82.33115468409586,ELEVATED,False,False,False,0,70.38461538461539,78.74719289425171
2022-05-09,-0.0066661826871809,-0.0091295056353049,-0.0608545186249462,-0.0128109590747782,0.0054309564517751,-0.006602469075411127,0.017106014468516045,-0.0608545186249462,0.0246619498519233,0.6153846153846154,0.07692307692307693,0.0066661826871809,0.009841010918321793,0.01114306798946949,0.010868299624980976,0.017454972619343277,-0.04681764621642448,-0.050231212802914205,89.54248366013073,51.19825708061002,83.87799564270153,76.33986928104576,ELEVATED,False,False,False,0,54.23076923076924,69.70713926596281
2022-05-10,-0.0037909688880922,0.006046567286652,-0.0323018170526038,-0.0092617260233649,0.0053016896149122,-0.009109911825429485,0.01882358575337633,-0.0625190531834094,0.0301181768950846,0.7307692307692307,0.23076923076923078,0.0037909688880922,0.009518020264487113,0.011078637776028796,0.011115976742457437,0.017703871351904155,-0.0485702130551835,-0.04648582191990924,90.41394335511983,86.34713144517066,77.34204793028321,85.2723311546841,HIGH,False,False,False,0,48.653846153846146,74.2867856544327
2022-05-11,-0.0044919933245182,0.0061045907342489,0.0596431116763305,0.0069025224215208,-0.0012163167101739,-5.057101070394263e-05,0.017934486535784937,-0.0220320544958403,0.0596431116763305,0.6153846153846154,0.07692307692307693,0.0044919933245182,0.006176502623140032,0.010695370667145819,0.01115870936960091,0.017625457837548226,-0.030609920609499852,-0.016203273952603348,64.56063907044299,84.60421205519245,52.57806826434277,66.97893972403776,NORMAL,False,False,False,0,39.23076923076923,58.654488576057204
2022-05-12,-0.0222117521417858,-0.0334648712475128,0.003973116758895,-0.0155456801993659,0.0019024266801024,-0.01775617908252892,0.0143223032381356,-0.0426511883600138,0.0040263097002455,0.8846153846153846,0.46153846153846156,0.0222117521417858,0.008155864418697504,0.011390311911500542,0.012937394251677486,0.017909955781061252,-0.05242874304412182,-0.04827038734387312,96.00580973129993,93.97240377632534,82.71604938271605,91.40885984023238,HIGH,True,False,False,1,77.11538461538461,87.12081727277804
2022-05-13,-0.0016352232651188,-0.0122508629296154,0.0410816990783551,-0.008992227204183,0.000328064816699,0.002306136367679427,0.026417367210936692,-0.0389062389919345,0.0859520875094066,0.5769230769230769,0.15384615384615385,0.0016352232651188,0.008276405302446457,0.011403348167375083,0.012828146196038417,0.018378042973544843,-0.03833343647650189,-0.04249199683261118,90.19607843137256,27.160493827160494,86.9281045751634,70.30501089324619,ELEVATED,False,False,False,0,55.57692307692308,65.88658454834925
2022-05-16,0.0038112305721171,0.0143789921578889,0.0335776917024379,0.003375000278599,0.0005487298725981,0.007022794622847087,0.01335178313243116,-0.017401375217098,0.0335776917024379,0.2692307692307692,0.0,0.0038112305721171,0.009807152774626801,0.01157318843900161,0.013639710196782992,0.018546653691753522,-0.02819004074379461,-0.019775027352297636,53.66739288307916,77.34204793028321,30.065359477124183,53.689179375453875,NORMAL,False,False,False,0,9.423076923076922,40.409348639740784
2022-05-17,0.0263219359020472,0.0209627240728456,-0.0157617817028409,0.0025916466346154,0.0041181400598879,0.024023690777548203,0.01732269376460921,-0.0157617817028409,0.0628665732770104,0.038461538461538464,0.0,0.0263219359020472,0.017485278460463074,0.013109302013396835,0.01440219282409026,0.01940847506644671,0.0011853411923925528,-0.005241714627828631,94.11764705882352,71.89542483660131,78.35875090777051,82.72331154684096,ELEVATED,False,False,False,0,1.3461538461538463,58.31016423663482
2022-05-18,-0.0011685620062508,-0.0040289555485911,-0.0250000458170929,-0.0012649471012966,-0.005565149382106,-0.005376591555603267,0.013025466557412942,-0.0393830803062003,0.0206680318284178,0.6538461538461539,0.15384615384615385,0.0011685620062508,0.017317138823730868,0.012903652249982958,0.014303282944673834,0.01893697443098423,0.004527725880408173,-0.015260980236885158,76.47058823529412,91.6485112563544,45.53376906318083,71.74291938997821,ELEVATED,False,False,False,0,58.269230769230774,67.70081280375398
2022-05-19,-0.0265327253341793,-0.0248231009038046,0.0239073166724448,0.0139324447478743,0.0057850257682527,-0.021109144345671883,0.024003389291699727,-0.0625454425980168,0.0331707570348869,0.8076923076923077,0.5769230769230769,0.0265327253341793,0.01881002300595987,0.013639661707364465,0.015095844826487266,0.019736612741797204,8.858746362627734e-05,-0.006456449284901078,98.1118373275236,40.74074074074074,90.84967320261438,78.72185911401598,ELEVATED,True,False,False,1,78.46153846153847,78.64376291827273
2022-05-20,0.0288910387942893,0.0288377827963839,0.0090901370714124,0.0003259274778211,-0.0051259688335997,0.025706601989065107,0.017916523894031106,-0.0051259688335997,0.0813472518399665,0.038461538461538464,0.0,0.0288910387942893,0.022645021108594503,0.014949435459043987,0.016360567359006043,0.020738470017178372,0.030667557209916874,0.034873233968242046,97.38562091503267,79.88380537400145,90.6318082788671,90.10893246187365,HIGH,True,False,False,1,1.3461538461538463,63.4800988771577
2022-05-23,-0.0031630222318707,-0.0008401468957871,-0.025964871096387,0.00325768261534,0.0051316855046907,0.001169638862337077,0.01806591295059579,-0.0420011324630952,0.0421554101030976,0.4230769230769231,0.11538461538461539,0.0031630222318707,0.023045176794943903,0.014783337660057154,0.015837300521425318,0.020838113892832227,0.02350671273843785,0.019346611500257405,85.18518518518519,97.82135076252723,65.86782861292664,83.18082788671023,ELEVATED,False,True,False,1,48.846153846153854,72.88042567454332
2022-05-24,-0.0055227542667355,0.0012423459762453,-0.004714881386747,0.009362445232526,-0.0037471275208672,-0.0072416710022562515,0.01264329047124911,-0.0294772250253673,0.0168773354137499,0.6538461538461539,0.11538461538461539,0.0055227542667355,0.019807262679824914,0.014615694560456334,0.01583966445804367,0.020644090830141182,-0.008250626759697233,-0.0003425506173198034,76.03485838779956,90.99491648511257,45.751633986928105,71.43790849673202,ELEVATED,False,False,False,0,41.92307692307692,62.58345902463549
2022-05-25,-0.0061612191843656,0.0014392511610612,0.0051016234409591,-0.0101335181284984,-0.0006191942542866,-0.00715606089843294,0.01394224744805386,-0.0385205175097893,0.0129440913189644,0.6153846153846154,0.23076923076923078,0.0061612191843656,0.01991199604326027,0.014074457260789538,0.015644153594605865,0.020268571181066123,-0.013207884249654245,0.005145895660834121,79.01234567901234,92.08424110384895,36.60130718954248,70.21060275962238,ELEVATED,False,False,False,0,44.61538461538461,62.53203731635104
2022-05-26,0.0090073873189953,0.0219979728830448,0.0340795290894087,0.0006500234394577,0.0002387915434509,0.009771406265672246,0.013442546271647845,-0.0123463806942805,0.0340795290894087,0.23076923076923078,0.0,0.0090073873189953,0.014899812130683587,0.014263560448044662,0.016473340307238436,0.020361331126069533,0.022818702233256438,0.05340586797037328,78.28612926652141,75.01815541031227,38.63471314451707,65.41031227305737,NORMAL,False,False,False,0,8.076923076923077,48.21029551421708
2022-05-27,0.0112738471989222,0.014771392857898,0.0085897395774403,0.0021110882118231,0.0017149507675242,0.012021279361247743,0.01626491209379866,-0.0533244560899159,0.0302003231188097,0.07692307692307693,0.038461538461538464,0.0112738471989222,0.008378433815514738,0.014218588579632119,0.016643987788761184,0.020525991710286177,0.005305484248887771,0.03900358031129647,80.17429193899783,96.58678286129266,48.07552650689906,75.46840958605665,ELEVATED,False,True,False,1,4.038461538461538,54.03942517177811
2022-05-30,0.0188932050929628,0.0059990792922022,0.0,0.0,0.0007960573735257,0.017252801406606906,0.019602680632413695,-0.0172586108463571,0.0687107105267128,0.11538461538461539,0.0,0.0188932050929628,0.010982965745370691,0.014924242794529629,0.016597141448473192,0.021081415108334476,0.027549087552148244,0.04611553589458217,90.48656499636893,88.59840232389253,34.78576615831518,73.20987654320989,ELEVATED,False,False,False,0,4.038461538461538,52.45845204178538
2022-05-31,-0.0046124339835348,-0.0094775258210352,-0.0034761582249042,-0.0046454369520996,-0.0022023429464436,0.0005354973806552693,0.016325828254176045,-0.0311831843136715,0.0499827370722154,0.6153846153846154,0.038461538461538464,0.0046124339835348,0.010759880234441603,0.014943132493913281,0.01671307377206638,0.021142242218439276,0.02848968099498106,0.03491522612442477,69.35366739288308,68.11909949164851,9.658678286129268,51.07480029048657,NORMAL,False,False,False,0,52.88461538461539,51.617744818725214
2022-06-01,-0.0037264067061659,0.0037591907596403,0.0051452339470337,0.0003256621653831,0.0010074975255438,-0.006881332780823882,0.011314774476958854,-0.026086344180732,0.0125683244181047,0.5769230769230769,0.19230769230769232,0.0037264067061659,0.010126446534822217,0.0140735417170784,0.015742205621065042,0.02036922419263643,0.0310093849523283,0.0373127163480953,71.16920842411038,70.37037037037037,37.61801016702977,60.864197530864196,NORMAL,False,False,False,0,41.92307692307692,55.18186134852801
2022-06-02,0.0063700049931154,-0.000200793545743,0.0139684242626392,0.0125860958917807,-0.0001920154603415,0.008563952728408503,0.01188928398915195,-0.0122583648406879,0.0344789754669006,0.3076923076923077,0.0,0.0063700049931154,0.010009527502870113,0.0141540245648899,0.015739432503815,0.02036902772520715,0.028314492958608772,0.014781299148838078,51.633986928104584,43.790849673202615,20.98765432098765,40.08714596949891,NORMAL,False,False,False,0,25.769230769230766,35.791771409418466
2022-06-03,-0.0026280502014673,-0.0095075259504564,0.0171130311713669,-0.0113045676860099,-0.0028820634425671,-0.005632594076746327,0.012777678320653928,-0.0282145557488113,0.0202618089347605,0.6538461538461539,0.15384615384615385,0.0026280502014673,0.009983993637895792,0.013652106873745708,0.015304606426041615,0.019896918045984265,0.01417833921940126,-0.00949785667253722,62.091503267973856,57.37109658678287,23.965141612200437,49.23747276688454,NORMAL,False,False,False,0,58.269230769230774,51.9470001675884
2022-06-06,-0.0008893953501298,0.0009964222704252,-0.0031126670987873,-0.0033597448575715,0.0043135980559765,-0.001073562675522942,0.006442659699727322,-0.0138044754222174,0.0155013764084686,0.6153846153846154,0.0,0.0008893953501298,0.00439930202895788,0.013550731335737178,0.015115024782383042,0.019498803424389206,-0.0055127184523262596,-0.014423450149112393,61.801016702977485,53.01379811183733,53.3042846768337,56.6158315177923,NORMAL,False,False,False,0,36.53846153846154,50.59262052399307
2022-06-07,-0.0092459460064759,-0.0088982494895072,0.0076793557983914,0.004512858334319,0.0016320463996093,-0.007589036337246663,0.017644237342628096,-0.0375777588668279,0.0513152831184853,0.6923076923076923,0.19230769230769232,0.0092459460064759,0.005638399970003655,0.013704186629494667,0.01525227079694733,0.01942216767802442,-0.01014203966652849,-0.013847066287947851,62.23674655047204,63.471314451706604,1.3071895424836601,44.3282498184459,NORMAL,False,False,False,0,60.96153846153845,49.31823641137366
2022-06-08,-0.0036609606157923,-0.0014245096927381,0.0226111453432518,0.0023816099670161,-0.001932617880083,0.0034796238816757847,0.011359272159429662,-0.0219057853137126,0.0233726662176592,0.4230769230769231,0.038461538461538464,0.0036609606157923,0.005633533666834202,0.013689094046280768,0.015208602319111492,0.019239780231167417,-0.010077015024738345,-0.018939842977473087,40.159767610748005,65.28685548293392,13.870733478576616,39.811183732752355,NORMAL,False,False,False,0,46.15384615384615,41.71398245908049
2022-06-09,0.0074497277416889,0.003986201824033,-0.0049135899690612,-0.0016739432718125,0.0006913256508238,0.004911921721863244,0.010553526031738796,-0.0164122613010549,0.0294703104699367,0.2692307692307692,0.0,0.0074497277416889,0.00604105720923248,0.012646622864345123,0.012947530125016734,0.018530552824583775,-0.009014938093877434,-0.01483132367839013,20.84241103848947,64.77850399419027,9.731299927378359,30.689905591866378,NORMAL,False,False,False,0,9.423076923076922,24.30985699122954
2022-06-10,-0.0167676984141,-0.0171481771245336,-0.0069130438031215,0.0122782077955176,0.0012146282706446,-0.012512599153615455,0.01352869747624226,-0.0424321164833497,0.0122782077955176,0.8076923076923077,0.19230769230769232,0.0167676984141,0.009075811366286593,0.013319978273165561,0.013280154141376371,0.018232765293000188,-0.023064039998294317,-0.022430907118560994,84.38634713144518,72.47639796659404,33.84168482207698,65.64996368917937,NORMAL,False,False,False,0,65.0,65.45497458242556
2022-06-13,-0.0263797491152091,-0.0312594942086035,0.0021546543480213,-0.0232433876569596,0.0046119292111366,-0.02848660697746437,0.018263063049090325,-0.070792099683678,0.0046119292111366,0.9230769230769231,0.6538461538461539,0.0263797491152091,0.01283504504675539,0.014673923733344944,0.014883633042134218,0.019495491826294262,-0.0479886510577453,-0.05393190583436369,98.9832970225127,91.72113289760348,88.74364560639071,93.73275236020334,HIGH,True,False,False,1,85.19230769230771,91.17061895983464
2022-06-14,-0.0026816094559853,-0.002828878461713,-0.0165384933015203,-0.0101203501094091,-0.0002174317407791,-0.0019156548156276346,0.00977771762142075,-0.0225635915821111,0.0199868624837304,0.6538461538461539,0.038461538461538464,0.0026816094559853,0.01322556033335875,0.013292087485188012,0.014031148686144601,0.018463342266246185,-0.04168100803660002,-0.04813831473426533,70.87872185911401,36.4560639070443,64.77850399419027,58.72185911401597,NORMAL,False,False,False,0,54.230769230769226,57.37453214904194
2022-06-15,-0.002539344381356,0.0008300101071729,-0.0304380958319435,0.0032053323172838,-0.0022402877751211,5.9340671384799844e-05,0.01462144939732035,-0.0304380958319435,0.0417411418130613,0.5384615384615384,0.07692307692307693,0.002539344381356,0.013335263831559582,0.013293481902315756,0.014024757823529401,0.018520072549453644,-0.040602192395872816,-0.04598926237213696,69.71677559912854,60.56644880174292,32.89760348583878,55.925925925925924,NORMAL,False,False,False,0,36.53846153846153,50.109686609686605
2022-06-16,-0.0211284478542902,-0.0216533474873413,0.0197727762342401,0.0167464890244313,-0.0010937499235695,-0.019343235952981815,0.017812723880734408,-0.0518492177583175,0.0197727762342401,0.8846153846153846,0.5384615384615384,0.0211284478542902,0.010852823031969251,0.012806688418954788,0.01375826824834858,0.01800663404900563,-0.06781728636742845,-0.07035255073860125,96.94989106753813,88.67102396514161,90.26870007262164,92.46187363834423,HIGH,True,False,False,1,79.8076923076923,88.66561923914865
2022-06-17,-0.0043682936266399,0.0038614923890227,-0.0682881114837604,-0.0054721654944646,0.0009948548239637,-0.007624980047574769,0.01985411248192307,-0.0682881114837604,0.0256723888705876,0.6538461538461539,0.15384615384615385,0.0043682936266399,0.011434598028746483,0.0106493311521968,0.011921254926332368,0.017056037782264267,-0.05606166078071828,-0.050480190308968664,90.12345679012346,65.79520697167756,91.86637618010167,83.34785766158315,ELEVATED,False,False,False,0,43.269230769230774,71.32426959387743
2022-06-20,0.0037042135956451,-0.0017790241339202,0.0,0.0,-0.0002089877858575,-0.0009769297400201572,0.018068626104751257,-0.0498409157899567,0.0404889939143302,0.5,0.07692307692307693,0.0037042135956451,0.009312735319281657,0.010754801146591672,0.011917392530412326,0.01702785910467908,-0.026894841610089815,-0.02158463967640012,38.63471314451707,52.65068990559186,0.29048656499636893,31.3362381989833,NORMAL,False,False,False,0,35.192307692307686,32.49305904698061
2022-06-21,0.018804337854487,0.015510244960343,0.0099489228876825,-0.0005447810052845,-0.0003515173424193,0.020941970188045837,0.01438456590245364,-0.0005447810052845,0.0556114023120559,0.07692307692307693,0.0,0.018804337854487,0.014432213629581143,0.01174641765809705,0.012548708335622293,0.017732396674390583,-0.00593053737289484,-0.003590456267508757,84.89469862018882,35.5119825708061,53.449527959331874,60.64633260711692,NORMAL,False,False,False,0,2.6923076923076925,43.26012513267415
2022-06-22,-0.0144192650853174,-0.0104378150895569,-0.0403072663621207,-0.0001634834633181,0.0025778845057227,-0.015241590247604948,0.012867241744898932,-0.0403072663621207,0.0034247358253918,0.8846153846153846,0.3076923076923077,0.0144192650853174,0.015653505400744866,0.012061133415966008,0.012680081226716038,0.017872650856018687,-0.017770068409750706,-0.014808513729563377,88.52578068264343,61.00217864923747,43.42774146695715,66.73928830791576,NORMAL,False,False,False,0,71.73076923076923,68.2367325847718
2022-06-23,0.0093004475196092,0.0088200954794781,-0.0180808527563529,-0.004688490120111,0.0007448274623,0.012689225278321104,0.017514032475548308,-0.0180808527563529,0.0627350472609116,0.15384615384615385,0.0,0.0093004475196092,0.012717195623491905,0.012075222871936953,0.011660928242250965,0.018082942555902908,0.012763224498758774,0.01587813142954575,58.968772694262896,66.01307189542483,7.116920842411038,45.52650689905592,NORMAL,False,False,False,0,5.384615384615385,33.48393944472375
2022-06-24,0.0091664725885294,0.0148619604617104,0.0321281884661728,0.0004382148488373,-0.0006483606184687,0.009739914720269848,0.012074166346572966,-0.0078143574064567,0.0431547303381445,0.23076923076923078,0.0,0.0091664725885294,0.012295483413056063,0.011963236063489384,0.011668128041167805,0.017894917619461995,0.02653087913165697,0.027010279674356985,51.99709513435003,25.635439360929556,17.21132897603486,33.65286855482934,NORMAL,False,False,False,0,8.076923076923077,25.98008491145746
2022-06-27,0.008458990377725,0.0054657434425191,0.0181192798594693,-0.0030659598061524,0.001406327360087,0.009791157095296498,0.008328456474207133,-0.0030659598061524,0.030214706011965,0.07692307692307693,0.0,0.008458990377725,0.012323958934314297,0.011209372904603535,0.011647552312655903,0.017271784892610997,0.031393791057370946,0.03446399078115836,61.14742193173566,53.522149600580974,62.45461147421931,59.25199709513434,NORMAL,False,False,False,0,2.6923076923076925,42.28409027428634
2022-06-28,0.0011464333961117,-0.0049923869910956,0.0199872451173304,-0.0018672219059124,0.0024127678679808,0.004644209392022613,0.014408205585200175,-0.0198963410880965,0.0554772372743523,0.34615384615384615,0.0,0.0011464333961117,0.010173805396685795,0.011225927869762344,0.011555564667139242,0.01721182363525766,0.013517686348387903,0.013578692405039172,29.847494553376908,58.53304284676833,4.357298474945534,30.806100217864923,NORMAL,False,False,False,0,27.115384615384613,29.698885537120827
2022-06-29,-0.0032239710103227,-0.0110738429980979,-0.017716565131415,-0.0020908109095598,0.0080582160150453,-0.004662112795100519,0.01438378465693203,-0.0363297641461651,0.0321390400212158,0.7307692307692307,0.11538461538461539,0.0032239710103227,0.005707386304717194,0.011222898083994568,0.011601720770852841,0.017315722672588386,0.02503031859343774,0.012927228206323527,59.04139433551199,49.74582425562818,43.9360929557008,51.72113289760349,NORMAL,False,False,False,0,59.61538461538461,54.08940841293783
2022-06-30,-0.0011930812414028,0.004665025634041,-0.03661866175776,-0.0052930340433294,-0.0022118271193315,-0.006042051334905616,0.012260638742396062,-0.03661866175776,0.0179841604623411,0.7307692307692307,0.07692307692307693,0.0011930812414028,0.00564575436709421,0.011045785448481301,0.01172149521893204,0.01714116820956395,0.01437324898101111,0.008755242140223274,40.66811909949165,38.344226579520694,11.837327523602033,31.32171387073348,NORMAL,False,False,False,0,43.269230769230774,34.90596894028267
2022-07-01,-0.0017870563085186,0.0034209341959841,0.0252458218136761,-0.0028822965701698,0.00082000835867,0.0033376558855957974,0.03597358553606976,-0.1352689673873915,0.0396710133523923,0.3076923076923077,0.07692307692307693,0.0017870563085186,0.0046250956984565175,0.011047092449981857,0.01170603155672733,0.0181318818165372,0.003363205547239456,-0.002616940157125769,90.55918663761801,99.9273783587509,96.15105301379812,95.0472040668119,CRITICAL,False,True,True,2,28.46153846153846,75.07150438522986
2022-07-04,0.0052881882498054,0.011969486602549,0.0,0.0,-0.0001557512301159,0.003207619992808281,0.015464981782704857,-0.0385349116512175,0.0406817736716818,0.2692307692307692,0.07692307692307693,0.0052881882498054,0.00332714665345434,0.011180428185045678,0.012125876695607626,0.01840599230086861,0.00020842561312073293,0.003834521064390861,20.551924473493102,83.80537400145244,1.888162672476398,33.92883079157589,NORMAL,False,False,False,0,12.115384615384613,27.384796938718505
2022-07-05,-0.0015471713984448,-0.0036829152668231,-0.0823572837779427,-0.0206237006406299,-0.0001418600637442,-0.0049818717087343565,0.018218502422243647,-0.0823572837779427,0.0119770806522743,0.6923076923076923,0.07692307692307693,0.0015471713984448,0.0033225108096917554,0.011057061970199072,0.012023220184893857,0.018327604113347832,-0.002482655452461513,0.005155609369642544,89.17937545388526,55.99128540305011,90.92229484386347,79.74582425562818,ELEVATED,False,False,False,0,56.92307692307692,72.8990000558628
2022-07-06,0.0113181897073002,0.0150329759290099,-0.0097487559869661,-0.0152684888571522,0.0054332961107237,0.011512581587296539,0.020185151578731825,-0.0506280915062005,0.0451502201901645,0.19230769230769232,0.038461538461538464,0.0113181897073002,0.005785678958143238,0.011426849076221345,0.012588935601632347,0.01868029446604313,0.012070320463030582,0.03169087219142441,79.08496732026144,85.9114015976761,59.11401597676107,75.14161220043573,ELEVATED,False,False,False,0,8.076923076923077,55.02220546338193
2022-07-07,0.0089494920315105,0.0173652705514317,0.0426266581718381,0.0017292062699769,-0.0040885419795779,0.009683146983189199,0.014374204903664402,-0.0121981961835113,0.0426266581718381,0.2692307692307692,0.0,0.0089494920315105,0.00597885426493068,0.011490445721268363,0.013198567771432995,0.018875347453116247,0.022347579450578747,0.04473275821467726,64.4153957879448,75.38126361655773,48.00290486564997,62.781408859840234,NORMAL,False,False,False,0,9.423076923076922,46.77390927881123
2022-07-08,0.0054360478665673,0.0058346709371548,0.0200525405556186,0.0015535710535392,0.0022481666322731,0.004377277630178631,0.010068900358776965,-0.0161945416431693,0.0248344953460359,0.23076923076923078,0.0,0.0054360478665673,0.004865837487045187,0.010946049915389259,0.012629185736286625,0.018579511447638745,0.02974532270384711,0.04724587086488108,39.36092955700799,65.57734204793029,47.930283224400874,49.79665940450254,NORMAL,False,False,False,0,8.076923076923077,37.280738506228694
2022-07-11,-0.0002835659276332,0.009839348764832,-0.0066800703456525,-0.0060898401324918,0.0013859176284753,0.0005535387075082689,0.019029158194543472,-0.0464406901506031,0.0329220021068226,0.5,0.11538461538461539,0.0002835659276332,0.005617731730380422,0.009004759453477987,0.010217942256587773,0.017311415362407417,0.02403801621150481,0.045041478257736856,57.08061002178649,74.21931735657226,15.976761074800292,49.89106753812636,NORMAL,False,False,False,0,36.53846153846153,45.885285738226905
2022-07-12,-0.0097249750439381,-0.0095123150300591,-0.0792583369224008,-0.0038728041455924,0.0018454288633769,-0.010823315495763422,0.015303571279008088,-0.0792583369224008,0.0020557615478324,0.8846153846153846,0.07692307692307693,0.0097249750439381,0.008413281201031107,0.00930629580711205,0.010525050520398094,0.01758865071951923,0.015650657708221827,0.038926994586548025,88.23529411764706,84.74945533769062,91.93899782135077,88.30065359477123,HIGH,False,False,False,0,63.653846153846146,80.9066113624937
2022-07-13,-0.0057072925015229,-0.0086657947279171,0.0047997363464558,0.0063250171385778,-1.7566908321997587e-05,-0.0012381698139500733,0.010020276895595653,-0.0243930956192931,0.0196770761227889,0.46153846153846156,0.038461538461538464,0.0057072925015229,0.007689584266542081,0.009397437512848375,0.010824585028272177,0.01757554396048317,-0.0014477613444361381,0.014670351543535132,10.820624546114741,52.795933188090046,3.195352214960058,21.125635439360927,NORMAL,False,False,False,0,47.5,29.03794480755265
2022-07-14,-0.0017536552323109,-0.0050706536801523,-0.0053998365107157,-0.0171260246846423,0.00416602229539,-0.0014435560800592389,0.011734682019883091,-0.0171349102030285,0.0229611879640807,0.6153846153846154,0.0,0.0017536552323109,0.005720444046040735,0.007882617517093807,0.009445084774577447,0.016689368430449228,-0.012040612369545012,-0.007706141724144633,28.9760348583878,42.338416848220774,31.51779230210603,33.74727668845316,NORMAL,False,False,False,0,51.53846153846155,39.08463214345568
2022-07-15,0.0069359576863876,0.0009076044878115,0.018897448127604,-0.0012320185309108,0.0008871444264435,0.005633973363617812,0.013471882049707827,-0.0219823507323776,0.0283845264988937,0.38461538461538464,0.038461538461538464,0.0069359576863876,0.0062494099220230595,0.007816143535627198,0.009455173252889448,0.016274971877170155,-0.01056677423709007,-0.012566878700376649,3.340595497458242,47.131445170660854,2.033405954974582,16.085693536673926,NORMAL,False,False,False,0,14.807692307692308,15.702293167979441
2022-07-18,0.0142873041582765,0.0194924794352298,0.0513372509912193,0.0039943178220718,-0.0019755852279635,0.014172541075441473,0.01758034281341851,-0.017575914509477,0.0513372509912193,0.2692307692307692,0.0,0.0142873041582765,0.009736505812754665,0.008252072913454296,0.010074409750032662,0.01654850057778902,0.0038542180562410877,-0.0031279308520455462,64.92374727668845,79.520697167756,27.814088598402325,58.16993464052287,NORMAL,False,False,False,0,9.423076923076922,43.54587732528908
2022-07-19,0.0038117642711243,0.0102281090824485,0.0157895006888391,0.0004680838117134,0.0038860670151807,0.00555392504028012,0.010083084796281155,-0.0153964342044162,0.024317206177669,0.2692307692307692,0.0,0.0038117642711243,0.007756335542216706,0.00737227591694857,0.00982252370990072,0.01587145477329389,0.017576580549182097,0.016739734066464784,6.027596223674655,29.048656499636895,21.713870733478576,17.639796659404503,NORMAL,False,False,False,0,9.423076923076922,15.174780738506229
2022-07-20,0.0110338885069691,0.0070477753145565,-0.0188063621331381,-0.006140350877193,-0.0021790835246394,0.00853039216311982,0.014509640167285438,-0.0188063621331381,0.0363566762721452,0.2692307692307692,0.0,0.0110338885069691,0.006246573317595654,0.006492644048140147,0.00925766159592054,0.015478029980642514,0.03470979856084311,0.032856005391768583,35.72984749455338,47.05882352941176,24.18300653594771,35.66448801742919,NORMAL,False,False,False,0,9.423076923076922,27.79206468912351
2022-07-21,0.005108719746296,0.0063631864951065,-0.0577938933957393,0.0077669615603854,0.0018470654989317,0.003953416658892603,0.01583279493500282,-0.0577938933957393,0.0316902760458621,0.15384615384615385,0.038461538461538464,0.005108719746296,0.004344258123696459,0.006361734496932804,0.009214885154810344,0.015145530031899387,0.041822839013213375,0.04472570300737111,77.05156136528686,63.5439360929557,89.25199709513436,76.65940450254176,ELEVATED,False,False,False,0,6.730769230769232,55.68081392101
2022-07-22,0.0068772959606149,0.0148601304278204,-0.0171250809757103,0.0084077916883278,-0.0028436404930438,0.003188013527942242,0.009874395937578702,-0.0173527312250696,0.023332609991405,0.34615384615384615,0.0,0.0068772959606149,0.004348722153755564,0.006270302764270294,0.009214776592951253,0.015067786242573175,0.04176214485960861,0.05928904772175514,61.29266521423384,19.24473493100944,79.30283224400871,54.081336238198986,NORMAL,False,False,False,0,12.115384615384613,41.49155075135467
2022-07-25,-0.0052901993117577,-0.000341624542188,0.0211193248622076,-0.0046899286089038,0.0012647772122436,-0.005608578511861893,0.012926634555673505,-0.0383118363868841,0.0211193248622076,0.6923076923076923,0.15384615384615385,0.0052901993117577,0.006017717373486864,0.006412200932421308,0.009273218563131206,0.015271912898818796,0.021654329330098143,0.038680706278871435,39.94190268700073,45.89687726942629,28.177196804647785,38.198983297022515,NORMAL,False,False,False,0,59.61538461538461,44.623903692531144
2022-07-26,-0.008847958067765,-0.008655850567266,-0.0177869042977242,-0.000756282040794,-0.0019316857205405,-0.008295071270561526,0.01750632600039751,-0.034883119224553,0.054950535518937,0.7692307692307693,0.19230769230769232,0.008847958067765,0.008450420080111905,0.006893330887084208,0.009497496730080894,0.015580599681653444,0.00876958281087914,0.019264888831342697,58.242556281771975,78.35875090777051,12.926652142338416,50.68264342774147,NORMAL,False,False,False,0,63.653846153846146,54.574004245572866
2022-07-27,0.0095821774414373,0.0103066712959047,0.0240050399948785,0.0008150576083485,0.0014888910240484,0.012361048572612028,0.00944469405192354,-0.0009496355890294,0.0303692455183188,0.07692307692307693,0.0,0.0095821774414373,0.008069167028217921,0.006978318018295413,0.008895570049719751,0.015470225646054037,0.0073211229891207985,0.022563320476360005,46.62309368191721,44.15395787944807,50.68990559186638,47.10239651416122,NORMAL,False,False,False,0,2.6923076923076925,33.77936986760516
2022-07-28,0.0172937311236929,0.016159241657039,-0.008636684647699,0.0181490743326624,7.759237362514604e-05,0.018763714635443286,0.027154706755337425,-0.008636684647699,0.1063496176993006,0.15384615384615385,0.0,0.0172937311236929,0.010811001529056022,0.007639090271514037,0.009232917084350038,0.016247413994229357,0.019532955503530847,0.032517069608263505,92.15686274509804,89.39724037763254,85.18518518518519,89.23747276688454,HIGH,False,False,False,0,5.384615384615385,64.08161555220379
2022-07-29,0.0135059538264792,0.0030297757426691,0.0228168908879453,0.0071987517765159,-0.0034552681229587,0.011613046975795606,0.01690872666185675,-0.0398351131087535,0.0540315175438939,0.19230769230769232,0.038461538461538464,0.0135059538264792,0.01163860182362475,0.007839611220446508,0.009238288828759598,0.015537936022532508,0.026244930410620704,0.02048088571877571,65.06899055918663,79.81118373275235,19.099491648511258,55.700798838053736,NORMAL,False,False,False,0,8.076923076923077,41.41363610971453
2022-08-01,0.0105955316684394,0.0109838975769784,-0.0479619065625867,0.0034601937157299,-0.0047341239296325,0.008407266814734493,0.022916556965622677,-0.0479619065625867,0.0658361936797984,0.23076923076923078,0.07692307692307693,0.0105955316684394,0.010110339106095842,0.00796318509887472,0.00920523615086308,0.01590851247011051,0.04263428424328053,0.032042314229892455,84.9673202614379,52.57806826434277,79.73856209150327,73.68191721132897,ELEVATED,False,False,False,0,10.76923076923077,54.808111278699506
2022-08-02,0.0003113276638058,0.0031871237931442,0.0056448906458861,0.0011870975612988,-0.0030191072039795,0.00036641574772066564,0.010930563365094709,-0.031839946894894,0.0188427886318567,0.5,0.038461538461538464,0.0003113276638058,0.006315806965434327,0.007898514656773515,0.00896663130463926,0.01572345075405374,0.052269319958183624,0.04437148435035665,51.053013798111834,58.0246913580247,73.20261437908496,59.789397240377625,NORMAL,False,False,False,0,18.846153846153847,47.50642422211049
2022-08-03,0.0024618083588656,-0.0009139070956317,-0.0398220141892844,-0.0073965195452072,-0.0044481133324353,-0.004058541052211937,0.012594238221248432,-0.0398220141892844,0.0145764379779809,0.5769230769230769,0.11538461538461539,0.0024618083588656,0.007241166456096011,0.00775321747348515,0.008821436639154492,0.015484700123019328,0.04484788750841795,0.03277257835183711,65.86782861292664,64.85112563543936,71.45969498910677,67.24037763253449,NORMAL,False,False,False,0,39.230769230769226,58.83749511200491
2022-08-04,-0.0003537116074355,-0.0061516883827319,-0.0233841017090987,0.0173492605233218,0.0065365414944933,1.5721886703704372e-05,0.01199449982959525,-0.0240582781725884,0.0239688770378003,0.4230769230769231,0.07692307692307693,0.0003537116074355,0.006330222840047742,0.007734165773053124,0.008669654393645147,0.015433964911746867,0.02672245068185064,0.01009688363982808,58.0246913580247,53.74001452432825,74.00145243282498,61.532316630355844,NORMAL,False,False,False,0,47.5,57.322621641249086
2022-08-05,0.0008917270739845,0.0043715105228399,0.0053083489478562,-0.0087223794162356,0.0004625757242342,-0.0005921298684814153,0.009205163720903407,-0.0205261499147698,0.0218835844455909,0.46153846153846156,0.038461538461538464,0.0008917270739845,0.004490652470218988,0.00774919628242614,0.00865904873584597,0.01544194806371089,0.013943729692713402,0.011448071962345985,2.1060275962236745,15.395787944807552,17.28395061728395,10.64633260711692,NORMAL,False,False,False,0,17.5,12.702432824981843
2022-08-08,0.0073343646716481,0.0083542096722337,0.0196607118076643,0.0078402753808164,0.0032303642480269,0.007677717453323046,0.011835049440152358,-0.0200545676937925,0.0330123075199468,0.15384615384615385,0.038461538461538464,0.0073343646716481,0.003090518429657004,0.007738746006784959,0.008611429863075159,0.015112622070522858,0.010671758143009136,0.008817176685486317,19.607843137254903,74.00145243282498,23.3841684822077,37.05882352941176,NORMAL,False,False,False,0,6.730769230769232,27.960407239819002
2022-08-10,0.0005506610997998,0.0013194860174936,0.0128911209939057,0.0049249644713094,0.0021130794371448,-0.0025766184578220773,0.010653430905451365,-0.0262590797910621,0.0155899289816059,0.5384615384615384,0.038461538461538464,0.0005506610997998,0.003056997387379455,0.007100077039230868,0.00805268303078225,0.014836651866667357,0.010913570404701423,0.006939057416192718,5.809731299927378,36.165577342047925,20.47930283224401,19.317356572258532,NORMAL,False,False,False,0,20.19230769230769,19.57984190827328
2022-08-11,0.0070859293688247,0.015461799204536,0.0262155555826659,-0.0032858233984645,-0.0060393077992425,0.007374449656400671,0.011697252940989888,-0.0159062557545649,0.0268605260191869,0.2692307692307692,0.0,0.0070859293688247,0.003778927857957315,0.006703805333009192,0.007805115968526111,0.014798119941546402,0.01557667740906088,0.02344347919077694,37.76325344952796,62.45461147421931,57.51633986928104,51.096586782861294,NORMAL,False,False,False,0,9.423076923076922,38.594533824925975
2022-08-12,0.0022170219505635,0.0041782852944893,-0.0238499055261921,0.0049729142632175,0.0065260626301,0.001076382499820892,0.013272121184364246,-0.0238499055261921,0.0481926253598119,0.46153846153846156,0.038461538461538464,0.0022170219505635,0.0033407241269593877,0.006548037194987884,0.0074067508546205,0.014691140009703051,0.018188378243297887,0.03408106248853482,37.47276688453159,36.528685548293396,60.92955700798838,44.22657952069717,NORMAL,False,False,False,0,17.5,36.20860566448802
2022-08-16,0.0071815193435313,0.0050546724053006,-0.0603756952947784,-0.0141221087283668,-0.0007674051375895,0.004399813683799215,0.01685690132005761,-0.0603756952947784,0.035003103557208,0.23076923076923078,0.038461538461538464,0.0071815193435313,0.003241198193623338,0.0065515553469869614,0.007313874326457162,0.014699144352690922,0.024586865929012935,0.034784432464549875,76.68845315904139,59.404502541757445,82.42556281771968,73.2244008714597,ELEVATED,False,False,False,0,9.423076923076923,54.08400368694486
2022-08-17,0.0066759231988331,0.0056589030836815,0.0182595845758029,-0.0072749282083076,-0.0051148165204747,0.008107857024457307,0.014426408523197645,-0.0109059407068927,0.0580903326844362,0.23076923076923078,0.0,0.0066759231988331,0.0031276250637010637,0.00621324842968711,0.006612828827705943,0.014344475980891004,0.023917147403874184,0.032018478525150496,55.482933914306464,46.11474219317356,61.58315177923021,54.50254175744372,NORMAL,False,False,False,0,8.076923076923077,40.57485615328752
2022-08-18,0.000682669936052,0.0049275010547333,0.0271251773135006,-0.0028404248487799,0.0027000648266188,-0.0005701174558971346,0.010898076782228743,-0.0210384599329569,0.0271251773135006,0.5384615384615384,0.038461538461538464,0.000682669936052,0.0030836444337762306,0.00628115526090235,0.006519987283948704,0.014435376886842294,0.024052239125165853,0.03573711003210045,25.054466230936818,37.10965867828613,58.16993464052288,38.60566448801743,NORMAL,False,False,False,0,20.19230769230769,33.08165744930451
2022-08-19,-0.011029475746944,-0.0169002594205434,0.0029833883211758,-0.0043867561260129,0.0051285181893387,-0.013377679210520247,0.011875362537072491,-0.0397018839892775,0.0089391995310514,0.8461538461538461,0.23076923076923078,0.011029475746944,0.007358863969152197,0.007013318574762844,0.008165726254224976,0.014806835698136744,0.005631644982728501,0.0027288914055743074,74.29193899782135,12.273057371096586,46.7683369644154,47.42919389978213,NORMAL,False,False,False,0,67.6923076923077,53.50812803753979
2022-08-22,-0.0150773300473388,-0.0176524983700369,-0.0059490283805586,-0.0077820873059795,0.0018955195515026,-0.015797360620328948,0.011722995146668325,-0.0455078405195924,0.0076921582972873,0.9230769230769231,0.38461538461538464,0.0150773300473388,0.010232616315439189,0.008151281055879797,0.009471064850864564,0.015350629089981029,-0.011721630074117195,-0.01907038251123383,87.65432098765432,34.93100944081336,30.355846042120554,54.6477850399419,NORMAL,False,False,False,0,75.76923076923077,60.98421875872856
2022-08-23,0.0049626821755044,0.0104418453077332,0.0389005250609491,0.0073818043991493,-0.0004267303510004,0.007865210080535066,0.015072844207647245,-0.0211025575502683,0.0389005250609491,0.2692307692307692,0.07692307692307693,0.0049626821755044,0.00975486096310085,0.008109942713494744,0.009224800724886807,0.015538357982334463,-0.013898823298410856,-0.013812521820051549,34.277414669571534,68.1917211328976,8.714596949891067,36.78286129266521,NORMAL,False,False,False,0,12.115384615384613,29.38261828948103
2022-08-24,0.0015616110795051,0.0088080704322612,0.0122679918080454,0.0005724753675562,-0.0003667436478137,0.0018961863459945269,0.007223834728737448,-0.0089050925237761,0.0174596673109415,0.5,0.0,0.0015616110795051,0.008733087774432834,0.007904013248295186,0.009295708436090795,0.015266838443168694,-0.01890860756231083,-0.010724328202573963,15.758896151053015,44.44444444444444,41.103848946986204,31.9680464778504,NORMAL,False,False,False,0,17.5,27.62763253449528
2022-08-25,-0.0046861822192667,-0.0022478071272616,-0.0249763174394178,0.0056642076136728,-0.0007225780760277,-0.0029744077110930803,0.009804105425092791,-0.0249763174394178,0.0271143957422461,0.7307692307692307,0.038461538461538464,0.0046861822192667,0.008369714076404364,0.007629019855652022,0.008974113586843298,0.014877427558186423,-0.024172348801269616,-0.017787880363945185,17.792302106027595,68.99055918663763,10.675381263616558,31.01670297748729,NORMAL,False,False,False,0,56.92307692307692,38.78861516116418
2022-08-26,0.0020802555293466,0.0009344842124519,0.0058365859827107,-0.0122887729339337,0.0010789620471156,0.0018698317910017654,0.0050486465560866545,-0.0122887729339337,0.012739462667157,0.23076923076923078,0.0,0.0020802555293466,0.00799649921145183,0.00747576841609806,0.008839199530672429,0.014562872605052738,-0.011236838626331513,3.076063844664745e-05,35.294117647058826,60.856935366739286,73.12999273783588,54.31372549019608,NORMAL,False,False,False,0,8.076923076923077,40.44268476621417
2022-08-29,-0.0140099889245538,-0.018222662899623,0.042445784238815,0.0002880018472617,0.0009539262594371,-0.011273314594555552,0.016986774818550012,-0.0393019886302292,0.042445784238815,0.7307692307692307,0.3076923076923077,0.0140099889245538,0.007570769969018352,0.007538937107055131,0.009456841889594957,0.014034658387406465,-0.010165335639320872,-0.0005496674353916431,78.35875090777051,7.697893972403776,52.21496005809732,49.31735657225853,NORMAL,False,False,False,0,66.34615384615384,54.42599575442712
2022-08-30,0.0257842637890255,0.0329195004123497,-0.0553551451224687,-0.0077162412774659,0.0001101103116398,0.02419776756212212,0.021845899004629344,-0.0553551451224687,0.0544404130328046,0.07692307692307693,0.038461538461538464,0.0257842637890255,0.0147208019458232,0.008963628969870002,0.011822041860536692,0.014938320937265211,0.010342812188877781,0.02168347737537135,95.78794480755265,70.95134350036311,90.7044299201162,86.81190994916486,HIGH,True,False,False,1,4.038461538461538,61.97987542595386
2022-09-01,-0.0121907952721076,-0.0059564541674035,-0.0548886819379994,-0.0154363836697233,-0.0052409218366782,-0.010743912923713607,0.016284562288244556,-0.0548886819379994,0.026190754297158,0.8076923076923077,0.23076923076923078,0.0121907952721076,0.016079367740544515,0.009225908698238462,0.01180607203280244,0.014751034333798065,-0.0035301685183964926,0.006730513301326679,88.09005083514887,84.9673202614379,80.3921568627451,84.84386347131445,ELEVATED,False,False,False,0,66.34615384615384,79.29455058376627
2022-09-02,-0.0001910505934481,0.0030470123108004,0.0030019874656297,0.0077803096971216,0.0021119020353672,-0.00116260775939115,0.007463149836815549,-0.014476744636105,0.0174748873820684,0.6153846153846154,0.0,0.0001910505934481,0.015918964646195494,0.009227482014808946,0.011805296253169102,0.014679365472364795,0.0009701840072566803,0.012072978423222747,41.68482207697894,92.01161946259985,48.51125635439361,58.83079157588962,NORMAL,False,False,False,0,36.53846153846154,52.14309256466119
2022-09-05,0.0072038500710118,0.0097600404452826,0.0,0.0,9.666329780722016e-05,0.004993319624622432,0.0063274233113248726,-0.0059556723656353,0.017638853476239,0.15384615384615385,0.0,0.0072038500710118,0.01622462106518833,0.009338191280851352,0.01191351986370802,0.01455735425763029,0.006088102799539641,0.02099674628584247,54.68409586056645,73.56572258533043,64.85112563543936,63.39869281045752,NORMAL,False,False,False,0,5.384615384615385,45.99446958270487
2022-09-06,-0.0005774531254664,-0.0034982788287596,0.0001150513010237,-0.0054977331533621,0.0007337087845047,-0.003471463571229531,0.006653433892132627,-0.0234316616678379,0.0105261980460276,0.6923076923076923,0.038461538461538464,0.0005774531254664,0.01401319442332849,0.009339822533333026,0.011827677914810063,0.014357099695193797,0.019794442930866518,0.03630933057487806,57.225853304284676,86.9281045751634,53.95787944807553,65.15613652868555,NORMAL,False,False,False,0,55.57692307692308,62.2823724931568
2022-09-07,-0.0017671004916441,-0.0053092686143472,-0.0568599789155422,0.0087626583157671,0.0014051405346131,-0.0029644651093205005,0.013966017914594807,-0.0568599789155422,0.0104996736663427,0.5,0.07692307692307693,0.0017671004916441,0.006940565392510111,0.009357691006011649,0.011946187900909936,0.014434847297285542,-0.00759604177476525,-0.002044897438962745,57.51633986928104,28.612926652142338,25.70806100217865,39.30283224400871,NORMAL,False,False,False,0,50.19230769230769,42.569674878498404
2022-09-08,0.0098925129655895,0.0190858101103568,0.0195264635885898,-0.0042558436543579,-0.0030702794334345,0.008212818559875646,0.011666950987221657,-0.012220512271247,0.0322344376988261,0.2692307692307692,0.0,0.0098925129655895,0.005264188581606667,0.009470105044082603,0.012473445007330004,0.014439041898822499,0.01458998605419759,0.023095908032230827,29.557007988380533,61.58315177923021,21.641249092229483,36.79012345679012,NORMAL,False,False,False,0,9.423076923076922,28.58000949667616
2022-09-09,0.0019439347917691,0.0051419500958431,0.0389035188458555,0.0048009081802546,0.0007093007673761,0.005240934303791184,0.012143888592021835,-0.0156214918162765,0.0389035188458555,0.3076923076923077,0.0,0.0019439347917691,0.005030970890413151,0.009473163089384217,0.012482226452458726,0.014524792220397355,0.016756534766828368,0.025232719417094707,10.893246187363834,19.462599854756718,18.51851851851852,15.751633986928104,NORMAL,False,False,False,0,10.76923076923077,14.256913021618903
2022-09-12,0.005775695663245,0.0039167628927019,0.0114068193723502,0.0069339382080373,-0.0006335630075012,0.006066933733277853,0.00907818406278464,-0.0039287444661012,0.0355444396871311,0.2692307692307692,0.0,0.005775695663245,0.004791544433206446,0.009432482260693788,0.012126853762448948,0.014380563472165382,0.015314835227404844,0.019299904594179296,7.625272331154684,26.94262890341322,15.541031227305737,15.795206971677562,NORMAL,False,False,False,0,9.423076923076922,13.88356795709737
2022-09-13,0.0074542019299801,0.0073717439875504,-0.0053543088088305,-0.013367268047154,-0.0037724680802766,0.005159594732501354,0.011509574149082939,-0.013367268047154,0.0413961369908224,0.34615384615384615,0.0,0.0074542019299801,0.004612921092013052,0.009545280504237868,0.0121751396795871,0.014277682562334396,0.023474205410442872,0.0304186141600582,23.965141612200437,40.08714596949891,31.808278867102395,31.154684095860567,NORMAL,False,False,False,0,12.115384615384613,25.442894251717778
2022-09-14,-0.0036690976717561,0.0130232146516158,0.0134005936439827,-0.0049853372434017,0.0031138541126467,-0.003972200181169698,0.015393143965192133,-0.045017589229213,0.0246414237157146,0.6153846153846154,0.11538461538461539,0.0036690976717561,0.005302318316911453,0.009488634449762763,0.012396200401206944,0.0142395290906798,0.021524114350965018,0.04940957426955017,59.18663761801016,89.54248366013073,35.22149600580973,61.103848946986204,NORMAL,False,False,False,0,40.57692307692308,54.94577118596726
2022-09-15,-0.0070179606679163,-0.0047385486646315,-0.038200777063461,-0.0183318453203286,-0.0018680909818101,-0.007928068345180794,0.012096617174461647,-0.038200777063461,0.0270485039966346,0.8846153846153846,0.07692307692307693,0.0070179606679163,0.0061520421543692794,0.009516668966757501,0.012486035836939727,0.014172725724727091,0.004418871585083695,0.024876301456539185,63.253449527959326,78.5039941902687,30.21060275962237,57.915758896151054,NORMAL,False,False,False,0,63.653846153846146,59.63718507345958
2022-09-16,-0.0193848531485446,-0.0104926976163266,0.0001175339178591,0.0037828309507974,0.0049764959326992,-0.01859641433384196,0.015040323199723078,-0.0532846899684075,0.0049764959326992,0.8846153846153846,0.4230769230769231,0.0193848531485446,0.010847576706936323,0.010438226988339506,0.012784058650931573,0.014852799468802831,-0.016962601341083294,0.008934692492455376,91.43064633260711,78.64923747276688,68.04647785039943,80.58097312999274,ELEVATED,False,False,False,0,75.76923076923077,79.13745042176414
2022-09-19,0.0052136885924867,0.0031291132837871,0.0072847226193841,-0.0032900641027981,-0.0019987615112238,0.005464854421603198,0.012247215716659954,-0.0168294443116878,0.030837588236229,0.2692307692307692,0.0,0.0052136885924867,0.010731428926860513,0.010259223800888041,0.012031481470686417,0.014616732904546789,-0.017511902712401328,0.0081431059333541,9.222948438634713,58.678286129266525,5.228758169934641,22.861292665214236,NORMAL,False,False,False,0,9.423076923076922,18.82982794257304
2022-09-20,0.0110088098852303,0.0137859259369612,-0.0149306702271099,-0.0039010924201674,0.0002258483482433,0.0104898631992324,0.011940159247511004,-0.0149306702271099,0.0424073253767725,0.11538461538461539,0.0,0.0110088098852303,0.01171005739667224,0.009939556467048895,0.011294847629589462,0.014417832103977263,-0.01404538284493062,0.01456219933268299,44.80755265068991,51.99709513435003,25.85330428467683,41.27814088598402,NORMAL,False,False,False,0,4.038461538461538,30.106237081727272
2022-09-21,-0.0054950054374517,-0.0063869178679778,-0.0178803382048833,0.002952355581262,0.0006926111238361,-0.006132280087711615,0.010795041990538825,-0.0311264310263702,0.0155018610498049,0.6923076923076923,0.07692307692307693,0.0054950054374517,0.01177340961474124,0.009993350225318323,0.011419380071658575,0.014304062375269842,-0.015852274699715174,-0.004877421056658449,18.809005083514887,49.01960784313725,1.670297748729121,22.730573710965864,NORMAL,False,False,False,0,56.92307692307692,32.988324674599184
2022-09-22,-0.0049975776569025,-0.0139028779024569,0.0066312443474043,0.0037246625814739,0.0036106397369133,-0.0022700794396626344,0.012276746402336091,-0.0215113122096356,0.02635694831143,0.5,0.11538461538461539,0.0049975776569025,0.011640751452756445,0.010062219206205366,0.011949614472666343,0.014494367403103583,-0.01384986653343856,-0.014040471562829171,30.428467683369643,43.57298474945534,2.251270878721859,25.918663761801017,NORMAL,False,False,False,0,51.53846153846153,33.604603094799174
2022-09-23,-0.0171556772324205,-0.0266880729384838,-0.0568930425384675,-0.0152621494222994,0.01263580656675,-0.015701249263395646,0.01559626323131329,-0.0568930425384675,0.0144273720933221,0.8846153846153846,0.46153846153846156,0.0171556772324205,0.0108599604690772,0.010739143474654083,0.0135559110315823,0.015096651193443899,-0.011608108251135563,-0.030177780076905747,95.20697167755992,85.039941902687,88.38053740014524,90.10893246187365,HIGH,True,False,False,1,77.11538461538461,86.21086810792693
2022-09-26,-0.0179513217622564,-0.0235167461137316,-0.0257810367585866,-0.0133714212284072,0.0023759092365778,-0.02210038881499154,0.019926706799420102,-0.060505795265349,0.0121113016498128,0.8076923076923077,0.5769230769230769,0.0179513217622564,0.011764646958871534,0.011399177138604813,0.014609178169158701,0.016344798212686557,-0.03438546262537401,-0.05593891707358434,96.2236746550472,89.46986201888163,40.305010893246184,77.42193173565722,ELEVATED,True,False,False,1,78.46153846153847,77.7338137534216
2022-09-27,-0.0005230508522044,-0.0066578356799177,0.0233346491577479,0.0020944386382568,0.0044428152671647,0.001748192766912939,0.008719777359433535,-0.0125159181868982,0.0233346491577479,0.46153846153846156,0.0,0.0005230508522044,0.007850990539687451,0.011012958534363243,0.014085112920456375,0.01596781177499594,-0.045399543078649796,-0.07497662438174468,77.70515613652869,1.1619462599854757,92.37472766884531,59.14306463326071,NORMAL,False,False,False,0,46.15384615384615,55.24629908943634
2022-09-28,-0.0087491784653945,-0.0156232879028023,0.046496834724572,0.0207168342372605,0.0013331094813706,-0.002449121755891246,0.017490032837841566,-0.029565418884996,0.046496834724572,0.5384615384615384,0.15384615384615385,0.0087491784653945,0.007595243729162984,0.009173859823543693,0.012207785149183957,0.014757903891847921,-0.04852314233291177,-0.0835754022578773,88.45315904139433,16.99346405228758,87.43645606390704,66.71023965141612,NORMAL,False,False,False,0,54.230769230769226,62.96639852522205
2022-09-29,-0.0024023347691036,-0.0029688374484425,-0.0111990036744612,-0.0011443172645898,-0.0036206776317011,0.0011853290860850422,0.01215101344100118,-0.0135717026151739,0.0334558657653198,0.5769230769230769,0.0,0.0024023347691036,0.00808481916624905,0.008889657580091925,0.012177970641816851,0.014491125138252719,-0.046041426216130055,-0.07341390457147068,62.5998547567175,30.64633260711692,83.00653594771242,59.13580246913581,NORMAL,False,False,False,0,50.19230769230769,56.45275403608737
2022-09-30,0.016425755966269,0.026142304314551,-0.0214207241321693,0.0023515371806226,0.0006373077243437,0.011963655281112066,0.013000108873901815,-0.0214207241321693,0.0325135606663606,0.15384615384615385,0.038461538461538464,0.016425755966269,0.012647130550520759,0.00980395333556144,0.013690408427491677,0.015029487860666877,-0.013446949778974204,-0.023119757733370938,74.14669571532316,37.03703703703704,68.91793754538853,61.44517066085693,NORMAL,False,False,False,0,6.730769230769232,45.03085023183061
2022-10-03,-0.0121092644487904,-0.0155907217879192,0.0520820166172806,0.0183469679692469,0.0004995400205527,-0.007057049218572981,0.0205161621273344,-0.0318470802498871,0.0520820166172806,0.7692307692307693,0.2692307692307692,0.0121092644487904,0.01104767415028526,0.009879481048862451,0.013822340693299557,0.01552476279886545,-0.007578096645839971,-0.015190511089564485,82.86129266521424,7.552650689905592,52.795933188090046,51.24909222948438,NORMAL,False,False,False,0,66.34615384615384,55.77821071448521
2022-10-04,0.0229136709327191,0.0284094965249264,0.0345569709979911,0.0166577770483731,-0.0003225969475422,0.02233312640335424,0.011791790678916555,-0.0012897479394552,0.0441870382183551,0.07692307692307693,0.0,0.0229136709327191,0.015589185387705146,0.011367430984917277,0.015413126141178674,0.0165534514881154,0.015693191463413303,0.019575597454456695,93.17356572258532,64.99636891793755,87.65432098765432,83.06463326071169,ELEVATED,False,False,False,0,2.6923076923076925,58.952935590190485
2022-10-06,0.0033286441360573,0.0044182728883783,0.0223069854375734,-0.0054616376430208,0.0018872441152462,0.005963885804312518,0.011660842374357269,-0.0202215960262556,0.0229741426233889,0.2692307692307692,0.038461538461538464,0.0033286441360573,0.014140100452758812,0.011407071693034778,0.015409963176164344,0.016611862202848465,0.028068830320393756,0.040333795069731115,49.89106753812636,72.18591140159768,26.289034132171384,49.49891067538126,NORMAL,False,False,False,0,10.769230769230766,37.88000670353611
2022-10-07,-0.0009895331040011,-0.0026678816935823,0.0473714255056232,-0.0065431743245696,0.0085756959156304,-0.0010135680759336078,0.011751335929140416,-0.0143607279359372,0.0473714255056232,0.6923076923076923,0.0,0.0009895331040011,0.013952300176510802,0.011127574536112093,0.014736994437875319,0.016453879407742986,0.029524785367141426,0.04064782180666926,81.48148148148148,84.24110384894699,88.23529411764706,84.33551198257081,ELEVATED,False,False,False,0,54.230769230769226,75.30408915703032
2022-10-10,-0.0042536458411471,-0.0021682115813965,-0.0162996777437286,-0.0195236407949868,0.0058689147543073,-0.0030094025405756927,0.013123379720228605,-0.0393060929410874,0.0279871563380327,0.5769230769230769,0.038461538461538464,0.0042536458411471,0.013095964912092079,0.011118216459586844,0.014662021408216984,0.01647535329917317,0.008578880973896919,0.011937109289051673,56.935366739288305,48.656499636891795,17.429193899782135,42.599854756717505,NORMAL,False,False,False,0,51.53846153846153,45.28143679124071
2022-10-11,-0.0149323831999303,-0.0097370849178604,-0.0195325231311811,0.0068373430155912,-0.0049690545127818,-0.01322835629564776,0.010270140293371009,-0.0355663218335744,0.0111991030311171,0.9230769230769231,0.2692307692307692,0.0149323831999303,0.013881677095414179,0.01135409348648961,0.014711368766603289,0.016620154870028624,0.0056966412196264304,0.01795443613086478,88.8162672476398,59.694989106753816,84.38634713144518,78.75090777051562,ELEVATED,False,False,False,0,71.73076923076923,76.64486620859171
2022-10-12,0.0082461453396196,0.0104902267061892,-0.0232792598385676,-0.005003814015653,-0.0017810717458761,0.0074004813665969294,0.010713926435399583,-0.0232792598385676,0.029469803773469,0.19230769230769232,0.038461538461538464,0.0082461453396196,0.008751183825344353,0.011392554645161663,0.014834647306492114,0.01666069461671774,-0.008724009948846922,0.00021733795562695057,32.46187363834422,24.836601307189543,14.669571532316631,24.836601307189543,NORMAL,False,False,False,0,8.076923076923077,19.8086978381096
2022-10-13,-0.0063800837728176,-0.0126424060634499,0.0210840384790063,-0.0001796376814665,-0.0008982914657673,-0.005829942220517046,0.017726614696436542,-0.0707193916120428,0.0316174988721724,0.6923076923076923,0.07692307692307693,0.0063800837728176,0.00842178078497208,0.011421725254724192,0.014566412812410532,0.016735460410046834,-0.018316110130830898,-0.01677198546223746,58.53304284676833,91.06753812636165,9.586056644880173,53.60929557007988,NORMAL,False,False,False,0,56.92307692307692,54.60342997597898
2022-10-14,0.0100708880038873,0.017647102252724,-0.0392772974528901,-0.0169461370228293,-9.606354784674752e-05,0.0031695557078041787,0.01654670781988656,-0.0392772974528901,0.0382773822579944,0.5,0.038461538461538464,0.0100708880038873,0.010496272045767108,0.011721705414659523,0.015297458082734168,0.016875858654647028,-0.0074475180824221665,0.0032557073837644612,67.24763979665941,48.22076978939724,26.506899055918666,49.31735657225853,NORMAL,False,False,False,0,18.846153846153847,40.17599575442712
2022-10-17,0.0073375869608156,0.0156427320413785,-0.0017521495714224,0.009319637743306,0.002685210909449,0.007341860074625204,0.008587303197131847,-0.0079298747955609,0.0312026064948027,0.19230769230769232,0.0,0.0073375869608156,0.010990593232660953,0.011132665217226613,0.015668174679319233,0.016323612110864087,0.0041065356562843824,0.02116346603691266,49.23747276688453,25.562817719680464,33.33333333333333,37.36383442265795,NORMAL,False,False,False,0,6.730769230769231,28.173914865091334
2022-10-18,0.010117285874136,0.0099773805334812,-0.0308916384031193,-0.0048280024140011,-0.0026464516653427,0.008590329779451589,0.012058659354511352,-0.0308916384031193,0.0345811443744574,0.19230769230769232,0.038461538461538464,0.010117285874136,0.006956129996246407,0.011319173804545838,0.015835814720745855,0.016401603343666256,0.02964035283220956,0.041493109371770975,62.45461147421931,44.517066085693536,28.685548293391435,46.942628903413215,NORMAL,False,False,False,0,8.076923076923077,35.282917155466166
2022-10-19,0.0014468379208691,0.0013504846204226,0.0329630930571496,-0.0130382049727106,0.0011156156111558,-0.00035157542831824965,0.012238758948581821,-0.0160904274735241,0.0329630930571496,0.6153846153846154,0.0,0.0014468379208691,0.007041606764159447,0.011013083412527332,0.015481327437845359,0.016195833523919626,0.02269676934119702,0.03207295056945436,47.34931009440813,8.641975308641975,32.24400871459695,31.20551924473493,NORMAL,False,False,False,0,21.53846153846154,28.30540193285291
2022-10-20,0.002952174549244,-0.0067779545270492,0.0050263037970392,0.0020276797715053,0.0086357138969628,0.0045497263623212655,0.007395933289812121,-0.0076072729693754,0.0218450965749044,0.2692307692307692,0.0,0.002952174549244,0.004018484957861501,0.010985598810634272,0.015488436787607862,0.016068974644802902,0.03230212273716093,0.03820299082823575,68.91793754538853,74.07407407407408,89.97821350762527,76.78286129266522,ELEVATED,False,False,False,0,24.42307692307692,61.074925981788724
2022-10-21,0.0007032337856462,0.0170700197148352,-0.010816472073338,0.0123865284320971,-0.0020639636614437,0.0030088893452994963,0.021798998123433052,-0.0322439437091963,0.0902706106391026,0.5769230769230769,0.07692307692307693,0.0007032337856462,0.004053953127126708,0.010933323128997866,0.01570297006578711,0.016384007333286838,0.02272829039587987,0.03761425155362441,84.24110384894699,90.84967320261438,74.87291212781409,83.41321713870734,ELEVATED,False,False,False,0,22.88461538461538,65.25463661247974
2022-10-24,0.0087873563767617,0.0127708226618481,-0.0055261752361972,-0.0013931246687614,-0.0034337282254357,0.005918849740742508,0.009684924264384819,-0.0304455838464365,0.0211100079124375,0.15384615384615385,0.038461538461538464,0.0087873563767617,0.004347820680891058,0.010324732853649649,0.014571000769034849,0.01586116901100822,0.024200210252173893,0.034680213818345296,48.72912127814089,81.55410312273057,43.500363108206244,57.007988380537405,NORMAL,False,False,False,0,6.730769230769232,41.92482263560695
2022-10-25,-0.004196122026705,-0.0044098074784107,0.0087490878192182,0.0024868670938793,0.0026677504537679,-0.001081642588854362,0.012065798176351552,-0.0263108799986624,0.027328924027856,0.5384615384615384,0.07692307692307693,0.004196122026705,0.004672675122450968,0.009398301765757448,0.01336739207247995,0.014609282762598373,0.009687246672127392,0.019941132473249912,6.390704429920116,7.988380537400146,0.8714596949891068,5.214233841684822,NORMAL,False,False,False,0,51.53846153846153,19.111502150717836
2022-10-27,0.0045649078749665,0.0042932177684271,0.0440694110370298,0.0047797084404439,-0.008601811533581,0.006526640179896844,0.013744619007044665,-0.0185556204591563,0.0440694110370298,0.2692307692307692,0.0,0.0045649078749665,0.004797034574577761,0.009398416603166664,0.013163624473418024,0.014732791149804303,0.012830973675569846,0.022938499155186642,50.25417574437182,35.22149600580973,70.1525054466231,51.71387073347857,NORMAL,False,False,False,0,9.423076923076922,39.02663259035807
2022-10-28,0.0028106052447454,-0.0074686228363438,-0.013246523135616,-0.0127054713110867,0.0047885494362542,0.0014657214717958536,0.01517264154692187,-0.0214007085741179,0.0498343394611853,0.38461538461538464,0.038461538461538464,0.0028106052447454,0.004794575337261244,0.009041931002342726,0.012647107197959412,0.014648152046528595,0.012688009952915413,0.022227166571557433,31.51779230210603,68.91793754538853,22.22222222222222,39.94916485112564,NORMAL,False,False,False,0,29.807692307692307,36.90672308809564
2022-10-31,0.0126722303955641,0.0077345710730871,-0.0155859240364026,-0.0022566182160088,-0.0024659669811953,0.008757316607691601,0.010276314950663064,-0.0155859240364026,0.0281706395320506,0.15384615384615385,0.0,0.0126722303955641,0.006378333149274211,0.009218851850968024,0.012554397027088247,0.014655241152218525,0.024800351503144746,0.012844381680892525,38.925199709513436,67.61074800290487,29.193899782135073,44.61147421931736,NORMAL,False,False,False,0,5.384615384615385,32.84341656890676
2022-11-01,0.0073950532223929,-0.0004441733991672,0.021264347547008,0.005562672198869,0.0059557913830046,0.007752556270163127,0.012783545667372116,-0.0378035289683994,0.0229894541281414,0.19230769230769232,0.038461538461538464,0.0073950532223929,0.006195481905157327,0.008760975459408564,0.01153320036360777,0.014592330060397292,0.023385947612199365,-0.0003715742045226067,39.50617283950617,91.21278140885984,43.282498184458966,56.15105301379811,NORMAL,False,False,False,0,23.076923076923077,46.2288140327356
2022-11-02,-0.0034471976315451,-0.0034609264974595,0.0184451420477183,0.0004255022321428,-0.0005378359572664,-0.0023510300810460805,0.010469608366041157,-0.0238192228130879,0.0184451420477183,0.5769230769230769,0.07692307692307693,0.0034471976315451,0.0059316004865375615,0.008167468925341611,0.010776368100937411,0.013941911999899009,0.024155615936237718,0.000581155551536261,3.776325344952796,28.903413217138706,8.351488743645605,12.68700072621641,NORMAL,False,False,False,0,52.88461538461539,24.7462851237361
2022-11-03,-0.0016673473084335,0.0036868367538747,-0.0203333536783854,-0.0111805936013109,0.0024659466379297,-0.0019400429694671959,0.009256943011669195,-0.0203333536783854,0.0192559871426782,0.5769230769230769,0.038461538461538464,0.0016673473084335,0.006609229877537698,0.006824675854333251,0.009119826646872026,0.013133328867283725,0.01780182127748442,-2.2984161359262956e-05,9.295570079883806,31.372549019607842,25.562817719680464,20.798838053740013,NORMAL,False,False,False,0,36.53846153846153,25.52072509915647
2022-11-04,0.0035701681556883,-0.0009662082498009,0.0503572931111853,0.0277760399530653,-0.0024924643430052,0.006774982677874658,0.015499739075912108,-0.014117877064921,0.0503572931111853,0.38461538461538464,0.0,0.0035701681556883,0.006596626771773259,0.006826938632221719,0.009147892972844292,0.01335373223035319,0.018572739046093023,0.006528209366222892,56.13652868554829,13.725490196078432,75.09077705156136,49.09949164851126,NORMAL,False,False,False,0,28.46153846153846,42.90810569241942
2022-11-07,0.0047275862251119,0.0103797183119926,-0.0088543320313136,0.0023916292974588,-0.0085484636396863,0.004513084894818169,0.011241517394641522,-0.0125783782784587,0.0340095436354748,0.3076923076923077,0.0,0.0047275862251119,0.004529521903613547,0.006804232403912597,0.00922516628145473,0.013335811153844614,0.010581804042095744,0.00917019009240816,26.2164124909223,9.731299927378359,51.99709513435003,29.00508351488744,NORMAL,False,False,False,0,10.76923076923077,23.534327691190434
2022-11-09,-0.0025161392359563,0.0023149139436551,-0.0649308097290197,0.0200417390909259,-0.006950916025284,-0.0063583217566686384,0.020203838468014265,-0.0718508940507411,0.020367986919068,0.6538461538461539,0.07692307692307693,0.0025161392359563,0.003741702515456781,0.0067237274279286045,0.009143285462674887,0.013574395676087496,0.0006392589375427971,0.011955816091614668,85.40305010893246,38.925199709513436,87.7995642701525,72.17864923747277,ELEVATED,False,False,False,0,40.57692307692308,62.69813138930786
2022-11-10,-0.0070937259046097,-0.0042948195066085,0.0074565929860772,0.0235074403930177,-0.00075417467124,-0.006039193833589724,0.02008123368287442,-0.0483666143080709,0.0561255366063668,0.6923076923076923,0.19230769230769232,0.0070937259046097,0.0048154098738091644,0.005814081564256208,0.00880740989640214,0.013703841400439069,-0.003022222260625429,0.011109022520700895,68.77269426289034,20.406681190994917,55.70079883805374,50.34132171387073,NORMAL,False,False,False,0,60.96153846153845,53.527386738171046
2022-11-11,0.0178331732470333,0.012818630148099,0.02879608914789,0.0089698627286141,-0.0105834844556244,0.014997585716970883,0.018689689840601955,-0.0105834844556244,0.0566651049665447,0.2692307692307692,0.0,0.0178331732470333,0.009423123725141138,0.006609703879164585,0.0089173627375383,0.014358488100435095,0.016451833401817773,0.020308344813855017,85.9840232389252,49.31009440813362,92.88307915758897,77.05156136528686,ELEVATED,False,False,False,0,9.423076923076922,56.763016032623874
2022-11-14,-0.0011198455015547,-0.0014310797481403,-0.0347346714218881,0.0043034969342794,0.0001751815683963,-0.0033309831028688,0.014487479939469129,-0.0387272743712423,0.0240850045234135,0.5384615384615384,0.11538461538461539,0.0011198455015547,0.009621374045616969,0.006293617506209998,0.008151420221996816,0.01407568750765127,0.011701619483696746,0.01983357381717954,22.585330428467685,64.56063907044299,8.932461873638346,31.082062454611474,NORMAL,False,False,False,0,52.88461538461539,37.622828333612645
2022-11-15,0.0040509242609507,0.0070335457669263,0.0122277324883988,0.000112806295073,0.0061492367051427,0.004770477161301918,0.007406004366996453,-0.0057321778437214,0.0222623005597777,0.3076923076923077,0.0,0.0040509242609507,0.009584544120194171,0.006116745181953464,0.007562447148275314,0.013748586452787037,0.011020260661295023,0.016456092021577495,32.17138707334786,15.177923021060277,61.87363834422658,35.984023238925204,NORMAL,False,False,False,0,10.76923076923077,28.419585498016872
2022-11-16,0.0003396111515991,0.0038373657555783,-0.0153014479874882,-0.000451036647932,0.0009804269736861,-0.0017908536788063538,0.007878887119070772,-0.0186029757944198,0.0106683076693461,0.5,0.0,0.0003396111515991,0.009312164130132547,0.006082501220713995,0.007030725595520443,0.013690777008659364,0.013914765138789642,0.018000023372404472,16.63035584604212,54.1757443718228,45.60639070442992,36.58678286129266,NORMAL,False,False,False,0,17.5,30.860748002904863
2022-11-17,-0.0035714963948192,-0.0018160679076234,-0.0461502175166412,-0.0068809651279611,0.0052286844834616,-0.006630335154399903,0.010987280512577694,-0.0461502175166412,0.0067863420671812,0.7307692307692307,0.07692307692307693,0.0035714963948192,0.008471721412183216,0.006020763456973555,0.006926232115359054,0.013681490219767377,0.017511520038377304,0.02053427671881214,68.11909949164851,43.71822803195352,67.39288307915758,60.58097312999274,NORMAL,False,False,False,0,58.269230769230774,59.88745042176414
2022-11-18,-0.0019761337135545,-0.0004852272052927,-0.0191082504930977,-0.00505453439758,0.0003632362930725,-0.004258634908190062,0.008376737989275016,-0.0255687342897639,0.0097022201880883,0.6923076923076923,0.038461538461538464,0.0019761337135545,0.002889774068554733,0.006097804967563204,0.006955915515822083,0.013593466678071252,-0.002291526832332802,0.0071290706556805805,16.33986928104575,15.904139433551197,38.344226579520694,22.810457516339866,NORMAL,False,False,False,0,55.57692307692308,32.640397184514825
2022-11-21,-0.0080677295405768,-0.002141964077044,-0.004370610216262,-0.0082767280084088,-6.139084707390552e-05,-0.007152352594407862,0.007850334867685474,-0.0179968676818984,0.0126280203339925,0.8076923076923077,0.0,0.0080677295405768,0.004507072152620237,0.006513841217434049,0.006702414532238801,0.013725066124318775,-0.009231261038784466,0.006412092329005192,35.22149600580973,83.1517792302106,53.23166303558461,55.003631082062455,NORMAL,False,False,False,0,58.269230769230774,55.98331098821295
2022-11-22,0.0046393301536886,0.0026094518278569,0.0153015620210994,0.0005180294701365,0.0025490932314682,0.003963432639764054,0.005032150526533229,-0.0101341974786771,0.0153015620210994,0.11538461538461539,0.0,0.0046393301536886,0.004702927985303694,0.006541861026184369,0.005794989837370041,0.013081947668710403,-0.008650638930623566,0.0019907285555789134,42.9920116194626,76.32534495279593,79.88380537400145,64.05954974582426,NORMAL,False,False,False,0,4.038461538461538,46.05322328361544
2022-11-23,0.0012634580983039,0.0064076525279193,-0.0371833801150167,0.0037967988267542,-0.0001554300684648,0.0015746290240353463,0.009416332414645763,-0.0371833801150167,0.0142715726463316,0.38461538461538464,0.038461538461538464,0.0012634580983039,0.004821097126754605,0.0063372864751008754,0.005330177100830601,0.012946352905988565,-0.007735094779285467,0.004556287084749533,26.797385620915033,30.501089324618736,50.617283950617285,35.05446623093682,NORMAL,False,False,False,0,14.807692307692308,28.980434053963464
2022-11-24,0.0118709498898301,0.0081044762624715,0.0,0.0,-0.0010047104966057,0.009285475609078301,0.009558351943000545,-0.0015328853436333,0.029466498523248,0.15384615384615385,0.0,0.0118709498898301,0.007434418826744624,0.006589171892784717,0.005308462134227672,0.012949552070596584,0.007642824904438239,0.014540163499671355,49.45533769063181,32.97022512708787,48.5838779956427,44.248366013071895,NORMAL,False,False,False,0,5.384615384615385,32.58924082453494
2022-11-25,0.0015500019600884,-0.002123028075915,-0.02129848101246,0.0048140433815875,0.0002757064229408,0.002540301820653954,0.008808746106175522,-0.02129848101246,0.0231459186998967,0.4230769230769231,0.038461538461538464,0.0015500019600884,0.0071796652636587025,0.006569421486490669,0.0053773592899891455,0.012723504871339296,0.011202945489937832,0.0128777420845132,6.971677559912854,42.41103848946986,27.30573710965868,23.703703703703702,NORMAL,False,False,False,0,31.153846153846153,25.938746438746435
2022-11-28,0.0027008413120686,0.0008491640541512,0.0125852005746649,-0.007528701804925,0.0001750953984946,0.0011041063177966962,0.009147813405776195,-0.0107563249207245,0.0343636693730431,0.4230769230769231,0.0,0.0027008413120686,0.004379491251989231,0.006568897973570838,0.004906326633863402,0.012397785965754832,0.022180721784954782,0.015913892517483097,17.93754538852578,25.12708787218591,51.343500363108205,30.116194625998546,NORMAL,False,False,False,0,14.807692307692308,25.523643930506672
2022-11-29,0.0029791265437502,0.0007670859821846,0.0124287818620325,0.004769868941197,-0.0002375611780754,0.0032631296143919514,0.010655118911180681,-0.0126145644441009,0.0431649138317629,0.38461538461538464,0.0,0.0029791265437502,0.00442002392009397,0.006092615425872334,0.004754926733456537,0.01231241781773763,0.020491530377270806,0.014047078820179637,11.909949164851126,21.423384168482208,31.372549019607842,20.602759622367465,NORMAL,False,False,False,0,13.461538461538462,18.460393274118765
2022-11-30,0.0075356346254191,0.0041239189932817,0.0300512301179629,-0.0013726975409227,-0.0002376176267988,0.007021118253696034,0.011814454012782307,-0.0100238513012308,0.0385809269776526,0.34615384615384615,0.0,0.0075356346254191,0.004312084182859632,0.006099641433712726,0.004736861618648248,0.012214922925421987,0.026884156584872088,0.011746009950337921,30.93681917211329,34.78576615831518,47.05882352941176,36.928104575163395,NORMAL,False,False,False,0,12.115384615384613,29.48428858722976
2022-12-01,0.0028867353340049,0.0006858222823931,0.0083177919746917,0.0315578325234464,-0.0039886817405445,0.005055254406918151,0.011362633599280617,-0.0133277829862844,0.0315578325234464,0.38461538461538464,0.0,0.0028867353340049,0.0023113986577713765,0.005982730638937846,0.004558325600924066,0.012216743421662239,0.017766642550359313,0.004300557876387945,60.49382716049383,14.37908496732026,92.08424110384895,56.1365286855483,NORMAL,False,False,False,0,13.461538461538462,43.33403161834535
2022-12-02,-0.006187396179402,-0.0036267685406521,-0.0152671490412813,-0.0028870974639724,-0.0017599950754669,-0.005495637158224877,0.007497572339591416,-0.0223045176966799,0.0080571769657453,0.8076923076923077,0.038461538461538464,0.006187396179402,0.004997785179594855,0.006209506317067889,0.004748994412760953,0.012233960218886187,0.009903963991032994,0.0027871374547050465,44.734931009440814,57.9520697167756,61.365286855482935,53.68917937545389,NORMAL,False,False,False,0,59.61538461538461,55.467040947433105
2022-12-05,0.0002648237856262,0.0053173557098362,-0.0381345701893297,-0.0158694802675881,0.0032071540648455,-0.0013103975491249495,0.011893110378690371,-0.0381345701893297,0.0202271881103535,0.5769230769230769,0.038461538461538464,0.0002648237856262,0.005028950362937742,0.006203076795755799,0.004739664488518035,0.011930628574271688,0.007450446795329357,0.007263981000093622,52.57806826434277,15.105301379811184,66.95715323166304,45.64996368917937,NORMAL,False,False,False,0,21.538461538461537,38.416513043964024
2022-12-06,-0.0031175136590962,-0.0044861195773302,-0.0348368685109113,0.0010750392598259,0.0058522086803014,-0.005170417674398339,0.010063445004546026,-0.0348368685109113,0.0132450416752698,0.6538461538461539,0.07692307692307693,0.0031175136590962,0.005310597491565957,0.006243173186256473,0.004596877806150837,0.011883487339313364,0.0013266275315391152,0.001976672075764352,47.712418300653596,9.15032679738562,66.81190994916484,41.87363834422658,NORMAL,False,False,False,0,55.57692307692308,45.984623764035526
2022-12-07,-0.0044119027503989,-0.000923814631822,-0.0301683213975694,0.0091561356043621,0.0057778229895555,-0.005751011200442177,0.011452867565934272,-0.0301683213975694,0.0198903075560179,0.7692307692307693,0.07692307692307693,0.0044119027503989,0.003658760211006033,0.0063167332103583815,0.004631849798786816,0.011604473030262599,-0.010547282330003904,-0.003060267333344857,60.42120551924474,59.62236746550472,76.83369644153957,65.10530137981118,NORMAL,False,False,False,0,59.61538461538461,63.458326350483205
2022-12-08,0.0026319123609277,0.0115583606804916,-0.0076378702324894,0.0017921877187763,-0.001440997327977,0.0001424186249762806,0.011378025218233867,-0.0363056437832086,0.0270047604492009,0.5384615384615384,0.038461538461538464,0.0026319123609277,0.0035724617648028325,0.0060185796253944225,0.004924205545611298,0.011064193363155974,-0.010798691860465115,0.00777156947562041,32.38925199709514,68.84531590413944,35.14887436456064,44.15395787944808,NORMAL,False,False,False,0,20.19230769230769,36.965462823305955
2022-12-09,-0.0060587824059793,0.0008394661822987,-0.0061573250355926,0.0052552270759016,0.0003123976510441,-0.007659550814332141,0.016382965326982097,-0.0670540188836466,0.0122859206500698,0.6538461538461539,0.11538461538461539,0.0060587824059793,0.0035365322368629856,0.004893971916945183,0.0042693339169358226,0.010485362305468503,-0.010670674855624007,0.012288897153926781,70.80610021786492,89.90559186637618,71.31445170660857,76.68845315904139,ELEVATED,False,False,False,0,41.92307692307692,66.25884028825205
2022-12-12,2.977743269738653e-05,0.001725778249715,0.0302731854055755,-0.0097880962265194,0.0016262229705803,0.0023991091211058493,0.008638897116852938,-0.014082817963868,0.0302731854055755,0.34615384615384615,0.0,2.977743269738653e-05,0.0034979547962638953,0.0048817923184749585,0.004203185630061855,0.010166391425886297,-0.010903151539989109,0.008672413298854043,56.42701525054466,41.539578794480754,86.8554829339143,61.089324618736384,NORMAL,False,False,False,0,12.115384615384613,46.39714261773085
2022-12-13,0.0059927938646799,0.0054405499534824,0.0303403208453998,0.0187587893367382,0.002811414180492,0.008249506276173418,0.00803715447750682,-0.0058355381137108,0.0303403208453998,0.11538461538461539,0.0,0.0059927938646799,0.004958715565075958,0.004975228144609333,0.004115214341667593,0.010295217261023556,-0.001863995386946704,0.01873029185642272,70.37037037037037,43.064633260711695,90.48656499636893,68.21350762527233,NORMAL,False,False,False,0,4.038461538461538,48.96099379922909
2022-12-14,0.0028106610731943,0.0023335614184512,0.0250696299900481,-0.0035283225800329,-0.0029306508637139,0.005379265314668382,0.009136933535038246,-0.0120049628616932,0.0250696299900481,0.3076923076923077,0.0,0.0028106610731943,0.00451675593950069,0.004999965095395108,0.004090330837471023,0.010427980881015014,0.005377052409687222,0.022051747920514675,41.9753086419753,23.602033405954977,75.6717501815541,46.57225853304285,NORMAL,False,False,False,0,10.76923076923077,35.83135020389923
2022-12-15,-0.0131509343553336,-0.0125065191236346,-0.0151397280981679,-0.0167635124913554,0.0012803847172302,-0.010908215486424063,0.007122714166820623,-0.0246296469764949,0.0019495200471841,0.8846153846153846,0.038461538461538464,0.0131509343553336,0.007614721164748077,0.00582093661648274,0.005144609893277969,0.010630691643407558,-0.010449006699946195,-0.0022627685951300824,86.71023965141612,86.20188816267247,92.01161946259985,88.14814814814815,HIGH,False,False,False,0,62.30769230769231,80.39601139601139
2022-12-16,-0.0079229530179417,-0.0064072180548359,-0.0239127536490478,0.0072023684333801,0.0042407921446865,-0.009258567180995745,0.010908205438286078,-0.035769034486854,0.0117590758361389,0.8076923076923077,0.15384615384615385,0.0079229530179417,0.007898857712229233,0.006084370566189416,0.005411621737030485,0.010891217911522684,-0.012304943296693183,-0.009486990772542891,68.55482933914307,33.69644153957879,58.315177923021054,55.025417574437185,NORMAL,False,False,False,0,63.65384615384616,57.61394614825987
2022-12-19,0.0082899566889265,0.0044945514138883,0.0121147060814048,-0.0012849434793994,-0.0015919374981526,0.0065079834108615255,0.010902568935919114,-0.0117890605333277,0.0312000670651677,0.3076923076923077,0.0,0.0082899566889265,0.00928827483155969,0.0060546155721143205,0.005416977580655144,0.01100259841167981,-0.00414664801092135,-0.006749209736793493,29.920116194626,5.446623093681917,25.998547567175017,21.401597676107478,NORMAL,False,False,False,0,10.76923076923077,18.211887604044463
2022-12-20,-0.0019081205394395,-0.0012496186044888,0.0119695952555092,0.0157745002027336,-0.0017418511486884,-0.002917784081358653,0.010129835259326508,-0.0287758820742375,0.0157745002027336,0.6538461538461539,0.038461538461538464,0.0019081205394395,0.00848161090427925,0.006008941184331494,0.005435049704378045,0.011147767772458964,-0.011967928780631909,-0.013358268032190868,40.45025417574437,67.17501815541031,53.01379811183733,52.23674655047204,NORMAL,False,False,False,0,54.230769230769226,52.83495335456119
2022-12-21,-0.0101277196435586,-0.0171024017056725,0.0289131907414901,0.0,0.0006660091877672,-0.007292037657694488,0.013578895618375246,-0.0228585579925415,0.0289131907414901,0.6538461538461539,0.11538461538461539,0.0101277196435586,0.008477190938587995,0.006446930644833516,0.006630027092388343,0.011573255866358736,-0.024715634398477238,-0.03248995538396471,61.6557734204793,13.870733478576616,51.70660856935366,44.33551198257081,NORMAL,False,False,False,0,56.92307692307692,48.11178146472264
2022-12-22,-0.0039425027358517,-0.0049074854528862,-0.0102184575603848,-0.0159149865221174,0.0029248339824348,-0.007257557254083669,0.00865302397335762,-0.0250848675218683,0.0082807346132023,0.8461538461538461,0.15384615384615385,0.0039425027358517,0.007150327628859963,0.005833347717346779,0.006416588763700218,0.011404077035931215,-0.015615114670747166,-0.025044699746125,71.45969498910677,41.394335511982575,66.08569353667393,60.82788671023965,NORMAL,False,False,False,0,65.0,62.07952069716775
2022-12-23,-0.0176831602541178,-0.0174669118402229,0.0267131210722622,0.0049804277638849,-4.464670372927859e-05,-0.01713618861981591,0.016377893406327126,-0.0551806305148168,0.0267131210722622,0.9230769230769231,0.3076923076923077,0.0176831602541178,0.009675089421711653,0.006888146532575713,0.007426038781467824,0.012165991777522506,-0.0252996452323605,-0.035896939487781276,90.26870007262164,23.02106027596224,72.76688453159042,64.84386347131445,NORMAL,False,False,False,0,73.07692307692308,67.31378135299704
2022-12-26,0.0116696328935068,0.0230895639097292,0.0,0.0,-0.0032675481577625,0.012382026538382624,0.01315958596178429,-0.0143490031352009,0.0402437106540316,0.15384615384615385,0.0,0.0116696328935068,0.010884633362659156,0.007471977693957372,0.009243418839862958,0.01275484042442824,-0.022032557651302298,-0.018049646605734937,62.89034132171387,23.238925199709513,59.912854030501094,50.10167029774873,NORMAL,False,False,False,0,5.384615384615385,36.68655382380872
2022-12-27,0.0065336546149905,0.0053800029707167,-0.0003770585748796,0.0105239847191542,0.0036172247654839,0.006202433292521069,0.008243957288584148,-0.0092455176566063,0.024770057765229,0.15384615384615385,0.0,0.0065336546149905,0.011968251214058557,0.0076241226371240025,0.009331599445161898,0.012778403576209437,-0.0137609932527194,-0.011531542212575907,44.299201161946264,29.339143064633262,54.61147421931736,42.904865649963696,NORMAL,False,False,False,0,5.384615384615385,31.648790570359203
2022-12-28,-0.0005405150382313,-0.0007418949345527,-0.0071671030249355,-0.0038020852041071,-0.0015295066402398,-0.0011188412103950783,0.005666377295924456,-0.0097548700337497,0.0146648733578169,0.7692307692307693,0.0,0.0005405150382313,0.011227841679776812,0.007340491683284154,0.009276630606584554,0.012498749788630147,-0.004208977972489092,0.00492169251374075,42.120551924473496,86.63761801016703,64.4153957879448,62.16412490922295,NORMAL,False,False,False,0,56.92307692307692,60.591810513379144
2022-12-29,0.0037798317009243,0.0099152991618571,-0.0070921677442606,0.006416270495763,0.0009168977114333,0.002987313761358804,0.007385113603824999,-0.0138001856590399,0.0178854842813933,0.23076923076923078,0.0,0.0037798317009243,0.011217349637400498,0.007372491039286691,0.00956016937247276,0.01227147552807056,0.003511290508353637,0.01989089144253975,19.317356572258536,61.6557734204793,43.86347131445171,39.382716049382715,NORMAL,False,False,False,0,8.076923076923077,29.990978157644822
2022-12-30,-0.0047110779368918,-0.006147678120326,0.0237244971192711,0.0001098934717642,-0.0002039674289339,0.00040987084733514205,0.009853337385205723,-0.0189417858508994,0.0239133875254948,0.5384615384615384,0.0,0.0047110779368918,0.006317707653744602,0.007331974927111253,0.009627354187498428,0.012308989680256602,0.016763258244249624,0.031640504262861135,5.3013798111837325,17.21132897603486,23.238925199709513,14.255628177196805,NORMAL,False,False,False,0,48.84615384615384,24.63278587788391
2023-01-02,0.0050895833553579,0.0050517052129044,0.0,0.0,-0.0010297160580995,0.004933359373438408,0.007233951362208545,-0.0043939526252799,0.0252131146116132,0.23076923076923078,0.0,0.0050895833553579,0.004603138740521593,0.007473820553349399,0.009619678111987521,0.01226763431721287,0.010150079010351698,0.01345188588745505,5.954974582425563,29.774872912127815,38.48946986201888,22.861292665214233,NORMAL,False,False,False,0,8.076923076923077,18.425981788726887
2023-01-03,0.0019289276248581,0.0051419557732128,-0.0414901786995028,0.0109908229579938,-0.0005293106827821,0.0008657490741095926,0.011479614515536243,-0.0414901786995028,0.0219838543630137,0.46153846153846156,0.038461538461538464,0.0019289276248581,0.0038808785594942993,0.00749571220916712,0.009629826738716757,0.012292850265825949,0.0055288074695776235,0.013211927483142594,18.373275236020334,4.720406681190995,24.618736383442265,16.151053013798112,NORMAL,False,False,False,0,17.5,16.55573710965868
2023-01-04,-0.0103990694870288,-0.0107414285179705,-0.0531652664898011,0.0071207794770584,0.0009636139341564,-0.010942886062194922,0.012385563785885316,-0.0531652664898011,0.0071207794770584,0.8076923076923077,0.19230769230769232,0.0103990694870288,0.00652932457640025,0.007750786269501673,0.00994464527048613,0.01241738484178581,-0.004389614084701399,0.0030727585891121567,72.40377632534495,10.457516339869281,40.2323892519971,44.16848220769789,NORMAL,False,False,False,0,65.0,50.417937545388526
2023-01-05,-0.0028154392892826,-0.0081497052090152,0.0113948637120253,-0.0097150256507089,-0.0014398822879641,-0.003865976875742594,0.01974570236837524,-0.0716709705383226,0.0197245513988806,0.5769230769230769,0.11538461538461539,0.0028154392892826,0.006001944689415463,0.0076977523651744805,0.009700492267540207,0.01283753427951843,-0.010931208255455904,-0.014869848858516055,57.661583151779226,93.68191721132898,27.450980392156865,59.40450254175744,NORMAL,False,False,False,0,54.230769230769226,57.85238254846097
2023-01-06,-0.0073755037054461,-0.0098547584225529,0.0013573839637102,0.0160234911496364,-0.000257584887418,-0.00676267582206491,0.0106383310995472,-0.0300656748366903,0.0160234911496364,0.7692307692307693,0.07692307692307693,0.0073755037054461,0.00638852270498715,0.007742881093576446,0.009880998207690074,0.012474907498167709,-0.013578982501887271,-0.0185443953661093,33.40595497458242,22.367465504720407,22.657952069716774,26.870007262164123,NORMAL,False,False,False,0,59.61538461538461,36.69362046813026
2023-01-09,0.0135362517084902,0.0093377676410533,0.0116578643010198,0.0045595967292331,-0.0044987884575191,0.013074515686493364,0.011870457583748212,-0.0114306756268159,0.0359315595440932,0.11538461538461539,0.0,0.0135362517084902,0.009383009760125944,0.008459602672376961,0.010159931839813787,0.013049927512390138,-0.0052892028351329,-0.014358958965077107,57.37109658678287,13.362381989832969,37.47276688453159,38.198983297022515,NORMAL,False,False,False,0,4.038461538461538,27.95082676945422
2023-01-10,-0.0103335047509585,-0.0133387345814913,0.0065657980865276,-0.0005873741734491,-0.0011340222533204,-0.0036433872910987455,0.015292310113980793,-0.0206516415906385,0.060213109698666,0.7692307692307693,0.038461538461538464,0.0103335047509585,0.010000167870696429,0.008531910477690322,0.010374134829561829,0.013168806854612311,-0.017463293778533506,-0.032481102584325794,58.75090777051562,92.22948438634712,29.121278140885988,59.90559186637618,NORMAL,False,False,False,0,58.269230769230774,59.41468353723255
2023-01-11,-0.0010299775022909,0.0051874453316989,0.0304845691134048,0.0016029066248843,-0.0066038094937478,0.0007497545313574807,0.010922658552491794,-0.0191386989220924,0.0304845691134048,0.5384615384615384,0.0,0.0010299775022909,0.00922684691982757,0.008464119675746886,0.010458961448148858,0.013179231948895722,-0.008161082659756125,-0.016902277281839573,36.673928830791574,41.9753086419753,49.673202614379086,42.16412490922295,NORMAL,False,False,False,0,33.84615384615384,39.66873359030221
2023-01-12,-0.0020954755408891,-0.0035623870018519,0.0126598072752546,0.0111490582984405,-6.859571396411468e-05,0.0007605053029665992,0.009288558981506533,-0.0215942886834352,0.0159746274421994,0.46153846153846156,0.038461538461538464,0.0020954755408891,0.009208808063879088,0.008052360916062044,0.010175746788291732,0.013041726849499578,-0.00744497844708969,-0.01235543981399756,8.133623819898329,19.607843137254903,10.457516339869281,12.273057371096586,NORMAL,False,False,False,0,47.5,22.841140159767612
2023-01-13,0.0055100959183882,0.0068675035198926,0.0187524076049072,0.0120812579340872,-0.0063234820077642,0.0056704464985755845,0.006673199238169447,-0.0063234820077642,0.0187524076049072,0.2692307692307692,0.0,0.0055100959183882,0.008938409732058207,0.008048901201825288,0.010278348414630321,0.012824588760083112,0.005439719301253865,0.00432458888073195,47.05882352941176,2.1060275962236745,68.99055918663763,40.152505446623096,NORMAL,False,False,False,0,9.423076923076922,30.93367688955924
2023-01-16,-0.0034388470725693,-0.004807486650736,0.0,0.0,0.0020020722378815,-0.0009362736701687997,0.008915041508576181,-0.0224802975326939,0.0147524341209466,0.46153846153846156,0.038461538461538464,0.0034388470725693,0.005667539921248886,0.00777187008546247,0.010229842259956788,0.012592297948891466,-0.011399775610515972,-0.009750408762937868,4.066811909949164,5.664488017429194,8.133623819898329,5.766158315177922,NORMAL,False,False,False,0,47.5,18.286310820624546
2023-01-17,0.0088545685118242,0.001600756950532,0.0040070084194656,-0.0058382366032383,0.0046089135073081,0.004398262086996723,0.00900777099797639,-0.0166664324192344,0.0271263620068196,0.3076923076923077,0.0,0.0088545685118242,0.005335563336213055,0.008101732747346624,0.010251951715471613,0.012663664135481405,0.0077676243411368695,0.005243415258926909,14.524328249818447,38.198983297022515,24.76397966594045,24.698620188816268,NORMAL,False,False,False,0,10.76923076923077,20.519803362940618
2023-01-18,0.00620655632356,0.0052787723614855,-0.0087303186028673,-0.0014680824399623,-0.0015566645518703,0.0031698673871396535,0.00706329137812484,-0.0166144926757912,0.0176518703779129,0.2692307692307692,0.0,0.00620655632356,0.0054378513162943185,0.00794211293179412,0.009634874022906161,0.012392960207637534,0.015067887950557468,0.005334747373901827,7.116920842411038,20.98765432098765,27.959331880900507,17.53086419753086,NORMAL,False,False,False,0,9.423076923076922,15.098528015194677
2023-01-19,-0.003165367099256,-0.0030417927716802,0.010694494693261,0.0092942401517353,-0.0010978212959176,-0.00088628196215905,0.007481924341999625,-0.0187315773366438,0.0167504021960775,0.5769230769230769,0.0,0.003165367099256,0.005703412255998339,0.007924012900913395,0.009595270833353839,0.01220986414293577,0.013979594894589775,0.0058599899601377015,5.664488017429194,7.044299201161946,24.691358024691358,11.786492374727668,NORMAL,False,False,False,0,50.19230769230769,23.308236970001673
2023-01-20,-0.0044289753051891,0.004203969920782,0.0121996228706695,0.0022371618972703,-0.0024092234020696,-0.004371478819497931,0.011565140177137787,-0.0381168421794814,0.0121996228706695,0.6153846153846154,0.07692307692307693,0.0044289753051891,0.0062277787491491375,0.00685097872443039,0.00870748515464045,0.01136044556218125,0.003956806009802971,0.0031991216036817427,12.05519244734931,63.03558460421206,15.250544662309368,28.30791575889615,NORMAL,False,False,False,0,39.23076923076923,31.584771800458075
2023-01-23,0.0050422760956287,0.0073976213916504,0.0038126330992063,0.0003633467415926,-0.0032471962798064,0.006014442924000074,0.007025610170244073,-0.005056120707252,0.0186955281158778,0.19230769230769232,0.0,0.0050422760956287,0.005930626763577902,0.006437133571930804,0.007190286307981853,0.010755933074417117,0.012500869063342579,0.015502423229206697,33.18809005083515,20.26143790849673,66.88453159041394,39.419026870007265,NORMAL,False,False,False,0,6.730769230769231,29.612549578235853
2023-01-24,-1.3798013043020418e-05,-0.0020504021075984,-0.0182553962634662,0.0035286435131927,0.0063228740703276,-4.67231453034791e-05,0.013625004947449011,-0.0241235329123841,0.0336680572589607,0.5769230769230769,0.038461538461538464,1.3798013043020418e-05,0.004767874879965174,0.006268091895385888,0.007102636134291187,0.010947805522614987,0.0036004496234567362,0.011800588096398501,33.84168482207698,25.925925925925924,53.086419753086425,37.240377632534496,NORMAL,False,False,False,0,51.53846153846153,41.52980280431261
2023-01-25,-0.0124929796250122,-0.0254086857274695,0.0002496477367603,0.0037747177546183,0.0013977423965163,-0.010430424771514093,0.012834911378780775,-0.0431562253811265,0.0098059413526176,0.7307692307692307,0.15384615384615385,0.0124929796250122,0.006437796467823089,0.006861994510326775,0.009081727778032924,0.011503737795278975,-0.015050653937532577,-0.019085957004568943,66.73928830791576,64.27015250544662,43.20987654320987,58.939724037763256,NORMAL,False,False,False,0,60.96153846153847,59.546268364895816
2023-01-27,-0.0160742469061787,-0.0312706168321703,-0.0058640201092369,-0.0064908180006553,-0.0019215155514483,-0.006788494236133884,0.022526606528047794,-0.0505540103003068,0.0633575671325725,0.7692307692307693,0.19230769230769232,0.0160742469061787,0.008704277683727425,0.00758986117826421,0.010882397332685942,0.012300574432740454,-0.027805620814263965,-0.04686049132046988,89.83297022512708,94.26289034132171,91.72113289760348,91.72839506172838,HIGH,False,False,False,0,63.653846153846146,83.3060303893637
2023-01-30,0.0025334426073457,0.0010446926081559,-0.0223393420240894,-0.0029554864896973,0.0007723528951102,0.002503999827941978,0.014110699210417488,-0.0223393420240894,0.0453243079132177,0.4230769230769231,0.038461538461538464,0.0025334426073457,0.009461163364898906,0.007606941042441423,0.010906164660336289,0.012457654359720103,-0.02100668493504454,-0.04985911721295311,32.24400871459695,55.41031227305737,27.233115468409586,37.690631808278866,NORMAL,False,False,False,0,16.153846153846153,31.22959611194905
2023-01-31,0.0007479862801675,0.00662585946071,0.0124518767869457,0.0034323030329923,0.0008821147765738,0.003025903487811093,0.013919723109217188,-0.0224848984961876,0.0354085289490473,0.4230769230769231,0.07692307692307693,0.0007479862801675,0.008564754093642279,0.0074774093815840196,0.010973227635886202,0.01267912868093672,-0.025189674170701393,-0.05058701506261465,32.97022512708787,51.12563543936093,24.03776325344953,35.737109658678285,NORMAL,False,False,False,0,17.5,30.2659767610748
2023-02-01,-0.0025959245256645,-0.0034940500262642,-0.0311905540611796,-0.0008810319626199,0.0023106113707291,-0.006672365443534118,0.01930356263982292,-0.0552346932068856,0.0256846668393386,0.6538461538461539,0.15384615384615385,0.0025959245256645,0.008256732197865357,0.007437658474357108,0.010805563718195807,0.013012997438225342,-0.027706792489033738,-0.05196044923459475,63.471314451706604,48.51125635439361,24.981844589687725,47.43645606390704,NORMAL,False,False,False,0,58.269230769230774,50.686288475504156
2023-02-02,-0.0003349392530399,0.0038580401661194,-0.0069363484267731,-0.0059653489515111,-0.0007106103000424,0.005248521199409151,0.013838214513302107,-0.0171129365043459,0.0475927146505346,0.4230769230769231,0.0,0.0003349392530399,0.007462630285529567,0.007152506299686508,0.010777231703144928,0.0129042387105095,-0.015736062330757083,-0.02349106595341599,17.066085693536674,35.65722585330428,16.049382716049383,22.338416848220767,NORMAL,False,False,False,0,29.807692307692307,24.57919948606223
2023-02-03,0.0138355963078902,0.0204183111474305,-0.0328149440418881,-0.0278662125206948,0.0041072156200432,0.009322526147932704,0.019465284536845935,-0.0328149440418881,0.0518743634306346,0.2692307692307692,0.07692307692307693,0.0138355963078902,0.0064226768837647155,0.007884735246800806,0.011853414886231142,0.013296970534712925,0.014184061178950325,0.028612959009999273,87.43645606390704,52.28758169934641,84.60421205519245,76.04212055192448,ELEVATED,False,False,False,0,12.115384615384613,56.864099770962525
2023-02-06,-0.0050101331608701,-0.0030132936769213,0.0098106176139944,0.0017713922994071,0.0021951065285961,-0.002029106832758092,0.007039052008806737,-0.0184757723723221,0.0149563168785193,0.6153846153846154,0.0,0.0050101331608701,0.007333329097118153,0.007791081309427216,0.011689622234856928,0.01309043778393932,0.006552820181619623,0.024443217827475383,15.105301379811184,27.523602033405954,20.769789397240377,20.530137981118372,NORMAL,False,False,False,0,51.53846153846155,29.832635048321322
2023-02-07,-0.0024261514654264,0.002810918899424,0.0408851538839907,0.0029471654398802,0.0064334801883103,-0.00019099283018129604,0.013845040176418511,-0.0264735762466171,0.0408851538839907,0.5,0.038461538461538464,0.0024261514654264,0.007530875657798805,0.007092086817050415,0.011477709125445754,0.012887008235538549,0.0033602708652344937,0.020560752512588598,27.814088598402325,54.61147421931736,38.99782135076253,39.2084241103849,NORMAL,False,False,False,0,33.84615384615385,37.59974303111558
2023-02-08,0.0084755364246817,0.0011255278471407,0.0172414031835363,0.0030453990441248,-0.0001582946147655,0.008436500930187293,0.00888549263166955,-0.0083608464761406,0.031019856396921,0.19230769230769232,0.0,0.0084755364246817,0.007938458328211443,0.007041133855327256,0.01112517289442527,0.012789713357443304,0.01449784723089187,0.025291843050379015,17.21132897603486,30.864197530864196,21.4960058097313,22.59259259259259,NORMAL,False,False,False,0,6.730769230769231,17.834045584045583
2023-02-09,0.0012170079483646,0.0004008976043758,-0.0052249733112174,-0.0059657361758493,-0.0009958372160226,0.0012393892496072299,0.008328925859756118,-0.009991637002106,0.0229015460943924,0.5,0.0,0.0012170079483646,0.007809251407682791,0.0070433569233594425,0.011047336529643098,0.012689487992681662,0.01607282184655423,0.021760885557394083,3.2679738562091507,26.434277414669573,24.40087145969499,16.55773420479303,NORMAL,False,False,False,0,17.5,16.84041394335512
2023-02-10,-0.0020649578680046,0.0001226745764977,0.0212657406357632,-0.001821831761176,-0.0015279187133214,0.0008082749270419003,0.010986892269268609,-0.0267806402684114,0.0296873806532669,0.5769230769230769,0.038461538461538464,0.0020649578680046,0.005209611381144475,0.007042878405004754,0.011028690188306918,0.012802725293807967,0.0001371800035752102,0.0014385458177739174,0.4357298474945534,8.49673202614379,4.647785039941903,4.117647058823529,NORMAL,False,False,False,0,36.53846153846153,13.843891402714931
2023-02-13,-0.0047937507000251,-0.0066699526261639,0.0052684164891387,-0.0058514194375932,-0.000244781929621,-0.0059315640102075235,0.0098272292771472,-0.0281167160744758,0.0098841494833916,0.7307692307692307,0.07692307692307693,0.0047937507000251,0.0051578312407482355,0.006996763190521479,0.010963652076101902,0.012895423731326667,0.00035468186103537747,-0.002234441191437342,9.005083514887437,6.172839506172839,9.803921568627452,8.395061728395062,NORMAL,False,False,False,0,58.269230769230774,23.35731244064577
2023-02-14,0.0089443537049958,0.0088694970393847,-0.0134764392223615,0.0011339573185662,0.0010228250312709,0.00549194965601888,0.01184628639696714,-0.0228126034130562,0.0327365512736177,0.2692307692307692,0.038461538461538464,0.0089443537049958,0.006180943220424202,0.007265421879060202,0.01115452934582404,0.013046735498210825,0.011756883411393027,0.0037936549226711413,3.1227305737109656,13.798111837327523,3.1227305737109656,6.325344952795933,NORMAL,False,False,False,0,10.769230769230766,7.658510697726383
2023-02-15,0.0047964707944361,0.0019856540690668,-0.0059448676349224,-0.0106796379871224,0.0032713214583206,0.003503565452667027,0.008862787238300113,-0.012075636059796,0.0226440428446423,0.3076923076923077,0.0,0.0047964707944361,0.005445494442082263,0.007062565497510962,0.011158783921957268,0.013043131355294125,0.008065846949447675,0.004656073490558965,5.083514887436456,17.28395061728395,30.501089324618736,16.368917937545387,NORMAL,False,False,False,0,10.76923076923077,14.689011787051001
2023-02-16,0.0011101336008929,-0.0023890895839794,-0.0012724071609719,0.00425256189934,-0.0015675375187977,0.0027859008624884726,0.013617321991913293,-0.0083775834614298,0.0569490726011006,0.6153846153846154,0.0,0.0011101336008929,0.005447680197733518,0.0069141834776865535,0.011079775445815754,0.013279377570168975,0.007958241526501375,0.001854219173500482,8.641975308641975,78.72185911401598,13.28976034858388,31.060275962236748,NORMAL,False,False,False,0,36.53846153846154,32.703731635104184
2023-02-17,-0.0050815676893513,-0.0120006087659672,-0.0273920446476573,-0.0008686078099552,-0.0005125133292194,-0.00845456301560957,0.008235606702363243,-0.0273920446476573,0.0044902222132874,0.8461538461538461,0.038461538461538464,0.0050815676893513,0.006084631659817164,0.006968532158763421,0.011347769153414409,0.013391796014348202,0.004911333057990186,-0.010290053599864457,45.17066085693537,66.30355846042121,38.70733478576616,49.57153231663036,NORMAL,False,False,False,0,60.96153846153847,52.98853416010279
2023-02-20,-0.0055505184801407,-0.0104554457627015,0.0,0.0,0.000758277625745,-0.003996692957626815,0.006250431936934471,-0.012954573923924,0.0070470380514988,0.6153846153846154,0.0,0.0055505184801407,0.006271180140130511,0.00700680774895695,0.011441724806091238,0.013203526388562422,0.004147185405916742,-0.014061750851111166,24.473493100944083,43.9360929557008,41.9753086419753,35.56281771968046,NORMAL,False,False,False,0,51.53846153846155,40.355510865314784
2023-02-21,-0.001003126492992,-0.0006903312831975,-0.0023577768458957,-0.0040208782416303,-0.0007310603961905,-0.004022326737849915,0.00652697654389368,-0.0194734447283465,0.0081593246356614,0.7307692307692307,0.0,0.001003126492992,0.004339123946685265,0.006885072367626194,0.011229156353304178,0.013116211555591301,-0.005752998093807693,-0.023404287647188826,29.266521423384166,30.21060275962237,51.12563543936093,36.10748002904865,NORMAL,False,False,False,0,55.57692307692308,41.94831294341098
2023-02-22,-0.0152803631315826,-0.0166619895697858,-0.0290179439023149,-0.0005455537370431,0.0019794586877948,-0.014025608829815135,0.010135912320069943,-0.0319293551884048,0.0041858524179612,0.9230769230769231,0.2692307692307692,0.0152803631315826,0.0063082202923764015,0.007603403268074124,0.011664625750871967,0.013249608862882224,-0.025619043127714347,-0.04157940697073492,86.41975308641975,79.95642701525054,56.79012345679012,75.59186637618009,ELEVATED,False,False,False,0,71.73076923076923,74.43353723255683
2023-02-23,-0.0024524349779846,0.0001413230848865,0.0194726504507378,-0.0076419213973799,-0.0003125925635379,-0.00017123265361985014,0.008433060172188589,-0.0163511344948151,0.0194726504507378,0.5,0.0,0.0024524349779846,0.0055822211473926615,0.007161653622759724,0.01044415850635991,0.01293786538723219,-0.029086492776160155,-0.03914839946532178,25.85330428467683,4.57516339869281,57.44371822803195,28.94698620188816,NORMAL,False,False,False,0,32.49999999999999,30.012890341321707
2023-02-24,-0.002595429723749,-0.0023037192796333,0.0123358577093115,-0.0050604791924504,-0.0026244802156835,5.035276981255614e-05,0.009953037485465454,-0.0256857525790554,0.0288748289655054,0.6153846153846154,0.038461538461538464,0.002595429723749,0.005777709131829322,0.006249560103642284,0.007852930814346659,0.01207292881243869,-0.02666033918081534,-0.029717956627179687,22.004357298474943,2.7596223674655045,40.95860566448802,21.917211328976038,NORMAL,False,False,False,0,52.88461538461539,31.207432545667842
2023-02-27,-0.0041854114458053,0.0099651495780579,-0.0083857362710634,0.0045333651871513,0.0036324119187436,-0.0034120693560101534,0.011601753073070925,-0.0266661732481332,0.0198880300229107,0.6153846153846154,0.11538461538461539,0.0041854114458053,0.005799634791153429,0.006265472407440897,0.008192107451673269,0.012067597228680678,-0.025324210154179294,-0.009694869350030055,36.964415395787945,80.75526506899055,37.254901960784316,50.18881626724764,NORMAL,False,False,False,0,40.57692307692308,47.30524831015026
2023-02-28,-0.0051027157362857,-0.000944021767256,0.0181025732169339,0.0065492704535292,-0.0032079746578742,-0.005039398861168438,0.010269614671621935,-0.0236145377190513,0.0181025732169339,0.7307692307692307,0.07692307692307693,0.0051027157362857,0.00534719249189418,0.006329952081903319,0.008040032853043907,0.01197110081119823,-0.029323992825894374,-0.009946273890409252,31.29992737835875,61.43790849673203,51.4161220043573,46.3761801016703,NORMAL,False,False,False,0,58.269230769230774,49.94409530193843
2023-03-01,0.008492348770636,0.0106557678396976,0.008306286363396,0.0048115952979068,-0.0002008609884114,0.010040146353319523,0.007795858028345602,-0.0009689488178985,0.026587611812963,0.07692307692307693,0.0,0.008492348770636,0.005513538435148425,0.006660238734828327,0.008373374435826595,0.011667557009919678,-0.005890316675868035,0.01755805038602576,40.95860566448802,60.78431372549019,63.76180101670298,53.74727668845316,NORMAL,False,False,False,0,2.6923076923076925,38.43078598960952
2023-03-02,-0.0073921687198044,-0.0075764541653173,0.0060497001664738,-0.002285439018049,-0.0026078397501585,-0.006190369762058241,0.008959765291921268,-0.0245774565111098,0.0106808133169957,0.8076923076923077,0.07692307692307693,0.0073921687198044,0.006200797026425014,0.006838359178898812,0.008504210311434276,0.011404626861009716,-0.010813026447283769,0.00970587370782594,34.78576615831518,44.88017429193899,44.08133623819898,40.60275962236746,NORMAL,False,False,False,0,60.96153846153847,46.71039327411876
2023-03-03,0.0157285986298278,0.0213308994990129,0.0194472437544583,0.0077447238461276,-0.0007789545458037,0.013881337055001722,0.011752877582865775,-0.0007789545458037,0.051428574945372,0.038461538461538464,0.0,0.0157285986298278,0.010078889481657196,0.007061114515904599,0.008622904361187064,0.011082152694413424,0.007360030595505274,0.03362499004091868,81.91721132897604,34.5679012345679,63.32607116920842,62.13507625272331,NORMAL,False,False,False,0,1.3461538461538463,43.898399530752464
2023-03-06,0.0066555236183669,0.0024010576926172,0.0097891412689441,0.0001082823226037,-0.0078099770198339,0.0066370058118789856,0.008471249515943635,-0.0078099770198339,0.0282710329280291,0.19230769230769232,0.0,0.0066555236183669,0.009707086567164078,0.0071681049286574545,0.008617064634733648,0.011249385854670047,0.0183266551091954,0.025883698766636876,53.522149600580974,53.95787944807553,76.39796659404503,60.51561365286856,NORMAL,False,False,False,0,6.730769230769231,44.38016032623876
2023-03-08,0.0024250512391459,0.0054824894938474,-0.047228380134255,-0.0190486892024089,0.0044313744786406,-0.0010405167132930158,0.012847781098625203,-0.047228380134255,0.0153489472118553,0.34615384615384615,0.07692307692307693,0.0024250512391459,0.008515734097485673,0.00716823319320257,0.008683288116968741,0.01119705288184623,0.02603169751486023,0.03248278158716977,72.69426289034132,64.12490922294843,84.0958605664488,73.5439360929557,ELEVATED,False,False,False,0,14.807692307692305,55.923062957376686
2023-03-09,-0.0092822498999752,-0.007704999878802,-0.0122619670819408,0.0091576643147799,-0.0013414599911021,-0.010815717916624975,0.00904370575628248,-0.0324043857607596,0.0091576643147799,0.8846153846153846,0.11538461538461539,0.0092822498999752,0.010309402956063035,0.007178205958920686,0.008853351368891055,0.011229910622115176,0.007947969196163251,0.01372547852779693,64.05228758169935,72.0406681190995,61.43790849673203,65.66448801742919,NORMAL,False,False,False,0,65.0,65.46514161220043
2023-03-10,-0.010045664635585,-0.0186951415525944,0.0126782761357138,0.0178756629853167,0.000657622166698,-0.005627176617324981,0.011407839602946855,-0.025786426505225,0.0178756629853167,0.6538461538461539,0.07692307692307693,0.010045664635585,0.010938834309951408,0.007450667269636313,0.00975713811195925,0.011408047314399568,0.005253465148042036,0.002368133430962649,58.09731299927379,71.96804647785041,58.605664488017425,62.41103848946986,NORMAL,False,False,False,0,55.57692307692308,60.36080386570582
2023-03-13,-0.0148510359316261,-0.0227427388794682,-0.0245174393053708,0.0266917030998254,-0.0007364434682664,-0.014572588755072726,0.012943307977010985,-0.034208307062165,0.0266917030998254,0.9230769230769231,0.38461538461538464,0.0148510359316261,0.009107963355176508,0.008041801629766296,0.010863825930108458,0.01179895449093805,-0.02501080391687316,-0.04088720199129847,92.37472766884531,88.16267247639796,89.90559186637618,90.37037037037037,HIGH,False,False,False,0,75.76923076923077,85.99002849002848
2023-03-14,-0.0064706805258611,-0.0038746858759727,-0.0463903887584343,-0.0028770205264839,0.0056052656394536,-0.008839726069567216,0.011653777481597644,-0.0463903887584343,0.0128391601335207,0.8076923076923077,0.11538461538461539,0.0064706805258611,0.006386620583815165,0.008081402050455192,0.01082391074436992,0.011904525255269052,-0.037724097517252586,-0.046891930265937964,76.90631808278867,47.712418300653596,72.18591140159768,66.73202614379085,NORMAL,False,False,False,0,62.30769230769231,65.40472599296127
2023-03-15,-0.0041746837386849,-0.0091318362648495,-0.0521519854929201,0.0107019331322093,-0.0013649475363044,-0.007395995743055642,0.01159156979007344,-0.0521519854929201,0.0107019331322093,0.8846153846153846,0.038461538461538464,0.0041746837386849,0.004033691298630815,0.007663036031296348,0.010595740360602526,0.01168937092176439,-0.044059499774098176,-0.0607450127013649,85.62091503267973,75.30864197530865,89.76034858387798,83.76906318082789,ELEVATED,False,False,False,0,62.30769230769231,77.3306519188872
2023-03-16,0.0007924286811309,0.0020767848226059,0.010945094765407,-0.0039447605534335,0.0049911622945331,0.004525802788960585,0.011203243643057465,-0.0109534748151974,0.0422636708999264,0.4230769230769231,0.0,0.0007924286811309,0.0059136883096208735,0.007507240695438829,0.010598089166683002,0.011786148688268163,-0.03433847349646724,-0.051486082580426196,58.605664488017425,11.76470588235294,80.61002178649237,51.15468409586056,NORMAL,False,False,False,0,14.807692307692308,40.25058655941008
2023-03-17,0.0067381296219788,0.011895452421085,-0.0235552398872568,0.0264721463408676,-0.0011230698620291,0.0067582479075801,0.014478872902766858,-0.0235552398872568,0.0422163715560175,0.3076923076923077,0.038461538461538464,0.0067381296219788,0.008082805794713396,0.007766973971379654,0.011120920554018126,0.012021684894104776,-0.017966542181762635,-0.021917693229868918,54.32098765432099,26.506899055918666,70.079883805374,50.7044299201162,NORMAL,False,False,False,0,12.115384615384617,39.12771632869672
2023-03-20,-0.0065292432199922,-0.0059637289271877,0.0134851896117227,0.0047720083819382,-0.001086934841899,-0.007969573795659862,0.014397427365227953,-0.0432878200496478,0.0260684525517431,0.6923076923076923,0.19230769230769232,0.0065292432199922,0.005686772039261713,0.007797691043978857,0.0109280705335169,0.01230293228687086,-0.009671066908558013,-0.005124517663561923,26.65214233841685,34.35003631082063,3.340595497458242,21.9680464778504,NORMAL,False,False,False,0,60.96153846153845,33.66609407295682
2023-03-21,0.007010642946744,0.013534644766683,0.024985252168185,-0.0208164673546402,-4.7237114135900704e-05,0.0031540208785987307,0.014119863180440473,-0.0208164673546402,0.031095795210456,0.5384615384615384,0.038461538461538464,0.007010642946744,0.0061703629368681815,0.008057891809827218,0.011278284264648615,0.012688010853371911,0.0037668301213475974,0.012262969608054952,34.5679012345679,67.90123456790124,41.321713870733475,46.59404502541757,NORMAL,False,False,False,0,20.19230769230769,38.67352382548461
2023-03-22,0.0025953757489405,0.0026156748777028,0.0226453144866494,0.0045407888690014,0.001792136895371,0.00488973872478645,0.008407744421053258,-0.0118456749438334,0.0226453144866494,0.23076923076923078,0.0,0.0025953757489405,0.005523661260183699,0.008123024180734118,0.011306333199939204,0.012830604759536755,0.010590879521035435,0.02426413277979056,7.697893972403776,36.81917211328976,33.91430646332607,24.299201161946257,NORMAL,False,False,False,0,8.076923076923077,19.4325177364393
2023-03-23,-0.0043726933046436,-0.0095540353154864,-0.0132581441632712,0.0241421814368103,-0.0018287956414534,-0.002803237003784808,0.00981547980288313,-0.0168728729641646,0.0241421814368103,0.6923076923076923,0.0,0.0043726933046436,0.006267284310803245,0.007520971483696319,0.0108845113570817,0.0125593514324329,0.005375187414615068,0.012375790406536469,36.31082062454611,67.97385620915033,63.108206245461155,53.84894698620189,NORMAL,False,False,False,0,54.230769230769226,53.96349365957209
2023-03-24,-0.0077209333285906,-0.0055922316924812,-0.0100056740623593,-0.0058682279845787,-0.0031566572880648,-0.010784515702253054,0.01144076698089946,-0.0382557438969449,0.0044375946984311,0.8846153846153846,0.19230769230769232,0.0077209333285906,0.0063440650231593515,0.007652698903598849,0.010944301319353686,0.0128107691865037,-0.00906430056745533,-0.0051201949588414175,62.01888162672476,33.18809005083515,28.540305010893245,43.326071169208426,NORMAL,False,False,False,0,67.69230769230768,50.635942126138204
2023-03-27,0.0023988383407489,0.00091252437976,0.0512560686235707,-0.0149840833145135,0.0008934701466063,0.0012544011165166807,0.013376033381269867,-0.0186150043271871,0.0512560686235707,0.4230769230769231,0.0,0.0023988383407489,0.005923917567427784,0.00770033199545506,0.010943222905341277,0.012899055802679242,-0.00015900095435050776,0.0017618935006138425,28.177196804647785,10.820624546114741,55.19244734931009,31.074800290486564,NORMAL,False,False,False,0,14.807692307692308,26.194667895648287
2023-03-28,-0.0020016838613549,0.0034641935098158,0.0053563988837466,0.0102438023713926,-0.0015047750199193,-0.003821571617372934,0.009009247989982478,-0.0253610044357163,0.0102438023713926,0.6923076923076923,0.07692307692307693,0.0020016838613549,0.004434647843707627,0.007673664091164533,0.010708628003923247,0.012780664519338193,-0.009107162428759308,-0.008191584036217003,19.099491648511258,50.108932461873636,25.925925925925924,30.45025417574437,NORMAL,False,False,False,0,41.92307692307692,33.892100999944134
2023-03-29,0.0076098565893214,0.0086496885989688,-0.0031420182667724,-0.0031941029964227,-0.0006154376674021,0.009016423522656355,0.007984010121676674,-0.0059164837570656,0.0253579225796325,0.19230769230769232,0.0,0.0076098565893214,0.005980473514331347,0.00786238964045197,0.010917987456138757,0.01287584822471635,-0.0041512118338744575,-0.002222611337358571,11.328976034858387,26.289034132171384,36.673928830791574,23.42047930283224,NORMAL,False,False,False,0,6.730769230769231,18.41356628121334
2023-03-31,0.0163371989446239,0.0175018141336622,0.0370014650277426,0.0014750137073769,-0.000776456415232,0.01476840430065435,0.012384475525177793,-0.0088718857086433,0.0431155111734515,0.15384615384615385,0.0,0.0163371989446239,0.00920490760748189,0.008509920966384709,0.011380090129211482,0.013271605598118817,0.016563287417796557,0.025033509414286836,66.4488017429194,35.294117647058826,33.62381989832971,47.25490196078432,NORMAL,False,False,False,0,5.384615384615385,34.69381598793364
2023-04-03,0.0022062979737611,0.0050334682786745,0.0627725666042025,0.0075673054413725,0.0010267559650396,0.007903484107903877,0.014354038307642257,-0.0119948039578492,0.0627725666042025,0.19230769230769232,0.0,0.0022062979737611,0.0070437384641701215,0.008353820827632398,0.011290026265531104,0.013432964835623073,0.026733469604071747,0.03598645937962641,60.27596223674655,33.769063180827885,75.59912854030502,56.92084241103849,NORMAL,False,False,False,0,6.730769230769231,41.86382045695771
2023-04-05,0.0091389548173612,0.0045597585254639,0.0023626267810539,0.0186501333457707,-0.0008517353027619,0.006171035504068204,0.009873436559057664,-0.0123516532592306,0.026823133880123,0.3076923076923077,0.0,0.0091389548173612,0.006992063990930511,0.007824481808471603,0.01024199342887343,0.013075885922471312,0.03363721181812207,0.03976149975238785,41.75744371822803,3.195352214960058,54.90196078431373,34.132171387073356,NORMAL,False,False,False,0,10.76923076923077,27.123289201720578
2023-04-06,0.0023978747854371,0.0010207910187158,0.0011164413498225,-0.0044534612753094,-0.0020069774544174,0.00661724358462064,0.018452146566764353,-0.0174136260905835,0.0651680081326204,0.38461538461538464,0.0,0.0023978747854371,0.005806075599641494,0.007688403110665571,0.010227783384584003,0.013413435140593752,0.038193880360905874,0.03722971450775581,45.09803921568628,59.840232389252,41.61220043572985,48.474945533769066,NORMAL,False,False,False,0,13.461538461538462,37.970923412099886
2023-04-10,0.001414863221935,-0.0050279370020224,-0.0118958998857008,-0.0113325953334909,-0.0007955238401131,0.009185908414435093,0.025650896563296322,-0.0174302415037007,0.0915270771658898,0.46153846153846156,0.0,0.001414863221935,0.006415889675084531,0.0076729309461096755,0.010183572952185043,0.014115391900070582,0.031810850102877986,0.023164534239900947,77.19680464778504,95.42483660130719,81.69934640522875,84.0159767610748,ELEVATED,False,True,False,1,31.153846153846153,68.1573375789062
2023-04-11,0.0055747683219642,0.0130245167486633,0.0224479679393199,0.0078930538609869,0.0012102148506378,0.004490571650834197,0.010116161159503962,-0.0151986370354011,0.0224479679393199,0.23076923076923078,0.0,0.0055747683219642,0.003211248550812958,0.007478390300473399,0.010499298915223772,0.01397196853396627,0.020884562349688496,0.018662319275816186,16.775599128540307,66.52142338416849,36.81917211328976,37.712418300653596,NORMAL,False,False,False,0,8.076923076923077,28.82176973353444
2023-04-12,0.0050839679614469,0.0046281222426358,0.0212192246146936,0.0030426852740268,0.0010513881058951,0.0049785879582687305,0.008583850913541254,-0.0088022380739065,0.0246990425984239,0.2692307692307692,0.0,0.0050839679614469,0.0030292918363719473,0.007122643351580767,0.009543630731884311,0.013823485325149433,0.023815863891002653,0.018251476506681685,6.1002178649237475,30.428467683369643,40.74074074074074,23.790849673202615,NORMAL,False,False,False,0,9.423076923076922,19.480517848164908
2023-04-13,0.0008757724412713,0.0138265138993132,-0.0132116075654342,0.0151176209881047,-0.0013341895746545,0.002284795287352027,0.013000348473036648,-0.0273754557807792,0.0283722260835883,0.34615384615384615,0.07692307692307693,0.0008757724412713,0.002141015788007564,0.0060493758780209555,0.008074534682855145,0.013294113651172477,0.015432501855001668,0.02764453377556797,41.394335511982575,59.76761074800291,47.49455337690632,48.7363834422658,NORMAL,False,False,False,0,14.807692307692305,38.55777610189375
2023-04-17,-0.0067955121508301,0.0030855003456817,-0.0161879475629582,-0.023073578861319,-0.0014128611508795,-0.005412145471500051,0.02145388481148498,-0.0942269171044708,0.0207335543038713,0.5,0.11538461538461539,0.0067955121508301,0.004957281883681447,0.006073548273771298,0.007902639722509751,0.013590868568043167,0.006119569204168895,0.029764157336565678,83.44226579520696,96.65940450254176,91.21278140885984,89.73856209150327,HIGH,False,True,False,1,36.53846153846153,73.77853192559074
2023-04-18,-0.0026373533282438,6.266629559847914e-05,0.0003711342152332,0.0066192325571117,0.0019414476467252,0.002554107331718042,0.00924166404642067,-0.0114469956600864,0.0218478884928796,0.46153846153846156,0.0,0.0026373533282438,0.005242685059900091,0.0060015358051813275,0.007377394389053314,0.013349058154317427,0.0020483151020771473,0.035032768396170866,3.631082062454612,51.85185185185185,39.651416122004356,28.903413217138706,NORMAL,False,False,False,0,31.153846153846153,29.578543098150938
2023-04-19,-0.0023442830162407,-0.0026309876873991,-0.021023954185137,-0.0060775496133356,0.0012707020559081,-0.005192154495869355,0.009225058612147802,-0.0236405501102585,0.0116408027875671,0.6923076923076923,0.11538461538461539,0.0023442830162407,0.00442932108367238,0.006075445399489434,0.007515389022029541,0.013406253985940402,-0.005842964890853564,0.0190371435823673,24.836601307189543,46.04212055192448,31.29992737835875,33.13725490196079,NORMAL,False,False,False,0,58.269230769230774,40.67684766214178
2023-04-20,0.0003234746363958,0.0027399535038192,-0.0236230755441099,0.0062149281864101,0.0028279935963855,-0.0018646420530215155,0.008770865130709269,-0.0236230755441099,0.0157648163147146,0.46153846153846156,0.038461538461538464,0.0003234746363958,0.0030464526239258535,0.005972200894674019,0.00726803927006514,0.01319316846000963,-0.010551703743079788,0.017121893515596565,23.16630355846042,42.846768336964416,53.88525780682644,38.28612926652143,NORMAL,False,False,False,0,17.5,32.050290486565
2023-04-21,-2.260708945023282e-05,-0.0035841445959853,0.0075042285442405,-0.0139968001233592,-0.0024192766779689,-0.0007249126894146861,0.01005162872635601,-0.020267927242807,0.0198600308852889,0.5,0.038461538461538464,2.260708945023282e-05,0.002845804933143528,0.005680256023285594,0.007126603652076,0.012906843042540663,-0.011439826046106938,-0.00034535723520623396,27.30573710965868,13.65286855482934,59.47712418300654,32.861292665214236,NORMAL,False,False,False,0,48.846153846153854,37.65675101949612
2023-04-24,0.0067719737565652,0.0122928439147158,0.0114292970111331,0.0048496971891573,-0.0010481711016486,0.005504541549478435,0.009981272600633716,-0.0128678331392972,0.0268985076278125,0.2692307692307692,0.0,0.0067719737565652,0.0037928038204800723,0.005669091365063739,0.007038649869078057,0.012792565195348113,0.0020642170717173336,0.00883049441766226,2.9774872912127814,22.875816993464053,25.635439360929556,15.744371822803195,NORMAL,False,False,False,0,9.423076923076922,13.847983352885313
2023-04-25,0.0014568576938982,0.0010026796760933,-0.0214576231026895,0.0024634379740613,-0.0024678554436612,0.0013773494421377265,0.009323141948782693,-0.0214576231026895,0.0238466263890853,0.4230769230769231,0.038461538461538464,0.0014568576938982,0.0033886206083367293,0.00566684087126871,0.007056741709647599,0.012811890369928943,0.006177728216454792,0.009778749157454358,3.413217138707335,5.083514887436456,27.01525054466231,10.994916485112563,NORMAL,False,False,False,0,16.153846153846153,12.542595385732639
2023-04-26,0.0024958627615121,0.0035474170249656,-0.0359413086030209,-0.0041625119499122,0.0017018151109959,0.0016696867509567114,0.009458924154440062,-0.0359413086030209,0.0157259285425919,0.2692307692307692,0.038461538461538464,0.0024958627615121,0.002738792540751655,0.005479055378032083,0.0063791295217868384,0.012663237947156522,0.011059218694572381,0.016034028502632802,30.791575889615103,34.85838779956427,62.309368191721134,41.46695715323166,NORMAL,False,False,False,0,10.769230769230766,32.25763923803139
2023-04-27,0.0056951528101938,0.0039914436231844,0.0061911045165397,0.002115160067214,-0.0027405359528782,0.005381060136527394,0.00898837552946488,-0.0166679915740044,0.0237947586345526,0.2692307692307692,0.0,0.0056951528101938,0.002866739217032994,0.005011034200118014,0.005973584450785017,0.012160778788223485,0.016488547181992663,0.01730211056435471,13.798111837327523,14.960058097313,47.78503994190268,24.342774146695714,NORMAL,False,False,False,0,9.423076923076922,19.866864979610074
2023-04-28,0.0083700136036979,0.0054195874391296,0.0270197510078382,0.0001004830239819,-2.2020366786557052e-05,0.0065201620910495355,0.01157747287024153,-0.0242796424915526,0.0283119806893741,0.2692307692307692,0.038461538461538464,0.0083700136036979,0.002906709871647905,0.005161558125047099,0.0059196659800239285,0.012136235672757949,0.025019742862924632,0.026494573282207057,30.57371096586783,56.86274509803921,49.16485112563544,44.037763253449526,NORMAL,False,False,False,0,10.769230769230766,34.057203508183896
2023-05-02,0.0045751669319125,0.0027340380875178,-0.0666839697654184,0.0121602299075767,0.0001173823365709,0.001539260117651615,0.017298365975971737,-0.0666839697654184,0.0333437558975893,0.38461538461538464,0.038461538461538464,0.0045751669319125,0.0027242703134999716,0.0050273467118444794,0.005929480085025883,0.012256063938608348,0.02278311885548101,0.016801664389626048,75.16339869281046,24.18300653594771,92.73783587509078,65.14161220043573,NORMAL,False,False,False,0,14.807692307692308,50.0414362326127
2023-05-03,-0.0031850283648763,-0.000908891203191,-0.0427017168798482,0.0070992038977171,4.898131460806532e-05,-0.004023754877636122,0.011012908615143846,-0.0427017168798482,0.013990315737564,0.6153846153846154,0.038461538461538464,0.0031850283648763,0.004340187140502585,0.005132936006228815,0.005970447663637049,0.012317568069474918,0.01804238273281089,0.014859922882715981,36.02033405954975,4.502541757443718,51.633986928104584,31.24909222948439,NORMAL,False,False,False,0,52.88461538461539,37.739749176023686
2023-05-04,0.0091737176073036,0.0086060210220895,-0.0005831037378584,0.0095632577381152,1.585983932295143e-05,0.005928918237912991,0.00970487737020878,-0.006432105860832,0.033979181575747,0.34615384615384615,0.0,0.0091737176073036,0.00490937357016416,0.004332484921414789,0.005202739260485885,0.011925716684401167,0.024823796513439023,0.01997555008211105,42.556281771968045,21.20551924473493,52.868554829339146,39.24473493100944,NORMAL,False,False,False,0,12.115384615384613,31.10592983632199
2023-05-05,-0.0102324068655403,-0.0234460219207357,0.0405484083764879,-0.014941394329071,-0.0007813179280138,-0.004682252582928198,0.01653372973923005,-0.0591214748826292,0.0405484083764879,0.7692307692307693,0.07692307692307693,0.0102324068655403,0.008289297912112541,0.0051892544180392125,0.007971110610010606,0.012277862834078852,0.008593289554675643,-0.007898735290307268,76.76107480029049,92.95570079883805,86.27450980392157,84.47349310094408,ELEVATED,False,False,False,0,59.61538461538461,77.01606055527624
2023-05-08,0.0108141231183243,0.0145987640445013,0.0255117384026566,0.0044116309637933,0.0001675895294543,0.01414106672163139,0.013449950352026927,-0.008862054618291,0.0490463938018075,0.07692307692307693,0.0,0.0108141231183243,0.008832274693037215,0.005323906847238145,0.008427423087908614,0.012529024838313908,0.011037940250484324,0.0011588490585097144,58.16993464052288,5.156136528685548,31.227305737109656,34.18300653594771,NORMAL,False,False,False,0,2.6923076923076925,24.735796882855702
2023-05-09,8.480038171931881e-05,-0.0019834479830884,0.0075177063263069,0.004885704044411,0.0007011443093332,-0.00010036649875664729,0.008311175497201685,-0.0177308071848021,0.0111559740636761,0.34615384615384615,0.0,8.480038171931881e-05,0.008762102309887203,0.00533968797840085,0.008486418522193853,0.01231238295029045,0.006518685646827116,-0.0035512263408510325,11.837327523602033,60.348583877995644,43.71822803195352,35.954974582425564,NORMAL,False,False,False,0,27.115384615384613,33.30309759231328
2023-05-10,0.0026908205008338,0.0030765750051136,-0.0156017031632437,-0.0027993081762891,0.0038869406610952,0.002015260820367335,0.0065511740706177,-0.0156017031632437,0.0120950011097815,0.2692307692307692,0.0,0.0026908205008338,0.008391167131255019,0.005341527339662625,0.00829439108425082,0.01125597042565121,0.012451734252299618,0.0004236993498678565,33.33333333333333,39.433551198257085,69.78939724037764,46.10021786492375,NORMAL,False,False,False,0,9.423076923076922,35.0970755823697
2023-05-11,-0.0009882342854272,0.0033290215076533,-0.0232909987441359,-0.0077813586939793,-0.0022544834364416,-0.0015739691927996386,0.01632810262936926,-0.0688882258521872,0.0276290099026366,0.38461538461538464,0.07692307692307693,0.0009882342854272,0.0075622283834343666,0.005307866935929558,0.007954275086764885,0.011564587863140612,0.002256774120383831,-0.004810490478138529,48.148148148148145,89.25199709513436,43.790849673202615,59.17211328976035,NORMAL,False,False,False,0,31.153846153846153,50.76663314898609
2023-05-12,0.0009728797753729,0.0073202483773788,-0.0117116099744291,-9.924612931011544e-05,0.0022022080754149,0.002384309797012645,0.008223206653235136,-0.0145411141188716,0.0196993501959588,0.34615384615384615,0.0,0.0009728797753729,0.004723961709763091,0.005245502206934578,0.008014390026810283,0.011468212043355854,0.013603452390835491,0.026542891040023164,9.44081336238199,10.530137981118374,56.28177196804648,23.81989832970225,NORMAL,False,False,False,0,12.115384615384613,20.308544215406958
2023-05-15,0.0045891205221868,0.0063605434197691,0.0152769800233827,0.0017374038222883,0.0012180037061435,0.009354780860933342,0.01655543334800102,-0.0094778975656102,0.0738616090523833,0.19230769230769232,0.0,0.0045891205221868,0.002203868062876591,0.005291310923172175,0.007631322917998928,0.011768682457761635,0.007361271975783623,0.018207687886979462,53.449527959331874,52.069716775599126,54.538852578068266,53.36238198983297,NORMAL,False,False,False,0,6.730769230769231,39.37289816211384
2023-05-16,-0.0061063388070606,-0.0038210645233511,-0.0035156799023231,-0.0146679760088888,0.0008077661381984,-0.0025372341822030614,0.00909258083644522,-0.0182726271725519,0.0144928328476199,0.5,0.0,0.0061063388070606,0.004100082629412862,0.005235777401430778,0.007748355898913235,0.011198833648581355,0.00112508695846536,0.0163328940422256,23.3841684822077,39.21568627450981,52.360203340595504,36.82643427741468,NORMAL,False,False,False,0,47.5,40.028503994190274
2023-05-17,-0.0057282694884204,-0.004669310414564,0.0278013153222487,-0.0038724970567511,0.000356120699321,-0.004300214041489388,0.008671132345668365,-0.0151772886873391,0.0278013153222487,0.7692307692307693,0.0,0.0057282694884204,0.004542565576115214,0.005410897658735308,0.007879682381691747,0.011256293566920232,-0.007280856354542564,0.008484641633918377,18.663761801016705,61.87363834422658,61.00217864923747,44.3282498184459,NORMAL,False,False,False,0,56.92307692307692,48.1066979498352
2023-05-18,-0.0028490536527011,0.0012266168892505,-0.0133187037802533,-0.0122178784108906,0.0018749940320028,-0.007231398996268049,0.012984255986264476,-0.0539456518328408,0.0125800021354984,0.6923076923076923,0.11538461538461539,0.0028490536527011,0.004571190535444477,0.005430767750809181,0.007815068496057334,0.011435713351982239,-0.009129954705689225,0.0063714337801543675,49.382716049382715,62.309368191721134,29.920116194626,47.42193173565723,NORMAL,False,False,False,0,43.269230769230774,46.176121445729294
2023-05-19,0.0040513721791914,0.0049619711963362,-0.004313909768449,0.0113467677852669,0.0033328626475279,0.00631331372473575,0.00939856272525594,-0.0087167589005009,0.03245151270025,0.23076923076923078,0.0,0.0040513721791914,0.005205459068778875,0.0054541691903831355,0.007843505626981082,0.011484572096373288,-0.006082533572467019,0.00401537790640405,21.931735657225854,15.032679738562091,51.92447349310094,28.859840232389253,NORMAL,False,False,False,0,8.076923076923077,22.6249650857494
2023-05-22,0.0060977618257063,-0.0019171714418568,0.006149473001328,-0.0019709417496271,0.0021722882641466,0.006521469032177531,0.009253368955160204,-0.0070342007623676,0.0247280926563335,0.3076923076923077,0.0,0.0060977618257063,0.005650253949121043,0.005527680561029592,0.007789684477891371,0.011483887342067182,-0.004589918421147643,-0.004243047038153924,11.474219317356573,18.373275236020334,41.17647058823529,22.454611474219316,NORMAL,False,False,False,0,25.769230769230766,23.44899726272275
2023-05-23,0.0018346005688616,0.0015802095422119,0.0127796336385621,-0.0012153252758357,-0.0009625916279559,0.0012164309588046038,0.007722040571604421,-0.0215412754294305,0.0171621130771073,0.46153846153846156,0.038461538461538464,0.0018346005688616,0.004888034506396441,0.0054093948906394525,0.007409967086091755,0.011338758684251393,0.0033631367402184864,0.0011559390416544524,2.3238925199709515,4.212055192447349,34.5679012345679,12.563543936092954,NORMAL,False,False,False,0,17.5,14.044480755265067
2023-05-24,-0.0034117947119577,-0.0062928249850986,0.0196131203395399,-0.0048671544651746,0.0007920937638574,0.0005954467215892115,0.009346662330918276,-0.0157047010734465,0.0220587827925156,0.46153846153846156,0.0,0.0034117947119577,0.004188354080801974,0.005528702919325729,0.007615083682054548,0.011441229307545162,0.0057007928623484805,-0.0004770772728411865,3.7037037037037033,7.116920842411038,40.08714596949891,15.642701525054466,NORMAL,False,False,False,0,46.15384615384615,24.796044913691972
2023-05-25,0.0019551116867164,8.12053448857597e-05,-0.0337637157718907,-0.0100367193560798,-0.002134171624878,-0.00041378852483882437,0.011290665329069348,-0.0337637157718907,0.0252416383057132,0.5384615384615384,0.038461538461538464,0.0019551116867164,0.003544753766754444,0.0055246254359679,0.007597928612296341,0.011502629799916318,0.01054615043693885,-0.0016205397769702978,23.238925199709513,5.374001452432825,37.76325344952796,22.23674655047204,NORMAL,False,False,False,0,20.19230769230769,21.623414893022733
2023-05-26,0.0097264208278746,0.0077058330213859,0.0116942268756488,0.0005146415586252,0.0003434042494316,0.009254250777989538,0.00867264786462341,-0.0135542645340431,0.0272752205809572,0.038461538461538464,0.0,0.0097264208278746,0.00495259819072948,0.005757438941553766,0.007719011239881872,0.011643524049081025,0.016257908544516697,0.0011053497256527933,39.57879448075526,68.33696441539578,55.918663761801014,53.10820624546115,NORMAL,False,False,False,0,1.3461538461538463,37.579590525668955
2023-05-29,0.0053677985089635,0.0066767785337815,0.0,0.0,-0.0020220055503032,0.0026324572629809963,0.01129593712704736,-0.0290075683841188,0.0376799004491852,0.38461538461538464,0.038461538461538464,0.0053677985089635,0.004857151509258246,0.005609470601250422,0.007760207213658382,0.011564108713269454,0.015520573643541313,0.009725324991948892,1.5250544662309369,6.463326071169208,6.899055918663762,4.618736383442266,NORMAL,False,False,False,0,14.807692307692308,7.675423160717278
2023-05-30,0.0018925684396833,0.0028085712729175,-0.0441722741895487,0.0071498506191141,5.9316781549023645e-05,0.0006353922977215124,0.012077106534552741,-0.0441722741895487,0.0242831246380259,0.38461538461538464,0.038461538461538464,0.0018925684396833,0.004853460425293439,0.005563236801744744,0.007760969719026826,0.011299872202801672,0.015579333408273222,0.01096367608547899,23.456790123456788,13.28976034858388,44.226579520697165,26.637618010167028,NORMAL,False,False,False,0,14.807692307692308,23.08864029942461
2023-05-31,-0.0053370195013254,-0.006935833257294,-0.0197236217195443,0.003013291324853,0.0012618388626783,-0.004361827006876662,0.010524664007958894,-0.0248664224687146,0.0164132052343635,0.6538461538461539,0.07692307692307693,0.0053370195013254,0.005529150598466296,0.005674999923474062,0.007964157169832509,0.011365236601844337,0.013617421258528495,0.010309501472518079,15.250544662309368,12.636165577342048,21.13289760348584,16.230936819172115,NORMAL,False,False,False,0,55.57692307692308,28.034732696497404
2023-06-01,-0.0025169624936233,-0.0076583593628145,0.0295197862290372,0.0071795791082309,-0.0002067811673936,0.003096101943021237,0.009617493325997461,-0.0137491860381123,0.0295197862290372,0.46153846153846156,0.0,0.0025169624936233,0.006023611610065752,0.005409582014310392,0.00797306196453067,0.011288850430617413,0.00909329413398896,0.0024907806329892423,7.988380537400146,15.686274509803921,40.01452432824982,19.905591866376177,NORMAL,False,False,False,0,46.15384615384615,27.78006815261717
2023-06-02,0.0025070443604549,0.0033718125604411,0.0233951415883963,-0.012942353683487,-0.0047189266419221,0.00527057713654397,0.009541787075069967,-0.012942353683487,0.0253562146254071,0.3076923076923077,0.0,0.0025070443604549,0.004265178265934059,0.0047740153247630614,0.005737533206183049,0.010789712127094984,0.001878444417439784,-0.0018208105206958258,45.53376906318083,9.876543209876543,83.73275236020335,46.2962962962963,NORMAL,False,False,False,0,10.76923076923077,35.63817663817664
2023-06-05,0.0032237875731377,0.003727921807169,0.0057151334585756,0.0028682521593483,0.0016176485315702,0.004678054202722619,0.010631293823754679,-0.0093523322785175,0.0402564614010532,0.3076923076923077,0.0,0.0032237875731377,0.0037103954242059126,0.004249252909834888,0.004881480522594452,0.01029253292557187,-0.0002581252482930507,-0.004744775272865542,24.76397966594045,2.832244008714597,56.42701525054466,27.68336964415396,NORMAL,False,False,False,0,10.76923076923077,22.609127981677002
2023-06-06,0.0002769943144211,0.0014263036865649,-0.0056826563193115,0.0038304392236976,0.0012304639203555,0.001516877300560335,0.010043839001340298,-0.0195476352623517,0.0182469072028823,0.38461538461538464,0.0,0.0002769943144211,0.0035669322510972737,0.004247522559881874,0.004833032752770617,0.010301348262141071,-0.001870231331987604,-0.0061166313545722995,25.780682643427745,1.0893246187363834,63.39869281045751,29.658678286129266,NORMAL,False,False,False,0,13.461538461538462,24.79953633875202
2023-06-07,0.0068498516385289,0.0025076673042268,0.0110120008231322,-0.0116001265978759,7.267745597094866e-05,0.0046149426783722676,0.00711469861701701,-0.0116001265978759,0.0219524149967453,0.19230769230769232,0.0,0.0068498516385289,0.003486556047481439,0.004436765847888173,0.004822561169376115,0.01035248610432717,0.010359115803774133,0.0033346593718617257,48.438634713144516,41.68482207697894,84.67683369644155,57.28395061728395,NORMAL,False,False,False,0,6.730769230769231,42.117996201329525
2023-06-08,-0.0049048192636628,-0.0063252146526037,-0.0170963447489189,0.0107582359290507,0.0012228526435751,-0.0072148990548366095,0.009389602316667123,-0.0272027799323416,0.0146246841400035,0.8076923076923077,0.07692307692307693,0.0049048192636628,0.004332520369720659,0.0046174881417388155,0.005063737370763362,0.01027388350602585,0.007940435220618935,0.004682572468457824,55.773420479302835,37.254901960784316,73.42047930283225,55.511982570806104,NORMAL,False,False,False,0,60.96153846153847,57.14684933802581
2023-06-09,-0.0038181972541345,-0.0001420607906534,-0.0157105166530877,-0.0007129886084076,-0.0015711631446164,-0.004201773035970926,0.007637128894811276,-0.0166525509943719,0.0131483412163586,0.6923076923076923,0.0,0.0038181972541345,0.004886104135513709,0.004737567435175241,0.00481168159741428,0.010333470019433843,0.0015809120414556066,0.0011641087509079995,43.42774146695715,35.003631082062455,69.35366739288308,48.678286129266525,NORMAL,False,False,False,0,54.230769230769226,50.34403105971733
2023-06-12,0.0020524046550352,-0.0010184541874105,-0.0434658045026584,-0.0035164114338241,-0.0005272890829794,0.0013184602047303488,0.012012709811068167,-0.0434658045026584,0.0269430265352057,0.46153846153846156,0.038461538461538464,0.0020524046550352,0.004738243623953794,0.004660880000250176,0.004595193237441619,0.010055620352032944,0.00041144737564957623,-0.0035701436188518842,43.71822803195352,16.049382716049383,60.130718954248366,40.341321713870734,NORMAL,False,False,False,0,32.5,37.98892519970951
2023-06-13,0.0061635024393194,0.0030869226464849,0.0342669149023597,-0.005472343361624,-0.001305176053943,0.006901325997602499,0.010952820710388937,-0.007326828312607,0.0342669149023597,0.34615384615384615,0.0,0.0061635024393194,0.005470635273362509,0.0045435265639916554,0.004563076342498096,0.010085123220424468,0.0062987467404163056,-0.001917810036594858,41.830065359477125,0.5083514887436456,68.33696441539578,37.385620915032675,NORMAL,False,False,False,0,12.115384615384613,29.804550025138255
2023-06-14,0.0021238341844009,-0.0020837538976229,-0.0165658535899149,0.0055024546829811,-0.0005683786688059,0.001526416408956831,0.008044166006504545,-0.0165658535899149,0.0217708947730519,0.46153846153846156,0.0,0.0021238341844009,0.004605022294204267,0.004245393464392922,0.004452854565483959,0.009956479555254983,0.001575316098376911,-0.006488962834367951,31.154684095860567,7.770515613652869,65.57734204793029,34.46623093681917,NORMAL,False,False,False,0,31.153846153846153,33.47251550192726
2023-06-15,-0.0036149041015322,-0.0123760670523779,0.0344222384512786,0.0012785761456397,-0.0029821155581135,0.00013288747433930732,0.01518076730974095,-0.0265038739635448,0.0418837237912248,0.5769230769230769,0.038461538461538464,0.0036149041015322,0.004262283708195359,0.004290509877779021,0.005273443157576092,0.009823809438659894,0.0028736312859702906,-0.012538818111045846,62.817719680464776,28.249818445896878,69.06318082788671,54.32098765432099,NORMAL,False,False,False,0,51.53846153846153,53.48622981956315
2023-06-16,0.007379048352023,0.0113836527638833,0.016425884842818,0.0003064539641302,-0.0016125459628139,0.0050784440735319545,0.010717837580311114,-0.0210874398488299,0.023233293550676,0.19230769230769232,0.038461538461538464,0.007379048352023,0.004314098042195078,0.004454969067709853,0.005784077175666441,0.009924378773413685,0.014146094134112497,-0.0011560063311282232,38.56209150326798,56.42701525054466,55.62817719680465,49.04139433551199,NORMAL,False,False,False,0,8.076923076923077,36.75205295793531
2023-06-19,-0.0037475183921172,-0.0069278849547561,0.0,0.0,2.5706794818169957e-05,-0.001729816257983798,0.010410919458015087,-0.0214717637347093,0.0254052357607437,0.5769230769230769,0.038461538461538464,0.0037475183921172,0.005250477495560383,0.004486390576451133,0.005975930917819671,0.009964504230013074,0.00827617228449351,-0.007064623414903992,12.418300653594772,17.138707334785767,36.165577342047925,20.95860566448802,NORMAL,False,False,False,0,51.53846153846153,30.132562426680074
2023-06-20,0.0032657175674986,0.0030423697252699,-0.0178322485520305,-0.0116932312748075,0.0008130030567015,0.0009784175469891808,0.011196137064574794,-0.0186021987003343,0.0303860961341688,0.4230769230769231,0.0,0.0032657175674986,0.004766865111023121,0.004508402234021568,0.006008613997531601,0.010136752947923584,0.005372302852159727,-0.007108725446947073,18.010167029774873,11.474219317356573,54.974582425562815,27.138707334785764,NORMAL,False,False,False,0,14.807692307692308,23.439402826657727
2023-06-21,0.002133763746672,0.0021180404818754,0.0287943089261968,-0.0011366319668689,0.0001268441964266,0.0008330082560052174,0.00980695384057789,-0.0158973533504704,0.0287943089261968,0.5,0.0,0.002133763746672,0.0047674100914544375,0.00437372008901172,0.005851809383873671,0.010166320279762673,0.005382264601941467,-0.002928089052696037,16.92084241103849,3.340595497458242,55.265068990559186,24.350036310820624,NORMAL,False,False,False,0,17.5,22.295025417574436
2023-06-22,-0.0045394438174043,-0.0030631579838003,-0.0416378973375695,-0.0106554063704373,-0.0006134832888845,-0.007754498458074567,0.0100648138301989,-0.0416378973375695,0.0048912516090413,0.8076923076923077,0.15384615384615385,0.0045394438174043,0.005007090526589069,0.004578286040895678,0.0058978905127505905,0.010320033464029467,0.0044493764675404,0.00647391076900905,69.93464052287581,14.669571532316631,73.49310094408133,54.42265795206971,NORMAL,False,False,False,0,63.65384615384616,57.192014412602646
2023-06-23,-0.0056336152360657,-0.0023316974525178,-0.0050352246204099,0.0033460681640844,-0.0002709437669712,-0.00449592534600872,0.007056100038580923,-0.0170369060523496,0.0192776237326932,0.8076923076923077,0.0,0.0056336152360657,0.004095244437141962,0.0043600971551513955,0.005634791117619242,0.01009187311405395,-0.008525443535535637,-0.007174858550273777,40.595497458242555,72.40377632534495,75.01815541031227,60.46477850399419,NORMAL,False,False,False,0,58.269230769230774,59.80611418356516
2023-06-26,0.0013768299134766,0.0004161196160774,0.0030364238483653,0.0023969442157556,0.0007996404318915,0.003918616800497076,0.007291089769094252,-0.0083013846996227,0.0241421975139075,0.15384615384615385,0.0,0.0013768299134766,0.0040972585715597165,0.00421229903027795,0.005387343725951727,0.009926198863093911,-0.0034256710810088853,0.0001673195920588455,42.62890341321714,60.42120551924474,81.84458968772694,59.73129992737836,NORMAL,False,False,False,0,5.384615384615385,43.42729456454946
2023-06-27,0.0067519034171119,0.0110091120664863,-0.0240738897537686,-0.005042341018913,0.0002646587837309,0.004735084400636484,0.008532365965701312,-0.0240738897537686,0.0180054696945868,0.23076923076923078,0.038461538461538464,0.0067519034171119,0.005108311341790043,0.004445324538787106,0.0059545416615931785,0.009875077416589524,3.7263276988497296e-05,0.008111226623102263,37.690631808278866,11.183732752360203,72.54901960784314,40.19607843137255,NORMAL,False,False,False,0,9.423076923076923,30.964177978883857
2023-06-28,0.0082210728123248,0.0046757426934713,0.0274741609187008,-0.0008881667564655,-9.88021311489895e-05,0.007540078328930612,0.0080557372907644,-0.0052767238609575,0.0274741609187008,0.19230769230769232,0.0,0.0082210728123248,0.006320277454910665,0.00454116228261937,0.005842467593850973,0.009744857478392877,0.006111837469536807,0.01068422522177892,50.54466230936819,5.591866376180102,71.0965867828613,43.22440087145969,NORMAL,False,False,False,0,6.730769230769231,32.276311379252554
2023-06-30,0.0114352747635688,0.0094647326024679,0.0155261913306559,0.0046017500042447,0.0009390851656179,0.01297026816612735,0.011255366633430701,-0.009253958258903,0.0420070347268872,0.07692307692307693,0.0,0.0114352747635688,0.006697677616663361,0.004992943313200727,0.005878322869420954,0.010157682762099014,0.022257483185722737,0.023384870696209203,70.58823529411765,8.206245461147423,62.381989832970234,49.41176470588236,NORMAL,False,False,False,0,2.6923076923076925,35.39592760180996
2023-07-03,0.0069570924336936,0.0091793142087144,-0.0120328210852964,0.0003123083616483,0.0002546062679991,0.004367335470195962,0.012343938005563068,-0.0179726072984556,0.0257970687485942,0.34615384615384615,0.0,0.0069570924336936,0.0036343094570943954,0.005120120712390308,0.006134410080871539,0.010390731401551535,0.03520134907985284,0.03519259792421936,39.869281045751634,6.753812636165578,59.98547567175018,35.969498910675384,NORMAL,False,False,False,0,12.115384615384613,28.813264622088152
2023-07-04,0.0034389465191355,0.003174350809491,0.0,0.0,-0.0017807679661756,0.006536381309990107,0.01907965724438593,-0.0134943065636841,0.0719282671010892,0.34615384615384615,0.0,0.0034389465191355,0.00288340438834392,0.005122836749978428,0.006124539848579997,0.010810762438333501,0.03733311988617616,0.038046710786656224,72.25853304284678,68.48220769789397,79.4480755265069,73.28249818445897,ELEVATED,False,False,False,0,12.115384615384613,54.93236411373667
2023-07-05,0.0004899685388621,-0.0033033918358192,0.028657400397813,-0.0010927697555787,0.0006955355018227,0.0036775676047096275,0.01347684071754053,-0.0317671361120006,0.0357505337464441,0.46153846153846156,0.038461538461538464,0.0004899685388621,0.00425005923342484,0.005119049471003579,0.0062125581235916135,0.011057315690334298,0.030880971723623585,0.023351445015468597,39.72403776325345,45.09803921568628,58.387799564270146,46.93536673928831,NORMAL,False,False,False,0,32.5,42.604756717501814
2023-07-06,0.0050932175812563,0.0041658948922389,0.0001393249213388,-0.0056782790960054,0.0047190230383107,0.006535229123553288,0.013907728902446612,-0.0133001924036547,0.0497847725311122,0.2692307692307692,0.0,0.0050932175812563,0.004088489068487445,0.005048186398222445,0.0062429823425764926,0.011338226809421908,0.027682817542001192,0.022832119762596026,42.48366013071895,19.535221496005807,68.55482933914307,43.42047930283224,NORMAL,False,False,False,0,9.423076923076922,33.22125858890564
2023-07-07,-0.0084883544577184,-0.0091508462038557,0.0286907725771095,0.0091685442697557,0.0045428706857382,-0.004045579663798258,0.012839445092211112,-0.0213993640532605,0.0289615341541031,0.7307692307692307,0.07692307692307693,0.0084883544577184,0.006067082405830857,0.005361216167560744,0.006450926265681431,0.01139804756526832,0.00743913816411812,0.00397003244430838,53.15904139433552,22.730573710965867,64.99636891793755,47.58169934640523,NORMAL,False,False,False,0,58.269230769230774,50.787958773252896
2023-07-10,0.0012466303397029,-0.0014279006677796,-0.0117790785187199,-0.0006229629333885,-0.0018497283525462,-0.004734129831588354,0.011737389162640456,-0.028593483704472,0.0385214748814612,0.8076923076923077,0.038461538461538464,0.0012466303397029,0.005267341961649188,0.005196368029949144,0.006469978719317724,0.011552649319903064,0.0017259423847582056,-0.006582429059569628,20.18881626724764,75.45388525780683,32.316630355846044,40.40668119099492,NORMAL,False,False,False,0,44.61538461538461,41.669292218311824
2023-07-11,0.0043139300324381,-0.002581332659026,0.0252089878221313,0.0032727526379869,-0.001089434571729,0.005394374264239573,0.010822601098221427,-0.0118474743094929,0.0260767181542598,0.38461538461538464,0.0,0.0043139300324381,0.00540802538030697,0.005219710817726993,0.00650500494619167,0.011528410109107112,0.0025994321844859947,-0.012282133289230557,10.384894698620188,10.602759622367465,32.098765432098766,16.964415395787945,NORMAL,False,False,False,0,28.46153846153846,20.4135523155131
2023-07-12,-0.0028344294714754,-0.0023600724696071,0.0122945095073285,0.0128928191965089,-0.0015194943844532,-0.0008351746131714155,0.007424814748278364,-0.0145101860265688,0.0185297695303907,0.6538461538461539,0.0,0.0028344294714754,0.0056147480550814005,0.005249462930283122,0.006523660500540933,0.011429890301682387,-0.0007319750882798237,-0.011347311815584571,21.4960058097313,14.088598402323893,57.58896151053013,30.101670297748726,NORMAL,False,False,False,0,52.88461538461539,36.93655382380872
2023-07-13,0.0015192303855748,0.0005735187809898,0.0150494968930485,0.0015335855612319,-0.0048313383307161,0.0027318378288064193,0.010237908073456337,-0.0191392328916709,0.02474024868346,0.46153846153846156,0.0,0.0015192303855748,0.004973874096493734,0.005249049503678298,0.00649201125622544,0.011568229451242253,-0.004285248619150028,-0.014884189852790719,21.713870733478576,0.2178649237472767,47.131445170660854,22.89034132171387,NORMAL,False,False,False,0,16.153846153846153,20.869392771353553
2023-07-14,0.0077651149314275,0.0034534831440233,-0.0191182368626865,0.0004593836445963,0.00035364258374,0.007378531948162312,0.016788523285281198,-0.0191182368626865,0.0521169844465234,0.34615384615384615,0.0,0.0077651149314275,0.003935506099128312,0.005255023765897968,0.005722473002532511,0.011739335878465788,0.012037120668846102,-0.002352792849193319,32.89760348583878,46.25998547567175,27.160493827160494,35.18518518518518,NORMAL,False,False,False,0,12.115384615384613,28.26424501424501
2023-07-17,0.0075110132510414,0.0140664670746881,-0.0168389906377555,-0.0039283461393713,0.0005607359638599,0.003902848334081274,0.013640241860418654,-0.0245183789926183,0.0285762996640741,0.38461538461538464,0.038461538461538464,0.0075110132510414,0.004440447005555406,0.005261805632239232,0.005989691840156155,0.011913367761235503,0.018369015181397108,0.0131272237817317,21.350762527233115,14.814814814814813,23.89251997095134,20.152505446623096,NORMAL,False,False,False,0,14.807692307692308,18.549061504943857
2023-07-18,0.0019177068530324,-0.0008558559177993,0.0215778616479553,0.0127022774266023,-0.0001851650450782,0.0014168074870114153,0.011002588376142498,-0.0145566635925056,0.0367195273467644,0.5,0.0,0.0019177068530324,0.004480674195893829,0.005067220491208665,0.0056744263610970375,0.011881635888940867,0.01593925754646386,0.01487987541918212,14.37908496732026,1.016702977487291,42.91938997821351,18.932461873638346,NORMAL,False,False,False,0,32.49999999999999,23.002723311546838
2023-07-19,0.0042482823714824,0.0056913537151861,-0.0052805481964212,0.0001517544181341,0.0001681855429604,0.004593282092180432,0.007769399663618677,-0.0076640569185127,0.0221967965876421,0.3076923076923077,0.0,0.0042482823714824,0.002970740442713704,0.005078794256807586,0.005730351824614839,0.011762304312768127,0.023155315966266965,0.023070436139418726,18.954248366013072,8.78721859114016,67.75599128540306,30.544662309368196,NORMAL,False,False,False,0,10.76923076923077,24.612032847326965
2023-07-20,0.0073614124394989,0.0113336015090141,0.0037159759119709,-0.004652314119785,-0.0001669488343652,0.006230159291383066,0.010110459554552842,-0.0172548069229916,0.0277748016745871,0.2692307692307692,0.0,0.0073614124394989,0.002583580820226944,0.005184455624493571,0.006087399690181573,0.011857904749064738,0.029123708228703693,0.03407244880798044,36.09295570079884,12.05519244734931,60.42120551924474,36.180101670297745,NORMAL,False,False,False,0,9.423076923076922,28.152994246131495
2023-07-21,-0.011719737128305,-0.00241841783122,0.0190400964392627,-0.002032210486598,0.0002522315238084,-0.009789301577220095,0.020866855830167785,-0.081338390390616,0.0200361645684259,0.7307692307692307,0.23076923076923078,0.011719737128305,0.007942227380616524,0.005923261753410444,0.006057428211468471,0.012433504639178281,0.009225893838329613,0.02802137506851521,86.05664488017429,94.69862018881626,86.49237472766885,88.77995642701525,HIGH,False,False,False,0,63.653846153846146,81.24212334506451
2023-07-24,-0.0036794322929856,-0.0033021764437229,0.0216685892767358,-0.0020363487759348,-0.0011219752862426,0.00018753589710336,0.01256141117300086,-0.0389437595498896,0.0216685892767358,0.5,0.07692307692307693,0.0036794322929856,0.007518404971039779,0.005795935346702466,0.00610305523963413,0.012496077350575025,-0.001983598919647611,0.010413715834520776,11.40159767610748,62.89034132171387,13.071895424836603,27.349310094408132,NORMAL,False,False,False,0,50.19230769230769,34.202209373778
2023-07-25,0.0004193703428323,-0.0016995992191761,0.0113030151612176,0.0009181894164049,-0.00214783551276,-0.0005599578700215693,0.009930418920628,-0.0279463950603999,0.016209923346055,0.5,0.038461538461538464,0.0004193703428323,0.007433591115625164,0.005810907429767722,0.006160785392214622,0.012610828861771688,-0.0034761011494104377,0.00956045576248421,7.4074074074074066,49.818445896877265,23.81989832970225,25.054466230936818,NORMAL,False,False,False,0,33.84615384615385,27.691972515501924
2023-07-26,0.0049643391875346,0.0047410091067727,-0.0106743501624899,0.0034656994611574,0.0016611102050057,0.003510356553464024,0.010411310510993909,-0.0227832651566702,0.0215228910473816,0.3076923076923077,0.038461538461538464,0.0049643391875346,0.00755798575908455,0.005757158493618445,0.005856203889013646,0.012648438785320624,-0.002765552032566787,0.008606454982367229,4.357298474945534,11.909949164851126,17.647058823529413,10.610021786492375,NORMAL,False,False,False,0,12.115384615384617,11.061630635160046
2023-07-27,-0.0059863783008722,-0.008315918928504,0.0166285552029992,-0.0119355984095705,0.0003099233952037,-0.002789403590318589,0.018906689540017847,-0.0630805657347021,0.0474726249372314,0.5769230769230769,0.07692307692307693,0.0059863783008722,0.0063311917414188915,0.005890244479225137,0.0062696837948116434,0.013137122817229192,-0.015979157960080315,-0.010990078862664232,61.94625998547567,74.36456063907045,33.98692810457516,57.283950617283956,NORMAL,False,False,False,0,52.88461538461539,55.96415004748338
2023-07-28,-0.0007044597937843,-0.0046235212697627,0.0061181859853856,0.0077104964592142,0.0048721727088898,0.0013885734484173962,0.011446623518454312,-0.0183952642482163,0.0263026551058411,0.46153846153846156,0.0,0.0007044597937843,0.004174882871936432,0.005454294422410588,0.006119896987397936,0.012924915547376549,-0.005011355722967847,-0.013176235079694232,18.736383442265794,1.9607843137254901,48.36601307189542,22.592592592592588,NORMAL,False,False,False,0,46.15384615384615,29.660968660968656
2023-07-31,0.0054845628365591,0.0040247996663869,0.0151402481134339,0.0051519972761457,-0.0014822576885171,0.006732876362619197,0.009192792243279438,-0.0110137065404172,0.0305588232680784,0.19230769230769232,0.0,0.0054845628365591,0.004683582013370968,0.005381829323929124,0.005851868130116232,0.012790983788922834,0.004140388590704314,-0.0059218456553638,9.658678286129268,23.965141612200437,37.83587509077705,22.403776325344953,NORMAL,False,False,False,0,6.730769230769231,17.701874196972234
2023-08-01,-0.0010251191770254,-0.0012836834269983,-0.0052567272510211,-0.0151230899914361,-0.0002370829008224,-0.003399638659277855,0.012141669308143978,-0.0367228229023784,0.0195218163382113,0.6538461538461539,0.07692307692307693,0.0010251191770254,0.004759599609274541,0.0053730704762827665,0.00583188602714282,0.012391046081828052,0.0026905263521430633,-0.0055076889519032335,20.697167755991288,8.061002178649238,31.590413943355124,20.174291938997825,NORMAL,False,False,False,0,55.57692307692308,30.7950812803754
2023-08-02,-0.0104897492749598,-0.0130898893732521,-0.0231043974358409,-0.0017003796778681,0.0008998483367279,-0.010451270247453544,0.008979415206672028,-0.0326264430770001,0.0069969978275712,0.9230769230769231,0.15384615384615385,0.0104897492749598,0.006023570950658869,0.005946892853423854,0.006522974808332907,0.012492218482591343,-0.01272859598933096,-0.023156706237689506,67.17501815541031,51.56136528685549,52.28758169934641,58.0246913580247,NORMAL,False,False,False,0,67.6923076923077,60.92497625830959
2023-08-03,-0.0074206854169113,-0.0107176909876542,0.0259152754226856,-0.0027872531981079,0.0051757562117509,-0.008289587010363215,0.013380702119894838,-0.0522955252986437,0.0259152754226856,0.8461538461538461,0.15384615384615385,0.0074206854169113,0.0062580671282444905,0.006077988894963494,0.0068453593669022435,0.012566698658719148,-0.014153174455181272,-0.02552253520873815,67.61074800290487,70.22512708787218,56.86274509803921,65.17066085693537,NORMAL,False,False,False,0,65.0,65.11946259985476
2023-08-04,0.0069833892701145,0.0082233749052142,0.0155732261868877,0.0039337347753298,0.0006164688571645,0.0031776627837889664,0.011974330756163509,-0.0291279004602014,0.0230200222928622,0.38461538461538464,0.07692307692307693,0.0069833892701145,0.007691463806236054,0.005961733254390287,0.006845231451106779,0.012515080173321102,-0.0065687899663358085,-0.01294537361958914,13.435003631082063,46.7683369644154,9.44081336238199,22.23674655047204,NORMAL,False,False,False,0,16.153846153846153,20.411876431484274
2023-08-07,0.0041144018676027,-0.0009358393030225,-0.0106254196650639,-0.0031449657984732,-0.0010751376131907,0.004097763981629534,0.011132316328379063,-0.0106254196650639,0.0425017697917795,0.5,0.0,0.0041144018676027,0.0074088157747276544,0.006015042951536796,0.006840819582791516,0.012456419571221927,-0.007922525985406437,-0.017822167147184875,12.345679012345679,53.812636165577345,20.18881626724764,27.138707334785764,NORMAL,False,False,False,0,32.49999999999999,28.747095134350033
2023-08-08,-0.0013497354646058,0.0028313179537218,0.0119599182125951,-0.0048616624846458,0.0006409240377236,1.574449106450209e-06,0.006877080785238563,-0.0178140134017923,0.01264750188804,0.5384615384615384,0.0,0.0013497354646058,0.007404295035815322,0.005965952102463899,0.006840548722397071,0.012293246312521199,-0.008244900964786805,-0.013775309124307578,10.312273057371096,12.200435729847495,49.96368917937545,22.774146695715324,NORMAL,False,False,False,0,33.84615384615384,26.095748840846877
2023-08-09,0.0031527078847637,-0.0018625825836887,0.0178485695805028,-0.0045215691919674,0.0011686352138602,0.004073300204019439,0.012431964591669635,-0.0215009370893208,0.0376550516510068,0.34615384615384615,0.038461538461538464,0.0031527078847637,0.005624004401396153,0.0059477286169732566,0.006831392140946223,0.012456461463805715,0.005428506098567709,-0.0025557998207986765,0.944081336238199,7.915758896151052,10.820624546114741,5.998547567175018,NORMAL,False,False,False,0,28.46153846153846,12.737444835484052
2023-08-10,-0.0045562684580157,-0.0075510953126687,-0.0187204005034316,-0.000522084153312,0.0002571219653253,-0.0030628172913666008,0.00704637736472033,-0.0187204005034316,0.0101913746045267,0.6538461538461539,0.0,0.0045562684580157,0.004590502255318591,0.006055351546724543,0.00705176274795523,0.012384117568557436,0.008330003663057362,0.0006369212675629843,13.507625272331156,31.590413943355124,46.187363834422655,28.736383442265797,NORMAL,False,False,False,0,52.88461538461539,35.98085302497067
2023-08-11,-0.0058741361615907,-0.007693878845021,0.0044675531024562,-0.0007835353013323,-0.0008013661525181,-0.004978181299374103,0.00984766826662493,-0.017629615630917,0.0327511649686738,0.7692307692307693,0.0,0.0058741361615907,0.004468814857162379,0.005943241239677009,0.007194011151866325,0.012041677361265915,-0.004544715824665646,-0.01516056189351489,15.032679738562091,68.40958605664488,33.40595497458242,36.55773420479303,NORMAL,False,False,False,0,56.92307692307692,42.6673370202782
2023-08-14,0.0003216956578122,-0.002446935343178,-0.0081740628106692,-0.0012023884148517,0.0011763840826304,-0.0004116672287149511,0.010041553513636715,-0.0232520341446939,0.0197046644672616,0.4230769230769231,0.07692307692307693,0.0003216956578122,0.003651467065917514,0.005654268239633835,0.006306297703109753,0.01177524493412613,-0.008304715114426098,-0.016650142877055796,17.57443718228032,9.44081336238199,35.003631082062455,20.36310820624546,NORMAL,False,False,False,0,32.49999999999999,24.00417574437182
2023-08-16,0.0015667570139761,-0.0032784683435331,-0.0379348539786075,-0.0075892390794954,0.0035815145439492,0.0022743196697913967,0.011276105862195617,-0.0379348539786075,0.0187700868990075,0.38461538461538464,0.038461538461538464,0.0015667570139761,0.0039355447601294915,0.005646282281047651,0.006316581011677811,0.011804290944303037,-0.005408534196915782,-0.022641237665276592,42.846768336964416,22.80319535221496,64.4880174291939,43.32607116920842,NORMAL,False,False,False,0,29.807692307692307,39.270557510753584
2023-08-17,-0.0051245825841254,-0.0012525912693002,0.012723635313391,-0.0063287802091194,0.000514469807225,-0.0024937944858639,0.007081128670546939,-0.0205441024638788,0.012723635313391,0.6538461538461539,0.038461538461538464,0.0051245825841254,0.0034179594417749278,0.0056019335370244595,0.006080039744718741,0.011677701663374503,-0.013615183489314453,-0.022043944801926507,32.82498184458969,15.32316630355846,62.01888162672476,36.33260711692084,NORMAL,False,False,False,0,54.230769230769226,41.70205575107535
2023-08-18,-0.0028452826260957,-0.0009181941274378,0.0106978556646475,0.0010615147953483,-0.0016663550271126,-0.0035989745337785765,0.00828839873293802,-0.0199811199683425,0.0106978556646475,0.6538461538461539,0.0,0.0028452826260957,0.0032723707851556533,0.005236005314622139,0.005226884842441825,0.011455034256823367,-0.011919768276586695,-0.01550790466223717,36.60130718954248,12.563543936092955,66.66666666666666,38.409586056644876,NORMAL,False,False,False,0,52.88461538461539,42.75209485503603
2023-08-21,0.0043215209131937,0.00344231702686,-0.0065230618990385,0.0038174398681867,0.0008303448630444,0.005453393107540819,0.008471784536479551,-0.0109114720241332,0.0271200254403234,0.23076923076923078,0.0,0.0043215209131937,0.0037071314657573617,0.004831503840563492,0.00539782298969593,0.010675202934818596,-0.0017861146101101344,-0.004459402013438529,19.535221496005807,11.619462599854756,59.62236746550472,29.186637618010167,NORMAL,False,False,False,0,8.076923076923077,22.853723255684038
2023-08-22,0.0001469355577301,-0.0001988545975183,-0.0045837802401709,0.00163733983309,-0.0006468270888358,0.000720346449224646,0.004875258834525496,-0.0071027813759474,0.0144035767656951,0.46153846153846156,0.0,0.0001469355577301,0.003700008953582519,0.004790668045000019,0.005411644663424612,0.010435378360109335,-0.001960506467520884,-0.0022158565529009078,44.08133623819898,1.815541031227306,81.98983297022512,42.77414669571532,NORMAL,False,False,False,0,31.153846153846153,39.28805653315457
2023-08-23,0.0024515199000461,0.011042620885022,-0.018170492995627,0.0116536465415653,-0.000483667257122,0.0029738837902218897,0.009731592796659017,-0.018170492995627,0.0231962723742311,0.3076923076923077,0.0,0.0024515199000461,0.003835479417574248,0.004836875548212236,0.006162937174103263,0.01053089609036701,-0.0010788594913948568,0.012120500488965735,27.66884531590414,19.970951343500364,62.091503267973856,35.68627450980392,NORMAL,False,False,False,0,10.76923076923077,28.211161387631975
2023-08-24,-0.0029469646806212,0.0003855396461658,0.0020281868848686,-0.0001563976169532,-0.0063630863296825,-0.0016617778436889444,0.006417411868833055,-0.0168106214914195,0.0111155880879716,0.5769230769230769,0.0,0.0029469646806212,0.003210644887103481,0.004679365977009648,0.006006005854825839,0.010418722314444278,0.001107613831476506,0.013780565754251128,56.499636891793756,1.670297748729121,85.25780682643428,48.678286129266525,NORMAL,False,False,False,0,35.192307692307686,44.63249259817887
2023-08-25,-0.0062361537740819,-0.0059499463920154,0.0098671568524313,-0.0037013740833431,0.0011715176741118,-0.004899147579025084,0.010173071186343,-0.0216516834631241,0.0240364751311412,0.7307692307692307,0.038461538461538464,0.0062361537740819,0.004220691151523886,0.004693716794922316,0.005891267604990664,0.010056434344044296,-0.0022966993253730195,0.008674784998826901,23.02106027596224,27.814088598402325,51.27087872185911,32.93391430646332,NORMAL,False,False,False,0,56.92307692307692,40.1306630914474
2023-08-28,0.0020891942389009,0.0059504995517629,0.0033821450190845,0.0035581858170661,0.0002770501480156,0.003084766971266446,0.007872008247807734,-0.0099663740108502,0.0227557582397437,0.38461538461538464,0.0,0.0020891942389009,0.003671806071208336,0.00474431739733502,0.006076513401281339,0.009918996902782355,-0.004514315541642833,0.011196046486523059,15.613652868554828,11.256354393609296,63.90704429920117,28.79448075526507,NORMAL,False,False,False,0,13.461538461538462,24.194598067147083
2023-08-29,0.001895758474361,1.3519884326074204e-05,0.0132335231982652,0.0096980944518314,0.000329027062822,0.0023321929940928955,0.007963167937170586,-0.0115625326774482,0.024046420665313,0.2692307692307692,0.0,0.001895758474361,0.003874080040103155,0.004555772729619514,0.00596488524970871,0.009756552105592613,-0.002773643130155601,0.011410841435901986,28.0319535221496,27.233115468409586,71.16920842411038,40.73347857661582,NORMAL,False,False,False,0,9.423076923076922,31.34035808055415
2023-08-30,0.0002480956863764,-0.0059028421573089,0.0057909508391018,0.0040279105748128,-0.0023799330906192,0.0017190947875985072,0.008075825300815727,-0.0129598054325127,0.0182046855774937,0.4230769230769231,0.0,0.0002480956863764,0.0035599775365646597,0.004564896439358945,0.006054420181251853,0.009612949263649317,-0.004965582249022438,-0.0055407931244315645,35.947712418300654,11.837327523602033,74.21931735657226,40.19607843137255,NORMAL,False,False,False,0,29.807692307692307,37.079562594268474
2023-08-31,-0.0048403506033882,-0.0055039295994382,0.0245007971002504,-0.0031374260675077,0.002493538874726,-0.0028071212741579954,0.009116649673438199,-0.0144604865890297,0.0245007971002504,0.7307692307692307,0.0,0.0048403506033882,0.0039042353330766676,0.00409602597846124,0.005502267883300377,0.009376031003795395,-0.006855134853047118,-0.011395372866730868,52.65068990559186,33.26071169208424,81.26361655773421,55.41757443718228,NORMAL,False,False,False,0,55.57692307692308,55.46537902910451
2023-09-01,0.0094267101889176,0.0101605314236767,0.0229583386511635,0.0008255586093077,-0.0002176258085204,0.010376204680154828,0.011617749803299934,-0.0052248273488549,0.0436405617961197,0.23076923076923078,0.0,0.0094267101889176,0.005117510423495993,0.004363709562035133,0.00556494860838835,0.009391374347833777,0.008797973254502045,0.004626851422793843,55.265068990559186,1.3071895424836601,58.242556281771975,39.97095134350036,NORMAL,False,False,False,0,8.076923076923077,30.402742863527173
2023-09-04,0.0048108337016425,0.0032000831249787,0.0,0.0,0.0001765192000846,0.005344838978610952,0.012966640648576886,-0.0097678146545623,0.0426323615635875,0.38461538461538464,0.0,0.0048108337016425,0.005302175880668058,0.004208872337753902,0.005276727885864872,0.009423442095531762,0.01153783352814619,0.0018800540444208202,28.75816993464052,24.40087145969499,45.67901234567901,32.52723311546841,NORMAL,False,False,False,0,13.461538461538462,26.807524719289425
2023-09-05,0.0023605960187407,-0.0010353096224208,0.0133255330097268,-0.0070110822321435,0.0004546435407357,0.00217248722402755,0.007985087937389071,-0.0142329584687745,0.0207412450131612,0.34615384615384615,0.0,0.0023605960187407,0.005297208934856638,0.00413714463464961,0.005277382315105645,0.009293304981088924,0.012007144590307384,0.0008292668880387488,34.20479302832244,17.429193899782135,76.25272331154684,41.78649237472767,NORMAL,False,False,False,0,27.115384615384613,37.38516004692475
2023-09-06,0.0018467726478093,-0.002763102147939,0.0098050346081788,-0.0042051582344864,0.004248542698767,0.00011325211220643454,0.0070700189587440745,-0.0167099448090697,0.0130801213692277,0.46153846153846156,0.0,0.0018467726478093,0.005181750221698276,0.004145986481086795,0.005249278080314637,0.009361119858281041,0.013624615809537222,0.003990269479190012,52.505446623093675,8.932461873638346,82.78867102396515,48.51851851851852,NORMAL,False,False,False,0,31.153846153846153,43.30911680911681
2023-09-07,0.0059150323607803,0.0105665276596418,-0.0076536230516131,-0.0003127968268462,0.0020617504024926,0.0038443266420198465,0.008453074613784051,-0.0081411684919572,0.022639582469792,0.34615384615384615,0.0,0.0059150323607803,0.0030535304655283394,0.004295955497446304,0.005799812582014901,0.009135778530131373,0.024579562517384135,0.020214147274603134,46.7683369644154,15.976761074800292,80.82788671023965,47.748729121278146,NORMAL,False,False,False,0,12.115384615384613,37.05872576951009
2023-09-08,0.004709190366575,0.006195567914583,0.0073673232348736,0.0004693738795631,-0.0001909699090436,0.005185391624715596,0.007748797232700202,-0.007288450044428,0.0222779244594031,0.23076923076923078,0.0,0.004709190366575,0.0017411355986918708,0.0042498411254816085,0.005669260792797358,0.00914227400446518,0.019791226378707893,0.016209722493025325,51.70660856935366,27.01525054466231,82.93391430646334,53.66739288307916,NORMAL,False,False,False,0,8.076923076923077,39.99025194123233
2023-09-11,0.0089001434200508,0.0091747968302526,-0.0025140122881112,0.0025542245369596,-0.0025251520764612,0.0070249952198585455,0.006909923211231393,-0.0056927152475486,0.0205039846997914,0.19230769230769232,0.0,0.0089001434200508,0.0028600948391441804,0.0043280707747761936,0.005609132679489044,0.009015988878339761,0.02394150226438363,0.02226191712353054,70.95134350036311,28.322440087145967,86.56499636891793,62.846768336964416,NORMAL,False,False,False,0,6.730769230769231,46.01196860510586
2023-09-12,-0.0001575482868895,-0.0013023205100523,0.017756849651809,-0.0062392760855549,-0.0010599022574402,-0.002170641890033115,0.014745658809733796,-0.036626192636478,0.0287733488922075,0.5384615384615384,0.11538461538461539,0.0001575482868895,0.0035287653952765234,0.004335970892303139,0.005571984800762227,0.009311099442242007,0.021369142104310956,0.021988679175771297,59.54974582425563,51.779230210602755,71.24183006535948,60.72621641249093,NORMAL,False,False,False,0,52.88461538461539,58.37373610412826
2023-09-13,0.0038413452699443,0.0087472167400544,-0.003601977802961,-0.0011510873154304,-0.0012092118653983,0.0037190868513064424,0.006931163083710741,-0.0134793547860629,0.0165837630174776,0.34615384615384615,0.0,0.0038413452699443,0.003295209492687878,0.004369532589220587,0.00566575063221071,0.009123034515037057,0.023402581731561067,0.03378468835129356,55.918663761801014,1.597676107480029,84.0232389251997,48.05374001452432,NORMAL,False,False,False,0,12.115384615384613,37.27223339478241
2023-09-14,0.0016492082399102,0.0019909266023752,0.0185269665752005,0.0004714391208278,0.0011322112156875,0.004025311233722327,0.008055457542505797,-0.0078279089319601,0.0217508748252732,0.3076923076923077,0.0,0.0016492082399102,0.0034324636975310674,0.0040785439331601,0.0056077684395508,0.009064487201996065,0.019062597460458797,0.025012059510179485,43.20987654320987,8.714596949891067,84.31372549019608,45.19244734931009,NORMAL,False,False,False,0,10.76923076923077,34.8654823752863
2023-09-15,0.0044396138771742,0.0050140036470112,0.0067656716524002,0.0071727493046465,0.0011032416335592,0.00397339330461235,0.008526610713703036,-0.0124361519539829,0.0224137749003729,0.2692307692307692,0.0,0.0044396138771742,0.003416465827906088,0.003957906984136404,0.005581808612262109,0.008978367021952312,0.018789169766020297,0.023808399245746292,43.86347131445171,3.994190268700073,76.97893972403776,41.837327523602035,NORMAL,False,False,False,0,9.423076923076922,32.113052343444494
2023-09-18,-0.0029243168460981,-0.0054432245871322,0.007822041865432,0.0040547117669642,0.0006925680565044,-0.0006090719211740152,0.010821455110112066,-0.0237830454037943,0.0252014905903259,0.5,0.038461538461538464,0.0029243168460981,0.00301589930229945,0.0040872048819832465,0.005862918660548996,0.009102853375047322,0.006848808635091741,0.008978408292266149,26.94262890341322,2.178649237472767,52.65068990559186,27.225853304284676,NORMAL,False,False,False,0,48.846153846153854,33.711943466845426
2023-09-20,-0.011518249945432,-0.0129458878132932,-0.0131176708963879,0.0073000132466669,0.001314298276013,-0.007616691600802922,0.010778709508350477,-0.0401153784812668,0.0077642409499332,0.7692307692307693,0.11538461538461539,0.011518249945432,0.006601805696636633,0.005063467056711465,0.006763127185002271,0.009540716201510126,-0.00459150269652242,-0.002785019465438965,68.62745098039215,36.60130718954248,62.745098039215684,57.25490196078431,NORMAL,False,False,False,0,60.96153846153847,58.36689291101055
2023-09-21,-0.0079919391664983,-0.0167622932406348,-0.0071998397725716,-0.0135690916659841,-0.0012981754838697,-0.010063147180708042,0.009627208885528656,-0.0310587801699311,0.0095190447889976,0.8846153846153846,0.15384615384615385,0.0079919391664983,0.006597093784656069,0.00546112959725417,0.007529896949054025,0.00988201024821855,-0.01632538069880418,-0.028002898708812007,77.63253449527959,34.277414669571534,73.8562091503268,63.493100944081334,NORMAL,False,False,False,0,66.34615384615384,64.34901681470308
2023-09-22,-0.0034494176591149,-0.0002644500830115,0.004462808637023,0.0032305509586958,-0.0023553817548498,-0.00222087293124,0.011674820832545863,-0.0267176476834116,0.0243917405067441,0.6538461538461539,0.07692307692307693,0.0034494176591149,0.006015184369233618,0.005480279028286114,0.007530409058604588,0.01003360984889553,-0.02133251178713791,-0.03019076243323615,37.254901960784316,18.954248366013072,35.36673928830791,31.19825708061002,NORMAL,False,False,False,0,55.57692307692308,38.51185687950394
2023-09-25,1.5288066889551644e-05,0.0034531203688745,-0.0038875761286978,-0.0045705041635715,0.0010073883119761,0.0013334911177966748,0.01433877493845409,-0.0147044118347368,0.0466448196909701,0.5384615384615384,0.0,1.5288066889551644e-05,0.004559447810000065,0.00523352583763273,0.0074218118724456465,0.010176510724238615,-0.025643317302934787,-0.031696969328271596,49.31009440813362,40.81336238198983,67.24763979665941,52.14233841684822,NORMAL,False,False,False,0,18.846153846153843,42.1534830456399
2023-09-26,-0.0005007261720755,-0.0031698615424862,0.0079170281228431,-0.0084524425431666,0.0006447417093176,-0.0006654660569705152,0.005859256456740444,-0.014882345277574,0.0121292706187916,0.5,0.0,0.0005007261720755,0.004968817520501173,0.005238844716530254,0.007357427792158698,0.01013569607058294,-0.023274949676230117,-0.029483617229761228,51.27087872185911,0.7988380537400145,84.82207697893972,46.194625998547565,NORMAL,False,False,False,0,47.5,46.586238198983295
2023-09-27,0.0026316191986632,-0.0008044612145088,0.0363978419929507,-0.0151547297716989,0.0032567330580641,0.003978047712652496,0.010162924237565318,-0.0151547297716989,0.0363978419929507,0.38461538461538464,0.0,0.0026316191986632,0.004051724801887677,0.00524853129216651,0.0073606230139517,0.010269150167553514,-0.00929337474975489,-0.017545615777928347,49.092229484386344,6.82643427741467,84.16848220769789,46.935366739288305,NORMAL,False,False,False,0,28.46153846153846,41.393218255963355
2023-09-28,-0.0097836296667737,-0.0064445506436709,-0.0210290479748672,-0.0059841586439263,-0.0009123359711789,-0.011399064087009973,0.00852625687159585,-0.0273673834499512,0.0055599959108814,0.8846153846153846,0.15384615384615385,0.0097836296667737,0.004748961757681174,0.005774235430748468,0.0073849483731600035,0.010668522279484838,-0.011082714694764295,-0.007236093085728812,69.42628903413217,54.46623093681917,65.79520697167756,63.84894698620188,NORMAL,False,False,False,0,66.34615384615384,64.59810904418747
2023-09-29,0.0058775169171687,0.0064017039702608,-0.0100316015497712,-0.006611507561122,-0.0003568885915377,0.006911240725741462,0.010490361047452271,-0.0100316015497712,0.0290839954134261,0.2692307692307692,0.0,0.0058775169171687,0.005848536627065188,0.005752862587280092,0.007389026592135713,0.01078783763135656,-0.0018272218127755036,-0.0006164253720333246,7.915758896151052,8.424110384894698,39.869281045751634,17.654320987654323,NORMAL,False,False,False,0,9.423076923076922,15.184947768281102
2023-10-03,-0.0055784246544688,-0.0041606340481064,-0.0171824820229399,-0.0127157623020633,0.0020001333422228,-0.005813186182968231,0.012958616063867055,-0.0377897654198657,0.020081247887151,0.6538461538461539,0.11538461538461539,0.0055784246544688,0.006279816187075657,0.0055723413197775245,0.007112559364919029,0.010774727681937216,-0.007410628220744342,-0.0081993018922486,34.35003631082063,0.4357298474945534,14.088598402323893,18.097312999273786,NORMAL,False,False,False,0,56.92307692307692,29.745042176414728
2023-10-04,-0.0047443072713306,-0.0097975067562413,-0.0561470575787126,-0.0033431851734945,-0.0015547200218046,-0.009623246521168992,0.016153266253056145,-0.0561470575787126,0.0157763252634552,0.7692307692307693,0.19230769230769232,0.0047443072713306,0.006401526761907278,0.005570762055114118,0.007391415877697353,0.011095889058901041,-0.011624871900253964,-0.014793507761649893,77.12418300653596,18.51851851851852,49.382716049382715,51.22004357298475,NORMAL,False,False,False,0,63.653846153846146,54.950184347243166
2023-10-05,0.0056415841052857,0.0056705598510573,-0.0226787418003486,-0.0010448305823825,0.0026432987664606,0.0039444562474054016,0.008340526023623262,-0.0226787418003486,0.0214593555683302,0.38461538461538464,0.038461538461538464,0.0056415841052857,0.007088214691933221,0.005697715491207351,0.007524747430549427,0.011133531937619125,-0.008657705901104373,-0.008409138993420884,20.043572984749456,0.7262164124909223,40.595497458242555,20.413943355119827,NORMAL,False,False,False,0,14.807692307692308,18.73206804089157
2023-10-06,0.0055127073660514,0.003330441932045,0.0058316531547932,0.0074864999277295,-0.0026950249827847,0.010593796749819244,0.017242829274092254,-0.0079975799227138,0.059706347071142,0.19230769230769232,0.0,0.0055127073660514,0.005945324855426945,0.00581991015827568,0.007544477488275457,0.011674848407919354,0.006656023804583855,0.0013465251829130054,39.79665940450254,47.85766158315178,25.199709513435003,37.83587509077705,NORMAL,False,False,False,0,6.730769230769231,28.504343332774706
2023-10-09,-0.0071819467588469,-0.010687446648622,0.043362680253544,0.0105453225565694,-0.0012051203589436,-0.003687881775825915,0.013456661540706755,-0.0264775758914314,0.043362680253544,0.7307692307692307,0.07692307692307693,0.0071819467588469,0.006311884871538629,0.005870650155640065,0.0074702126002429165,0.011828207456785051,-0.006413547346990733,-0.015656786241380005,48.29339143064633,18.010167029774873,49.5279593318809,39.57879448075526,NORMAL,False,False,False,0,58.269230769230774,45.18592536729791
2023-10-10,0.0090968029762401,0.0107925771592631,-0.004746423312703,0.0062178967288455,0.0017527728449713,0.010726162617907263,0.01268237993230885,-0.004746423312703,0.0564804822858027,0.11538461538461539,0.0,0.0090968029762401,0.007162357419975915,0.006152000900752097,0.007770859673815026,0.012109114121658734,0.008249355917557821,-0.0008761976453428577,36.81917211328976,38.416848220769786,38.2716049382716,37.73420479302832,NORMAL,False,False,False,0,4.038461538461538,27.625481816658283
2023-10-11,0.0061706921287072,0.0035335769946949,-0.0288473109424169,0.0063407032929205,-0.0002402329765113,0.0040763406817259885,0.011016340546317114,-0.0288473109424169,0.0328632262933648,0.2692307692307692,0.038461538461538464,0.0061706921287072,0.006336259769440654,0.005964317513087691,0.007484545593958736,0.012171851251468925,0.019306857216300877,0.012574993578293947,5.519244734931009,16.63035584604212,19.535221496005807,13.057371096586781,NORMAL,False,False,False,0,10.769230769230766,12.370928998379975
2023-10-12,-0.0008757409120068,0.0018487537123805,-0.006946870481498,-0.001868859413043,-0.0003879292687547,-0.002214453862652281,0.008762888575084893,-0.019338831161928,0.0162119097547721,0.5384615384615384,0.0,0.0008757409120068,0.006542056501273658,0.005964640617849388,0.007514110079273732,0.01192523026307432,0.012700970799278899,0.008726948820076963,0.6535947712418301,8.859840232389251,26.724763979665937,10.936819172113289,NORMAL,False,False,False,0,33.84615384615384,17.809619574325453
2023-10-13,-0.002169809980297,-0.0069788248545311,0.0576528593434544,0.0310811395005101,0.0005334836879042,0.0034982650310889075,0.019453341399978338,-0.0239580563705829,0.0576528593434544,0.5,0.07692307692307693,0.002169809980297,0.006572752612327526,0.005886170574175245,0.0072606497558728765,0.012479875447381817,0.004963532258885461,-0.0016377673248553215,75.01815541031227,32.6797385620915,91.06753812636165,67.13144517066085,NORMAL,False,False,False,0,50.19230769230769,62.0497039271549
2023-10-16,-0.0009772027556287,-0.0014010759663654,-0.0117459088906413,-0.0032686773624175,0.0002390645821652,-0.00024315985642025387,0.006199274180247157,-0.0131060535256488,0.0117445576222829,0.6153846153846154,0.0,0.0009772027556287,0.005049018379100137,0.005858255923260543,0.0072075689425264815,0.012433725102672547,0.011244180993947861,0.007733549895753811,12.636165577342048,7.18954248366013,54.82933914306464,23.66013071895425,NORMAL,False,False,False,0,51.53846153846155,32.02362996480644
2023-10-17,0.0040417094276989,0.0041514490148677,0.0,0.0008328434783566,-0.0009942306589478,0.002497146391754197,0.005199274583964094,-0.0157610868158183,0.0100231939846422,0.19230769230769232,0.0,0.0040417094276989,0.00364624570346783,0.005839758716857733,0.007166225609737375,0.012296512504473788,0.006178330106040075,0.0011125202290416247,26.07116920842411,50.39941902687001,70.87872185911401,46.81190994916485,NORMAL,False,False,False,0,6.730769230769231,34.787567733646156
2023-10-18,-0.0070868127413371,-0.0117272381190961,0.0191552730506132,0.0169553744651527,0.0007788081292052,-0.002717283219481746,0.013013343142816592,-0.0279809820449412,0.0240526438270514,0.6538461538461539,0.038461538461538464,0.0070868127413371,0.0039685429392929865,0.005986698906684,0.007457713239500832,0.012418214429410896,-0.007079275403510721,-0.014111477681491458,28.249818445896878,29.193899782135073,39.36092955700799,31.866376180101668,NORMAL,False,False,False,0,54.230769230769226,38.575694095301934
2023-10-19,-0.0023588102112444,-0.0030577169325781,0.0118886215510183,0.0066997265170574,5.1678554261247456e-05,-0.0035744225427793218,0.007412561436196876,-0.0298196103444794,0.0118886215510183,0.7692307692307693,0.038461538461538464,0.0023588102112444,0.0039737151424720195,0.005480192808675337,0.0070301797996026654,0.012153796405326241,-0.008553136367080882,-0.018939784425431316,27.596223674655047,47.276688453159046,56.13652868554829,42.06245461147422,NORMAL,False,False,False,0,58.269230769230774,46.92448745880118
2023-10-20,-0.0041808960845935,-0.0007187653555634,-0.0069374815657118,0.0071631657239663,-0.0017569800466952,-0.005790620757911497,0.008562149092213214,-0.0268651532440097,0.0112569885072169,0.7692307692307693,0.07692307692307693,0.0041808960845935,0.004130554193962638,0.00527519324812808,0.006085326471859343,0.01197707097445532,-0.01055135713705091,-0.012755127466160476,34.49527959331881,27.450980392156865,50.18155410312273,37.0878721859114,NORMAL,False,False,False,0,59.61538461538461,43.84612591475336
2023-10-23,-0.0133503074255556,-0.0130789492563321,-0.0367324184363996,-0.0031273398092686,0.0004511241205373,-0.012927648093604131,0.01036819407122949,-0.0367324184363996,0.004428028856781,0.8846153846153846,0.19230769230769232,0.0133503074255556,0.006376303735046877,0.00598399079154537,0.006651882551841424,0.012186180517410326,-0.022805883918050496,-0.024300223550433042,80.68264342774147,47.78503994190268,61.94625998547567,65.1924473493101,NORMAL,False,False,False,0,67.69230769230768,65.94240545220937
2023-10-25,-0.008277236732921,-0.0073972270650429,-0.0011697096341076,0.0039467320574309,-0.0020682718709612,-0.005826746816985043,0.007443180240415057,-0.0295668528367486,0.0058774592462438,0.8461538461538461,0.038461538461538464,0.008277236732921,0.004226119805527242,0.006194263521605894,0.006656907424068904,0.01204721355542434,-0.03479542737172825,-0.03552167892005076,66.88453159041394,70.1525054466231,81.04575163398692,72.11328976034858,ELEVATED,False,False,False,0,60.96153846153847,68.76776437070555
2023-10-26,-0.0138530649123475,-0.0128840951274747,-0.0255299252928681,0.0015624089632995,0.0022075174924984,-0.012617737885375234,0.012866931790365485,-0.0401503938495011,0.0173739248714559,0.8076923076923077,0.19230769230769232,0.0138530649123475,0.005209444805722276,0.006783263173087725,0.007073899196952184,0.01255698465120027,-0.04137285792539647,-0.0366506825192664,81.04575163398692,63.61655773420479,54.1757443718228,67.75599128540306,NORMAL,False,False,False,0,65.0,66.92919389978213
2023-10-27,0.0100757003274603,0.0118696736186216,0.028001464447672,0.0007045211596532,0.0013406548468273,0.012232620316963837,0.010540338171041514,-0.0045465215715511,0.0315827542936175,0.07692307692307693,0.0,0.0100757003274603,0.009779908274758126,0.007243568966695284,0.007782108655186589,0.012882212694137378,-0.029424614987132336,-0.022226285296369164,63.03558460421206,28.830791575889613,78.5766158315178,57.436456063907045,NORMAL,False,False,False,0,2.6923076923076925,41.01321155242724
2023-10-30,0.0049167407696648,0.0060106689144967,-0.037760151068075,0.0038217719396775,0.0015717289953356,0.0013675476712195383,0.014897197602036675,-0.037760151068075,0.0341323551581964,0.5,0.038461538461538464,0.0049167407696648,0.010958921425675748,0.00712501099700787,0.007908153933531224,0.012871258939131212,-0.020557600528571363,-0.015641688572272883,23.74727668845316,53.23166303558461,18.88162672476398,31.132897603485837,NORMAL,False,False,False,0,18.846153846153847,27.446874476286236
2023-10-31,-0.0032026069828995,-0.0044889182468504,-0.0156724693693379,-0.0055104700275854,-0.0014014245285512,-0.003646645123890226,0.009685378421218332,-0.0261718178343938,0.01632244654556,0.6923076923076923,0.07692307692307693,0.0032026069828995,0.009682274655500665,0.0069532773890907465,0.007714233609694219,0.012705065356093849,-0.01048402715650798,-0.007073963308703246,14.596949891067537,38.85257806826434,12.200435729847495,21.154684095860567,NORMAL,False,False,False,0,56.92307692307692,31.885201944025475
2023-11-01,-0.0047406245729368,-0.0033842172397605,-0.0071586549702701,-0.0032238074255301,-0.0002317308397751,-0.0016269062779644737,0.008833177298656824,-0.0158337174932885,0.0253537950549123,0.7307692307692307,0.0,0.0047406245729368,0.009234083706532167,0.006929383076201069,0.00770451607747337,0.01246509302718164,-0.006955284697750419,-0.0030596465551451235,6.535947712418301,74.94553376906318,17.93754538852578,30.47930283224401,NORMAL,False,False,False,0,55.57692307692308,38.00858890564773
2023-11-02,0.0075885232572669,0.0074061585464975,0.0251118421402063,0.0034363890186071,0.0230171220988797,0.009353786648235838,0.008020041552485794,-0.0030515750846461,0.0310950369595177,0.11538461538461539,0.0,0.0075885232572669,0.0065794629462254135,0.007158917113607954,0.0077389845908877805,0.012306028252092528,0.014636280475678998,0.01743254951764306,70.079883805374,6.535947712418301,97.24037763253449,59.16485112563544,NORMAL,False,False,True,1,4.038461538461538,42.62693424948326
2023-11-03,0.0050879808383312,0.0069983817337595,-0.0236477925041521,0.0029714063691612,-0.0228502129753975,0.0035548013329568,0.015168445434211638,-0.0250379932219642,0.0398601871971597,0.4230769230769231,0.11538461538461539,0.0050879808383312,0.005517092429156303,0.007133886815189359,0.007805171854950502,0.012536116338662782,0.009626040996731922,0.01253447711654454,66.59404502541757,51.92447349310094,96.65940450254176,71.21278140885984,ELEVATED,False,False,True,1,18.846153846153847,55.50279314004804
2023-11-06,0.0094199033989916,0.0069519991573989,0.0038504229334039,-0.0049711395501194,-0.0010666835297794,0.007172369596665627,0.00860914554042198,-0.0065727769656632,0.0219121006947797,0.23076923076923078,0.0,0.0094199033989916,0.006420193713616147,0.007365264108537205,0.007951396882321144,0.01217211922630259,0.014150306612935593,0.013481911726079376,19.24473493100944,8.351488743645605,37.32752360203341,21.401597676107478,NORMAL,False,False,False,0,8.076923076923077,17.404195296352157
2023-11-07,-0.0002601919584787,0.0027166812070962,-0.042687416001848,-0.0074686752826771,0.0007732286728385,-0.0023345033003034726,0.012280147640230903,-0.042687416001848,0.018217290686046,0.5769230769230769,0.07692307692307693,0.0002601919584787,0.005837319363466301,0.0072001247357212994,0.0076337712425681775,0.01207339724694652,0.017143945159849183,0.020817585676446315,28.685548293391435,14.742193173565724,33.042846768336965,25.80973129992738,NORMAL,False,False,False,0,37.88461538461539,29.43219652533378
2023-11-08,0.0018962926582819,-0.0018119297641436,-0.026366819737737,-0.00777915825111,0.00011890160585,0.0004085703836936387,0.008219456839836768,-0.026366819737737,0.0111283235843997,0.34615384615384615,0.038461538461538464,0.0018962926582819,0.003975709085979618,0.006881295122150538,0.007190997505694565,0.011768249923735976,0.02392680030589056,0.022428054557847465,29.774872912127815,34.64052287581699,61.72839506172839,40.82062454611474,NORMAL,False,False,False,0,28.46153846153846,37.11289872074185
2023-11-09,-0.002478937369815,0.0005715505608407,0.0054426659066644,0.006507789480848,-0.0001802103052428,0.0007758500881859808,0.012278354160494796,-0.0169290345025229,0.043464985007704,0.5384615384615384,0.0,0.002478937369815,0.004665945248252463,0.006702403843391139,0.0071278786755661055,0.011730958823181084,0.013696093515215946,0.015491532592841306,2.251270878721859,21.931735657225854,12.999273783587508,11.379811183732752,NORMAL,False,False,False,0,33.84615384615384,18.11971398245908
2023-11-10,0.0015492839458333,0.0031247423545126,0.0188803848099898,-0.0160879627184007,0.0012220937684219,0.001358664296253019,0.008272127551454863,-0.0180084333703217,0.0188803848099898,0.3076923076923077,0.0,0.0015492839458333,0.004484278687198958,0.006727406471640925,0.007159606850233954,0.011716499216495745,0.010127089324092564,0.011585222452430655,16.55773420479303,28.540305010893245,71.82280319535221,36.73202614379085,NORMAL,False,False,False,0,10.76923076923077,28.943187531422822
2023-11-13,0.0009369804014345,0.0016236483933869,0.0141247115867342,0.0066749583861251,-0.0002460433446511,0.0009660239097372384,0.005189269549558094,-0.0112761339903404,0.0141247115867342,0.5,0.0,0.0009369804014345,0.0017710730007533127,0.006732847171456721,0.007029657335073706,0.011061239240737441,0.0016382233054721418,0.006232354691675379,33.551198257080614,10.021786492374728,73.7835875090777,38.56209150326798,NORMAL,False,False,False,0,17.5,32.243464052287585
2023-11-15,0.0119267535086042,0.0070731459858173,-0.0204446515518349,0.0075044850094769,-0.003809160761898,0.00960051526434241,0.012433711884617383,-0.0204446515518349,0.028013622760588,0.11538461538461539,0.038461538461538464,0.0119267535086042,0.005408578240616454,0.00730516564892341,0.007220605556680985,0.011519762467461237,0.013848310677188502,0.01060409388239747,46.98620188816267,50.54466230936819,47.276688453159046,48.140885984023235,NORMAL,False,False,False,0,5.384615384615385,35.31400480420088
2023-11-16,0.0045615222809993,-0.0009083007714547,-0.0490477688052722,0.0121422627032126,0.0024656683857144,0.006262268590378459,0.015896483199163702,-0.0490477688052722,0.0274800361428253,0.2692307692307692,0.038461538461538464,0.0045615222809993,0.005432708720019539,0.007321648342054415,0.007155749959560246,0.011931932006706617,0.01654533488055132,0.011518962719836656,48.80174291938998,57.153231663035584,65.4320987654321,56.296296296296305,NORMAL,False,False,False,0,25.769230769230766,47.138176638176645
2023-11-17,-0.0016897597201204,-0.0130792862180292,0.041015059001173,-0.0011593572255761,-0.000792231254486,-0.0025955088420181074,0.0154215840005049,-0.0369451869955675,0.041015059001173,0.5769230769230769,0.11538461538461539,0.0016897597201204,0.0052305761846383955,0.007147644718187168,0.007275219701280174,0.012042944709181143,0.017349563370798515,-0.002281230031077386,37.03703703703704,69.2084241103849,45.31590413943355,49.172113289760354,NORMAL,False,False,False,0,54.230769230769226,50.689710072063015
2023-11-20,-0.0019157289123818,2.294422643944749e-05,0.0225326011098361,-0.0019681189251675,0.0020596170043096,-0.0018399712214698337,0.009556369916081782,-0.0211051367990191,0.0225326011098361,0.6153846153846154,0.07692307692307693,0.0019157289123818,0.00575023862876167,0.0071400495094815905,0.007246832114652848,0.012043741088590305,0.013829887030468058,-0.005366312157323305,4.502541757443718,32.098765432098766,24.836601307189543,18.881626724763983,NORMAL,False,False,False,0,39.23076923076923,24.986369476565557
2023-11-21,0.004539473475424,0.0023907156166922,0.0021906980964954,0.0109218274710736,0.0003685932534061,0.004703539333504154,0.006366634175035426,-0.0046850393736008,0.0219153219912331,0.23076923076923078,0.0,0.004539473475424,0.005689464523948647,0.007124654617515819,0.007267744339819065,0.011866665792828494,0.01747878323247054,-0.004604598012132088,22.22222222222222,38.12636165577342,55.482933914306464,36.97167755991285,NORMAL,False,False,False,0,8.076923076923077,28.303251215015916
2023-11-22,0.0014380348265852,-0.0054829833852835,-0.0086151240563933,-0.0039513950988462,0.0002821116750191,-5.713746023276797e-06,0.006348099883807194,-0.0153105382758591,0.0130646738498576,0.5,0.0,0.0014380348265852,0.003177764682060021,0.006318432759017031,0.006727431598965688,0.011294661818898304,0.006932517225325396,-0.017015129950727292,23.81989832970225,28.39506172839506,64.63326071169209,37.436456063907045,NORMAL,False,False,False,0,32.49999999999999,35.95551924473493
2023-11-23,-0.0004971574875239,0.002943604380722,0.0,0.0,0.0024308220361821,-0.0002785469713082292,0.0036118978442904012,-0.0076736299802367,0.0057849269092067,0.46153846153846156,0.0,0.0004971574875239,0.002680681475909632,0.00591975845882522,0.00649264614705266,0.011070230009152533,0.0018618978155855448,-0.013225323180860005,55.70079883805374,5.3013798111837325,86.78286129266522,49.905591866376184,NORMAL,False,False,False,0,31.153846153846153,44.280068152617176
2023-11-24,-0.0003686890844358,0.00439680024095,-0.0202334317700066,0.0054232834314593,-0.0024452911981296,-0.0035920028955556305,0.007882009576066206,-0.0202334317700066,0.0094590364911364,0.6538461538461539,0.038461538461538464,0.0003686890844358,0.0024842041359184794,0.0046868557048523425,0.00566062025727767,0.010451387845365272,0.003187668383505038,0.004248177300792966,53.01379811183733,16.412490922294847,77.05156136528686,49.24473493100945,NORMAL,False,False,False,0,39.23076923076923,46.24054522093738
2023-11-28,0.0047992646389904,0.0025554021503111,0.011517113264996,0.0187293981193295,0.0002459707077906,0.006563809715864893,0.010155194103467264,-0.005824603290617,0.0353273712129147,0.2692307692307692,0.0,0.0047992646389904,0.0025712598848370532,0.004372324285751428,0.005143528143271936,0.010282983783887416,0.009936996991469771,0.006791335204141324,50.617283950617285,2.9774872912127814,73.34785766158315,43.1445170660857,NORMAL,False,False,False,0,9.423076923076922,33.02808502318306
2023-11-29,0.0104023891135545,0.0156218133883734,0.0189765328981552,0.0036279965638135,0.0006429174927737,0.010947416680376316,0.010756698242196223,-0.010054079688324,0.0381922669297629,0.07692307692307693,0.0,0.0104023891135545,0.004580689450898182,0.004712198470619067,0.005988242082667848,0.010331025848699152,0.01583141485113071,0.020080519136348896,63.68917937545389,20.84241103848947,66.23093681917211,51.597676107480034,NORMAL,False,False,False,0,2.6923076923076925,36.92606558292833
2023-11-30,0.0018187545137213,-0.0019005153032107,-0.0244027936165505,-0.0043964633419645,-0.0010525182651887,0.0018655991668152388,0.011624964884414621,-0.0244027936165505,0.0199455747974555,0.5384615384615384,0.038461538461538464,0.0018187545137213,0.004548066425069915,0.00452525624835999,0.005872892070491442,0.01028090555316172,0.016217606512517024,0.023755072552628986,25.34495279593319,18.30065359477124,51.85185185185185,31.1837327523602,NORMAL,False,False,False,0,35.192307692307686,32.38630523434444
2023-12-01,0.0066929416105065,0.0074738340724005,-0.0248815088523978,0.0161424978206008,0.0002688086147668,0.003864872892891888,0.012318049006659615,-0.0248815088523978,0.0321247799416963,0.4230769230769231,0.038461538461538464,0.0066929416105065,0.004197834854624997,0.00424951527007455,0.005861382878881956,0.010384605307335025,0.023527946198616423,0.028379306264701087,55.62817719680465,2.6870007262164126,65.72258533042846,42.77414669571532,NORMAL,False,False,False,0,16.153846153846153,34.78805653315457
2023-12-04,0.0206681690037693,0.036086759262528,-0.0139057483939594,-0.0226460764915802,-0.0016088485296157,0.013284891941170409,0.017425191789898226,-0.0226460764915802,0.0470053782415966,0.19230769230769232,0.038461538461538464,0.0206681690037693,0.00728998185984161,0.005705674470016971,0.009512853542074194,0.011085114578019575,0.04506769982415193,0.06082594295883337,94.19026870007262,83.07915758896151,89.83297022512708,89.54974582425564,HIGH,False,False,False,0,8.076923076923077,65.10789900005587
2023-12-05,0.0081355657602475,0.01250988731864,-0.0098576288564923,-0.0027666496978817,0.0023853032024927,0.002490841908787177,0.010189360472260347,-0.015247158368984,0.0227844954506433,0.38461538461538464,0.0,0.0081355657602475,0.006969139217211268,0.005778559915218621,0.00968654083961241,0.010800525643729466,0.04853770688070136,0.07135900287024843,70.00726216412491,23.456790123456788,90.41394335511983,62.16412490922295,NORMAL,False,False,False,0,13.461538461538462,47.553348974917604
2023-12-06,0.0039606432442005,-0.0037798492680098,-0.0406526887971856,0.0059450086698042,-0.0012131360389754,0.004198630327193331,0.014390990750513647,-0.0406526887971856,0.0356128080990154,0.3076923076923077,0.038461538461538464,0.0039606432442005,0.007355402968922254,0.005640264639031542,0.009819145758598838,0.010986275095356983,0.04185283210711099,0.05089257955838655,65.21423384168482,81.91721132897604,78.06826434277416,74.08133623819899,ELEVATED,False,False,False,0,27.11538461538462,59.99155075135467
2023-12-07,-0.001745599062397,0.0001462094999475,-0.0005765482431663,-0.0002954816970881,-0.0003157398706382,-0.0021300654709340617,0.006169595238949106,-0.0192393340338139,0.0095546159647892,0.7307692307692307,0.0,0.001745599062397,0.008253107674387045,0.005706019348219568,0.009848198097028416,0.010859061786549896,0.03814604198047511,0.05304756304551872,65.28685548293392,72.62164124909222,87.72694262890342,74.21931735657226,ELEVATED,False,False,False,0,40.57692307692308,64.12659907267751
2023-12-08,0.0032653705047074,0.0089792699733592,0.0272570971857721,-0.0155672571091568,0.0007840113350505,0.0017044357579154277,0.012313690913873654,-0.0195373312474597,0.0272570971857721,0.4230769230769231,0.0,0.0032653705047074,0.008480514651628485,0.005691036462055877,0.009838676612117661,0.011060051793063748,0.03461137989036511,0.05462109831086459,59.694989106753816,54.248366013071895,80.90050835148874,64.42265795206971,NORMAL,False,False,False,0,14.807692307692308,49.53816825875649
2023-12-11,0.0013209351833629,0.0011055393339258,0.001263461092928,-0.0101586590262207,0.0009022018502964,-0.0012973598500217497,0.012812002961804209,-0.0503825878411586,0.0264655399054338,0.46153846153846156,0.038461538461538464,0.0013209351833629,0.0036299609439072768,0.005531579463952445,0.009829550631494646,0.011144358240192265,0.014999846105070214,0.01901410666509218,19.970951343500364,69.78939724037764,28.75816993464052,37.5526506899056,NORMAL,False,False,False,0,17.5,31.536855482933916
2023-12-12,-0.0043196070141755,-0.0045799990224931,-0.0379977439157129,-0.0001010875489761,-0.0010380097573465,-0.004973696148507711,0.010747806292056333,-0.0379977439157129,0.012987049993238,0.6923076923076923,0.038461538461538464,0.0043196070141755,0.003484555944545948,0.005816215244303109,0.010016721372185754,0.011363049239610642,0.002459867476583222,0.0018144373275055248,28.39506172839506,23.674655047204066,22.730573710965867,25.279593318809006,NORMAL,False,False,False,0,55.57692307692308,34.36879224624323
2023-12-13,0.0009542158562574,-0.0001125489789186,0.0125346247296462,0.002275255278038,0.000629989072683,0.0011140809728524955,0.011082000547506212,-0.0213911890063085,0.0188027602686742,0.4230769230769231,0.038461538461538464,0.0009542158562574,0.0029567340201593424,0.005815786113346756,0.010042787085985525,0.011586449875975178,-0.0005420657378071292,0.005502331386792569,1.1619462599854757,30.137981118373276,19.825708061002178,15.453885257806828,NORMAL,False,False,False,0,31.153846153846153,20.163873526618623
2023-12-14,0.0122500872899569,0.013591424942533,0.0303728310533375,0.0241638002138309,-0.001327431887695,0.01767139487209444,0.01650400041760485,-0.0045189726328396,0.0658446014058029,0.19230769230769232,0.0,0.0122500872899569,0.006036309045124174,0.005840263981501484,0.010265644551051598,0.01213782826198946,0.01347049434423897,0.019019550514461026,80.24691358024691,34.059549745824256,79.23021060275963,66.08569353667393,NORMAL,False,False,False,0,6.730769230769231,48.279216244902514
2023-12-15,0.0129327792008919,0.0086157589990203,-0.0020955786817796,-0.0044823050954586,0.0001356677965598,0.012545602261266268,0.01834411333860687,-0.0064521102564162,0.0542204692044414,0.23076923076923078,0.0,0.0129327792008919,0.007608524999012161,0.006193529572270618,0.010251796517329706,0.012480322330876108,0.02323623903990324,0.01865242226841901,52.723311546840954,68.04647785039943,18.736383442265794,47.12418300653595,NORMAL,False,False,False,0,8.076923076923077,35.41000502765208
2023-12-18,-0.0017710126840955,-0.0057297718598569,0.0145597215607458,0.0025728926351999,-0.0030601257463463,-0.0023342205358346,0.009997796049304645,-0.0308221143224934,0.0145597215607458,0.6153846153846154,0.038461538461538464,0.0017710126840955,0.008056911661871896,0.006197574746460379,0.00971064887458468,0.012216797818418695,0.02007661958520135,0.011697305119493961,15.395787944807552,51.48874364560639,28.249818445896878,30.079883805374,NORMAL,False,False,False,0,52.88461538461539,36.921303279146414
2023-12-19,0.0016083748565725,6.683460459178114e-05,0.0133848655217907,0.0059714629099156,0.0008368825889282,0.0004107724588836376,0.008317831632719862,-0.0147107997824122,0.0147162945399459,0.46153846153846156,0.0,0.0016083748565725,0.006874244437704003,0.006065386332369732,0.009709531005970877,0.01214078608273922,0.026149849258371383,0.01642012468635401,8.206245461147423,19.099491648511258,42.19317356572259,21.670297748729123,NORMAL,False,False,False,0,16.153846153846153,20.01536227026423
2023-12-20,-0.0141214660942333,-0.0088905299491226,0.0106208980578288,-0.0019132772602784,-0.0002358276011191,-0.013457642752390217,0.013781586224396234,-0.0434584811176826,0.0144783430171075,0.8846153846153846,0.23076923076923078,0.0141214660942333,0.011165840447769214,0.007330647068595568,0.0101702468667092,0.012934396777230866,0.010694688057287127,0.007497003885989839,74.00145243282498,33.551198257080614,46.62309368191721,53.65286855482934,NORMAL,False,False,False,0,69.03846153846153,58.26854644991899
2023-12-21,0.0049597940765233,0.0083221657308165,-0.0044462655029253,0.0022609857881235,0.0021133080561515,0.0021085855556145154,0.011791528273263081,-0.0169202715854902,0.0354365647001153,0.46153846153846156,0.0,0.0049597940765233,0.009929643563334142,0.007324061673812275,0.009945843619380817,0.013065250626001208,0.0034155969337448244,0.00225942714859384,0.7262164124909223,31.227305737109656,2.3238925199709515,10.355846042120552,NORMAL,False,False,False,0,16.153846153846153,12.095246075638233
2023-12-22,0.0044389265566107,-0.0072804304830915,-0.0044661230718715,0.0088274838339599,-0.0016284591585961,0.007980872137972923,0.01679257724516768,-0.0108738590702054,0.0660136038160388,0.3076923076923077,0.0,0.0044389265566107,0.007820955704679096,0.007263517147210649,0.010306345264520851,0.013522860744010629,-0.0049984502728747104,-0.013536583990472972,34.93100944081336,83.73275236020335,16.99346405228758,44.19026870007262,NORMAL,False,False,False,0,25.769230769230766,38.66395732082006
2023-12-26,0.0043068759341071,0.0049061047808036,0.0273246629002321,0.0005346621279529,0.000489619111206,0.0024520306178062072,0.010041657742983259,-0.0182310422450567,0.0273246629002321,0.2692307692307692,0.0,0.0043068759341071,0.008132820345764258,0.007197426814988949,0.010307070407235035,0.01351452888439906,0.0010597875373106191,-0.002984218138356587,0.7988380537400145,25.054466230936818,7.988380537400146,10.232389251997095,NORMAL,False,False,False,0,9.423076923076922,9.989595553321042
2023-12-27,0.0099527499207277,0.0116783528497748,-0.0193198238767844,0.0115148924954453,0.0001262204675294,0.007903828067726,0.009095495647087155,-0.0193198238767844,0.029671510206604,0.07692307692307693,0.0,0.0099527499207277,0.00926195746959749,0.007317740997995356,0.010423040645067147,0.013450861657061376,0.009399592333822149,0.008591875119849712,41.539578794480754,14.596949891067537,38.77995642701525,32.62890341321714,NORMAL,False,False,False,0,2.6923076923076925,23.6479246969443
2023-12-28,0.0057238813077962,0.0046880955333967,-0.0315747395495003,-0.0038426439191403,0.0010145890978356,0.004524436542369751,0.011197387352105622,-0.0315747395495003,0.0275481721618657,0.2692307692307692,0.038461538461538464,0.0057238813077962,0.0023457297761105855,0.007185496850930965,0.010109888736919944,0.013339904430563619,0.0297184093973919,0.022410017061588405,22.657952069716774,50.835148874364556,35.65722585330428,35.010893246187365,NORMAL,False,False,False,0,10.769230769230766,27.738394503100384
2023-12-29,-0.0021717930740454,-0.0044590237755279,-0.0016719398467338,-0.0055451085112659,-0.0115915359339446,-0.0016603342330837848,0.010188604052967896,-0.0156024879034124,0.0345535517091291,0.6923076923076923,0.0,0.0021717930740454,0.004352349389387184,0.007305170790945819,0.010208117274128741,0.013380661059790234,0.02241112544389745,0.009450254174914186,48.36601307189542,55.19244734931009,88.52578068264343,62.46187363834423,NORMAL,False,False,False,0,54.230769230769226,59.99254231607173
2024-01-01,0.0004831718072126,-0.0011999693273765,0.0,0.0,0.0115014728173974,0.0012239513546387344,0.007004287054108824,-0.0150918623764917,0.0136547103838193,0.4230769230769231,0.0,0.0004831718072126,0.004700499938457996,0.007310036415002917,0.010244416476650692,0.013199291315529087,0.018384591268069572,0.015633191680743952,51.343500363108205,0.14524328249818447,91.43064633260711,48.01016702977487,NORMAL,False,False,False,0,29.807692307692307,42.5494246131501
2024-01-02,-0.003500136051024,-0.0097990918515342,-0.0177251115898753,0.0009697440335054,-0.000552533276635,-0.002790882063454658,0.012812938775648637,-0.027652292849369,0.0285259745049126,0.6153846153846154,0.038461538461538464,0.003500136051024,0.005635202767081819,0.006250715743967554,0.007345278306981113,0.012682883018185764,0.010468145707435594,0.000771021256122939,1.9607843137254901,33.98692810457516,5.156136528685548,12.527233115468409,NORMAL,False,False,False,0,52.88461538461539,24.6344477962125
2024-01-03,-0.0068518663756694,-0.0011871285980464,0.0329639071520644,-0.0146289249178845,0.0006538883801257,-0.003529737572599438,0.014070434322674751,-0.0289363823979692,0.0329639071520644,0.5769230769230769,0.15384615384615385,0.0068518663756694,0.0047151812189369985,0.0064147198130454115,0.006882696060418788,0.012836136929111123,-0.006345046265830434,-0.01195575200261001,38.85257806826434,23.16630355846042,34.13217138707335,32.73057371096587,NORMAL,False,False,False,0,55.57692307692308,39.58447852075303
2024-01-04,0.0065644701863494,0.0102903860456695,-0.007015055409136,0.0039819574528963,0.0007338264485787,0.010330770137650401,0.02272667923191301,-0.0151218703296421,0.0798108412186846,0.38461538461538464,0.0,0.0065644701863494,0.0050309984778893245,0.006491462354727121,0.007110203570136343,0.013323163172985613,-0.005514544655247144,-0.006446270064016213,60.71169208424111,68.55482933914307,30.718954248366014,54.066811909949166,NORMAL,False,False,False,0,13.461538461538462,41.885229875425956
2024-01-05,0.0024101822286055,-0.0007646210473574,0.0224407128743677,4.895244750890981e-05,-0.000930162709797,0.0036442027580709507,0.008398046307620907,-0.011098054952085,0.0224407128743677,0.34615384615384615,0.0,0.0024101822286055,0.005200332116107012,0.006441211235256856,0.007121952386336968,0.013312276738700638,-0.0009479190942469629,-0.0027592419073452223,1.2345679012345678,6.245461147421931,32.60711692084241,12.149600580973129,NORMAL,False,False,False,0,27.115384615384613,16.639335791296574
2024-01-08,-0.009110708685643,-0.0147168753504017,-0.041186844818875,-0.0077360206811876,-0.0005946558694953,-0.009990149619748322,0.012169306130424816,-0.041186844818875,0.0105389320077728,0.8076923076923077,0.11538461538461539,0.009110708685643,0.006502026801601323,0.0068845649581675385,0.007740955769356994,0.013493618633329615,-0.010528076502627104,-0.016255046067854773,56.86274509803921,38.77995642701525,20.334059549745824,40.47930283224401,NORMAL,False,False,False,0,62.30769230769231,47.027819674878494
2024-01-09,0.0014804820050666,-0.0043751415956712,0.0207715315872796,-9.866336439534606e-05,-0.0016877255589312,0.004418109323826495,0.01223435474829423,-0.008194019830647,0.0399051815536761,0.5,0.0,0.0014804820050666,0.00661399613076488,0.006884679277611266,0.007804971667444762,0.013370848649787125,-0.0055825848809463174,-0.010866459114767357,5.591866376180102,14.524328249818447,15.831517792302105,11.343500363108205,NORMAL,False,False,False,0,32.49999999999999,17.69045025417574
2024-01-10,0.0034277152411805,0.0025020427285395,-0.0120431221333663,-0.0023194202455394,0.0009681579029805,0.0010202558437024576,0.010382625542157022,-0.0210015724506456,0.0269715459454158,0.46153846153846156,0.038461538461538464,0.0034277152411805,0.005943329302693695,0.00676816669644395,0.0077489320754448535,0.013257456027179298,0.0047101344363915665,-0.00721303893799663,0.07262164124909223,0.944081336238199,4.57516339869281,1.6848220769789395,NORMAL,False,False,False,0,17.5,6.429375453885258
2024-01-11,0.0013183031833516,0.0016363726040213,0.009107382254031,-0.0036602376823824,-0.0012691627142038,-0.00018901045091524463,0.010103568162105654,-0.0169090461919894,0.0263009477720741,0.6153846153846154,0.0,0.0013183031833516,0.005109991022985728,0.006766549343074514,0.007753811410942263,0.013272234504099728,-0.0005263678552914763,-0.015717120362894188,0.8714596949891068,9.295570079883806,17.57443718228032,8.40958605664488,NORMAL,False,False,False,0,21.53846153846154,12.348248701189878
2024-01-12,0.0114264926377058,0.0057221469509194,0.0091641723531366,0.0160849434336256,0.0006083255508402,0.013111195859819775,0.02088976685051826,-0.010393862703647,0.0793400824830408,0.2692307692307692,0.0,0.0114264926377058,0.007325547834256839,0.006701261693592225,0.0072309381098985175,0.013272710164499909,0.008463529367313427,-0.009327419978612195,75.09077705156136,62.527233115468405,49.01960784313725,63.500363108206244,NORMAL,False,False,False,0,9.423076923076922,47.27717725266744
2024-01-15,0.0092670746948486,0.0094005842123796,0.0,0.0,-0.0024556084419885,0.010396679250762016,0.017170757066912866,-0.0238938325684094,0.0626275292639384,0.19230769230769232,0.038461538461538464,0.0092670746948486,0.004668628807284999,0.006421444495764857,0.007282096722039592,0.013135262397721857,0.027167257878956796,0.01492196102760257,45.8242556281772,27.66884531590414,17.138707334785767,31.771968046477852,NORMAL,False,False,False,0,8.076923076923077,24.66345455561142
2024-01-16,-0.0029482333845447,-0.0006893768719291,-0.0038524873159216,-0.0101138181783914,-0.000153283695807,-0.004797390859241261,0.00887610263273095,-0.0230321071848128,0.0100511930873326,0.8076923076923077,0.07692307692307693,0.0029482333845447,0.005861963328055667,0.006458219345154859,0.007158049835172135,0.013150628591371057,0.022624951239524682,0.018679162879012834,32.6797385620915,40.595497458242555,50.98039215686274,40.54466230936819,NORMAL,False,False,False,0,60.96153846153847,46.66972515501927
2024-01-17,-0.0208943935120824,-0.0428186596359455,0.00220988990805,-0.0115498639753517,0.0027709469882133,-0.014110721782323404,0.01917943950829054,-0.0843580998182736,0.0131475105868474,0.7692307692307693,0.23076923076923078,0.0208943935120824,0.012872244921002184,0.008161643334450037,0.012008949729556318,0.014181182768482273,-0.0021624797832173748,-0.027372868117440552,93.02832244008714,98.47494553376906,87.50907770515613,93.00653594771242,HIGH,False,True,False,1,65.0,84.60457516339869
2024-01-18,-0.0050852715087356,-0.0076175541757519,0.0209482404024821,0.0079896135998496,0.0010663284190526,0.0014680602893291002,0.01199775735480813,-0.033398320461526,0.0282909309607652,0.38461538461538464,0.038461538461538464,0.0050852715087356,0.012980854290080217,0.007547846977000467,0.011972999445009094,0.013698858127209003,-0.00854379436716246,-0.03635878407321047,36.23819898329702,85.33042846768338,10.239651416122005,43.16630355846043,NORMAL,False,False,False,0,44.80769230769231,43.65872018322999
2024-01-19,0.0074619571864553,-0.0002713056312196,-0.0090442515170733,0.003913615629451,-0.0002043614100349,0.007902907101365342,0.00977714519536759,-0.0104296428869825,0.0363946796630654,0.2692307692307692,0.0,0.0074619571864553,0.012071917372595433,0.007641284597863052,0.011743066775214136,0.013738350708867687,-0.012430051355886262,-0.04210146156257666,34.713144517066084,63.108206245461155,35.58460421205519,43.493100944081334,NORMAL,False,False,False,0,24.42307692307692,37.772093737780004
2024-01-23,-0.0177408429427344,-0.0150127005492716,0.0130772243098,-0.0013817166682087,-0.0007876128001896,-0.020640264984654363,0.023930564656421707,-0.0740040201443275,0.031970714675084,0.8461538461538461,0.5769230769230769,0.0177408429427344,0.011555428109299961,0.008642275629031835,0.01204199511947288,0.015103626493778952,-0.038857355389753434,-0.0652691218130309,95.42483660130719,90.34132171387074,75.38126361655773,87.88671023965142,HIGH,True,False,False,1,79.8076923076923,85.46300486006368
2024-01-24,0.0101299710711508,0.0014961141902798,0.0096812365835454,-0.004842578936733,0.001519909073556,0.010105667770477857,0.01615132609965887,-0.0290074154770576,0.0401276078266192,0.23076923076923078,0.07692307692307693,0.0101299710711508,0.014132672768614244,0.008897279379435775,0.011953877663707375,0.015547502457196891,-0.02625016643709699,-0.06322486657089843,69.78939724037764,61.074800290486564,56.209150326797385,63.10094408133624,NORMAL,False,False,False,0,10.76923076923077,47.4014300877046
2024-01-25,-0.0047240537554001,-0.0047967722990558,0.0302304485706239,0.0014896469356133,-0.0014875327683959,-0.0015944321693389884,0.012423749636271422,-0.0171484029444459,0.0302304485706239,0.6153846153846154,0.0,0.0047240537554001,0.011195735671424805,0.00864057274031494,0.011463051996589875,0.015501546339911075,-0.010168279516639123,-0.026013570151670162,22.440087145969496,41.90268700072622,7.625272331154684,23.834422657952068,NORMAL,False,False,False,0,51.53846153846155,32.14563432210491
2024-01-29,0.0180305914522447,0.0128427142749432,-0.007497438294708,0.0041151899733968,0.0002851694706342,0.014786427492333264,0.021688677363653142,-0.0128388584799503,0.0788292161413799,0.19230769230769232,0.0,0.0180305914522447,0.0140163202251125,0.009513719665921044,0.0119096437095718,0.01607351322367304,0.012829484763946297,-0.0059325782862010845,82.64342774146695,77.4872912127814,19.680464778503996,62.2076978939724,NORMAL,False,False,False,0,6.730769230769231,45.56461929501145
2024-01-30,-0.0099136981024832,-0.0016416747799108,0.0135452062003389,0.0031108280564986,0.0003825651969389,-0.0065960272381372425,0.01652604369828844,-0.052067317315286,0.0254773655691706,0.6923076923076923,0.23076923076923078,0.0099136981024832,0.014658579271467867,0.009758880542373697,0.01191051658490693,0.016356973377712206,-0.0046387440542209335,-0.007295187296134431,57.80682643427741,76.47058823529412,1.7429193899782136,46.58678286129266,NORMAL,False,False,False,0,62.30769230769231,51.30305569521255
2024-01-31,0.0094600254190029,0.0138655935383615,-0.0253148448782909,0.0083189280550086,-0.0005218806825516,0.013298085804841696,0.013199231577320511,-0.0253148448782909,0.0479717469101907,0.07692307692307693,0.038461538461538464,0.0094600254190029,0.011534367841388638,0.010006787925241727,0.012495714217952935,0.016818033848437275,0.022924949601196287,0.02180937226464108,57.58896151053013,31.66303558460421,19.753086419753085,38.46042120551924,NORMAL,False,False,False,0,4.038461538461538,28.133833305401925
2024-02-01,-0.0013003033741542,0.004170891300949,-0.0267633331593207,0.0022457029269462,-0.0006750904565214,-0.001682271255547342,0.01357996151236645,-0.0267633331593207,0.0442774179270224,0.6153846153846154,0.07692307692307693,0.0013003033741542,0.011293702401961838,0.009978219412926117,0.012444617857846136,0.01689523912777423,0.011349891692071123,0.02453840164545973,25.635439360929556,80.3921568627451,1.815541031227306,34.91648511256354,NORMAL,False,False,False,0,39.23076923076923,36.21077034802525
2024-02-02,0.0072059881750932,-0.0047132623732123,-0.0208615676225113,-0.0082318677126462,-0.0015170860263562,0.004737860167612596,0.014695620772466134,-0.0208615676225113,0.0387644502026853,0.38461538461538464,0.038461538461538464,0.0072059881750932,0.010679492491162302,0.009956337409243964,0.012463450505774765,0.016798818703761372,0.023472606663543782,0.024624373157170476,29.629629629629626,71.31445170660857,3.7037037037037033,34.35729847494554,NORMAL,False,False,False,0,29.807692307692307,32.99241662476957
2024-02-05,-0.0037568550808078,-0.0031628330493705,0.0069175430055929,-0.0051078161872033,0.0008646223013673,-0.0013617585966542154,0.018902534629946875,-0.0350597314043198,0.0546799002513191,0.6923076923076923,0.15384615384615385,0.0037568550808078,0.007983260519082849,0.009910479502299317,0.012136784955491042,0.016556725927972818,0.0015686924953890458,0.008432645001281713,33.91430646332607,16.485112563543936,0.07262164124909223,18.533042846768335,NORMAL,False,False,False,0,59.61538461538461,30.85774537735322
2024-02-06,0.0072434021015312,-0.0029404993001226,0.0072822037398501,0.0043442015304557,0.0012578496103092,0.010004558139072996,0.017275486630698066,-0.0151808753808895,0.0439773682703177,0.3076923076923077,0.0,0.0072434021015312,0.005886604472478453,0.010022749479760453,0.012130659098080487,0.016842476503929973,0.018924769824621546,0.0071207141912483785,13.144517066085692,71.53231663035584,2.6143790849673203,27.501815541031224,NORMAL,False,False,False,0,25.769230769230766,26.982040109491084
2024-02-07,5.014315737827957e-05,0.0027948562197754,0.0075024290011498,0.0003440408807446,-0.0003982531942881,0.003115869102204935,0.013530807997453487,-0.0206424488281574,0.0384467139834732,0.5,0.038461538461538464,5.014315737827957e-05,0.005058871263294436,0.009764057668324333,0.011835088311969463,0.01672334442286274,0.009426660066859993,-0.003876373535149691,1.888162672476398,6.318082788671024,0.5809731299927379,2.8249818445896877,NORMAL,False,False,False,0,18.846153846153847,7.631333445058935
2024-02-08,-0.0096920171108729,-0.0176020603031527,0.0319523502687435,-0.0014740566391389,-0.000698185104466,-0.006420788649055897,0.017686272363315218,-0.0339275156706548,0.0359867158920927,0.6923076923076923,0.19230769230769232,0.0096920171108729,0.007283955516865483,0.010050926859918806,0.012351872739448006,0.017041779498461924,0.0009448115210834995,-0.025474840189190107,58.678286129266525,41.24909222948438,6.172839506172839,37.69789397240378,NORMAL,False,False,False,0,60.96153846153845,44.67698731914418
2024-02-09,0.0029722318898448,0.0138307735992624,0.0081342837478084,-0.0043794422584342,-0.0003289332196634,0.003941209968609485,0.013573067969380752,-0.0234296259060814,0.0367379761514767,0.38461538461538464,0.07692307692307693,0.0029722318898448,0.006467733136750671,0.010044334427331773,0.012835965224210736,0.01721099859076669,-0.0032626261199917295,-0.007317630878128312,12.127814088598402,51.633986928104584,1.016702977487291,20.64633260711692,NORMAL,False,False,False,0,16.153846153846153,19.29858667113569
2024-02-12,-0.0076414194307357,-0.0164853333356159,0.0010411482934342,-0.0025206828118271,0.0003519336908384,-0.00498530868895985,0.015303250722956546,-0.0360679965308783,0.0288586378042579,0.6923076923076923,0.15384615384615385,0.0076414194307357,0.007135118700535133,0.010201003941045757,0.013216422478151744,0.01737696115191167,-0.007149117573972075,-0.0205846032435677,31.808278867102395,22.512708787218592,0.14524328249818447,19.520697167755994,NORMAL,False,False,False,0,59.61538461538461,31.54910340204458
2024-02-13,0.0058844800115076,0.0138172314779227,0.0123505538254193,-0.0125358871122368,-0.0002928072801484,0.00662059191028213,0.009417860827500273,-0.0125358871122368,0.0269315182125815,0.23076923076923078,0.0,0.0058844800115076,0.006737744675435444,0.009945712828116297,0.013605555461165724,0.016878327835788423,-0.008488622001018409,-0.004123419605885137,34.42265795206972,45.751633986928105,41.68482207697894,40.0,NORMAL,False,False,False,0,8.076923076923077,30.423076923076923
2024-02-14,0.0044519922849619,0.0089204604084227,-0.015795599249386,-0.0013046191751149,0.0010170356925931,0.00625954094607089,0.014525710894863977,-0.015795599249386,0.0419791103045654,0.3076923076923077,0.0,0.0044519922849619,0.007286430799879471,0.009758462878401057,0.01358427417487166,0.016736244991958783,-0.004124357344793661,0.001959924075427999,4.284676833696442,14.0159767610748,1.2345679012345678,6.289034132171387,NORMAL,False,False,False,0,10.76923076923077,7.633093123289202
2024-02-15,0.0032371361888359,0.006765609943395,0.0181367353955925,0.0059287175141053,-0.0003791985749701,0.0039060655648549803,0.01793656750320641,-0.0224735120460032,0.0651760641896361,0.46153846153846156,0.038461538461538464,0.0032371361888359,0.005391987153838362,0.009776132286839852,0.013732289867955248,0.016896086791232723,0.008877485590745415,0.026812815193726136,27.741466957153232,14.233841684822076,1.0893246187363834,15.693536673928833,NORMAL,False,False,False,0,17.5,16.23547567175018
2024-02-16,0.0059308430222606,0.0035905902262991,0.0148661243144496,0.0046950824277951,-0.0004034130711898,0.008897225170576938,0.012855957741596683,-0.0091900311526479,0.0472516590840634,0.19230769230769232,0.0,0.0059308430222606,0.0057084646551459695,0.008556000695313619,0.009823844267022156,0.016261745248090965,0.01185351629748621,0.016441506893462687,5.156136528685548,33.11546840958606,5.374001452432825,13.609295570079885,NORMAL,False,False,False,0,6.730769230769231,11.545737668286687
2024-02-19,0.0037000088082788,0.0032477938901456,0.0,0.0,7.711231210660863e-05,0.0034641893596870877,0.010255488471050452,-0.0170277185061906,0.0280792458699525,0.34615384615384615,0.0,0.0037000088082788,0.0012351072263549054,0.008445994786905069,0.009656572458621608,0.01626474069935061,0.023417747481842444,0.0368352745238929,14.161220043572984,54.68409586056645,31.00944081336238,31.37254901960784,NORMAL,False,False,False,0,12.115384615384613,25.59539969834087
2024-02-20,0.003376655573009,0.0120058711897368,-0.0127541622059903,0.0079542629878199,6.028817194780878e-05,0.001758947221198835,0.010887109692599529,-0.0178247917539294,0.0262507641078257,0.4230769230769231,0.0,0.003376655573009,0.0011063346778110523,0.00834426504197866,0.009961217241713534,0.0163294269051163,0.020866209915720635,0.034982788510289575,23.52941176470588,62.5998547567175,38.85257806826434,39.847494553376904,NORMAL,False,False,False,0,14.807692307692308,32.33555387967152
2024-02-21,-0.00639270001033,-0.0015819358060203,-0.0034535257356417,-0.0025647108122688,-0.0023114892863073,-0.002853620731706446,0.010701700425710082,-0.0198326663268804,0.0265654868987645,0.6923076923076923,0.0,0.00639270001033,0.004801048652459082,0.007298403393038687,0.009210310990856412,0.014852584700761421,0.009844299454861094,0.024209095492245147,4.938271604938271,58.242556281771975,11.328976034858387,22.846768336964413,NORMAL,False,False,False,0,54.230769230769226,32.26196860510586
2024-02-22,0.0073633218581414,-0.0021246081782709,0.0089846863732419,-0.0012857130957182,0.0013195688953866,0.009140709851670004,0.01144487627171689,-0.0136191689016117,0.0306178679495436,0.23076923076923078,0.0,0.0073633218581414,0.005391527374730668,0.007159350641519225,0.009260759338244915,0.014624663041370863,0.013997659539267016,0.015164843114939375,2.178649237472767,54.538852578068266,12.636165577342048,21.0239651416122,NORMAL,False,False,False,0,23.076923076923077,21.639852522205462
2024-02-23,-0.0002137959201901,-0.0023028823535239,-0.0269686137911423,0.0093578377338159,-0.0007969899829839,0.001002616611667615,0.01146423090943597,-0.0269686137911423,0.0341166799393737,0.5,0.038461538461538464,0.0002137959201901,0.005194949106109291,0.0070134331088529825,0.009180296276126177,0.014551359877681358,0.00780374516674498,0.009203402040099062,2.832244008714597,12.854030501089325,6.681190994916484,6.993464052287582,NORMAL,False,False,False,0,48.846153846153854,19.54927099044746
2024-02-26,-0.0040809285088362,-0.0050254476707236,0.0142502810527787,-0.0049543685406129,0.0001146172639561,-0.0032926478725997382,0.005676196107621978,-0.0125984302491702,0.0142502810527787,0.8076923076923077,0.0,0.0040809285088362,0.005549460759698178,0.00602678111996065,0.008953092729793027,0.013832527221724632,-9.005356598090763e-06,0.000881047802215873,26.434277414669573,53.449527959331874,57.9520697167756,43.994190268700066,NORMAL,False,False,False,0,58.269230769230774,48.27670241885927
2024-02-27,0.0034489943486464,0.0002479959045871,0.0166280083150367,0.0027113630761645,-0.0003595531930229,0.0041155663101348884,0.010153618478220865,-0.0130959252665628,0.0274827381751876,0.34615384615384615,0.0,0.0034489943486464,0.005560513708836991,0.005481582921665111,0.008930674852885094,0.013398554526896906,6.308932868193118e-05,-0.010747574985805364,0.2178649237472767,5.010893246187364,13.144517066085692,5.533769063180827,NORMAL,False,False,False,0,12.115384615384613,7.508253728841963
2024-02-28,-0.0111359278099485,-0.0134133610071855,-0.0041841234888125,-0.0004916420845624,0.0011610949487259,-0.010834243917794842,0.013115975509286136,-0.0559555207912767,0.0067560886240614,0.8461538461538461,0.19230769230769232,0.0111359278099485,0.007116123236012055,0.00584254366011182,0.009003979995402856,0.013485781879032589,-0.004710956762490448,-0.022470385791593106,66.08569353667393,46.55047204066812,20.406681190994917,46.52142338416848,NORMAL,False,False,False,0,66.34615384615384,52.46884252276408
2024-02-29,0.0014418556686905,0.0034320973510877,-0.0035650468045961,0.0062469017077595,-0.0004375385042161,0.0023502480618943803,0.006553711254810813,-0.0081936766381063,0.0189075866750165,0.38461538461538464,0.0,0.0014418556686905,0.0057546850041984374,0.005829428322975687,0.008987476874150569,0.013216638554631743,-0.010561448129786655,-0.01702697646724116,8.78721859114016,3.413217138707335,47.6397966594045,18.830791575889616,NORMAL,False,False,False,0,13.461538461538462,17.22001564158427
2024-03-01,0.0161921687000685,0.0252813808815994,0.0218502304855037,0.0201397820576147,-1.8127562646186316e-05,0.01123740171167287,0.016325519734474412,-0.035910927381015,0.0329786443416928,0.2692307692307692,0.038461538461538464,0.0161921687000685,0.010123503968772669,0.006648503540313405,0.010535069184397191,0.013527972857301954,0.005674716971974192,0.010150195997800093,76.83369644153957,93.24618736383442,69.2084241103849,79.46986201888163,ELEVATED,False,False,False,0,10.769230769230766,58.85967264398637
2024-03-04,0.0029925402887358,0.0035782242141264,-0.0153808095305513,0.0147587571370979,-0.0007755424748454,0.0043081225887991815,0.01269816949332342,-0.0263057236810236,0.0319718994016409,0.34615384615384615,0.038461538461538464,0.0029925402887358,0.009690694137511517,0.006558675001124448,0.010486948418392922,0.013167332368680774,0.012817474786981586,0.018885093609438464,5.737109658678286,38.48946986201888,8.569353667392884,16.412490922294843,NORMAL,False,False,False,0,13.461538461538462,15.527205184067927
2024-03-05,-0.0022002905070378,0.002631873107729,-0.0074929686804334,0.0074609478171738,0.000777341593052,-0.003039478189161288,0.01644437585634196,-0.0424874212461201,0.0351499040117064,0.5769230769230769,0.07692307692307693,0.0022002905070378,0.009892432826551688,0.0064593135270851676,0.010428181164128206,0.013053509765587026,0.00711544662799124,0.02131338834956442,12.781408859840232,71.16920842411038,2.1060275962236745,27.095134350036307,NORMAL,False,False,False,0,37.88461538461539,30.33197866041003
2024-03-06,0.0052669715420341,0.0080788221664109,0.0125399322892469,0.007874407700082,-0.0003099221559834,0.003775702589486871,0.009072142930403714,-0.0123348702376306,0.0219839158183796,0.34615384615384615,0.0,0.0052669715420341,0.006955732556882952,0.0065246097858011045,0.010513816209547718,0.012975398677786453,0.023821092804699795,0.04356207240073284,21.568627450980394,4.066811909949164,35.947712418300654,20.631808278867105,NORMAL,False,False,False,0,12.115384615384613,18.076881179822358
2024-03-07,0.000867667346212,-0.0027018988786023,-0.0025274479361054,0.0035808729000732,-0.0007927188424537,0.0004414994745477464,0.01182907935473187,-0.0370942665626915,0.0212744216212819,0.46153846153846156,0.038461538461538464,0.000867667346212,0.007028132326927907,0.005999063850429502,0.009505571261144777,0.01257440317265804,0.023234073086612517,0.03718276100093609,9.949164851125635,45.17066085693537,18.954248366013072,23.217138707334787,NORMAL,False,False,False,0,32.5,26.00199709513435
2024-03-11,-0.0071531788017711,-0.0106185996775264,-0.0126694538975495,0.0113531047265986,-0.0008090083475622,-0.005915510167470769,0.008228644373839038,-0.0182095486703156,0.0113531047265986,0.7692307692307693,0.0,0.0071531788017711,0.0048334288312930655,0.006311646362608854,0.00962293921628872,0.012531053068480232,-0.00027305061272431264,0.000866056483999289,32.752360203340594,69.71677559912854,51.56136528685549,49.48438634713144,NORMAL,False,False,False,0,56.92307692307692,51.71599351991509
2024-03-12,0.000136518866846,-0.0009603885133043,-0.0047478858608122,-0.0101260470360824,0.0003166003210441,-0.005582245035071021,0.015285833481709176,-0.0514129046602315,0.0222370180711541,0.6538461538461539,0.07692307692307693,0.000136518866846,0.004544820943445281,0.0059639123293598155,0.008640623106619472,0.012477340688434483,-0.0031197732639904885,-0.0036602906534835,24.691358024691358,50.326797385620914,12.781408859840232,28.809005083514887,NORMAL,False,False,False,0,40.57692307692308,32.33938048153735
2024-03-13,-0.0151327252704165,-0.0063680707028431,0.0278494550038834,0.0069431589881701,0.0006861803643289,-0.011310586093488426,0.02200151122072332,-0.0556581628098902,0.0445048728560226,0.6923076923076923,0.2692307692307692,0.0151327252704165,0.008021617580156565,0.0069497442274901,0.008443398017558126,0.013327869601583778,-0.0160402906549173,-0.012603753993190359,81.77196804647785,46.477850399419026,50.54466230936819,61.81554103122731,NORMAL,False,False,False,0,63.653846153846146,62.36703256801296
2024-03-14,0.0067712159528048,-0.0040729302790264,0.0193176228292306,-0.0057000564955392,-4.826218376063896e-05,0.00446115736693571,0.014186898676189042,-0.0205017276838616,0.030937901720508,0.5384615384615384,0.038461538461538464,0.0067712159528048,0.008436190749821897,0.0070361268782735,0.008352648970101257,0.013302122070959347,-0.014567929645248778,-0.024506191067746985,14.742193173565724,37.98111837327524,7.4800290486565,19.53522149600581,NORMAL,False,False,False,0,35.192307692307686,24.23234735489637
2024-03-15,-0.0055674686273187,-0.004185677897071,-0.0027073740452812,-0.0026352062745608,0.0016237692779426,-0.006022083960803148,0.013654945414738598,-0.0481606114736374,0.0227062483946423,0.7692307692307693,0.11538461538461539,0.0055674686273187,0.008205000024952792,0.007144998906298871,0.008312581688734477,0.013200339341146181,-0.020903821564132397,-0.025957529684267233,25.199709513435003,37.182280319535224,3.413217138707335,22.25853304284677,NORMAL,False,False,False,0,60.96153846153847,33.869434668454275
2024-03-18,0.0014688778023679,-0.0003906744499747,0.0207305069866292,0.0015759988257531,-0.0009244591022253,0.00311415739181607,0.013932317765369125,-0.0249295418261219,0.0314253495253409,0.46153846153846156,0.038461538461538464,0.0014688778023679,0.008331379759875497,0.007027990527324518,0.00828069474554748,0.01310250797638527,-0.012401177962793941,-0.01588817366888029,3.558460421205519,24.11038489469862,3.558460421205519,9.724037763253449,NORMAL,False,False,False,0,32.5,16.556826434277415
2024-03-19,-0.0108021966402886,-0.0041029301132308,0.009066731007401,-0.0020363319494517,-0.000305216645831,-0.010912733247192318,0.013129383277997753,-0.0421914425677344,0.0140822063653998,0.8076923076923077,0.19230769230769232,0.0108021966402886,0.00889471205881139,0.007372100648943574,0.008303168657275534,0.013390396723030802,-0.02320276589169612,-0.018983758986686583,53.59477124183007,40.159767610748005,14.887436456063908,37.952069716775604,NORMAL,False,False,False,0,65.0,46.06644880174292
2024-03-20,0.0009923428906801,-0.0015932448238491,-0.021444841132737,0.0007419438294287,0.0021577008144111,0.0004732793572802885,0.0116372622921496,-0.021444841132737,0.0296714978503498,0.4230769230769231,0.038461538461538464,0.0009923428906801,0.006828027983654776,0.007322368578421359,0.007798562051532574,0.013393794977246094,-0.007209827164097793,-0.014269556879053957,1.7429193899782136,13.580246913580247,7.915758896151052,7.145969498910674,NORMAL,False,False,False,0,31.153846153846153,14.348332495391316
2024-03-21,0.0079146856998078,0.0080758528255446,-0.0074681759068616,0.011353631358614,0.0001469975790417,0.008560311698480705,0.011411553993785661,-0.0074681759068616,0.0390907071139232,0.19230769230769232,0.0,0.0079146856998078,0.007181290382299349,0.007443754990256521,0.008043386314088845,0.01350521934199872,-0.006082236794238582,-0.0022451569835834073,16.99346405228758,9.368191721132897,18.373275236020334,15.119825708061004,NORMAL,False,False,False,0,6.730769230769231,12.603108764873472
2024-03-22,0.0038524885010076,0.0038310367696192,-0.0054274385477065,-0.0111344417956597,0.0020708914726652,0.0018460553114226,0.015194890182426944,-0.0294910874008296,0.0360718941194895,0.34615384615384615,0.11538461538461539,0.0038524885010076,0.006981510387248073,0.007299190000864757,0.008083466880083207,0.013496297896830881,0.003332844091697984,0.005787179674197729,11.546840958605664,21.568627450980394,2.9774872912127814,11.982570806100219,NORMAL,False,False,False,0,16.153846153846153,13.233953410423997
2024-03-26,-0.0041658063402989,-0.0056237663705955,0.0122783768682579,0.0081089843881687,0.0022924869807767,-0.001098934373482992,0.009422786842662702,-0.0148840238983147,0.0220680065937928,0.5769230769230769,0.0,0.0041658063402989,0.0072721141101761535,0.007351549307185865,0.008166317685588936,0.013424150158398741,-0.0023123275074700134,0.0005217458399138231,4.139433551198257,10.167029774872912,13.65286855482934,8.801742919389977,NORMAL,False,False,False,0,50.19230769230769,21.21891235126529
2024-03-27,0.0054057167831516,0.0039860344615278,-0.0033080649764158,0.0068946494423121,-0.0008619234960582,0.001442647467900682,0.011904437350683387,-0.0157341713216809,0.0355687586251283,0.46153846153846156,0.0,0.0054057167831516,0.0046326985639162654,0.007410390825302417,0.008134311235895326,0.013573710083647552,0.014034691627096807,0.00864827337281926,0.14524328249818447,13.071895424836603,3.0501089324618738,4.894698620188817,NORMAL,False,False,False,0,16.153846153846153,8.272442880286018
2024-03-28,0.0091870010785439,0.0072383343590318,0.0223724613271283,0.0122340014118385,0.0002339746368198,0.01237649006801453,0.010799496333443842,-0.0053665021714139,0.0386692143092524,0.11538461538461539,0.0,0.0091870010785439,0.005242736270065592,0.007656720633030526,0.008282793844029818,0.013854137581742728,0.022336121450748925,0.017570445671619916,38.2716049382716,32.17138707334786,41.394335511982575,37.37835875090777,NORMAL,False,False,False,0,4.038461538461538,27.3763895871739
2024-04-01,0.0060509791780918,0.0096265734342249,0.0064927368933016,0.0086137361312506,-2.379466957358467e-06,0.008371792729715636,0.01309613005629116,-0.0038519863396203,0.0571348981182529,0.2692307692307692,0.0,0.0060509791780918,0.0049941930829361806,0.007257788858832243,0.007819733294097634,0.01371006236467364,0.020445748660306906,0.01913577178915782,20.62454611474219,35.72984749455338,20.043572984749456,24.981844589687725,NORMAL,False,False,False,0,9.423076923076922,20.314214289704484
2024-04-02,-0.0003872860275131,-0.000689407055745,0.017202275201952,0.0109546165884193,0.0005385844755336,0.002101055452186654,0.013801113316201112,-0.0182437897981269,0.045214900742984,0.5384615384615384,0.0,0.0003872860275131,0.005384225407626776,0.00726578232450777,0.007827572075924188,0.013880862667447464,0.01613589243893343,0.014546407804539863,6.82643427741467,7.4074074074074066,11.40159767610748,8.373275236020334,NORMAL,False,False,False,0,48.84615384615384,20.515138819060383
2024-04-03,-0.0008306302403686,0.0016573779939998,0.0032883003438559,0.0147721814877266,-0.0007120854948962,-0.0012411927407291962,0.01333963259735932,-0.0384345477597803,0.0163500762216157,0.5,0.07692307692307693,0.0008306302403686,0.004347552676915093,0.0063410854444706155,0.0054922134125341545,0.01340002395907183,0.019539061525033485,0.02197524470749368,30.64633260711692,57.879448075526504,40.45025417574437,41.75744371822803,NORMAL,False,False,False,0,35.192307692307686,39.787902910451926
2024-04-04,0.0035659124883635,0.0091665649590282,0.0135783217671903,-0.0024406615036484,0.0002758837593894,0.0019011681622281924,0.010743818819422083,-0.0230616255959972,0.0305606388803219,0.38461538461538464,0.038461538461538464,0.0035659124883635,0.004263733488332371,0.0063554962011425015,0.00579769039001482,0.013343138738767513,0.01767339444876148,0.027248598859015427,3.0501089324618738,25.199709513435003,22.004357298474943,15.381263616557732,NORMAL,False,False,False,0,14.807692307692308,15.209192223898103
2024-04-05,-4.224679746289706e-05,0.0089938160199909,0.0036956615977903,0.0161219423088718,0.0012533966940597,0.003509026210765128,0.011031075313773439,-0.0147940052872456,0.0376618621976811,0.4230769230769231,0.0,4.224679746289706e-05,0.0030085220691004797,0.00632975832881134,0.006079856346169849,0.013020783747775768,0.008366536548147119,0.02903895573387616,31.227305737109656,37.61801016702977,54.68409586056645,40.18155410312273,NORMAL,False,False,False,0,29.807692307692307,37.0693955644936
2024-04-08,0.0067781647528144,0.0018280647654009,-0.0055229931734873,0.0025798684808746,-0.0021682382524972,0.006278582112187927,0.012263480477526505,-0.0106174645734908,0.0357038652860932,0.34615384615384615,0.0,0.0067781647528144,0.003278622873837306,0.006399922716980384,0.005851416813898669,0.013079066852636784,0.009095395835188258,0.021090502882094242,4.720406681190995,42.91938997821351,19.89832970225127,20.73347857661583,NORMAL,False,False,False,0,12.115384615384613,18.148050388246464
2024-04-09,-0.0010390218270411,0.0030639431080778,-0.0138840326738992,0.0050607063838528,-0.0003265286532786,0.0013283768853189885,0.011715694472399944,-0.0150237066551979,0.0447732593397152,0.5,0.0,0.0010390218270411,0.0033989049928680208,0.00640749979035503,0.005819281714588801,0.013035473131489134,0.008437477437981178,0.02492565707072214,10.239651416122005,56.28177196804648,28.612926652142338,29.564270152505447,NORMAL,False,False,False,0,32.49999999999999,30.44498910675381
2024-04-10,0.0049044741142307,0.0052544200125996,0.0114982481396246,-0.0059312576674844,-0.0005440562314824,0.0025796293069353235,0.009523830387220102,-0.0178592032324099,0.0248622600958474,0.38461538461538464,0.0,0.0049044741142307,0.0033034862941143483,0.0062291216706019965,0.005209979501200386,0.013005621864025837,0.014225779544947414,0.028606257578859706,12.708787218591139,20.18881626724764,42.9920116194626,24.037763253449526,NORMAL,False,False,False,0,13.461538461538462,20.864895815876203
2024-04-12,-0.0103015928142499,-0.0086156370882662,-0.0063797172973446,0.0114182058724956,0.0015019652331351,-0.009075919145839396,0.011427640382612769,-0.0399302778629027,0.0114182058724956,0.8076923076923077,0.11538461538461539,0.0103015928142499,0.006655516060226263,0.006719138917831565,0.005678681313063265,0.01305587745784016,0.00021097374010214942,0.010481514910516188,55.04720406681191,41.75744371822803,46.98620188816267,48.64197530864197,NORMAL,False,False,False,0,62.30769230769231,52.74169040835706
2024-04-15,-0.010963897188301,-0.0162937938994693,-0.0029185149347662,0.004074398546471,0.0031410303879473,-0.008881125534427058,0.01592132021056402,-0.0259739561717224,0.0532555313880933,0.8076923076923077,0.19230769230769232,0.010963897188301,0.008289179228522316,0.0062598709707629855,0.006726181932868217,0.01267512905666424,-0.01071344235376126,-0.014843380023603192,73.20261437908496,82.13507625272331,42.26579520697168,66.60130718954248,NORMAL,False,False,False,0,65.0,66.12091503267973
2024-04-16,-0.005594325260972,-0.006037881424228,-0.0005854472498986,0.0105672497607662,-0.0012570405127294,-0.006241244662944552,0.012301879766309658,-0.0365766922100903,0.0121920515326952,0.6923076923076923,0.11538461538461539,0.005594325260972,0.006652285662622673,0.0062329900365499505,0.006815747294875233,0.01251219760267014,-0.022870974652106635,-0.022578428814540863,33.98692810457516,11.038489469862018,21.423384168482208,23.333333333333336,NORMAL,False,False,False,0,58.269230769230774,33.81410256410257
2024-04-18,-0.0068652458503182,-0.0087470423307326,-0.0308106517644405,-0.0035552952260338,0.0010754389693181,-0.011812108047186095,0.009750539459910978,-0.0317852739961003,0.0033933996760842,0.9230769230769231,0.23076923076923078,0.0068652458503182,0.0063774319109229875,0.0063006228642465,0.0070618046722592,0.012623955080308833,-0.028569868528557696,-0.034087477688414025,78.43137254901961,60.639070442992015,65.28685548293392,69.15032679738562,NORMAL,False,False,False,0,70.38461538461539,69.52061337355454
2024-04-19,0.0068717686886063,0.0107224373160703,0.0049558324196596,0.0067581132458711,-0.0006077355175914,0.006836245519357867,0.012357747136862494,-0.0144625730253548,0.032829425990664,0.3076923076923077,0.0,0.0068717686886063,0.007206928504428466,0.0064820971327711535,0.007413873821475513,0.01264235804568513,-0.02666810644444184,-0.028833458128298628,20.11619462599855,2.4691358024691357,35.07625272331155,19.310094408133622,NORMAL,False,False,False,0,10.76923076923077,16.747835316462766
2024-04-22,0.0085519659829773,0.0073727015936142,-0.003488103411791,-0.0276017152549011,-0.0019115266003738,0.007568915770811008,0.01118434299532896,-0.0276017152549011,0.0242573924936349,0.15384615384615385,0.038461538461538464,0.0085519659829773,0.0087491899157349,0.0061869286992737105,0.0074351026451786595,0.012553078781872092,-0.008126326492964075,-0.013171178018946184,60.639070442992015,40.2323892519971,92.44734931009441,64.05954974582426,NORMAL,False,False,False,0,6.730769230769232,46.860915591307744
2024-04-23,0.0014147135985376,0.0009504617168756,0.0061557289755385,-0.0019295086588689,1.0796490006237391e-05,0.0016443933600917753,0.011827382618984522,-0.0360041048048586,0.0232329826592281,0.3076923076923077,0.038461538461538464,0.0014147135985376,0.00701697770279396,0.006186924016021822,0.00739817341723287,0.012587151711303417,0.00428779885509023,0.0041278166913489844,0.36310820624546114,60.71169208424111,8.49673202614379,20.907770515613656,NORMAL,False,False,False,0,12.115384615384617,18.270054745544943
2024-04-24,0.0015379287654238,0.004555946104515,-0.0065979252366933,-0.0013747266567858,-0.0012339888866889,0.00057754835289605,0.0057052024456705,-0.0112653601507416,0.0095385586565801,0.5,0.0,0.0015379287654238,0.006028149361324025,0.005984510161380903,0.007281669146862101,0.012368385616249962,0.011490931217467582,0.01482999206407265,20.406681190994917,0.6535947712418301,57.37109658678287,25.570079883805377,NORMAL,False,False,False,0,17.5,23.149055918663763
2024-04-25,0.0074969296067168,0.0063489430938596,0.0091776616186072,0.0022800812338674,0.0006879740757443,0.012277165859628415,0.016868741904834155,-0.0130073530037772,0.05995769046369,0.15384615384615385,0.0,0.0074969296067168,0.0034293702316999493,0.00613289746110338,0.007343557406819818,0.012749333167830713,0.026118563738276146,0.03028503676291483,51.779230210602755,32.82498184458969,41.539578794480754,43.02106027596224,NORMAL,False,False,False,0,5.384615384615385,31.730126808558182
2024-04-26,-0.0066636269808832,-0.0060603927261432,0.0033504700289501,0.0021461069169927,-0.0004655050675055,-0.006516950648724164,0.01892436927762475,-0.0772731463309179,0.0246757527606751,0.6538461538461539,0.15384615384615385,0.0066636269808832,0.006075891503751002,0.006269237317723702,0.00736720536132613,0.01320233782814507,0.012324433049623273,0.013177373938149994,46.04212055192448,87.8721859114016,37.03703703703704,55.88961510530139,NORMAL,False,False,False,0,58.269230769230774,56.603499804480194
2024-04-29,0.0099666225688024,0.0253728908431958,-0.0145498061169274,0.0045399405918915,0.0012063890628539,0.004486918733680515,0.019212564695088245,-0.0586559605135764,0.0471613510216208,0.3076923076923077,0.07692307692307693,0.0099666225688024,0.006451384736241298,0.0065177245857530345,0.009069500643647319,0.01356166896961575,0.013744381128163008,0.031281283688166406,69.49891067538127,88.74364560639071,42.846768336964416,67.27668845315905,NORMAL,False,False,False,0,13.461538461538463,51.132143455672875
2024-04-30,-0.0017025173156396,-0.0005523784638946,-0.0084714628041844,-0.0230237922096091,0.0005851785622481,-0.0003501845197304268,0.013185383740806115,-0.0230237922096091,0.045731315084639,0.5769230769230769,0.038461538461538464,0.0017025173156396,0.006756166747626238,0.006263695400329826,0.009035423349106104,0.013418090090277522,0.010588770090084187,0.029732904412588246,31.66303558460421,44.66230936819172,46.55047204066812,40.02904865649963,NORMAL,False,False,False,0,51.53846153846153,43.4818725210882
2024-05-02,0.001917712797214,-0.0033544558852556,-0.0363725539586667,0.0034040539236066,-0.0005356504688244,-0.0013691639545726068,0.013896603678174496,-0.0433978419819941,0.0197440150005685,0.5384615384615384,0.07692307692307693,0.001917712797214,0.006750019525485393,0.006142699261448563,0.008954554020301505,0.013386745076192487,0.010971986208578866,0.021624245808171905,12.563543936092955,21.13289760348584,8.206245461147423,13.827160493827162,NORMAL,False,False,False,0,36.53846153846153,20.640550807217473
2024-05-03,-0.0076098592965534,-0.0062460580288307,-0.0106395993712489,-8.696554285025915e-05,-1.1891428695065542e-06,-0.003514223916697329,0.009951734329396007,-0.0244584776965764,0.0146089184501099,0.6538461538461539,0.11538461538461539,0.0076098592965534,0.007156732604499749,0.006400233740872439,0.009118817715476736,0.013356032874805154,-0.0041869090038707535,0.008838066013156842,8.424110384894698,13.144517066085692,4.8656499636891795,8.772694262890342,NORMAL,False,False,False,0,56.92307692307692,23.217809060946315
2024-05-06,-0.0014749338156797,-0.0005774315140434,0.0047369446126082,0.0098304035042409,-0.0003153976530499,0.0050561416732874025,0.023226576459186462,-0.028444391530799,0.1062575639442975,0.4230769230769231,0.038461538461538464,0.0014749338156797,0.006437282977751642,0.006406622149329945,0.009130073369359573,0.013702418045691655,0.001014721299233523,0.014403212974561708,67.10239651416123,85.69353667392883,50.326797385620914,67.64705882352942,NORMAL,False,False,False,0,46.15384615384615,61.19909502262444
2024-05-07,-0.006246985595782,-0.0124745979471282,-0.0012742877069052,-0.0027567824841308,0.0011130242040673,-0.004926785696119791,0.01752002438963465,-0.0351707233413062,0.0546050975159257,0.6923076923076923,0.15384615384615385,0.006246985595782,0.003872472956721289,0.0064972897276834455,0.009433212411232706,0.014108716247071653,-0.015055176552287719,-0.023039374570689386,46.33260711692084,28.685548293391435,6.245461147421931,29.01234567901234,NORMAL,False,False,False,0,59.61538461538461,38.19325735992402
2024-05-08,0.0,-0.0054726742469288,0.0077826056612289,-0.0006910217473075,-3.4731911232155355e-05,-0.0011237970356249712,0.011778085406669109,-0.0321608387724176,0.0238227506282919,0.5769230769230769,0.038461538461538464,0.0,0.00408657579241523,0.006497437230213134,0.009282933386261176,0.014168817844147816,-0.013375431139767469,-0.027848966531198727,13.725490196078432,9.005083514887437,10.74800290486565,11.4161220043573,NORMAL,False,False,False,0,36.53846153846153,18.95282386458857
2024-05-09,-0.0154691178119045,-0.0111035171549747,0.0034182083778075,0.0079961960663561,-6.708975869351708e-05,-0.010135986175515314,0.01577692406682093,-0.0419001153493142,0.0179824468570564,0.7307692307692307,0.23076923076923078,0.0154691178119045,0.006096408325815776,0.007073483632745433,0.009562204103822504,0.014463883881881863,-0.030496871388263846,-0.03540757948668216,73.56572258533043,52.868554829339146,23.602033405954977,52.36746550472041,NORMAL,False,False,False,0,63.653846153846146,55.75337969945812
2024-05-10,0.004449469144939,-0.001406608361242,-0.0126167041767324,0.0150936708108073,-5.877603433246392e-05,0.0021342923474628518,0.011781978305304652,-0.0240987105047082,0.0194071799934492,0.4230769230769231,0.038461538461538464,0.004449469144939,0.007583573787094418,0.007200231146214757,0.009511994725977144,0.014536259754487846,-0.018715661384810844,-0.030710142554203346,15.976761074800292,3.848946986201888,15.686274509803921,12.251270878721858,NORMAL,False,False,False,0,31.153846153846153,17.922043461259143
2024-05-13,0.0022149680905385,0.0070221903124942,0.0109890184880716,-0.0131795507659959,0.0007836960506215,-0.00010419921430206979,0.019329087379990676,-0.0830268670178953,0.0281127639343574,0.46153846153846156,0.038461538461538464,0.0022149680905385,0.008026701740354358,0.007102927870385237,0.009584223533254662,0.014898348820808767,-0.015089470040977493,-0.02333965024278195,69.06318082788671,98.18445896877269,63.97966594045026,76.27450980392157,ELEVATED,False,True,False,1,17.5,58.6421568627451
2024-05-14,0.0051483245877055,0.0022060441470586,-0.0139030089146848,0.0074054209855376,-0.0002310974397234,0.004042353677046746,0.011752886751876248,-0.0139030089146848,0.0392125379746524,0.38461538461538464,0.0,0.0051483245877055,0.008482760803971312,0.00692445508539455,0.009449838322559868,0.01475491343456962,-0.0037955561315994313,-0.008820529000368116,1.016702977487291,22.585330428467685,2.6870007262164126,7.988380537400146,NORMAL,False,False,False,0,13.461538461538462,9.63032791464164
2024-05-15,-0.0007786004689536,-0.0035938566533401,0.0078185162342707,0.0149995964531866,0.0002239331040281,-0.0013871501647837,0.008420142289826526,-0.0179858218108706,0.0149995964531866,0.5384615384615384,0.0,0.0007786004689536,0.008473121653009296,0.006486776077037509,0.008746570897373272,0.014344752651889652,-0.004571201378769096,-0.006948036027781601,9.15032679738562,27.0878721859114,33.11546840958606,21.721132897603486,NORMAL,False,False,False,0,48.84615384615384,29.858639182168588
2024-05-16,0.0091573776762647,0.0060729094813092,0.0076307532045545,-0.0036421280821004,-0.0014259637015463,0.007608932806925747,0.011126827822587088,-0.021120336918872,0.0301654548054055,0.23076923076923078,0.038461538461538464,0.0091573776762647,0.0036787647480591673,0.006670237480130783,0.008729684536716178,0.014287475631115265,0.020327888392349003,0.010300568352035633,8.714596949891067,60.20334059549746,14.742193173565724,25.96949891067538,NORMAL,False,False,False,0,9.423076923076923,21.00557231439584
2024-05-17,0.002778540343975,0.0028888323478224,0.0104757562349329,0.0135293912486869,0.0007793581327164,0.002836582833777558,0.01418686539697358,-0.0171368057979246,0.0602299397863259,0.46153846153846156,0.0,0.002778540343975,0.0037078565265777938,0.006447339107981498,0.008460946168555028,0.014133011605698494,0.018630545412425148,0.014646367378973402,16.19462599854757,17.719680464778502,18.082788671023962,17.218591140159766,NORMAL,False,False,False,0,16.153846153846153,16.89916764426568
2024-05-21,0.0028020516676037,-0.0014018146058576,-0.0099924487479253,0.0039383136523922,-0.0018581259717823,-0.0010521012900279697,0.007647536594279452,-0.0224165586666756,0.0156508498133209,0.5769230769230769,0.038461538461538464,0.0028020516676037,0.0036578688510550098,0.006317778571818343,0.008166995513823376,0.013922026651189395,0.0192272450061739,0.006158584218469265,4.793028322440087,20.043572984749456,27.66884531590414,16.23093681917211,NORMAL,False,False,False,0,36.53846153846153,22.323194234958937
2024-05-22,0.00305161547495,-0.0055413106907054,-0.0213222608611782,-0.0134203248359785,2.161119914312337e-05,0.001180782345496809,0.010050250542684389,-0.0213222608611782,0.0243216930314529,0.38461538461538464,0.038461538461538464,0.00305161547495,0.003587241333642225,0.006081275751879864,0.008107591927273103,0.013766285766316121,0.01710116768972436,-0.0016193249455456193,11.982570806100219,67.3202614379085,41.75744371822803,37.51633986928104,NORMAL,False,False,False,0,29.807692307692307,35.20374560080442
2024-05-23,0.016366619608483,0.0206490601551858,-0.0090240679514775,-0.0226853977396452,-0.0005965844054759,0.010711958069149225,0.015221266909121041,-0.0287143705876995,0.0349656103167659,0.19230769230769232,0.07692307692307693,0.016366619608483,0.005984953538604701,0.0070315640878171725,0.009346175343571652,0.014110189009830364,0.03455317919512502,0.0226716329235932,83.36964415395788,76.18010167029774,70.51561365286855,77.35657225853303,ELEVATED,False,False,False,0,9.423076923076923,56.9765236578962
2024-05-24,-0.0004593757337192,0.0041634754431041,0.0110576095193244,-0.0010706638115631,0.0002318126697076,-0.0028878187784907726,0.008334950190634374,-0.0276223433392119,0.0164813562772412,0.7307692307692307,0.038461538461538464,0.0004593757337192,0.006567428451243904,0.007042885765701689,0.009338430156219869,0.014192407230680734,0.02469441679203599,0.020730696031834972,17.356572258533042,60.130718954248366,35.439360929557004,35.61365286855482,NORMAL,False,False,False,0,41.92307692307692,37.50648008491145
2024-05-27,-0.0010737589261899,0.0063333041391455,0.0,0.0,-0.0028119779984729,-0.0004132493423219689,0.01188283028244116,-0.0241560224194273,0.0388382068981465,0.5,0.038461538461538464,0.0010737589261899,0.007085238526889312,0.006901939065069274,0.009337945845809069,0.01369556250549729,0.020757924939511785,0.02423644659522295,5.228758169934641,24.76397966594045,6.608569353667393,11.50326797385621,NORMAL,False,False,False,0,33.84615384615385,18.2061337355455
2024-05-28,-0.0019317094176221,-0.0028337508276103,0.0271487464901054,0.0097320262258842,0.0011257766756711,-0.0015292028353553076,0.010735434845708306,-0.0267061767662036,0.0271487464901054,0.6153846153846154,0.07692307692307693,0.0019317094176221,0.007605457630358727,0.006710393462928789,0.009239696963378041,0.013194002613501442,0.015939402545706027,0.022767746482434514,10.021786492374728,26.57952069716776,19.24473493100944,17.75599128540305,NORMAL,False,False,False,0,54.23076923076924,28.6984246690129
2024-05-29,-0.008015115627261,-0.0130396593428343,-0.0075159521528118,-0.0063263852974929,0.0007312301908786,-0.007543392434186539,0.007488042431286837,-0.0221392881548058,0.0095909772848412,0.8461538461538461,0.038461538461538464,0.008015115627261,0.009116302875819592,0.00665800922533621,0.007786436194043287,0.01266737638560725,0.004730479684053934,0.015055943834700436,52.94117647058824,74.7276688453159,51.053013798111834,58.910675381263616,NORMAL,False,False,False,0,60.96153846153847,59.52593430534607
2024-05-30,-0.0095155996581792,0.0037318547662894,-0.0166603513681247,0.0011109060639156,0.0019121510810247,-0.011770850998064662,0.011533840797615125,-0.030723154737553,0.0106170218636034,0.7307692307692307,0.19230769230769232,0.0095155996581792,0.0042344273033883524,0.006993567973327777,0.007855507833261114,0.01293102491860683,-0.02085542020421527,-0.0017685559404333473,53.812636165577345,85.18518518518519,38.56209150326798,58.64923747276689,NORMAL,False,False,False,0,47.30769230769231,55.24677392324452
2024-05-31,0.0018697799732139,0.006195215443995,-0.0118085708522085,-0.0085364295674743,-0.0005361998503509,0.00038049939356383865,0.009840507256533036,-0.0174380104636522,0.0209240301189941,0.4230769230769231,0.0,0.0018697799732139,0.004834312953693728,0.006992799808738039,0.007974921759008788,0.012811341323944054,-0.018573791893591873,0.00025118168659776785,3.195352214960058,28.177196804647785,34.35003631082063,20.036310820624543,NORMAL,False,False,False,0,14.807692307692308,18.46772526674487
2024-06-03,0.0325423176953527,0.0407480415898351,-0.0359786559283686,0.0102028482969012,0.0015590094603652,0.02678297250001256,0.02966530622576085,-0.0359786559283686,0.0906847070673977,0.19230769230769232,0.038461538461538464,0.0325423176953527,0.0171487622762229,0.009916986133910689,0.01200913332594556,0.01504179439579008,0.014453369926314075,0.034457921800335134,97.82135076252723,96.29629629629629,87.8721859114016,94.37908496732025,HIGH,True,True,False,2,8.076923076923077,68.4884364002011
2024-06-04,-0.0592935994164107,-0.0794694329503166,-0.0130692698026061,-0.0089917739615388,-0.004282750977024,-0.047651330925435484,0.05188402303419978,-0.1682506545721142,0.0595951697429351,0.9230769230769231,0.5769230769230769,0.0592935994164107,0.0330653101245274,0.01688936302019151,0.021860605894014288,0.019679588930906617,-0.0438502182787166,-0.045043754605382125,99.9273783587509,100.0,98.0392156862745,99.38271604938271,CRITICAL,True,True,True,3,82.5,94.31790123456788
2024-06-05,0.0336242367600356,0.0453028628430056,0.0111945350829245,0.0122984724387229,0.0064506100235988,0.031759812079965484,0.014699077943786505,0.0064506100235988,0.0653152567654471,0.0,0.0,0.0336242367600356,0.03807639006157471,0.018526172847301983,0.024082688539276656,0.020980829535191543,-0.0037150727504611236,0.011406898615743843,99.0559186637618,98.32970225127087,96.2236746550472,97.98838053740013,CRITICAL,True,True,True,3,0.0,68.59186637618009
2024-06-06,0.0088880492442378,0.0048374029640758,0.0199811443638633,0.0068815897794676,-0.0029726844193294,0.012169075640967949,0.01722978338152752,-0.0204206967949623,0.0480473547526041,0.19230769230769232,0.038461538461538464,0.0088880492442378,0.03783400341046018,0.01861052907157326,0.024045528044822326,0.021350288657819676,0.014796352569859783,0.012520900396880918,93.5366739288308,99.70951343500363,90.99491648511257,94.62599854756718,HIGH,False,True,False,1,8.076923076923077,68.66127590637394
2024-06-07,0.0205399314668071,0.0103729172025766,-0.0002647818881917,-0.0274649184977384,0.0011069744698637,0.020415788338981004,0.017392872170349752,-0.0274649184977384,0.0583736007688591,0.07692307692307693,0.038461538461538464,0.0205399314668071,0.03854431633586737,0.018642819271188445,0.023928178270374117,0.021721148717334195,0.033707394719600714,0.016724866268773786,97.74872912127815,99.63689179375453,93.6092955700799,97.07334785766159,CRITICAL,True,True,False,2,4.038461538461538,69.16288196190158
2024-06-10,-0.0013289382574128,-0.0004477780865451,0.0292598850812959,0.001084504621271,0.0006529576036382,-0.002498680322910581,0.010500690754767885,-0.0220724108666938,0.0292598850812959,0.5769230769230769,0.038461538461538464,0.0013289382574128,0.03587405692692984,0.018665864761332755,0.02392055710505794,0.021756781554412775,-0.00020208012397127106,-0.023520046599202815,92.5199709513435,99.78213507625271,88.59840232389253,93.52214960058097,HIGH,False,True,False,1,51.53846153846153,80.92704318194515
2024-06-11,0.0002429314342191,-0.0015095837933569,0.0020581896900713,-8.664522082846293e-05,2.6305862279585316e-05,0.0029940823965918127,0.012840221286939799,-0.0109560992319509,0.0555663325169566,0.4230769230769231,0.0,0.0002429314342191,0.014708316880987326,0.01867448767790436,0.023915680119700692,0.0214851386187879,0.06307430415933668,0.0591781631038244,91.5758896151053,90.19607843137256,89.10675381263616,90.42120551924474,HIGH,False,False,False,0,29.807692307692307,72.23715155577901
2024-06-12,0.0024973129141392,0.0038094498624403,0.0077021625464508,0.0123510292524378,0.0008021250193406,0.0026210645901073148,0.008045980969660648,-0.0169280110735476,0.0252981137287704,0.2692307692307692,0.0,0.0024973129141392,0.008926583141142476,0.0186658311025707,0.023918095086389864,0.021452953333473197,0.031060510624637105,0.017133968541750866,83.51488743645606,69.35366739288308,83.58750907770516,79.2883079157589,ELEVATED,False,False,False,0,9.423076923076922,58.32873861795431
2024-06-13,0.003256499474515,-0.0009700820768822,0.0015286974086883,-0.0153253633682042,-0.000747636257438,0.003648957735335869,0.011425782657486946,-0.0163326301127236,0.0350214988659298,0.34615384615384615,0.0,0.003256499474515,0.008852531228353977,0.01864921080949375,0.023890880365788326,0.021458197510124587,0.02530519556710642,0.01125541516631734,79.81118373275235,75.52650689905592,74.14669571532316,76.82643427741466,ELEVATED,False,False,False,0,27.115384615384613,61.913119378805646
2024-06-14,0.0028505279152657,0.0031155680051846,-0.0021623733452137,0.0135640169699071,-0.0001460406276075,0.001474068905742381,0.008005340016819427,-0.0118871164044161,0.0233777156686141,0.46153846153846156,0.0,0.0028505279152657,0.001967669619284165,0.018589279835752412,0.02387671527264889,0.02135957394964448,0.00753319389558893,0.003991727125336242,79.66594045025418,93.10094408133624,92.66521423384168,87.59622367465505,HIGH,False,False,False,0,16.153846153846153,66.16351041841237
2024-06-18,0.0039334507869606,0.0087776176452942,0.0397705910510164,-0.0004289268430502,-0.000143686967391,0.0050057573291560084,0.013142321374461747,-0.0221289226292004,0.0397705910510164,0.3076923076923077,0.038461538461538464,0.0039334507869606,0.00139897704920463,0.01859203453037368,0.023920022090740147,0.02138287331652768,0.012842280985933652,0.013258097397109925,81.40885984023238,97.02251270878722,85.47567175018156,87.31299927378359,HIGH,False,True,False,1,12.115384615384617,64.75371487626389
2024-06-19,-0.0017786131162043,0.0189757195727982,0.0,0.0,-0.0016285645061738,-0.002194959898414604,0.015346417910600348,-0.0285215028314851,0.0311295417912298,0.6153846153846154,0.11538461538461539,0.0017786131162043,0.00226110523786342,0.018616864833787262,0.024171417827561686,0.02156545491431367,0.010795272475081497,0.03404637856284243,86.63761801016703,97.74872912127815,85.33042846768338,89.57879448075526,HIGH,False,True,False,1,40.57692307692308,74.8782330596056
2024-06-20,0.0021687361796223,0.0074944324326502,0.0073556267790346,0.010041257923518,0.0005445639233492,0.0006265912759386538,0.009574415004873356,-0.0219414306916471,0.01709703314519,0.38461538461538464,0.07692307692307693,0.0021687361796223,0.0022533156738658937,0.018616068799470923,0.024085846922163156,0.021531627525445796,0.010463976016112042,0.03784236084046966,83.66013071895425,95.78794480755265,92.5925925925926,89.97821350762527,HIGH,False,True,False,1,16.153846153846153,67.83090330149153
2024-06-21,-0.0027962995130903,-0.0023521270150096,-0.0175245812839258,-0.0158892623453701,0.0021829234620462,-0.004741263178564379,0.008497899592375131,-0.0210405781043562,0.0114159852930944,0.6923076923076923,0.038461538461538464,0.0027962995130903,0.0029770239408468237,0.018343452723738572,0.023812295586710695,0.021283241095022106,0.0043676932267702195,0.03640662327581734,89.32461873638344,92.73783587509078,88.09005083514887,89.97821350762527,HIGH,False,False,False,0,55.57692307692308,79.65782637841461
2024-06-24,0.001563756616109,0.0008226637200989,0.0111481959502119,0.0058712218224881,-0.0004677021333331,0.0029639810734859505,0.01106141965173136,-0.0182805731530085,0.0345658892507378,0.38461538461538464,0.0,0.001563756616109,0.0028148111649690466,0.018338753539936917,0.023816616236623418,0.021299281950642287,0.0030789752319446695,0.03403762287008516,75.59912854030502,91.93899782135077,77.77777777777779,81.15468409586057,ELEVATED,False,False,False,0,13.461538461538462,60.846740405563935
2024-06-25,0.0077938798539154,0.0174464580535924,-0.009800262762226,-0.0057510310488196,-0.0012217987448578,0.0041801690004526475,0.012224641040843717,-0.0187995395915577,0.035298414897684,0.4230769230769231,0.0,0.0077938798539154,0.004159672789103317,0.018382631867902993,0.024027313610197276,0.02131558539976847,0.006936118580840089,0.04292353287843853,82.93391430646334,95.86056644880175,77.12418300653596,85.06899055918664,HIGH,False,True,False,1,14.807692307692308,63.99060108373834
2024-06-26,0.0062180401218379,0.0050279435805802,0.0008660112982619,-0.0075110704268634,-0.0005488457145699,0.003025415672418396,0.010642283338270995,-0.0199009353086573,0.0411752172006278,0.4230769230769231,0.0,0.0062180401218379,0.004173949283203863,0.01838458817146378,0.023981637485810055,0.021319202174509923,0.015002584676390374,0.028647958363571924,77.34204793028321,91.5758896151053,63.5439360929557,77.47276688453158,ELEVATED,False,False,False,0,14.807692307692308,58.673244511479794
2024-06-27,0.0073610408985447,-0.0011197022678053,0.0103831436594215,0.0110038488889276,0.0019876857144371,0.007462432743252619,0.01033697223021559,-0.0108393561035308,0.0315024635995608,0.2692307692307692,0.0,0.0073610408985447,0.00454782496654251,0.018253183770640762,0.02368362131715617,0.021312523627678142,0.02026138244154918,0.019852959813259963,80.97312999273784,93.02832244008714,80.68264342774147,84.50254175744372,ELEVATED,False,False,False,0,24.42307692307692,66.47870230713367
2024-06-28,-0.0014099020825968,-0.0088816365874579,-0.002446745210044,0.0013766191318025,-0.0015494224124946,0.0020552626607962224,0.013363719357925734,-0.018386998350643,0.0312635770652063,0.5384615384615384,0.0,0.0014099020825968,0.004041840903618321,0.01804876556756614,0.023873441926554453,0.021009330566868736,0.021679836623335946,0.013178120078809474,77.5599128540305,87.65432098765432,69.1358024691358,78.06100217864923,ELEVATED,False,False,False,0,48.84615384615384,69.29654767890061
2024-07-01,0.0054704843490753,0.0044419183355701,0.0225655668044055,-4.289793260281449e-05,-0.0009993530854969,0.005422731512654291,0.010324009156051264,-0.0144175542550059,0.0242788073963697,0.38461538461538464,0.0,0.0054704843490753,0.0037461483153147066,0.018050266549845505,0.02386782261064189,0.021001106252067955,0.025665029703239695,0.01684205547947193,76.39796659404503,92.37472766884531,78.64923747276688,81.86637618010167,ELEVATED,False,False,False,0,13.461538461538462,61.3449248645327
2024-07-02,-0.0007497161563467,-0.0077346718244023,-0.0068361683089507,-0.0019763264578318,0.0008852266534395,0.000649846369874635,0.013954319474564705,-0.0207075594358128,0.0441067544228963,0.5384615384615384,0.038461538461538464,0.0007497161563467,0.004131312759389967,0.016729141534921346,0.02233264957721474,0.01984976387367502,0.016969930605289063,-0.008324115832794576,70.1525054466231,87.58169934640523,40.52287581699346,66.49237472766885,NORMAL,False,False,False,0,50.19230769230769,61.6023546170605
2024-07-03,0.0067423066077227,0.0176573118421112,0.0129211414849652,0.0158416051778411,0.0004530568214631,0.007232490527248216,0.008553987967448214,-0.0129810033345967,0.0219866268519615,0.15384615384615385,0.0,0.0067423066077227,0.00422695965021392,0.008495286351810577,0.011985815361062064,0.013784765958302508,0.01749979911341515,0.004137467964176578,41.03122730573711,76.90631808278867,56.644880174291934,56.477850399419026,NORMAL,False,False,False,0,5.384615384615385,41.14987989497793
2024-07-04,0.0006444070008029,0.0002721684474729,0.0,0.0,0.0001449490864049,0.0025546221382789615,0.01272995729935559,-0.0234642008027473,0.0279203707261674,0.34615384615384615,0.07692307692307693,0.0006444070008029,0.003723654576450837,0.005297705136810742,0.007742759313641431,0.012213450382550773,0.010715564500197727,0.005536664183129147,2.4691358024691357,25.85330428467683,14.596949891067537,13.122730573710964,NORMAL,False,False,False,0,14.807692307692305,13.628219093905365
2024-07-05,0.0008928929498506,-0.0083487151134936,-0.0085836148650952,0.0121620266878659,2.631733090363575e-05,0.00273575571543924,0.015209396843743252,-0.0457690935084077,0.0402455520709315,0.4230769230769231,0.038461538461538464,0.0008928929498506,0.0032923221740076007,0.005178411707890606,0.008214875488625973,0.012000333976604743,0.013046321420381979,0.006077338335666038,27.886710239651418,49.092229484386344,25.49019607843137,33.529411764705884,NORMAL,False,False,False,0,31.153846153846153,32.81674208144796
2024-07-08,-0.0001356211363734,-0.0044540299160673,-0.0099807815596918,-0.0139418249228071,-0.000255125188157,0.0022411511581184773,0.011501341606769348,-0.0139418249228071,0.0379944275811225,0.5,0.0,0.0001356211363734,0.0030131644664799393,0.0032348049984817825,0.008216051079074112,0.011010242018095898,0.007397976065714351,-0.002833094189701235,36.4560639070443,57.225853304284676,72.33115468409585,53.44952795933188,NORMAL,False,False,False,0,47.5,51.664669571532315
2024-07-09,0.0046318209860134,0.0027276645824958,-0.0111745189904549,0.0020805649566768,-0.0001736610164378,0.005536884892927729,0.015454056261913212,-0.0130133310183906,0.0668767999691957,0.38461538461538464,0.0,0.0046318209860134,0.002979057294648758,0.003169215452196146,0.008184652861733574,0.011257538499767242,0.012823393213941214,0.007680923912286586,35.87509077705156,75.88961510530137,50.4720406681191,52.258533042846764,NORMAL,False,False,False,0,13.461538461538462,40.619434668454275
2024-07-10,-0.0044509111977667,-0.0072191108482611,0.0084755531381073,0.0051268391233241,0.0004240807280038,-0.004800291937712099,0.01464220640803745,-0.0661425392428266,0.0137660736337434,0.6153846153846154,0.038461538461538464,0.0044509111977667,0.003240153163629607,0.003499407512066406,0.008437088383347873,0.011408553700930048,0.001562564336153871,-0.01695162803674921,54.03050108932462,93.89978213507625,62.67247639796659,68.58387799564271,NORMAL,False,False,False,0,52.88461538461539,63.87409921233451
2024-07-11,-0.0003494426502141,0.0015587037004187,0.0063337914997019,0.0180423445363371,3.481488805223698e-05,0.0014393732398246088,0.00900992483618348,-0.0148334751592169,0.0221365206062986,0.46153846153846156,0.0,0.0003494426502141,0.0032454897359483845,0.0035457736589199185,0.008433354159474172,0.0114543239266885,0.0005678027624387294,-0.015687245775824366,33.47857661583152,15.541031227305737,70.58823529411765,39.23021060275963,NORMAL,False,False,False,0,31.153846153846153,36.80730126808558
2024-07-12,0.007657573644356,0.0001578323637951,-0.0049625229784483,-0.0004140786749482,0.0002706512030592,0.008562062666905096,0.01856527884861673,-0.0123204673099051,0.0663277789991458,0.2692307692307692,0.0,0.007657573644356,0.00472304873508501,0.0037523406989907987,0.008413647980968933,0.0118754423885731,0.007330286287466681,-0.007243649418999021,41.61220043572985,75.74437182280319,39.2883079157589,51.15468409586057,NORMAL,False,False,False,0,9.423076923076922,38.63520194402547
2024-07-15,0.0034506697076412,0.0033856872522211,-0.0036491354543749,0.0036867863892915,2.1558541900779105e-05,0.006103493417928072,0.011355659983409466,-0.0074774930808986,0.0501463674207234,0.3076923076923077,0.0,0.0034506697076412,0.004690324848331421,0.0037592594217427133,0.008415042863745014,0.011975446557288901,0.010943355678654676,0.0005741000767081061,11.69208424110385,56.209150326797385,35.72984749455338,32.25853304284677,NORMAL,False,False,False,0,10.76923076923077,25.81174236076197
2024-07-16,0.0010697158254551,-0.0011266160338557,-0.0140398177812667,0.0163027783202229,0.0008057788070034,0.0024490728094936883,0.010054627579825025,-0.016092337307308,0.0260085295773893,0.46153846153846156,0.0,0.0010697158254551,0.004492681717913589,0.0037500165083644327,0.00831274968489265,0.011883982325610479,0.007358871821911084,-0.0032719026769455484,12.854030501089325,21.713870733478576,52.4328249818446,27.385620915032682,NORMAL,False,False,False,0,31.153846153846153,28.516088486676722
2024-07-18,0.0076321297434283,0.0042731318355628,0.0255076461627481,-0.004304684022094,-0.0001854692508959,0.010760887369458853,0.010885693034015598,-0.0055450003293772,0.0328110910481711,0.15384615384615385,0.0,0.0076321297434283,0.0036850377009301372,0.0038144137676129654,0.007317080466834178,0.011728564262671702,0.019585248830949142,0.00826603213766397,44.008714596949886,54.756717501815544,70.00726216412491,55.03267973856209,NORMAL,False,False,False,0,5.384615384615385,40.138260432378075
2024-07-19,-0.0108846762510892,-0.0067482504322836,-0.0324801068741655,-0.022962740723916,0.0012229365046181,-0.013252107458725022,0.014869265689005066,-0.0363282075792532,0.0198514340951077,0.8461538461538461,0.34615384615384615,0.0108846762510892,0.007623693834741941,0.00487426625759952,0.007365308116989942,0.012391934545460951,0.008839925184136233,-9.655275285158638e-05,87.7995642701525,82.86129266521424,77.70515613652869,83.28976034858388,ELEVATED,False,False,False,0,71.73076923076923,79.82206301323947
2024-07-22,-0.0008825762723847,0.0002831092450414,-0.0043678832661655,-0.0014610728449175,0.0006692587221097,-0.0028114254583910736,0.022389475189251308,-0.0922470770190094,0.0219311811880151,0.5384615384615384,0.07692307692307693,0.0008825762723847,0.006901562328357381,0.004792896102462305,0.007335310881335993,0.012930468698923068,0.00028975454243052035,2.8692264849805582e-05,70.51561365286855,98.40232389251997,75.74437182280319,80.45025417574438,ELEVATED,False,True,False,1,36.53846153846153,67.27671638455952
2024-07-23,-0.0012321559717249,-0.0096039370635295,-0.0353472015288626,0.0052675993546196,-0.0007046207558513,-0.003487334500869042,0.018633805567561956,-0.0353472015288626,0.0549779662436011,0.6538461538461539,0.19230769230769232,0.0012321559717249,0.0066421610424033176,0.004850200178545674,0.007682529180493253,0.013330818571645394,-0.004378320023449844,-0.012917473085649611,61.72839506172839,84.67683369644155,33.26071169208424,60.07262164124909,NORMAL,False,False,False,0,59.61538461538461,59.93545053348974
2024-07-24,-0.0026778318259059,-0.0089091525656447,0.0081860350950169,0.0036180449216294,0.0004242741724806,-0.002742515723922351,0.011815557469415115,-0.0244618260839362,0.0258534085846755,0.6153846153846154,0.038461538461538464,0.0026778318259059,0.0065811996089848,0.004753057634079644,0.006754825390897239,0.013316283269193086,-0.008105472717669149,-0.020608143343675,9.803921568627452,20.62454611474219,15.395787944807552,14.727668845315904,NORMAL,False,False,False,0,52.88461538461539,26.174752807105747
2024-07-25,-0.0003031269840456,-0.0083451877545452,0.0088929304546092,-0.0254424005478267,0.0004323883678778,0.0016014717717944616,0.021535194806513884,-0.0511195801745772,0.0615451294307962,0.5,0.11538461538461539,0.0003031269840456,0.004386387115868972,0.004630854217342014,0.006765890251991845,0.013774489642151656,-0.015916793425124087,-0.032913838935322404,85.25780682643428,37.690631808278866,92.30210602759622,73.10094408133624,ELEVATED,False,False,False,0,51.53846153846153,66.63219931847382
2024-07-26,0.0175673297602745,0.0080017532116627,-0.0143075515412975,0.0119478289140821,-6.44111409591197e-05,0.013250688088173933,0.012905349349898109,-0.0143075515412975,0.0354149076127621,0.11538461538461539,0.0,0.0175673297602745,0.008471460012507957,0.005775303052924401,0.007118548230442437,0.014080052736359955,0.012390463208034719,-0.018552399948759013,71.89542483660131,80.31953522149601,71.60493827160494,74.33551198257081,ELEVATED,False,False,False,0,4.038461538461538,53.24639684933802
2024-07-29,5.03324972633834e-05,0.0021502824868222,-0.0174961902467944,-0.0011344332654936,-0.0001170772951591,0.002854261844091411,0.01217121235225266,-0.0174961902467944,0.0485717172602875,0.4230769230769231,0.0,5.03324972633834e-05,0.008388356621754476,0.005743939314950382,0.0069358735292072895,0.01407322127717998,0.013335765450799508,-0.016720385911844327,18.30065359477124,85.40305010893246,25.054466230936818,40.45751633986928,NORMAL,False,False,False,0,14.807692307692308,32.762569130216185
2024-07-30,0.0008536433743,0.0018101063829787,-0.0142460656435904,0.0116518531960361,0.0002711772976489,0.0014538288109920338,0.010407161717127394,-0.0142460656435904,0.0336743975839741,0.5,0.0,0.0008536433743,0.008194736353306576,0.005677120491739815,0.0068540931361387135,0.014047231650795848,0.015451988043986287,-0.005388357589769077,6.681190994916484,72.54901960784314,26.07116920842411,32.258533042846764,NORMAL,False,False,False,0,17.5,27.830973129992735
2024-07-31,0.0037755350108565,0.0010504541892673,0.0425531936615486,0.0089397089397089,-0.0001373738242376,0.004886721500347615,0.010316966672116195,-0.0078849149084903,0.0425531936615486,0.34615384615384615,0.0,0.0037755350108565,0.007539621211259511,0.005673907674638232,0.006679777305112396,0.01391838572784427,0.022022667402257223,0.004606630112828469,27.01525054466231,33.042846768336965,45.09803921568628,34.248366013071895,NORMAL,False,False,False,0,12.115384615384613,27.608471593765707
2024-08-01,0.0023946791656728,0.0002056423595984,-0.0205365938686737,0.0035029878425716,-0.0002531925124987,-0.001968653630822803,0.013021527539829936,-0.028684135131181,0.0225912872994442,0.5769230769230769,0.11538461538461539,0.0023946791656728,0.007209205374180837,0.00555265030038743,0.005134306684272208,0.01390722051360313,0.024780722480444384,0.013269141018398045,29.048656499636895,69.42628903413217,21.931735657225854,39.02687000726217,NORMAL,False,False,False,0,24.230769230769226,34.58803977431428
2024-08-02,-0.0117229354919546,-0.0041473035935923,-0.0365614074798662,-0.0038193219006673,0.0003117635656566,-0.016083771299127282,0.016291667627655014,-0.0417249459729948,0.0124176479359521,0.8461538461538461,0.34615384615384615,0.0117229354919546,0.006201319275034134,0.006290792825863622,0.005151635948310723,0.014497738901318459,-0.004717177372428161,0.001056598417136012,84.16848220769789,86.49237472766885,64.56063907044299,78.98329702251272,ELEVATED,False,False,False,0,71.73076923076923,76.80753868498967
2024-08-05,-0.0267864578946228,-0.0244993814678298,-0.0078889312859463,-0.0098940514008772,-0.0001026740813083,-0.027817885631641823,0.01855727391502115,-0.0731318404848597,0.0086720519902223,0.9615384615384616,0.7307692307692307,0.0267864578946228,0.013013373982669605,0.008820744011872904,0.007137542581728713,0.015827704167479986,-0.031426029540700395,-0.02556398176291763,98.25708061002179,92.88307915758897,87.9448075526507,93.55119825708061,HIGH,True,False,False,1,89.23076923076923,92.2550695491872
2024-08-06,-0.0026209626510589,-0.0068633730773112,0.0035644981921243,-0.0052462229969555,0.0031922435661067,-0.00052260350178205,0.010708583918384277,-0.0171871595698407,0.0322194100552213,0.6153846153846154,0.0,0.0026209626510589,0.012622973475395354,0.00883258549291687,0.0071928662161803705,0.015847694890121077,-0.03478857208230257,-0.034000461626413014,54.39360929557008,84.16848220769789,50.90777051561365,62.280319535221494,NORMAL,False,False,False,0,51.53846153846155,59.0577621361935
2024-08-07,0.0127101624804444,0.0074514950848274,0.0277323291437672,0.0005859538263479,-0.0008059660744048,0.014837267813391326,0.01470489102509217,-0.002181794191935,0.075138833247381,0.07692307692307693,0.0,0.0127101624804444,0.014946807577408827,0.00926075721457725,0.007449743458007995,0.016028213890477608,-0.026197204553365716,-0.027823547641363744,85.039941902687,73.49310094408133,83.2244008714597,81.0312273057371,ELEVATED,False,False,False,0,2.6923076923076925,57.52955142170828
2024-08-08,-0.007428747813561,0.000752194152916,0.0127608539363992,0.013260803669473,8.935133024867703e-05,-0.005840764921283586,0.012988687952701137,-0.0340016094383475,0.0160439701608392,0.5769230769230769,0.15384615384615385,0.007428747813561,0.014331051890765218,0.00935551878185757,0.007388896591966495,0.015993578154019392,-0.03574043223809953,-0.027292312102435656,65.4320987654321,88.52578068264343,44.37182280319536,66.04212055192448,NORMAL,False,False,False,0,40.57692307692308,58.40256130942406
2024-08-09,0.0103868640378157,0.0065355333655501,0.0085312229381309,0.0040872540186391,0.0005551466585134,0.010466087198085153,0.008772252688668504,-0.0020417439320981,0.0305235579230513,0.07692307692307693,0.0,0.0103868640378157,0.01590009777446486,0.009660790039230002,0.007594512994606219,0.016150675673456863,-0.014167953726224591,-0.01685775920499244,64.77850399419027,73.12999273783588,72.98474945533769,69.74582425562818,NORMAL,False,False,False,0,2.6923076923076925,49.629769286632026
2024-08-12,-0.0008412844977941,0.0018510477225683,0.0419052755617495,0.01245828850412,-0.0004667257598283,0.0030360145265176924,0.012732389585190691,-0.0181008403879771,0.0419052755617495,0.5,0.0,0.0008412844977941,0.008694843765888829,0.009498757983449655,0.007625795783261496,0.015824935338092285,0.012113619920388397,0.009699087103459236,23.311546840958606,63.834422657952075,21.78649237472767,35.010893246187365,NORMAL,False,False,False,0,32.49999999999999,34.257625272331154
2024-08-13,-0.0085431469996303,-0.0147514414438418,-0.021358969980247,0.0017462837064086,-0.0007123208791991,-0.008048691418470979,0.010979198194138185,-0.0342749427322908,0.0089812885782212,0.6538461538461539,0.19230769230769232,0.0085431469996303,0.009879489384774617,0.009628912274411247,0.008064425761401027,0.015915297901173114,0.00610394534892289,0.0016794700509952243,49.96368917937545,48.5838779956427,10.602759622367465,37.74146695715323,NORMAL,False,False,False,0,59.61538461538461,44.303642254622645
2024-08-14,0.0001967769998756,-0.0020980713734641,-0.0174855793729211,-0.011067438021862,-9.531059157141808e-05,4.029506100180675e-06,0.011541657725576648,-0.0230723724125913,0.0234217054674188,0.5,0.07692307692307693,0.0001967769998756,0.007567094069870357,0.009621612745803072,0.008058442058716366,0.015898793633629074,-0.00632781150324091,-0.007815383761646921,15.904139433551197,46.62309368191721,7.044299201161946,22.461873638344226,NORMAL,False,False,False,0,35.192307692307686,26.28100385453326
2024-08-16,0.0164597624902924,0.0158785545132127,-0.0042868513466356,0.0242683437248731,0.0007903893026584,0.017585136945183186,0.014072118090097608,-0.0042868513466356,0.0550721951816033,0.07692307692307693,0.0,0.0164597624902924,0.009876420259801746,0.010218444690956716,0.008946776461854985,0.016296583421281194,0.01758719536530262,0.00718147773598643,81.26361655773421,54.32098765432099,80.4647785039942,72.94117647058823,ELEVATED,False,False,False,0,2.6923076923076925,51.86651583710407
2024-08-19,0.0012835584110202,-0.0029405383068753,-0.0297455803510596,0.0012806976093839,-0.0006968836178911,-0.0010388293301892273,0.011290351625534007,-0.0297455803510596,0.017332516770637,0.5,0.07692307692307693,0.0012835584110202,0.009105812146097101,0.009924129452572745,0.008880681628139684,0.01597987978444279,0.008419016748743235,-0.0023006752072414205,12.490922294843863,50.68990559186638,3.631082062454612,21.292665214233843,NORMAL,False,False,False,0,35.192307692307686,25.462557957655996
2024-08-20,0.0051357593399101,0.0086323427611181,-0.004437297550992,0.0037972658943907,-0.0001335079000662,0.006068457568212245,0.008778921285497615,-0.0155083855324308,0.0328799303681481,0.19230769230769232,0.0,0.0051357593399101,0.009079254868672976,0.009982817177402825,0.009175567408175956,0.015576460664092098,0.014451456416601616,0.004452517791419863,4.647785039941903,40.45025417574437,10.312273057371096,17.0878721859114,NORMAL,False,False,False,0,6.730769230769231,13.980741299368749
2024-08-21,0.0028887826964991,-0.0023147710302772,-0.02849811702135,-0.0011548387002693,-0.0011826304495414,-0.0006351813438745192,0.009411575276738882,-0.02849811702135,0.0145944093664909,0.5384615384615384,0.038461538461538464,0.0028887826964991,0.006566936284643439,0.009989168029244364,0.008974783280632066,0.015195313388303218,0.026148523913583688,0.017131597401699672,17.429193899782135,35.80246913580247,16.775599128540307,22.745098039215687,NORMAL,False,False,False,0,35.192307692307686,26.479260935143287
2024-08-22,0.0016673576536574,0.005921775197736,0.0150146229177337,-0.0117604852290243,0.0013034172973391,-0.001584501467850573,0.008292014353967883,-0.0154349385088257,0.0150146229177337,0.5,0.0,0.0016673576536574,0.006315342600803307,0.009960444825301892,0.0089016906914441,0.015121842058488478,0.02765726119596157,0.025305987208831038,32.316630355846044,32.60711692084241,51.48874364560639,38.155410312273055,NORMAL,False,False,False,0,17.5,31.958787218591137
2024-08-23,0.0004695560778267,-0.0010247971647073,0.0249280871328869,0.01190044017998,0.0006198019962262,0.0006159547949118464,0.010056752795075912,-0.0168759996748182,0.0249280871328869,0.5,0.0,0.0004695560778267,0.0018146284884166374,0.009957209429671397,0.008701109848104552,0.014602583677113633,0.011490903870086111,0.00824577110103819,16.049382716049383,39.57879448075526,37.10965867828613,29.426289034132168,NORMAL,False,False,False,0,32.49999999999999,30.348402323892515
2024-08-26,0.007551387144671,0.004214368888078,0.0346117369305711,0.00370756226686,-0.0015105984569354,0.008437213807052651,0.011136582745956762,-0.0047551826165831,0.0349091478205436,0.2692307692307692,0.0,0.007551387144671,0.0028282565707589643,0.009305052071267783,0.0085596948019674,0.014290183167833084,0.01782262848280647,0.015480951347642158,21.278140885984023,66.3761801016703,35.80246913580247,39.16485112563544,NORMAL,False,False,False,0,9.423076923076922,30.24231886486788
2024-08-27,0.000285894410237,0.0025543164557213,-0.0244122892579266,-0.0006752000654739,0.0008339976853424,0.0004563923137860116,0.010683788453188197,-0.0244122892579266,0.0206716978520082,0.46153846153846156,0.038461538461538464,0.000285894410237,0.002973195790217284,0.009304743208294525,0.008565782907517392,0.014294041375220296,0.01291154833802266,0.009361655273887548,4.57516339869281,19.389978213507625,13.943355119825709,11.830065359477125,NORMAL,False,False,False,0,17.5,13.531045751633988
2024-08-28,0.0013830024432652,-0.0026306888818468,-0.0133721984980001,-0.0059618441971383,0.0004518498010515,0.0003317834998819115,0.010044554845007473,-0.0133721984980001,0.033742451989374,0.6153846153846154,0.0,0.0013830024432652,0.0030092048610019144,0.009306836811869218,0.008571515937296334,0.014252894434562773,0.011390719474368538,0.009042040072287039,4.429920116194626,61.22004357298475,18.663761801016705,25.737109658678285,NORMAL,False,False,False,0,36.53846153846154,28.977515222613263
2024-08-29,0.0039756594063229,0.0001739884116691,0.0186528057120127,0.0098760300567273,0.0002370958234407,0.0064263838047728585,0.012667682399331496,-0.0144389270643713,0.0438322100881343,0.2692307692307692,0.0,0.0039756594063229,0.0030698149205456047,0.009310727258648347,0.008566427244308793,0.01437081814109193,0.013721428319529272,0.0032764242485583406,6.172839506172839,45.461147421931734,11.038489469862018,19.41902687000726,NORMAL,False,False,False,0,9.423076923076922,16.420241885928156
2024-08-30,0.0033377600735777,0.0038756469593521,-0.031089454571184,-0.0126301235144534,-0.0005526985979397,0.002575352726928361,0.011100020513346935,-0.031089454571184,0.0193387233279462,0.4230769230769231,0.038461538461538464,0.0033377600735777,0.0027969500828698246,0.009323514882531749,0.008618218519310303,0.014336378842052746,0.01662762354918046,0.008197967890544833,12.926652142338416,37.54538852578068,25.417574437182278,24.059549745824256,NORMAL,False,False,False,0,16.153846153846153,21.687838668230825
2024-09-02,0.0016959501132323,0.001724421749333,0.0,0.0,-0.0003731255397838,0.0023652854378732346,0.014054695884001833,-0.0226413578327028,0.033318747361674,0.38461538461538464,0.038461538461538464,0.0016959501132323,0.0015010091040063404,0.008870236933394959,0.008575556568800857,0.013841079223542498,0.010719439500143091,0.005698143427549818,1.670297748729121,39.070442992011614,4.938271604938271,13.870733478576613,NORMAL,False,False,False,0,14.807692307692308,14.151821127311322
2024-09-03,4.550829989491412e-05,0.0048513406019277,-0.0436438692138227,-0.0015639371272799,0.0007571735438487,-0.002059580465557899,0.010833140721881834,-0.0436438692138227,0.0144315523200124,0.5384615384615384,0.038461538461538464,4.550829989491412e-05,0.0015769951165829877,0.005978735744389426,0.006367419267355842,0.011817825216554823,0.010476546027320621,0.008002370621358779,45.67901234567901,1.2345679012345678,60.78431372549019,36.87726942628903,NORMAL,False,False,False,0,20.19230769230769,31.871780906094628
2024-09-04,-0.0032100820170585,-0.0055882488526277,-0.0162069867642905,0.0014056789980614,0.0002740779775936,-0.005002132989590716,0.010144957046305147,-0.0315268330050836,0.0168019321826444,0.6538461538461539,0.07692307692307693,0.0032100820170585,0.0028851831226837294,0.006006689687032429,0.0062841648365438004,0.011856678175875516,0.005841751837928788,0.005013279791543868,10.675381263616558,0.29048656499636893,22.440087145969496,11.089324618736384,NORMAL,False,False,False,0,55.57692307692308,24.43560415619239
2024-09-05,-0.0021270784221717,0.0014163507230022,-0.0007224772336431,0.0072190585966898,0.0003835131513203,-0.0021486559729205924,0.006956805388344115,-0.0142451448719909,0.0109793954067136,0.6153846153846154,0.0,0.0021270784221717,0.002684899554025996,0.005576577024761812,0.006134206277620884,0.011334639721237324,-0.0002723291668342842,0.006261653210237972,24.11038489469862,7.8431372549019605,65.14161220043573,31.539578794480754,NORMAL,False,False,False,0,36.53846153846154,33.03924361767499
2024-09-06,-0.0116503502989019,-0.0174110375263876,-0.0214027957234348,-0.007127459998324,1.30816876904305e-05,-0.0121116564342498,0.011282242653588877,-0.0442747935592531,0.0099725615965378,0.8846153846153846,0.15384615384615385,0.0116503502989019,0.005170823115085436,0.006004961196763633,0.0074343646683688435,0.011525417176778009,-0.015206511123437516,-0.015075625352962918,71.60493827160494,36.02033405954975,45.025417574437185,52.95570079883805,NORMAL,False,False,False,0,66.34615384615384,56.97283671303278
2024-09-09,0.0033900486950126,0.0106955890301223,0.0153687149943593,0.003328674083868,-1.1900546316834236e-05,0.0031418426733677294,0.012055912774176955,-0.0320595410760012,0.0291833410053714,0.4230769230769231,0.038461538461538464,0.0033900486950126,0.005597391409523926,0.005654778148864527,0.007668297346282185,0.011492864840914382,-0.013540998496912593,-0.006254914654450494,7.262164124909224,59.54974582425563,15.758896151053015,25.49745824255628,NORMAL,False,False,False,0,16.153846153846153,22.694374615943243
2024-09-10,0.0041986500501236,0.0030224304965926,-0.0430795972043837,0.0041969780938002,-2.0167578038354783e-05,0.000501768796304878,0.012941376795766948,-0.0430795972043837,0.0211712873564819,0.4230769230769231,0.038461538461538464,0.0041986500501236,0.006364222463888569,0.0056727131761362265,0.007682401872367228,0.011392554675710634,-0.009444280867535682,-0.008063610483653227,29.411764705882355,3.776325344952796,27.523602033405954,21.154684095860567,NORMAL,False,False,False,0,16.153846153846153,19.65443271325624
2024-09-11,-0.0048979634496194,-0.0051158379330213,0.0237261986097909,-7.95888898574848e-05,1.308193607196806e-05,-0.006069730510869647,0.015438281628705749,-0.0574435141514099,0.0237261986097909,0.7307692307692307,0.11538461538461539,0.0048979634496194,0.006495831525495805,0.005387066124902824,0.006926710960898933,0.0113503667297425,-0.011121605824457204,-0.007592375523465367,37.83587509077705,82.71604938271605,33.551198257080614,50.01452432824981,NORMAL,False,False,False,0,59.61538461538461,52.89478241439025
2024-09-12,0.0188796328272711,0.0149460583709075,0.0246620668893107,0.0155646080950773,0.0001261845242901,0.01638689045703065,0.007506124835283443,0.0001261845242901,0.032645790210807,0.0,0.0,0.0188796328272711,0.011462994650245395,0.006611011615566623,0.007523424778979527,0.011754317137112221,0.00969575722655347,0.005815619080403067,87.58169934640523,8.278867102396514,92.15686274509804,65.16339869281046,NORMAL,False,False,False,0,0.0,45.61437908496732
2024-09-13,-0.0012761636040355,0.0031996266108855,-0.0046396939127233,0.0117984078991628,-0.0006881593535807,0.00461776378889687,0.013266702930415384,-0.0108759021276697,0.0387698412008179,0.5384615384615384,0.0,0.0012761636040355,0.009066550062989953,0.005782974991757418,0.0067952805005617135,0.011152008772324513,0.020294002790408827,0.026913482684225887,34.64052287581699,83.00653594771242,43.064633260711695,51.67755991285403,NORMAL,False,False,False,0,33.84615384615384,46.32813809284397
2024-09-16,0.0010746751326089,0.0041414272005688,0.0209758890022586,-0.0003487182688365,-0.0005956459399816,-0.0026256540405360422,0.012890855283445052,-0.0380738643260113,0.0209758890022586,0.5769230769230769,0.11538461538461539,0.0010746751326089,0.009167811783126078,0.005783862733459354,0.0067409395293188176,0.011283177155917598,0.01793962249431935,0.020254151008580967,32.02614379084967,87.00072621641249,34.93100944081336,49.389978213507625,NORMAL,False,False,False,0,24.230769230769226,41.8422155186861
2024-09-17,0.0013709866056039,0.0006806875723437,0.0156941954770934,-0.0062392862055999,-9.549839658173909e-06,0.0004599120322701468,0.005720785880921932,-0.013607863144293,0.0156941954770934,0.4230769230769231,0.0,0.0013709866056039,0.009208448983267158,0.005725099056660628,0.006546218122327256,0.011190318235950318,0.015073266660130757,0.017872177419139712,30.718954248366014,40.01452432824982,69.71677559912854,45.20697167755991,NORMAL,False,False,False,0,14.807692307692308,36.08718786659963
2024-09-18,-0.0016129951842196,0.0107638349874636,-0.0039331193945011,0.0024957696922693,-0.0013519064026737,-0.0020667988143420494,0.017036112205393767,-0.0353998631279635,0.036059925076038,0.5769230769230769,0.15384615384615385,0.0016129951842196,0.00859836020900586,0.005754087445584757,0.006807150467850803,0.011615092454030444,0.018424162694464563,0.034118769603998844,54.46623093681917,86.8554829339143,28.9760348583878,56.5359477124183,NORMAL,False,False,False,0,40.57692307692308,51.74824032176973
2024-09-19,0.0015072376499098,0.0054445678801893,0.0146663831959232,0.0067297036436471,-0.0009418049941802,0.00028225235744104994,0.008530304133089622,-0.0177340424928525,0.0146663831959232,0.38461538461538464,0.0,0.0015072376499098,0.0015256420322700404,0.005753554707932859,0.006793579083357862,0.011613298226388506,0.0010595335052374644,0.024437792398731117,27.450980392156865,49.382716049382715,63.253449527959326,44.77124183006536,NORMAL,False,False,False,0,13.461538461538462,35.37833081950728
2024-09-20,0.0147604413777415,0.0142464522148422,-0.0004169392712893,0.01232608282216,-0.0009200849727142,0.012865126226240853,0.013894705080715511,-0.0104436872062685,0.0548168151718408,0.19230769230769232,0.0,0.0147604413777415,0.006467115190995562,0.006495122747223433,0.007277101722806152,0.01211005822746863,0.017133643000808663,0.03571848403232214,66.81190994916484,31.29992737835875,45.38852578068264,49.73129992737835,NORMAL,False,False,False,0,6.730769230769231,36.83114071839561
2024-09-23,0.0057423850996662,0.0058111725467155,-0.0215516610376188,0.0025192174900825,-0.0015260668644485,0.008363251601561499,0.018513979466068368,-0.0215516610376188,0.0683902116704024,0.3076923076923077,0.038461538461538464,0.0057423850996662,0.006380225131112203,0.006424997657382294,0.007302609881864146,0.012435822781277419,0.021876231102575527,0.03744073756333344,44.226579520697165,63.18082788671025,28.467683369644153,45.18518518518519,NORMAL,False,False,False,0,12.115384615384617,35.26424501424501
2024-09-24,5.203002169906768e-05,-0.0025357580290641,0.0169105409345677,0.009404131418951,0.000868423233826,0.0015454800369632568,0.008497889313234842,-0.0257549162149492,0.0169105409345677,0.38461538461538464,0.038461538461538464,5.203002169906768e-05,0.006559129372961342,0.00642819395422829,0.007401126853199656,0.012414309114181078,0.02053026601972685,0.03410613568833165,21.20551924473493,50.25417574437182,52.14233841684822,39.20116194625998,NORMAL,False,False,False,0,29.807692307692307,36.383121054689674
2024-09-25,0.0024575565157058,0.0024652644528118,-0.0261318499299323,0.0030175015643252,9.56874540964936e-05,0.002958603580279868,0.01140409344433486,-0.0261318499299323,0.0389839037095089,0.2692307692307692,0.038461538461538464,0.0024575565157058,0.005893153210272016,0.006428734560971749,0.007299110460847619,0.012341914562489998,0.024691098631864916,0.02561592025889614,7.044299201161946,46.187363834422655,27.0878721859114,24.800290486564997,NORMAL,False,False,False,0,10.769230769230766,20.590972571364727
2024-09-26,0.008148714241454,0.0050590533357997,-0.0289855675376007,0.0040237482582532,0.0006761388182561,0.008427689330274435,0.014577359192911107,-0.0289855675376007,0.0468116369583548,0.11538461538461539,0.038461538461538464,0.008148714241454,0.0056808071799323385,0.0065663843978842375,0.00728691237327898,0.01243135186828624,0.031486318565668414,0.025222671474379732,45.461147421931734,53.66739288307916,44.15395787944807,47.53086419753086,NORMAL,False,False,False,0,5.384615384615385,34.886989553656214
2024-09-27,-0.0014152231703233,-0.0099502948615992,0.0075366063252608,-0.0095883195820009,-8.366194443498731e-05,-0.00025581884034718463,0.012307551079105007,-0.0345620483377537,0.0264959143598582,0.5384615384615384,0.038461538461538464,0.0014152231703233,0.003953127232926691,0.006604911024339884,0.00784255960964238,0.01262976699269739,0.015044037220542705,0.0007640661477086308,4.8656499636891795,36.23819898329702,17.792302106027595,18.155410312273055,NORMAL,False,False,False,0,50.19230769230769,27.766479526283444
2024-09-30,-0.0140609008520233,-0.0159043436308214,-0.0001467019094412,-0.0031009911963315,0.0011875150606381,-0.012606638749019615,0.010124745387059002,-0.0324996087251863,0.0013459341421981,0.8846153846153846,0.19230769230769232,0.0140609008520233,0.00817791752482059,0.007503691511254013,0.008847921907194503,0.012946133123805088,-0.004942400281187753,-0.020842482736911916,73.34785766158315,25.272331154684096,48.80174291938998,51.561365286855484,NORMAL,False,False,False,0,67.69230769230768,56.400648008491146
2024-10-01,-0.0005404401234794,-0.0010476026577608,0.0243509418614826,0.0118356473639278,0.0013247210667468,0.0036049430062981887,0.011907721345375608,-0.0189853708367562,0.0289469846609642,0.46153846153846156,0.0,0.0005404401234794,0.008163803308290021,0.007509039344721963,0.008829043671493739,0.013001655610501216,-0.0055319115294710786,-0.019381639874226475,10.602759622367465,23.52941176470588,14.161220043572984,15.548293391430644,NORMAL,False,False,False,0,46.15384615384615,24.729959220155294
2024-10-03,-0.0211963752609873,-0.0203580759815372,0.0555634705954204,-0.0038240734019993,0.001101078215689,-0.018212111293007954,0.022591283214235296,-0.0557426298937618,0.0555634705954204,0.8846153846153846,0.5,0.0211963752609873,0.011691299072603556,0.008978130499866906,0.009971940725419428,0.014159093970183776,-0.02899732427027657,-0.04170758717928358,95.57007988380536,43.42774146695715,88.96151053013797,77.94480755265069,ELEVATED,True,False,False,1,78.46153846153847,78.09982682531702
2024-10-04,-0.0093266958801446,-0.0073902394681402,0.0090896510279085,-0.0042527749850644,0.0010700476657596,-0.008499660889065659,0.015885267028860096,-0.0565585665277595,0.013071647073348,0.6538461538461539,0.15384615384615385,0.0093266958801446,0.008704738862194599,0.009215034010801986,0.010121659284691862,0.014562735625234689,-0.04582883905360291,-0.05357759899540837,72.33115468409585,72.98474945533769,34.49527959331881,61.1764705882353,NORMAL,False,False,False,0,58.269230769230774,60.30429864253394
2024-10-07,-0.0087488751686026,-0.0191044143951645,0.0371067792168229,-0.0003779575105998,0.0002190481033994,-0.004876514798281743,0.014870933107050774,-0.0326366789473072,0.0371067792168229,0.6923076923076923,0.15384615384615385,0.0087488751686026,0.007588662409724231,0.009046914382337136,0.010281132419104461,0.01444012441450403,-0.05283631543772227,-0.062328335188828965,79.23021060275963,16.92084241103849,74.07407407407408,58.99055918663762,NORMAL,False,False,False,0,59.61538461538461,59.17800681526171
2024-10-08,0.0087676473034692,0.0107391717981166,-0.0462794882430772,-0.0112674108733962,-0.0007580564264916,0.0033407368895560534,0.016791103881995288,-0.0462794882430772,0.0345239654748155,0.38461538461538464,0.07692307692307693,0.0087676473034692,0.011149270673449979,0.009233300261906652,0.010283533436237136,0.01458144582619042,-0.030905577724967825,-0.03694170807897168,69.28104575163398,2.3965141612200433,62.89034132171387,47.29847494553377,NORMAL,False,False,False,0,16.153846153846153,37.95508630802748
2024-10-09,-0.0012473907279866,-0.0002743968169969,-0.0044855488979688,-0.0034416826003823,-0.0005896226950854,0.0022758495085702162,0.013310675462303577,-0.0319913551551176,0.0210372590201255,0.46153846153846156,0.038461538461538464,0.0012473907279866,0.011063567006523578,0.009189188764786624,0.010258179082458406,0.01464913582260547,-0.031591050069378124,-0.036196284875332996,31.590413943355124,49.5279593318809,13.217138707334787,31.459694989106755,NORMAL,False,False,False,0,47.5,36.27178649237473
2024-10-10,0.0006604768849507,0.0102711086223459,0.0356362737094326,0.0056024933446854,0.0003289433608264,0.0018955398594679045,0.012128652901411905,-0.0223218100497631,0.0356362737094326,0.4230769230769231,0.038461538461538464,0.0006604768849507,0.007463450327404302,0.009119533848418673,0.010446096846002737,0.014480156454406541,-0.00996631278759652,-0.006062292863874941,10.457516339869281,66.59404502541757,8.641975308641975,26.753812636165573,NORMAL,False,False,False,0,16.153846153846153,23.573822691469747
2024-10-11,-0.0013680536120755,-0.0069588861658395,-0.0038233476778023,0.014118903541632,4.526255554204717e-05,-0.0013908637220857748,0.010191922302037193,-0.0187677626971778,0.0171398012434769,0.5,0.0,0.0013680536120755,0.006255566911150548,0.007990708716755964,0.009997075148734208,0.014122721675492857,-0.0020128089260372795,-0.005630362482670015,3.485838779956427,4.357298474945534,13.798111837327523,6.840958605664488,NORMAL,False,False,False,0,47.5,19.03867102396514
2024-10-14,0.0065573457544287,0.0125966127457413,-0.0228956562127667,-0.0036875558654471,0.0026481031939558,0.004171386743858078,0.014518097632220166,-0.0228956562127667,0.040223464662098,0.34615384615384615,0.07692307692307693,0.0065573457544287,0.004689954415734057,0.00815704181854263,0.010394753015019353,0.014209894887951349,0.013397425718116862,0.02650612516151929,13.28976034858388,30.718954248366014,5.664488017429194,16.230936819172115,NORMAL,False,False,False,0,14.807692307692305,15.803963465728172
2024-10-15,-0.0028096049048969,0.001719546425718,-0.0440200449600012,0.0051362841849194,-0.0014233001909789,-0.004793193395362443,0.01406427691631742,-0.0440200449600012,0.0192815928098049,0.6538461538461539,0.15384615384615385,0.0028096049048969,0.0036780986870028573,0.008165796091180847,0.010357207221568797,0.014268342656935109,0.0017670392597393114,0.01734579878873399,31.953522149600584,22.076978939724036,9.077705156136528,22.127814088598402,NORMAL,False,False,False,0,43.269230769230774,28.470239092788113
2024-10-16,-0.0034340754096676,-0.0020219091964319,-0.0026920152518705,0.0047343872092104,9.15906777210207e-05,-0.0010212129757863847,0.010696429971746302,-0.027821793631961,0.0258052786543796,0.5769230769230769,0.07692307692307693,0.0034340754096676,0.004029959806395326,0.008174968435952102,0.010362928700044046,0.01439476383477205,-0.00042624526239976035,0.015567486447938483,0.5083514887436456,8.133623819898329,1.1619462599854757,2.992011619462599,NORMAL,False,False,False,0,52.88461538461539,17.959792749008436
2024-10-17,-0.0088682273228345,-0.0098887955412946,0.003977820453541,0.006357516828721,-0.0002010453632766,-0.009165214674390944,0.014384247734801028,-0.0445033825887463,0.0249986506957742,0.7307692307692307,0.15384615384615385,0.0088682273228345,0.005556772981382794,0.00836902960844307,0.010228287021247742,0.014169462513355853,-0.009944601251046237,-0.004698106642631594,26.506899055918666,7.4800290486565,1.3798111837327522,13.260711692084241,NORMAL,False,False,False,0,60.96153846153847,27.570959722920506
2024-10-18,0.0042101739412401,0.0157032027505394,-0.020517857447453,0.008435507681856,0.0001725797237073,0.0064174254777423076,0.018574341677318473,-0.0449671669697676,0.0574279584909203,0.2692307692307692,0.07692307692307693,0.0042101739412401,0.006230606233171498,0.008436904776834545,0.010826883513756894,0.014669969175198548,-0.0044142811720758734,0.01801557529025133,43.790849673202615,56.644880174291934,6.82643427741467,36.55773420479303,NORMAL,False,False,False,0,12.115384615384613,29.225029327970503
2024-10-21,-0.0029351823779982,-0.0025242733734675,0.0193585136414278,0.0034639594109568,0.0001772698804585,-0.005371212388076032,0.0136493344890391,-0.0337930435090985,0.0278561209524894,0.7307692307692307,0.11538461538461539,0.0029351823779982,0.00464706951769946,0.007571437602264137,0.010229834609257358,0.014384628892318292,-0.013803339315736074,0.0028137689758844786,8.569353667392884,50.4720406681191,3.776325344952796,19.70225127087872,NORMAL,False,False,False,0,59.61538461538461,31.676191274230487
2024-10-22,-0.0124691803378693,-0.0135780240799233,0.0216836569194371,0.0077484678340635,5.7082945331243806e-05,-0.012999595720802174,0.016060922594578843,-0.0529770473947377,0.0216836569194371,0.8461538461538461,0.3076923076923077,0.0124691803378693,0.006360869155346291,0.007689562300108682,0.010399901264821309,0.014300451253904521,-0.023356420735775818,-0.012500511742380427,71.82280319535221,57.08061002178649,29.702251270878723,54.76397966594045,NORMAL,False,False,False,0,70.38461538461539,59.45017038154293
2024-10-23,-0.0014955647434917,-0.000354066467863,-0.0183104419736309,-0.0108592848037182,0.0001248674871017,-0.0009514117599609729,0.01571824030278517,-0.0324537084969092,0.0476049260807527,0.5769230769230769,0.07692307692307693,0.0014955647434917,0.00651448732959034,0.007666273800998358,0.010412587406887455,0.014587569173920298,-0.02145666282840586,-0.010850181082686317,17.719680464778502,22.004357298474943,3.2679738562091507,14.669571532316628,NORMAL,False,False,False,0,52.88461538461539,26.134084688006254
2024-10-24,-0.0014773427748562,0.0057016810925272,-0.0081954815482809,0.0075523138585067,-0.0001950810893109,-0.0028484654612391963,0.013624154491436558,-0.0579852086836875,0.0117595299642117,0.5384615384615384,0.038461538461538464,0.0014773427748562,0.006043576147601296,0.007569924553931154,0.010519072677595118,0.014719771007779088,-0.014159650433481441,0.004725157394177115,20.769789397240377,89.61510530137981,12.418300653594772,38.917937545388526,NORMAL,False,False,False,0,35.192307692307686,37.800248589464275
2024-10-25,-0.0089592205494931,-0.0144320326889667,0.0226527465819357,0.0021938645706405,0.0001689822621262,-0.005516487742300686,0.015210342098837822,-0.0373273048255046,0.0226527465819357,0.5769230769230769,0.11538461538461539,0.0089592205494931,0.004983118919103642,0.007182361370842945,0.010695183593635606,0.01442694593260539,-0.027088139713140502,-0.025084366773981515,37.400145243282495,55.33769063180828,9.949164851125635,34.54611474219317,NORMAL,False,False,False,0,54.230769230769226,40.45151108876598
2024-10-28,0.0065485676346082,0.0092907119723153,-0.0612984341140442,0.0007296873549778,0.0002401828547369,0.007972494562927914,0.020178093083454123,-0.0612984341140442,0.0590734341204246,0.19230769230769232,0.038461538461538464,0.0065485676346082,0.007404509001043944,0.007545249087597162,0.010933225051810344,0.014879957595563082,-0.017834124623864245,-0.013536603141781511,73.12999273783588,31.735657225853302,78.28612926652141,62.258533042846764,NORMAL,False,False,False,0,8.076923076923077,46.004050053069655
2024-10-29,0.0052466588480091,0.0207064556348424,-0.0025229767865074,0.0092967300695918,9.525177175007116e-06,0.0018442042352049815,0.019819129882483674,-0.0406397852186164,0.0513225598157016,0.38461538461538464,0.11538461538461539,0.0052466588480091,0.006226843244262611,0.007370821577222084,0.011596322117828071,0.015203956347693007,-0.00021453001923799064,0.02074931621580256,44.58968772694263,85.83877995642702,4.793028322440087,45.025417574437185,NORMAL,False,False,False,0,17.5,36.76779230210603
2024-10-30,-0.0051498252538292,-0.0098087224829381,0.0208302565830913,0.0072605470182371,-0.0001604750278541,-0.005577584894826666,0.011522272197108276,-0.0244925155442801,0.0208302565830913,0.6923076923076923,0.07692307692307693,0.0051498252538292,0.0066428055029354996,0.007373639421815837,0.01177972967804126,0.015265124548159814,-0.0038734787757565003,0.011095064306485325,11.11111111111111,18.155410312273055,6.463326071169208,11.830065359477123,NORMAL,False,False,False,0,56.92307692307692,25.357968828557063
2024-10-31,-0.005566773640794,-0.0064112037349804,0.0094738597886099,-0.0180024927996682,-2.3589713904481613e-06,-0.0071855598616010164,0.01333406874350428,-0.0395637055373252,0.0194823429058126,0.7692307692307693,0.15384615384615385,0.005566773640794,0.006995850909909713,0.006036690556793082,0.010957454853160936,0.014718728795287381,-0.007953096311520857,-0.0010827795749139835,40.305010893246184,20.915032679738562,10.09440813362382,25.424836601307188,NORMAL,False,False,False,0,62.30769230769231,36.489693313222716
2024-11-01,0.0040900049616161,0.0038571251865842,0.0033207583084775,0.0001095748540242,2.84891832287304e-05,0.00422476501854257,0.008020176212093711,-0.0114581233243343,0.0326546690502218,0.15384615384615385,0.0,0.0040900049616161,0.0059013986508435114,0.005935179353503979,0.01086267470094487,0.0144996476085255,0.005109377031913498,0.017454100026404573,4.212055192447349,65.14161220043573,26.797385620915033,29.266521423384166,NORMAL,False,False,False,0,5.384615384615385,22.101949611753533
2024-11-04,-0.0127137736646451,-0.0088758241852942,0.02849335757378,-0.0009128751591513,0.0005006332311774,-0.009588805377019359,0.01631487877329271,-0.0410925175651195,0.02849335757378,0.7307692307692307,0.3076923076923077,0.0127137736646451,0.00747794681209556,0.006250610117557456,0.010118191838658296,0.01461068171013296,-0.01412542244623427,-0.0008593714814406628,69.64415395787945,50.617283950617285,24.328249818445897,50.341321713870734,NORMAL,False,False,False,0,66.34615384615384,55.14277135355566
2024-11-05,0.0090830588186072,0.0193692308443285,0.0072757329534756,0.0015350137136695,0.0002246190657424,0.008331102854501173,0.009272881444876396,-0.0090795535209736,0.0284835731505848,0.15384615384615385,0.0,0.0090830588186072,0.008621736065306466,0.006278535314040143,0.010731046484574255,0.01447143093328181,-0.010362953636166239,-0.0021683429396781584,31.00944081336238,48.87436456063907,41.24909222948438,39.44081336238199,NORMAL,False,False,False,0,5.384615384615385,29.22395396905201
2024-11-06,0.0111818707596305,0.0021098302917699,-0.0041671819872947,-0.0265299236858987,-0.0004300983242484,0.011965497560710858,0.016158167492251938,-0.0265299236858987,0.0423784881593691,0.19230769230769232,0.038461538461538464,0.0111818707596305,0.010118222488193494,0.006900150210908407,0.010726996590048263,0.014960717499643877,0.005883162427487321,0.009842174154321315,64.70588235294117,55.84604212055192,63.834422657952075,61.78649237472767,NORMAL,False,False,False,0,8.076923076923077,45.673621585386286
2024-11-07,-0.0116280257061476,-0.007662812935527,0.0093457685329683,0.0115458852751433,0.0016036763470754,-0.008931586915629968,0.010177653371219305,-0.0299443642326719,0.0115458852751433,0.8076923076923077,0.11538461538461539,0.0116280257061476,0.011413975204606845,0.007282581694171556,0.01068918950720702,0.014962139122263489,-0.00024787908858281416,0.00857009081257809,51.56136528685549,57.80682643427741,42.70152505446623,50.77705156136528,NORMAL,False,False,False,0,62.30769230769231,54.23624378526338
2024-11-08,-0.0021137093124677,-0.0068436967293634,-0.0273632302409121,-0.0040393947295516,0.0006551677704906,-0.003781402228482831,0.015158636310095485,-0.0450415261508223,0.02889652375589,0.5384615384615384,0.11538461538461539,0.0021137093124677,0.011193640236005805,0.0072832519421279,0.010685030729100896,0.015082392225115452,-0.006424791987223788,-0.0021809699317788533,25.49019607843137,62.01888162672476,0.36310820624546114,28.910675381263616,NORMAL,False,False,False,0,52.88461538461539,36.10285738226914
2024-11-11,-0.0002856708874028,0.0061199271163432,-0.0332480311055565,-0.0283907158430232,0.0009074037339387,-0.0025827587719758926,0.013091403692064884,-0.0332480311055565,0.0164758374078299,0.5384615384615384,0.11538461538461539,0.0002856708874028,0.009212969222940659,0.0070346222773293755,0.0103910729232927,0.014980752125037883,0.006082477407121312,0.012916074801939237,63.5439360929557,53.086419753086425,59.76761074800291,59.27378358750907,NORMAL,False,False,False,0,37.88461538461539,52.857033126640964
2024-11-12,-0.0106809307765333,-0.0138587945225944,0.0011758058491799,-0.0042891970669839,0.000161208147928,-0.00949786824569253,0.00980694397999712,-0.027232173690765,0.004677193181553,0.7307692307692307,0.19230769230769232,0.0106809307765333,0.009250456969816917,0.007298864346514936,0.010838234066429545,0.014940055686898518,-0.01362274253642548,-0.020101599275004434,55.99128540305011,3.631082062454612,17.86492374727669,28.845315904139433,NORMAL,False,False,False,0,62.30769230769231,38.88402882520529
2024-11-13,-0.0135825623229214,-0.020904909953478,0.0045507566954599,-0.0073845966045673,-1.419270878066925e-05,-0.011750218181362475,0.009858764792591452,-0.0343619891729499,0.0045507566954599,0.8846153846153846,0.23076923076923078,0.0135825623229214,0.006022666538088146,0.007717435078241674,0.011746602672726671,0.015028380212319,-0.03777969618934007,-0.042606225492325955,83.00653594771242,64.19753086419753,66.15831517792301,72.30936819172113,ELEVATED,False,False,False,0,69.03846153846153,71.32809619574326
2024-11-14,-0.0011185324376894,0.0018207670227718,0.0039455888040671,-0.0048822448147315,0.0003281545483169,-0.0026397153476417465,0.009990577959086668,-0.0307308774595294,0.0189032541470861,0.6153846153846154,0.038461538461538464,0.0011185324376894,0.006123876841754302,0.007594428969072311,0.011603416802441976,0.014891711743098128,-0.027548277180421965,-0.03345659315920724,20.334059549745824,21.350762527233115,17.719680464778502,19.854756717501814,NORMAL,False,False,False,0,37.88461538461539,25.263714317635884
2024-11-18,-0.0033527151631265,0.0036718144569132,0.0066958767729459,0.0165096749826771,0.0006456107550942,-0.0030970649192990775,0.013787520635003832,-0.0304880088313749,0.0165096749826771,0.5384615384615384,0.15384615384615385,0.0033527151631265,0.005972956667360732,0.0074297116461445505,0.010985744782380022,0.014552431062562404,-0.02875570270104577,-0.02322285857665929,40.885984023238926,74.50980392156863,20.551924473493102,44.8729121278141,NORMAL,False,False,False,0,39.230769230769226,43.18026925870063
2024-11-19,0.0027585814066317,0.0052160324414554,0.0033255597941077,0.0063203858817033,-0.0009351884172105,0.005258611522677862,0.01253950136371215,-0.0151497587560494,0.0358460989478714,0.3076923076923077,0.0,0.0027585814066317,0.006777125060371726,0.0075353740431651035,0.01108845600672183,0.014640342147019935,-0.025798145132830408,-0.02410039179401169,10.74800290486565,7.625272331154684,12.490922294843863,10.334059549745824,NORMAL,False,False,False,0,10.76923076923077,10.464610915591308
2024-11-21,-0.0071688079331164,-0.0050092651575756,0.0102320088012362,0.0171291531830655,-0.0001824217069175,-0.004714932738485177,0.012133388470412027,-0.0277086963086881,0.0171291531830655,0.6153846153846154,0.11538461538461539,0.0071688079331164,0.006226010055942936,0.007257508086339415,0.01074706718401112,0.01439937103164015,-0.02233968901385186,-0.015342769465525485,25.272331154684096,19.026870007262165,14.451706608569353,20.152505446623096,NORMAL,False,False,False,0,55.57692307692308,30.77983073571309
2024-11-22,0.0238694641112378,0.0151371079221511,0.0162624738154493,0.0141461035537759,0.0012466250799483,0.024444898245619948,0.013889995707612849,0.0012466250799483,0.0563257200287294,0.0,0.0,0.0238694641112378,0.012209798734460115,0.00932951562785738,0.011324739081824044,0.0154067661041448,0.014779849238541143,0.020903999479669366,92.01161946259985,73.34785766158315,85.9114015976761,84.58242556281772,ELEVATED,False,False,False,0,0.0,59.2076978939724
2024-11-25,0.0131612958673623,0.0209659373987349,-0.0322851697267243,-0.0343554584562715,-0.0006190147236105,0.008918336947219073,0.018236164882314908,-0.0343554584562715,0.050081393218383,0.2692307692307692,0.07692307692307693,0.0131612958673623,0.012667796433382223,0.00985379972396555,0.01221170116131147,0.01573444122148474,0.029286957924736345,0.040413857580960055,86.9281045751634,3.485838779956427,87.21859114015976,61.98257080610023,NORMAL,False,False,False,0,12.115384615384613,47.02241494888554
2024-11-26,-0.0011312238174179,-0.0003064693770051,-0.0024659964073011,0.0013375114394267,-0.0006927681314009,-0.002635108280635181,0.00960760143951398,-0.0207348580670578,0.0182304941431636,0.6153846153846154,0.038461538461538464,0.0011312238174179,0.012297732997345129,0.009645815151928158,0.011686246424438815,0.015466672624346763,0.03158120194071712,0.03628993821749904,28.322440087145967,70.73347857661582,26.870007262164126,40.610021786492375,NORMAL,False,False,False,0,52.88461538461539,44.292399865929276
2024-11-27,0.0033230854378061,0.002113385920121,-0.0007269946895994,0.0074800034921156,-0.0004550827123905,-0.00013840431970254242,0.00783083253548605,-0.0233807707160107,0.0149813369850995,0.5,0.038461538461538464,0.0033230854378061,0.012259649292440963,0.009558404768297345,0.011541429376888094,0.014910274896494087,0.03216193169738735,0.033091380625759115,33.62381989832971,57.0079883805374,33.769063180827885,40.68264342774147,NORMAL,False,False,False,0,18.846153846153847,34.13169655326518
2024-11-28,-0.0148610290544929,-0.007551350294837,0.0,0.0,0.000962775775827,-0.01237994311738295,0.010463889495528003,-0.0353102866308749,0.0056947407407745,0.8461538461538461,0.19230769230769232,0.0148610290544929,0.014641092311672368,0.010014278013219424,0.010710830906187742,0.014676517624764757,0.024164985313022802,0.030451952787732717,80.4647785039942,61.29266521423384,79.15758896151053,74.32098765432099,ELEVATED,False,False,False,0,66.34615384615384,71.92853751187084
2024-11-29,0.0090720019405352,0.0028657103161207,-0.0104773167624189,0.0064775553198317,0.0006076743010343,0.007185664666207046,0.008881451318612255,-0.0140638057779552,0.0268992932102181,0.07692307692307693,0.0,0.0090720019405352,0.01084434367385221,0.01021408527197253,0.010494032526711423,0.014681269260291853,0.009363252125401234,0.017995422996942345,25.998547567175017,56.0639070442992,26.57952069716776,35.19244734931009,NORMAL,False,False,False,0,2.6923076923076925,25.44240545220937
2024-12-02,0.0060068200049485,0.0010257961851787,0.0014705657958984,-0.0083176882409672,0.0010109410684489,0.008545106993901729,0.011389604040484556,-0.0083176882409672,0.0451164282665614,0.11538461538461539,0.0,0.0060068200049485,0.009359414612017874,0.010232788348723217,0.010375128931081248,0.014557898735020216,0.002235596288966857,-0.0018867021021884423,22.294843863471314,71.0965867828613,21.568627450980394,36.717501815541034,NORMAL,False,False,False,0,4.038461538461538,26.913789732417182
2024-12-03,0.0074600111445999,0.0112600510468441,0.0270191484363158,0.0037193249046796,0.0021299181498242,0.00627795485292512,0.009315398685029251,-0.0133900782330819,0.0270191484363158,0.19230769230769232,0.0,0.0074600111445999,0.00976887966456158,0.010327601151752757,0.010624148102331574,0.014656717490174807,0.010855789151460016,0.009661534924269244,17.647058823529413,27.596223674655047,17.066085693536674,20.45751633986928,NORMAL,False,False,False,0,6.730769230769231,16.339492207139262
2024-12-04,0.0004210968146538,0.0108386053429356,-0.0200171786818535,0.0034408809408483,-0.0006372752351043,0.0004634889389940753,0.00991310620342117,-0.0200171786818535,0.0185073791039851,0.4230769230769231,0.038461538461538464,0.0004210968146538,0.00977169304864633,0.00985921279038917,0.010570826867995466,0.014221837717630442,0.007932013109284153,0.01845247471088962,11.183732752360203,61.365286855482935,14.233841684822076,27.153231663035584,NORMAL,False,False,False,0,16.153846153846153,23.853416010278753
2024-12-05,0.0098478255628851,0.0063201041101539,-0.0035015736878282,-0.0102494350257797,0.0002822628561811,0.007949381785934928,0.009320473664751326,-0.013654050965977,0.0251815099321832,0.11538461538461539,0.0,0.0098478255628851,0.003739053995937288,0.009893551133568082,0.009819572787555004,0.014146202867176601,0.03321255353112473,0.032687384568240274,47.49455337690632,81.84458968772694,66.59404502541757,63.529411764705884,NORMAL,False,False,False,0,4.038461538461538,45.682126696832576
2024-12-06,-0.0012384293961259,-0.0017545625220577,-0.0161055059204322,0.004568643704349,-0.0002738969455762,0.00021234402190693018,0.009441201952983043,-0.0161055059204322,0.0305974189037294,0.6923076923076923,0.0,0.0012384293961259,0.004722246087726898,0.009610454202210721,0.009842167973885506,0.013743906307320659,0.02265546041103783,0.027929721180042,13.870733478576616,63.253449527959326,25.12708787218591,32.062454611474216,NORMAL,False,False,False,0,54.230769230769226,38.712948997262714
2024-12-09,-0.0023827399277279,-0.0019015315037517,0.017410801361211,0.0099673325680769,-0.0002101863342846,-0.0024741943747673342,0.01146238377264758,-0.0334366772774719,0.0215234191636799,0.5384615384615384,0.07692307692307693,0.0023827399277279,0.005482109810998238,0.00921369388798276,0.009652424641149104,0.013649997413362518,0.014127059703421319,0.02492371759197054,6.318082788671024,27.30573710965868,8.78721859114016,13.355119825708062,NORMAL,False,False,False,0,51.53846153846153,24.810122339534104
2024-12-10,-0.00036350862139,0.0031821078167495,0.0032176917137771,0.012270703032313,0.0021413235709957,0.0034918042031945114,0.008513435538606727,-0.0117914878771815,0.0197857276053317,0.34615384615384615,0.0,0.00036350862139,0.004914314313247545,0.00919184743389835,0.009456772685492757,0.013409528383339931,0.006251766382546986,0.016736629021316007,7.552650689905592,15.613652868554828,36.02033405954975,18.51125635439361,NORMAL,False,False,False,0,27.115384615384613,21.09249483269091
2024-12-11,0.0012901233029631,-0.0034780824665345,0.0247850221373695,0.0134193171194376,0.0003147169278592,0.003365982514552511,0.008573746493335399,-0.006801229987604,0.0257921846469992,0.46153846153846156,0.0,0.0012901233029631,0.00489268650465542,0.009187110394886759,0.009478203627127653,0.01323324479417665,0.00712585774435337,0.002336406448481876,13.580246913580247,4.647785039941903,34.059549745824256,17.044299201161948,NORMAL,False,False,False,0,31.153846153846153,21.27716328696721
2024-12-12,-0.0037781963796591,-0.0032758553329608,-0.0038412899266486,-0.01693615041377,-0.0001991081930549,-0.004968443821374342,0.0075026805501024665,-0.0234867615991661,0.0065090751760295,0.7307692307692307,0.038461538461538464,0.0037781963796591,0.0019302318715580147,0.00884588407652679,0.008851329476273987,0.012978545287534896,-0.006463436294953162,-0.007221565677238639,51.19825708061002,43.282498184458966,55.773420479302835,50.196078431372555,NORMAL,False,False,False,0,56.92307692307692,52.21417797888387
2024-12-13,0.0089455478085889,0.0069029701885967,0.0181377368373052,-0.0117209302325581,-0.0002109258891299,0.007054240575353425,0.0071346213471599395,-0.0117209302325581,0.0204080794706535,0.07692307692307693,0.0,0.0089455478085889,0.0049753632968089845,0.008250365390736597,0.007066080444742312,0.012525157231009325,0.003667263578396307,0.0013885530840320737,42.338416848220774,77.85039941902687,76.68845315904139,63.297022512708786,NORMAL,False,False,False,0,2.6923076923076925,45.11560806658846
2024-12-16,-0.0040394689217332,-4.57081937879078e-05,-0.0081358089999457,-0.0017319644790098,-0.0004384874736107,-0.0006960938491134044,0.00888849329157362,-0.0131205550753469,0.0257793856702523,0.6538461538461539,0.0,0.0040394689217332,0.005281270386081505,0.008343823820119875,0.007100308305936393,0.012476235988749258,0.002000487428408748,0.0032504938421862306,2.033405954974582,56.935366739288305,16.412490922294847,22.817719680464776,NORMAL,False,False,False,0,52.88461538461539,31.837788391709957
2024-12-17,-0.0134687300477334,-0.0139330337790972,-0.0089095921591704,-0.0026401147536485,0.00135958358884,-0.009928084998160195,0.007749058205219999,-0.0233403552316766,0.0067611426036402,0.9230769230769231,0.038461538461538464,0.0134687300477334,0.00820460706934297,0.008991845930358342,0.00807702103317806,0.01250671571889155,-0.011135725955462084,-0.013865814477527993,71.0965867828613,90.26870007262164,68.70007262164125,76.12926652142338,ELEVATED,False,False,False,0,63.65384615384616,72.38664041115021
2024-12-18,-0.0056356998120069,-0.0131589405035994,0.0071347030099311,-0.0029874083480143,-2.237140485239486e-05,-0.0029732267870418807,0.01087914004861452,-0.0308431306946628,0.0222417331808479,0.5769230769230769,0.038461538461538464,0.0056356998120069,0.008049090836466988,0.009143611705649092,0.008759496118272937,0.01249237168821695,-0.017975600720384066,-0.02344575937143356,16.70297748729121,44.299201161946264,5.954974582425563,21.757443718228032,NORMAL,False,False,False,0,51.53846153846153,30.69174906429808
2024-12-19,-0.010213311567061,-0.0108142773393967,-0.0094927479677467,-0.0168025976969941,0.002945274815497,-0.008330533578721494,0.012764614145410974,-0.0252644905280365,0.0393602476735772,0.8076923076923077,0.11538461538461539,0.010213311567061,0.008582450346611288,0.009318608715326882,0.009077290934000145,0.012675367940823915,-0.024319007483053046,-0.030831632401018827,70.66085693536675,81.62672476397967,29.847494553376908,61.706608569353676,NORMAL,False,False,False,0,62.30769230769231,61.88693369085526
2024-12-20,-0.0152055691508056,-0.0158310989936742,-0.0064369125170081,0.0140807039146417,0.0013374766143154,-0.014826079669275852,0.014409892380037629,-0.0429282715240673,0.0140807039146417,0.8461538461538461,0.34615384615384615,0.0152055691508056,0.00483056586915305,0.008390836082838023,0.009218473192878105,0.01205947868773674,-0.04767387119845867,-0.052713721709124584,91.35802469135803,75.23602033405955,77.92302106027597,82.49092229484386,ELEVATED,False,False,False,0,71.73076923076923,79.26287637562146
2024-12-23,0.0070354729729729,0.0110010077452862,-0.0031673081428574,-0.0062387882407191,-0.0039212749766455,0.004619793325034781,0.008109674395384955,-0.0072516677646835,0.0206606711143781,0.34615384615384615,0.0,0.0070354729729729,0.00890391984092838,0.00796136516638585,0.008222428193442238,0.011402044428551512,-0.03708413775804931,-0.04224884094906467,61.365286855482935,10.239651416122005,88.67102396514161,54.21931735657226,NORMAL,False,False,False,0,12.115384615384613,41.58813753421597
2024-12-24,-0.0010861087115143,-0.0016485876175831,0.0124205753449562,0.0029475753274701,0.0018117622819151,-0.00014925755713442334,0.007176755367922048,-0.0110821192811569,0.0192467800776974,0.5384615384615384,0.0,0.0010861087115143,0.008542618363925785,0.007961316253771954,0.008223432550366234,0.011328522979555474,-0.024997929379314332,-0.03031715379947908,35.439360929557004,19.89832970225127,56.935366739288305,37.22585330428467,NORMAL,False,False,False,0,48.84615384615384,40.71194346684542
2024-12-26,0.0009503186263191,-0.0012160283655066,-0.0068473001139403,0.0071755911557729,0.0036956870412385,0.0013820811390125548,0.005924263396400302,-0.0068473001139403,0.0160310118119937,0.5,0.0,0.0009503186263191,0.008923417875035127,0.007911915326517489,0.008192988023090673,0.011274859150957635,-0.018540153679503124,-0.01858189316906056,50.326797385620914,35.07625272331155,70.73347857661582,51.87363834422658,NORMAL,False,False,False,0,32.49999999999999,46.0615468409586
2024-12-27,0.002661079652128,0.0027476967218864,0.0140763528997012,-0.0081855757376699,-0.0017853912867938,0.0041165547984939425,0.010260852810463895,-0.0157547382953121,0.0253108286157091,0.3076923076923077,0.0,0.002661079652128,0.008418707254653105,0.007245589745673809,0.008086527110478758,0.010861795593022775,-0.005774071679087056,-0.0051264149881632415,8.278867102396514,34.13217138707335,33.47857661583152,23.594771241830067,NORMAL,False,False,False,0,10.76923076923077,19.747109100050277
2024-12-30,-0.0070758479358679,-0.0069877546620493,0.0055240707942989,-0.0042411178827413,0.0014672514435161,-0.006089490933185757,0.009431173843894533,-0.0224516862604595,0.019529500972558,0.8076923076923077,0.038461538461538464,0.0070758479358679,0.0051839807673931945,0.0070568825351106125,0.008167505064562763,0.0108185146132368,0.0024335088765237156,0.003813117311324943,20.47930283224401,54.974582425562815,30.137981118373276,33.725490196078425,NORMAL,False,False,False,0,59.61538461538461,41.492458521870276
2024-12-31,-4.212721278373799e-06,-0.0018164040459053,0.0102831860670635,0.0088637629599874,0.004691595943213,0.0004851405955488891,0.009973340005520415,-0.0153889414061044,0.0283687838242814,0.5,0.0,4.212721278373799e-06,0.003710880500683826,0.006868540895409217,0.008154415560137279,0.010680885763464754,-0.004574006768424677,-0.008913166824309315,30.355846042120554,4.139433551198257,52.069716775599126,29.005083514887435,NORMAL,False,False,False,0,47.5,34.5535584604212
2025-01-01,0.0041488871182535,0.0039402587254537,0.0,0.0,0.0,0.003313153958388861,0.009648095848440426,-0.0140440254708111,0.0322239331825606,0.3076923076923077,0.0,0.0041488871182535,0.004335112897774199,0.00668385424403555,0.007719325567205482,0.010588953234340661,0.0006427100765959981,-0.003364988142408376,1.0893246187363834,12.708787218591139,21.350762527233115,10.653594771241828,NORMAL,False,False,False,0,10.76923076923077,10.68828557063851
2025-01-02,0.0187740331916654,0.0106725969157053,0.0196597324137779,0.0112961934137558,-1.0494279683803676e-05,0.021871911547634633,0.02044655277987605,-0.0063229290402511,0.0788189112225532,0.07692307692307693,0.0,0.0187740331916654,0.009465033271407304,0.008071472347396434,0.007705383930715237,0.012048079311027297,0.01846094712034496,0.008498057856138441,89.46986201888163,74.87291212781409,75.45388525780683,80.88598402323893,ELEVATED,False,False,False,0,2.6923076923076925,57.42788112395956
2025-01-03,-0.0076027553276091,-0.0119512337464303,0.0113496767705114,-0.0052276892151892,0.0002133562810657,-0.004295790918762891,0.018225124345312985,-0.0307767710261908,0.0520990279870399,0.6538461538461539,0.11538461538461539,0.0076027553276091,0.010769949548093082,0.007828782454655894,0.007805083099564097,0.012393370717251431,0.008035375302820391,-0.006285165160300199,45.89687726942629,73.63834422657952,7.697893972403776,42.75962236746551,NORMAL,False,False,False,0,56.92307692307692,47.00865873414893
2025-01-06,-0.0161925959966257,-0.0209222567486289,-0.0054083495244781,-0.0024953110231569,-0.0005244297293505,-0.013860275768212114,0.013146286893248618,-0.0454780744023366,0.0032877861515396,0.9615384615384616,0.3076923076923077,0.0161925959966257,0.013129413135993346,0.008496711275213885,0.008823220892604454,0.012862744511058706,-0.0012201197255385932,-0.02022952637492581,87.00072621641249,42.556281771968045,57.29847494553377,64.75671750181554,NORMAL,False,False,False,0,74.42307692307692,67.65662532819395
2025-01-07,0.0038892874268343,0.0056117230379391,0.0093801313799206,0.0069360405948577,-0.0009130292286784,0.004098883242434211,0.010914634495890039,-0.0190216329083136,0.0358939750097015,0.3076923076923077,0.0,0.0038892874268343,0.013256940752384863,0.008603219847679675,0.009048640288809731,0.012876452105416502,0.002668646268529251,-0.012938423194524318,7.4800290486565,74.14669571532316,7.18954248366013,27.392883079157585,NORMAL,False,False,False,0,10.76923076923077,22.405787386179536
2025-01-08,-0.0007993610384197,-0.0073123893633162,-0.012525256635364,0.0029359916330349,0.0014682546148865,0.001802531448932673,0.013425793616214841,-0.033142881351119,0.0297544876693454,0.38461538461538464,0.038461538461538464,0.0007993610384197,0.013109975742803422,0.008599811452335857,0.008972120760756848,0.012984563362843269,-0.0022723075524632153,-0.024001886851056642,22.367465504720407,89.76034858387798,9.295570079883806,38.663761801016705,NORMAL,False,False,False,0,44.80769230769231,40.50694095301938
2025-01-09,-0.0068575949591475,-0.0066529636481226,0.0081832852784837,0.0072434035759523,0.0011770427756088,-0.007339066201562153,0.011733385823583286,-0.0300373316500988,0.0143273160105545,0.6923076923076923,0.11538461538461539,0.0068575949591475,0.007596877383460729,0.00863512731397345,0.008998349711344587,0.013078306360494063,-0.027374424779054274,-0.04073303645494175,39.433551198257085,6.971677559912854,15.177923021060277,22.418300653594773,NORMAL,False,False,False,0,58.269230769230774,33.17357968828557
2025-01-10,-0.0040379997024632,-0.0155413569242578,0.0358495886298899,0.0092033499972026,0.0001454698142142,-0.0017842139727809007,0.02249883257132432,-0.043831902172866,0.0561546204738383,0.6153846153846154,0.15384615384615385,0.0040379997024632,0.007518550599952573,0.008637698341563178,0.009375513178506333,0.01375286178321167,-0.02388069028004902,-0.0442185795548089,75.74437182280319,41.103848946986204,42.48366013071895,55.37400145243282,NORMAL,False,False,False,0,56.923076923076934,55.838724093626055
2025-01-13,-0.0147472753024774,-0.0142179243859902,0.0293848767006341,-0.0129222817057411,0.0031192432123516,-0.014362705444488024,0.018368108513246183,-0.0576576202439104,0.0293848767006341,0.8076923076923077,0.2692307692307692,0.0147472753024774,0.00697948173291987,0.00864026936639627,0.0092299286631878,0.014134667736743897,-0.022446664237395608,-0.03767377108288916,87.50907770515613,55.04720406681191,46.913580246913575,65.5918663761801,NORMAL,False,False,False,0,67.6923076923077,66.22199877101838
2025-01-14,0.0039028744993869,0.0143189121328024,-0.0167470147162522,0.0014961660744343,0.0053672559940245,0.0036425672594091146,0.02404851807140279,-0.0883933847234843,0.0262572482735428,0.2692307692307692,0.07692307692307693,0.0039028744993869,0.006983571224320488,0.008794128198215597,0.0101789260096639,0.015005802601248865,-0.02243343360702288,-0.029341373742875487,85.33042846768338,98.76543209876543,94.26289034132171,92.04066811909948,HIGH,False,True,False,1,12.115384615384613,68.06308306798502
2025-01-15,0.0016028803979861,0.0004627780696582,0.0327742053616431,0.0130718954248365,-0.0013294337549032,-0.00044171564367650784,0.01380989444686859,-0.0292670471569003,0.0327742053616431,0.5,0.15384615384615385,0.0016028803979861,0.007374197470811045,0.008497648351572839,0.009997970935611285,0.0150718648555707,-0.020083204012419476,-0.02173874703680667,40.08714596949891,70.00726216412491,11.619462599854756,40.52287581699346,NORMAL,False,False,False,0,22.884615384615383,35.23139768728004
2025-01-16,0.0042476507253836,0.0108098796235869,-0.0169915116791025,0.0124976598502304,-0.001206450011144,0.0029018192449308117,0.013465108015487923,-0.0257628243708114,0.024600132204575,0.34615384615384615,0.038461538461538464,0.0042476507253836,0.007957965021754132,0.008581924303393816,0.010270835755710426,0.015255665279928166,-0.009125846120332293,-0.004541108835738883,6.463326071169208,15.758896151053015,4.284676833696442,8.59840232389252,NORMAL,False,False,False,0,13.461538461538462,10.057343165186303
2025-01-17,-0.0046586517926727,-0.0149780263674078,-0.0101678069224052,-0.0007645840337501,0.00202591933891,-0.00380832368246035,0.019068624906439756,-0.0585963197000873,0.028346977701285,0.5384615384615384,0.15384615384615385,0.0046586517926727,0.008006171413829642,0.008383955079940381,0.01048254648820097,0.015435315187474976,-0.009743327625205356,-0.003971483676342813,46.187363834422655,65.06899055918663,0.4357298474945534,38.126361655773415,NORMAL,False,False,False,0,54.230769230769226,42.95768392827216
2025-01-20,0.0061004855371675,0.0166911655947814,0.0,0.0,-0.0004283964380461,0.006536044912399384,0.01695914268009127,-0.0112746239201924,0.0649049906963767,0.4230769230769231,0.0,0.0061004855371675,0.004174220736545143,0.007897366442335936,0.010897662891344374,0.015373644132748835,0.011210315798486414,0.027258882340696733,30.501089324618736,73.92883079157589,7.8431372549019605,36.73202614379085,NORMAL,False,False,False,0,14.807692307692308,30.154725992961286
2025-01-21,-0.0137118456772935,-0.0158032358422501,-0.0255521049557072,0.003898972773201,-0.0041343035710948,-0.01354315233420491,0.009945929154401182,-0.029847085201568,0.003898972773201,0.9230769230769231,0.2692307692307692,0.0137118456772935,0.008051451541104988,0.00821348809842185,0.010946946382123051,0.015610791958940098,-0.006532622492676166,-0.0032475428993584687,82.71604938271605,63.68917937545389,74.29193899782135,74.48075526506899,ELEVATED,False,False,False,0,71.73076923076923,73.65575945477906
2025-01-22,0.0056764909144164,0.0031603286111234,-0.0059295948328017,0.0045735381692377,0.0027931317031244,0.002967683734756012,0.019134962269913167,-0.0529619430135466,0.0360314623591426,0.3076923076923077,0.11538461538461539,0.0056764909144164,0.00860375116580643,0.008370205178139009,0.011023561594757147,0.01597125963845964,-0.002492099810536774,-0.0005599965065318235,33.26071169208424,68.2643427741467,0.6535947712418301,33.97966594045025,NORMAL,False,False,False,0,14.807692307692308,28.22807385062287
2025-01-23,0.0021593282262408,-0.0027788631946616,-0.01086956082035,-0.0016259574509376,0.0002406582121239,0.0009579624961936618,0.010187719288308557,-0.0113255874549309,0.0278226994136248,0.5,0.0,0.0021593282262408,0.008364904460586943,0.008390791786396996,0.011019898511011223,0.016063409461682863,-0.00456640706884448,-0.013995889292620745,2.6143790849673203,27.959331880900507,3.994190268700073,10.631808278867101,NORMAL,False,False,False,0,32.49999999999999,17.192265795206968
2025-01-24,-0.0048760476583936,-0.0045524546450842,0.000536061566001,0.0051391374434535,-0.0003758552692526,-0.007990945537816072,0.015327104055858548,-0.0504110573551256,0.019985507337316,0.6923076923076923,0.23076923076923078,0.0048760476583936,0.008389938446075268,0.008380990218557566,0.010956697952298138,0.01623708447560192,-0.004783823082047278,-0.0035599225326347073,37.908496732026144,55.119825708061,0.5083514887436456,31.85185185185185,NORMAL,False,False,False,0,62.30769230769231,40.988603988603984
2025-01-27,-0.0113912419355629,-0.0062676478742759,-0.0199572116270904,-0.0143304821691551,-0.0027440690068482,-0.011829600298797094,0.01585688841721669,-0.0451237733440202,0.0155059531747872,0.7692307692307693,0.3076923076923077,0.0113912419355629,0.008372139856655244,0.008585077406364442,0.010943707047646281,0.01659726350405364,-0.022086319595411963,-0.026061428049585778,78.5766158315178,43.86347131445171,19.389978213507625,50.406681190994924,NORMAL,False,False,False,0,67.6923076923077,55.59236914138875
2025-01-28,0.0056112298172781,0.0166900861876297,0.0082000613521369,0.0107032141837899,0.0030787340248521,0.008813852026152768,0.019149306814469982,-0.0455270042101608,0.0426499373548581,0.2692307692307692,0.038461538461538464,0.0056112298172781,0.007421533360850046,0.008734629596835233,0.01178622553990821,0.017141163391460403,-0.0029273143991987993,0.006093219078103562,47.930283224400874,83.66013071895425,9.005083514887437,46.971677559912855,NORMAL,False,False,False,0,10.769230769230766,36.110943522708226
2025-01-29,0.0089666492883511,0.006120665577717,-0.0155889107877905,0.0008313028724642,0.0013438818040467,0.010009329766042397,0.013372066953133296,-0.0155889107877905,0.0354474545084662,0.23076923076923078,0.0,0.0089666492883511,0.008216469238313498,0.008960337392298477,0.01185328558481637,0.0174053610789845,0.00033469587506762544,0.00906221103614846,11.619462599854756,30.065359477124183,3.848946986201888,14.822076978939725,NORMAL,False,False,False,0,8.076923076923077,12.79853080833473
2025-01-30,0.0037300875997627,0.0029695348573544,0.0015147425804351,0.0194647721075054,0.0006467634467979,0.0020302963845713704,0.018830209996135237,-0.0739535745026414,0.0227256754995139,0.19230769230769232,0.07692307692307693,0.0037300875997627,0.008344213773797462,0.007744528049129339,0.011547120927906662,0.016617820649031508,0.001902595365646631,0.01487886597275101,61.00217864923747,97.89397240377633,67.10239651416123,73.89978213507625,ELEVATED,False,True,False,1,9.423076923076923,54.556770571476456
2025-01-31,0.0111357401503258,0.0055818113938059,-0.0027499596920842,-0.0037194473963868,7.388062704660747e-05,0.008714086877153806,0.010635125627394914,-0.0066661576053757,0.0276243295690448,0.23076923076923078,0.0,0.0111357401503258,0.008865481608687718,0.008147590033920595,0.011433411080891501,0.016573200064560485,0.018023453198735107,0.025210954763374538,26.143790849673206,33.47857661583152,16.92084241103849,25.577342047930287,NORMAL,False,False,False,0,8.076923076923077,20.327216356628124
2025-02-01,-0.0011166221250199,0.0,0.0,0.0,0.0,0.0029204145501691156,0.017222745288102973,-0.0227636106019981,0.0492134888427044,0.46153846153846156,0.038461538461538464,0.0011166221250199,0.00475833639053964,0.00732512757183486,0.010462418045244394,0.016464471986867277,0.028603780203233287,0.031677143820781684,19.825708061002178,19.172113289760347,7.552650689905592,15.947712418300654,NORMAL,False,False,False,0,32.5,20.913398692810457
2025-02-03,-0.0051570919766934,-0.0075956787927957,0.0086861284077717,0.0076088541666665,-0.0010733472125903,-0.0006694231703601049,0.019482871018978387,-0.0331974274487424,0.0532118828582439,0.6923076923076923,0.11538461538461539,0.0051570919766934,0.0067915291560571205,0.007334809000595578,0.010487462247430367,0.0166958663309476,0.017589248766729515,0.0070333816843186625,36.74655047204067,36.673928830791574,2.7596223674655045,26.52868554829339,NORMAL,False,False,False,0,58.269230769230774,36.0508491145746
2025-02-04,0.0161893068206311,0.019251937287013,-0.0062876803012713,0.0068457416115264,0.0044988869796451,0.01421997763468405,0.010917865004707867,-0.0062876803012713,0.0336024458039265,0.11538461538461539,0.0,0.0161893068206311,0.00873256262593969,0.008250586565334237,0.011290022618931615,0.017010197940630543,0.024873630919059364,0.020176565606134567,72.98474945533769,55.918663761801014,71.75018155410312,67.49455337690632,NORMAL,False,False,False,0,4.038461538461538,48.45772582537288
2025-02-05,-0.0018092070621439,0.0036903734180344,-0.0229710899456329,0.006413643330515,0.0021473616041636,-0.003194634729994107,0.012715891271771215,-0.0370315889250552,0.0297126633580575,0.6153846153846154,0.07692307692307693,0.0018092070621439,0.009262318226728246,0.00810115694603201,0.01118717087725746,0.01697805672228088,0.019217651186047124,0.02090977093454538,20.26143790849673,48.07552650689906,3.9215686274509802,23.703703703703702,NORMAL,False,False,False,0,39.23076923076923,28.36182336182336
2025-02-06,-0.0039226026346081,0.0007756935792326,-0.0059129688323706,-0.0054325453147123,0.0023413537769008,-0.003213419305061562,0.00883710289072283,-0.022226130838073,0.0098047729448966,0.5769230769230769,0.07692307692307693,0.0039226026346081,0.008733489158207666,0.008097877026962009,0.01049879174795138,0.016388112971490995,0.0040389485108422996,0.01603039405882467,19.462599854756718,18.663761801016705,6.027596223674655,15.192447349310095,NORMAL,False,False,False,0,37.88461538461539,22.00009775990168
2025-02-07,-0.0018387386257991,-0.0044311371117191,0.0055232882917048,0.0039565997297357,0.0029107049804513,-0.004030114421219104,0.009625940710796449,-0.0236868276220111,0.0186307958934077,0.6153846153846154,0.11538461538461539,0.0018387386257991,0.008779715646367767,0.007302720186324662,0.00992966604371157,0.015742656578507798,0.003313104925691146,0.011528224073076077,9.876543209876543,33.62381989832971,6.390704429920116,15.954974582425562,NORMAL,False,False,False,0,55.57692307692308,27.84155913077482
2025-02-10,-0.0075700336923079,-0.0035457662398508,0.0185915449975242,0.0163917271299209,-0.0008585957217073,-0.008021976349233885,0.013035719124175458,-0.0349858101993969,0.0185915449975242,0.7692307692307693,0.15384615384615385,0.0075700336923079,0.009236071974171577,0.007513730009324733,0.009580031309434587,0.01536935506968339,0.0008796191711333279,0.015656179549275784,42.26579520697168,55.55555555555556,28.903413217138706,42.24400871459696,NORMAL,False,False,False,0,62.30769230769231,48.26311379252556
2025-02-11,-0.0132496849360461,-0.0115564226906224,0.0138274336866675,-0.0006176607754746,-0.0002628477861983,-0.013588813821747243,0.011456111581453527,-0.0456462259888232,0.0138274336866675,0.9615384615384616,0.19230769230769232,0.0132496849360461,0.004839915052332595,0.008106317098047194,0.010003759341127771,0.015489648383928375,-0.028115851122086477,-0.015043493464201085,74.58242556281772,84.45896877269426,48.29339143064633,69.65867828612927,NORMAL,False,False,False,0,70.38461538461537,69.8764594156751
2025-02-12,-0.0011507892904301,0.0015393835981993,-0.0265957031691018,-0.0012017167381974,-0.0077596672754013,-0.00607689416960742,0.015588322352631719,-0.0474838716708406,0.0251310906053232,0.6923076923076923,0.15384615384615385,0.0011507892904301,0.00497846754487985,0.00803740874288427,0.009722036588860863,0.015533969240895814,-0.027474785505978372,-0.017154335088918282,65.94045025417574,46.40522875816993,57.153231663035584,57.443718228031955,NORMAL,False,False,False,0,44.61538461538461,53.59521814423775
2025-02-13,-0.0006009745771905,-0.0024171177759326,-0.0011209447663713,0.005809522978257,0.0007233806722457,0.0031245016536573878,0.014855466656446506,-0.0106808856102802,0.049721448627316,0.6153846153846154,0.0,0.0006009745771905,0.005448720678558136,0.00797908387603417,0.00907054768563051,0.01513251422806489,-0.02423169711992168,-0.02028994361681924,20.98765432098765,64.70588235294117,17.501815541031227,33.05737109658678,NORMAL,False,False,False,0,51.53846153846155,38.60169822914921
2025-02-14,-0.0044352661537063,-0.0052755900900608,-0.0077150097446276,-0.0144570238556747,-0.0013802007930445,-0.0059493342348259145,0.009797449453469035,-0.028409889439758,0.0089679208134787,0.7307692307692307,0.11538461538461539,0.0044352661537063,0.005204414923153332,0.007878565615271236,0.008356602763973046,0.014877119984289425,-0.02676997360622735,-0.021120944972791933,50.835148874364556,22.149600580973132,36.528685548293396,37.937545388525784,NORMAL,False,False,False,0,59.61538461538461,44.44089715658343
2025-02-17,0.0013192755977626,0.0032474746924271,0.0,0.0,-0.0036827788645059,0.0012105432815406306,0.011372509200521744,-0.0376028263687139,0.0290826356365498,0.34615384615384615,0.038461538461538464,0.0013192755977626,0.005766354773709202,0.007283323322306658,0.007532201262535116,0.014597907174192227,-0.018052640385038066,-0.014447521308097011,10.167029774872912,54.03050108932462,16.55773420479303,25.24328249818446,NORMAL,False,False,False,0,13.461538461538462,21.70875928719066
2025-02-18,-0.0006184463402948,-0.0034835869597799,0.0156912728848139,0.0166458587787583,0.004861438928019,0.0008125206108106346,0.009094595757898298,-0.0147954403155002,0.0224332103755671,0.5,0.0,0.0006184463402948,0.002089279570929357,0.007154685425972019,0.007565824095659295,0.014282412384602917,-0.005482883681225181,-0.0063982978144688785,35.58460421205519,11.40159767610748,69.49891067538127,38.5039941902687,NORMAL,False,False,False,0,47.5,41.202795933188085
2025-02-19,-0.0005404326900405,0.0098355536679746,0.00556717514786,-0.0041616164913672,0.0003730598603401,-0.0007482502412869613,0.014821651463748264,-0.026348827331559,0.0362629203578279,0.5,0.11538461538461539,0.0005404326900405,0.0021031533768660657,0.007128657149129869,0.007808927329339472,0.014456894931215642,-0.004875174249573955,0.0018321211165717166,20.915032679738562,72.33115468409585,10.167029774872912,33.11546840958606,NORMAL,False,False,False,0,36.53846153846153,34.1423663482487
2025-02-20,-0.0008612081186238,-0.004751872072584,0.0044290615200583,0.0070562781206204,-0.0001656937682371,0.0008800646605344846,0.011203006878500484,-0.0232167968021846,0.0297562513218292,0.5,0.038461538461538464,0.0008612081186238,0.0020947814868605497,0.007057075418788671,0.007816552526772073,0.014282591956056905,-0.005134294832029651,-0.0005125781469977886,1.4524328249818446,9.949164851125635,10.021786492374728,6.572258533042847,NORMAL,False,False,False,0,48.846153846153854,19.254427126976147
2025-02-21,-0.0051171487988824,-0.0071623549197147,-0.029902138322595,-0.0008162933142006,-0.0048530763199383,-0.011272277413719948,0.01464848561311652,-0.0599059117230061,0.0077924156164661,0.8846153846153846,0.19230769230769232,0.0051171487988824,0.002375509955652027,0.006669991543560396,0.00786287236405378,0.014039329513887814,-0.005815698698168892,-0.0024083773215696214,79.4480755265069,47.6397966594045,58.53304284676833,63.63108206245461,NORMAL,False,False,False,0,67.69230769230768,64.84944975141053
2025-02-24,-0.0106401053300685,-0.0067219669026389,0.0042612985207537,0.0035061970129008,0.0009045715013911,-0.007358072115306017,0.014397315397141331,-0.0368859058761734,0.0210912267053247,0.6538461538461539,0.19230769230769232,0.0106401053300685,0.004404727672469361,0.006928674338328601,0.0071063492702646966,0.013811486948307177,-0.017689862175787496,-0.012321615748677184,38.77995642701525,35.58460421205519,8.278867102396514,28.671023965141607,NORMAL,False,False,False,0,59.61538461538461,37.954332160214506
2025-02-25,-0.0002571160481895,-0.0008961132482888,-0.0250353142781912,-0.0147223120802861,0.0018571483237523,-0.004250877393970931,0.013585214838603386,-0.0312566745349216,0.0253396445541396,0.6153846153846154,0.15384615384615385,0.0002571160481895,0.004467477507263034,0.006535691713086529,0.0069495383159955855,0.013587628304553857,-0.017334704120549937,-0.009757090146071623,42.91938997821351,44.734931009440814,27.378358750907772,38.80174291938998,NORMAL,False,False,False,0,56.923076923076934,44.23814312049606
2025-02-27,-0.0001108767876499,0.002786542114596,0.0206005826586175,-0.0073334649089774,0.0054458270939556,-0.00047527497845160406,0.013861493453060616,-0.0240557643054369,0.0269052347194624,0.6153846153846154,0.07692307692307693,0.0001108767876499,0.004541728849032732,0.006434971655507496,0.006944783266169519,0.013304236799045337,-0.016912366197410544,-0.01666933807283333,38.12636165577342,46.33260711692084,50.835148874364556,44.40087145969499,NORMAL,False,False,False,0,39.23076923076923,42.84984079101726
2025-02-28,-0.0186449596666951,-0.0081877398992964,-0.0083865863637176,-0.0160931961464867,0.0018907571116311,-0.02078705028672648,0.017683875997902297,-0.0572155851491034,0.0186394430448193,0.9230769230769231,0.5,0.0186449596666951,0.007831291763217915,0.006788780235717619,0.006986636897023512,0.013880778625232655,-0.03441042189456378,-0.020064063558397738,94.62599854756718,90.7044299201162,76.6158315177923,88.04647785039943,HIGH,False,False,False,0,79.8076923076923,85.57484218758728
2025-03-03,-0.0002440004922383,-0.004765743529761,-0.0199254493561221,0.0188239923239599,0.0015687405126187,0.001220464892692242,0.013862142562664433,-0.0240396985999037,0.0343179778670361,0.46153846153846156,0.038461538461538464,0.0002440004922383,0.008399664899213743,0.006804352840477353,0.007023118103400749,0.013686708138377244,-0.029680758284645448,-0.017698595610704193,38.198983297022515,64.4153957879448,49.45533769063181,49.44081336238199,NORMAL,False,False,False,0,47.5,48.85856935366739
2025-03-04,-0.0016569416451024,0.0027205723740042,-0.0016089016517856,0.0067123890430171,-0.0015366255698995,-0.002971234137834392,0.011116535709272403,-0.0262435267108753,0.0298431406009795,0.6153846153846154,0.07692307692307693,0.0016569416451024,0.008109249616192742,0.006789947544430328,0.006928764450164403,0.013358420617959376,-0.020870479414478282,-0.008360405010108707,7.8431372549019605,58.387799564270146,9.876543209876543,23.61655773420479,NORMAL,False,False,False,0,39.23076923076923,28.300821183174122
2025-03-05,0.0115316950692254,0.0050730436180865,-0.0285673090625602,0.0019590153218878,-0.0012893063491654,0.009857719100856581,0.017348357973186887,-0.0334558619274166,0.0433351236109964,0.15384615384615385,0.07692307692307693,0.0115316950692254,0.01080252710944798,0.0061549946080803825,0.005280357025143676,0.01333431576370344,-0.009324737841363895,-0.0024358436347664547,63.97966594045026,45.38852578068264,43.13725490196079,52.14960058097313,NORMAL,False,False,False,0,8.076923076923077,38.92779732975811
2025-03-06,0.009284847776867,0.002840794890887,0.0007540801326924,0.0004459399740508,-0.0037573566222437,0.008094801818395154,0.009227425676500598,-0.0050113847824786,0.0289213755382113,0.11538461538461539,0.0,0.009284847776867,0.011933285936013525,0.006741872511035119,0.005238159799671436,0.013563432745992449,-1.5593777251132757e-05,-0.002381873400087109,55.84604212055192,72.1132897603486,59.404502541757445,61.79375453885258,NORMAL,False,False,False,0,4.038461538461538,44.467166638735264
2025-03-07,0.0003460139864501,-0.0026774702657492,0.0102471413339575,-0.0040801433470216,0.00275640337828,-0.0012270055298230582,0.0108186527602344,-0.027386308229965,0.0332341497049837,0.6153846153846154,0.038461538461538464,0.0003460139864501,0.006080936334361077,0.006760879062844235,0.005208435744674941,0.013618925703127484,0.01933589139541625,0.0031606522270124504,18.591140159767612,55.70079883805374,26.361655773420477,32.055192447349306,NORMAL,False,False,False,0,37.88461538461539,33.80401932852913
2025-03-10,-0.0040882039130917,-0.0057879111036651,-0.0150656641175036,-0.0047164772273115,-0.0006312528754011,-0.006380243388108251,0.011543748342401535,-0.0416505744039923,0.0195958843754977,0.8076923076923077,0.07692307692307693,0.0040882039130917,0.00691425462103144,0.006772330446531672,0.005251909636825118,0.013679633204828495,0.015416400517011652,0.0021303437509361256,32.098765432098766,66.95715323166304,18.591140159767612,38.5039941902687,NORMAL,False,False,False,0,60.96153846153847,45.24125747164963
2025-03-11,0.001674047455606,-0.0075254176266522,0.003331837418905,0.0075751997038222,0.0032306320450203,0.0029327696266830917,0.016285431119175874,-0.0234212033462786,0.0417245573133275,0.46153846153846156,0.07692307692307693,0.001674047455606,0.006490829259076989,0.006713606127342387,0.005388786286425504,0.013844816912619382,0.01880435512289269,-0.008109615181108754,31.445170660856935,75.96223674655047,19.317356572258536,41.16194625998547,NORMAL,False,False,False,0,33.84615384615385,38.96720853583598
2025-03-12,-0.0012179087892316,0.0042357887292314,0.0215849102668042,0.0089945402145192,-0.0017743528974459,-0.0018566693838962154,0.016697842620561933,-0.0425794211017509,0.0312476384107975,0.5769230769230769,0.07692307692307693,0.0012179087892316,0.005003252939998687,0.006159553458062481,0.005087814168629447,0.013837642457924421,0.00596308479947627,-0.008935888534245873,35.07625272331155,81.48148148148148,19.970951343500364,44.466230936819166,NORMAL,False,False,False,0,37.88461538461539,42.49174627115803
2025-03-13,-0.0032620894617386,7.80329074525632e-05,-0.0166961768369193,0.0153788403490984,0.0016111827192319,-0.004406962895639571,0.009069368484557715,-0.0243044571086821,0.0153788403490984,0.6538461538461539,0.038461538461538464,0.0032620894617386,0.0024075128187453078,0.006174908957813679,0.005054235093504558,0.013642661211383016,-0.006542557901030865,-0.011666206511190436,33.769063180827885,39.14306463326071,60.27596223674655,43.33333333333333,NORMAL,False,False,False,0,39.23076923076923,42.1025641025641
2025-03-17,0.0049805683362682,0.0061121008054481,0.0154770658462002,0.005260848746774,-0.0045980457388411,0.00749825358918342,0.013425920143479585,-0.0157196971665728,0.0385847813449464,0.3076923076923077,0.0,0.0049805683362682,0.0037320930449743547,0.006337250238334553,0.005320430165965622,0.013830860839902826,-0.0019399179691829138,-0.0029558546832307853,26.724763979665937,22.22222222222222,23.52941176470588,24.415395787944806,NORMAL,False,False,False,0,10.76923076923077,20.321546282330594
2025-03-18,0.0144632989948354,0.0198607894778934,-0.0100621528078045,0.0117000325520832,-0.0002600201890802,0.0014815746902802575,0.005631050850162452,-0.0100621528078045,0.0198607894778934,0.07692307692307693,0.0,0.0144632989948354,0.006956220054654152,0.007172108190024409,0.006973262403412494,0.013729501663027052,0.016651602471513982,0.02276590733860684,72.54901960784314,81.3362381989833,86.20188816267247,79.28104575163398,ELEVATED,False,False,False,0,2.6923076923076925,56.30442433383609
2025-03-19,0.0032100316461272,0.0078699279623639,0.0038864294514238,0.0002635183887733,-0.0039151862669418,0.014867029071895504,0.0199837475851424,-0.0156817553210422,0.0664032244531387,0.23076923076923078,0.0,0.0032100316461272,0.006898619026462083,0.007205336499345601,0.0071524372700525205,0.014449351053048823,0.01821055350217171,0.038631134398113165,61.87363834422658,76.5432098765432,47.204066811909954,61.87363834422658,NORMAL,False,False,False,0,8.076923076923077,45.73462376403552
2025-03-20,0.01235619558909,0.0072481115409419,0.0163787732897593,0.0013505378267197,-0.0027606468022647,0.008762721841581,0.0072236599803376786,-0.0059497200991306,0.0192495038519899,0.11538461538461539,0.0,0.01235619558909,0.007176820560030357,0.007720757270574603,0.007242006307820999,0.014574526552074309,0.03204870343895383,0.04174663007573565,66.66666666666666,52.360203340595504,78.79448075526507,66.01307189542484,NORMAL,False,False,False,0,4.038461538461538,47.420688788335845
2025-03-21,0.0068885519512889,0.0106006590153471,0.0002929481752211,-0.0071710686934621,-1.157614416491537e-05,0.005801898110924515,0.011183507533424515,-0.0142367880364119,0.0289910423859189,0.23076923076923078,0.0,0.0068885519512889,0.004830263537202494,0.007842756131551746,0.007292926271395802,0.014504537952050558,0.04255894509689484,0.05270768504019441,44.88017429193899,24.255628177196805,65.06899055918663,44.74945533769062,NORMAL,False,False,False,0,8.076923076923077,33.747695659460355
2025-03-24,0.0131881772302988,0.0219671958251226,0.0121558559738339,-0.0016897003505831,-0.0040434790869232,0.013222843033242494,0.010597266684851423,-0.009690150395927,0.0366436377449463,0.11538461538461539,0.0,0.0131881772302988,0.004780682241768977,0.008290146758619506,0.008518879436186818,0.014804712385536675,0.051073454073416125,0.06929706942478897,81.69934640522875,54.103122730573716,93.89978213507625,77.0806100217865,ELEVATED,False,False,False,0,4.038461538461538,55.16796547678901
2025-03-25,0.0004353972876416,-0.0018760293060073,-0.0015916742783979,0.0035179227944899,-0.0052903654216215,-0.0013802225895600227,0.013135019580296083,-0.0267702204866556,0.0268722487428769,0.6153846153846154,0.07692307692307693,0.0004353972876416,0.005572703312617157,0.008143835151219372,0.008285937434605206,0.014637363896283959,0.03653931063481952,0.046506589720062275,56.79012345679012,25.998547567175017,56.35439360929557,47.421931735657225,NORMAL,False,False,False,0,39.23076923076923,44.96458298419083
2025-03-26,-0.0076810793285454,-0.0077303831054975,0.0094203119692595,-0.0009260339561932,0.0006816602789634,-0.007502939141733807,0.007824289625893429,-0.0221898303652533,0.0094203119692595,0.8461538461538461,0.07692307692307693,0.0076810793285454,0.008751640521396637,0.00792781246354014,0.00834878386312504,0.014489181450059424,0.025286368274175075,0.03030824122165443,54.974582425562815,49.60058097312999,59.840232389252,54.82207697893972,NORMAL,False,False,False,0,62.30769230769231,57.06776157756549
2025-03-27,0.0044748278770025,0.0071638103165458,0.0038764772024604,0.0130093846531076,0.0059001622765244,0.0030362855785876033,0.01496389578644547,-0.0560537026012328,0.0320829978565335,0.3076923076923077,0.038461538461538464,0.0044748278770025,0.007757160234198324,0.00792563747956332,0.008365788742448026,0.014458132925552683,0.01730433693602773,0.03022200998900626,39.14306463326071,87.72694262890342,55.119825708061,58.5112563543936,NORMAL,False,False,False,0,12.115384615384617,44.5924948326909
2025-03-28,-0.0030773044101545,-0.0002132781072294,-0.0080091186106819,0.0085942256217779,-0.0046517868093212,-0.0048982272960890385,0.012368411172064752,-0.0365539976980061,0.017384483415366,0.5769230769230769,0.15384615384615385,0.0030773044101545,0.007934659433366041,0.008000462065294213,0.008396658647913145,0.014393836654501217,0.007235388512559782,0.01919811450770892,31.88090050835149,37.908496732026144,13.580246913580247,28.19898329702251,NORMAL,False,False,False,0,55.57692307692308,36.41236523099268
2025-04-01,-0.0150365718652369,-0.0142994993713165,0.0265282053301483,0.0104972954296937,-0.002646587018289,-0.012953719595903171,0.016446643548030646,-0.0413928033341316,0.0265282053301483,0.7692307692307693,0.34615384615384615,0.0150365718652369,0.007542322881001192,0.007533962984257291,0.008914753555850457,0.01387023122146755,-0.0208235315970553,-0.016970313906270795,83.9506172839506,25.70806100217865,58.0246913580247,58.700072621641254,NORMAL,False,False,False,0,69.03846153846153,61.80158929668733
2025-04-02,0.0071938424586863,0.0102415184939255,0.0071629516585682,0.0067331433061443,0.0016614185704497,0.007649621490014983,0.012068236284631563,-0.0033283612264315,0.0516054992125871,0.3076923076923077,0.0,0.0071938424586863,0.0090337193654636,0.0075837062944062224,0.00889860923360988,0.013778498181122997,-0.014208701201788965,-0.005036015602913446,24.255628177196805,31.808278867102395,15.032679738562091,23.754538852578065,NORMAL,False,False,False,0,10.76923076923077,19.858946427573876
2025-04-03,-0.0035251486188494,0.0048551167465353,-0.0663784994701129,-0.0136628248281824,0.0004800782669271,-0.009984126316772353,0.01992749481634938,-0.0663784994701129,0.0328830123764578,0.6538461538461539,0.2692307692307692,0.0035251486188494,0.008658649267072679,0.007651404510805432,0.008904154440222533,0.014362525966970683,-0.010080108824194967,0.007583658390126757,86.8554829339143,78.86710239651417,67.82861292665214,78.75090777051561,ELEVATED,False,False,False,0,47.30769230769231,69.31794313166861
2025-04-04,-0.0148666197750665,-0.0018344419022233,-0.0740850708867078,-0.0274459154020019,-0.0043000144123613,-0.022281137264403336,0.02407723910347937,-0.0740850708867078,0.0144567049416184,0.7692307692307693,0.5,0.0148666197750665,0.009339785486910916,0.008281772449566724,0.008969643214459255,0.015262933585032881,-0.02914129704270474,-0.0014183448558545697,97.02251270878722,94.77124183006535,98.25708061002179,96.71750181554103,CRITICAL,True,False,True,2,74.42307692307692,90.0291743478018
2025-04-07,-0.0324325462830553,-0.031893428522519,-0.0208098222390505,-0.0201527062323622,0.0028891950403464,-0.02838816244188823,0.017975191168568872,-0.0701888462156503,0.0028891950403464,0.9230769230769231,0.6923076923076923,0.0324325462830553,0.014788496925001796,0.010976520815919705,0.011898166866730713,0.016567915060880848,-0.05772906234867936,-0.03306031043129676,98.91067538126362,91.79375453885258,94.62599854756718,95.49019607843138,CRITICAL,True,False,False,1,86.53846153846155,92.80467571644043
2025-04-08,0.0168873189028142,0.0130544948185493,-0.0184513825009469,0.0057940071265931,0.0058191002432006,0.016119283178902582,0.010486970927603503,-0.0184513825009469,0.0310226135754614,0.038461538461538464,0.0,0.0168873189028142,0.019230228638257827,0.011668681653596823,0.012137615624599028,0.01703027383243879,-0.027188888339930162,-0.006226944075549579,89.76034858387798,66.08569353667393,95.57007988380536,84.40087145969497,ELEVATED,False,False,True,1,1.3461538461538463,59.48445617563263
2025-04-09,-0.0060658560080705,-0.0053622292668923,0.0464920536746711,0.0296793223806162,0.0047462111325642,-0.004923389339128123,0.01874769702937668,-0.0428716194666176,0.0464920536746711,0.7307692307692307,0.15384615384615385,0.0060658560080705,0.01793908883846749,0.011713693822755824,0.012123408845988613,0.01732984414859129,-0.03999593844483784,-0.02157632718074942,90.92229484386347,96.07843137254902,94.91648511256355,93.66739288307916,HIGH,False,True,False,1,60.96153846153847,83.85563655661696
2025-04-11,0.0191703874091904,0.0151711957210516,-0.0136326943852915,0.0542123183942009,-0.0020235235383672,0.01452726342845154,0.014521559743516975,-0.0136326943852915,0.0542123183942009,0.15384615384615385,0.0,0.0191703874091904,0.021808586087080053,0.012479180681693184,0.01223403303306803,0.017613739539895645,-0.0181310547140634,-0.011531599626373512,91.6485112563544,87.7995642701525,99.27378358750907,92.78140885984024,HIGH,False,False,True,1,5.384615384615385,66.56237081727278
2025-04-15,0.0219023977821084,0.0270016655175673,-0.0027641978690294,-0.0010862144041455,-0.0024993979032794,0.019950588904410753,0.016796141488652973,-0.0027641978690294,0.062860851369392,0.19230769230769232,0.0,0.0219023977821084,0.02315876411776429,0.01332427123364931,0.013338601279645663,0.01815526795751653,0.01851612140722514,0.01702436560705145,93.10094408133624,89.32461873638344,57.73420479302832,81.35802469135803,ELEVATED,False,False,False,0,6.730769230769231,58.96984805318138
2025-04-16,0.004657316201027,0.0140942544316,0.0185879562304398,0.0335228968593641,-0.0036969111010541,0.005309875304282083,0.01490574558472156,-0.0161113556184405,0.0435837694911305,0.38461538461538464,0.0,0.004657316201027,0.011739566009797588,0.013278503260571669,0.013467118548004229,0.018316672081569105,0.05755900439765127,0.06533577621009279,88.59840232389253,72.25853304284678,97.60348583877996,86.39796659404503,HIGH,False,False,True,1,13.461538461538462,64.51703815429305
2025-04-17,0.0176834769379541,0.0220726446197363,0.035376965604096,-0.0053809132323979,-0.0012388342498511,0.012654327740337614,0.017306679354184885,-0.043408006330702,0.037083452034023,0.15384615384615385,0.038461538461538464,0.0176834769379541,0.011839099320020635,0.013707518639145821,0.013992782669500724,0.018549401297877546,0.05838700577335354,0.0748193308140801,92.08424110384895,94.04502541757444,81.19099491648511,89.40450254175745,HIGH,False,False,False,0,6.730769230769232,64.60238254846098
2025-04-21,0.0114834984640164,0.0186829445433254,-0.0247371438863932,0.0294677672314975,0.0,0.012575707861090964,0.01468880341205128,-0.0247371438863932,0.0335084975536688,0.15384615384615385,0.038461538461538464,0.0114834984640164,0.00692045965493943,0.013591971350893201,0.013933282949378411,0.01892262370693399,0.07707436936302581,0.10080287817620959,93.4640522875817,45.969498910675384,98.69281045751634,80.7843137254902,ELEVATED,False,False,True,1,6.730769230769232,58.568250377073895
2025-04-22,0.0017284255654137,0.0061965883201187,0.0194989805300469,-0.0015853157246075,-0.0053912470093429,0.003130776004480081,0.01230494047564135,-0.0194348090871875,0.0254227110209586,0.5,0.0,0.0017284255654137,0.008496339278329915,0.013593899162196844,0.013925478410236343,0.018504604063432364,0.058641445599320496,0.09107124502990915,82.06245461147422,41.61220043572985,95.78794480755265,74.04502541757444,ELEVATED,False,False,True,1,17.5,57.0815177923021
2025-04-23,0.0066908406521222,-0.0049804561845157,-0.0317213058354015,-0.0366090326430397,0.0008631110683468,0.01127511997350648,0.024670095600946677,-0.0366090326430397,0.0770998147616521,0.2692307692307692,0.07692307692307693,0.0066908406521222,0.006267333082828879,0.013441766843385546,0.014123615538267189,0.019242333141327242,0.04288300833089265,0.05709391615517512,93.39143064633261,95.06172839506173,97.96659404502542,95.26506899055917,CRITICAL,False,True,True,2,27.115384615384613,74.82016367800681
2025-04-24,-0.0033807460922566,-0.0030459127519368,0.0083507379788181,0.0170008699880213,0.0031384993762297,-0.0019283524940630692,0.01079761657454308,-0.0406387208339417,0.0170008699880213,0.6538461538461539,0.038461538461538464,0.0033807460922566,0.008212142784359841,0.013460826046709489,0.014175750301080427,0.019335985354621298,0.03453910991857745,0.03922697097486272,72.9121278140886,62.16412490922295,71.38707334785767,69.23021060275963,NORMAL,False,False,False,0,54.230769230769226,64.7303781911625
2025-04-25,-0.0085516633626838,-0.0097343123808428,0.0036629963192029,-0.0148859836903511,-0.0028374241956311,-0.011161074513887885,0.012776024841655145,-0.0396032792629114,0.0136406569974845,0.8076923076923077,0.23076923076923078,0.0085516633626838,0.00792907022389184,0.013384938667871929,0.01388490633749979,0.019383022721237073,0.007869443651739028,0.00688617039318018,75.38126361655773,39.72403776325345,34.20479302832244,52.331154684095864,NORMAL,False,False,False,0,66.34615384615384,56.53565443271326
2025-04-28,0.0120282118827472,0.014063172944799,-0.0153919583252498,0.0152632522382409,0.0014966650544145,0.011248680994659293,0.014201891193431805,-0.0153919583252498,0.0525992724443973,0.23076923076923078,0.0,0.0120282118827472,0.008100799285649581,0.01361353005153507,0.014054067499767961,0.019539762715073374,0.00841221079635357,0.002319897680116645,67.39288307915758,63.90704429920117,28.322440087145967,54.62599854756718,NORMAL,False,False,False,0,8.076923076923077,40.661275906373945
2025-04-29,0.0003061930965739,-0.0007495703024995,-0.02626915532888,-0.0041110131048387,-0.002630462035264,-0.0029164391674043086,0.010819775495272736,-0.02626915532888,0.0225743831429541,0.6153846153846154,0.038461538461538464,0.0003061930965739,0.008124618596346151,0.013447268595273438,0.01384096609214321,0.01950912261256958,0.0069804888330284864,-0.004599498669175528,46.913580246913575,30.355846042120554,12.708787218591139,31.684822076978936,NORMAL,False,False,False,0,37.88461538461539,33.54476006926987
2025-04-30,-7.191007773188485e-05,-0.0054900649922144,-0.0365772782430925,-0.0041581440957848,0.0001232739519003,-0.0034589591912785964,0.021752613300933216,-0.0557839824901814,0.0351321252244638,0.5384615384615384,0.19230769230769232,7.191007773188485e-05,0.007571581827737303,0.013439229469728458,0.013978428707865575,0.019842195715871543,0.00021579230376134184,-0.005109302587921416,78.5039941902687,67.68336964415396,8.859840232389251,54.36456063907045,NORMAL,False,False,False,0,55.57692307692308,54.72826937042623
2025-05-02,0.0005136803511647,0.0005119728611837,0.001374365784452,-0.0221180325737518,-0.0055664407251233,0.0027339499602434497,0.010618440884254655,-0.0221180325737518,0.0271004814189901,0.38461538461538464,0.038461538461538464,0.0005136803511647,0.007324655623268246,0.013396863769237094,0.013969522910112308,0.01978921643416107,0.004124272714311372,-0.0015587807091046457,64.99636891793755,55.482933914306464,81.48148148148148,67.08787218591141,NORMAL,False,False,False,0,14.807692307692308,51.40381822244568
2025-05-05,0.0047008906976129,-0.0035534847723488,-0.0199004945821352,0.0245676378859365,-0.0020119145697925,0.005474923174047967,0.012937740303319787,-0.0199004945821352,0.0357534177559204,0.34615384615384615,0.0,0.0047008906976129,0.005149016420038641,0.012803965388461503,0.013448755687871069,0.01933861914401933,0.01754626427519934,0.004673075176449215,53.74001452432825,68.62745098039215,61.6557734204793,60.580973129992735,NORMAL,False,False,False,0,27.115384615384613,50.54129657561029
2025-05-06,-0.0033338898599493,-0.0118009370533235,0.0343077025700695,0.03022977442079,-0.0036142149976834,-0.0037418964482730066,0.01801487713965359,-0.0588951038329483,0.0343077025700695,0.6153846153846154,0.15384615384615385,0.0033338898599493,0.002858381229125628,0.01283031134186953,0.013805780315887925,0.019515768614950003,0.0021004011498861885,-0.0209515364077153,86.27450980392157,93.39143064633261,94.69862018881626,90.9368191721133,HIGH,False,False,False,0,56.923076923076934,80.73269649740239
2025-05-07,0.0014274549954715,0.0062555970506448,-0.0172618117300681,-0.008794043752944,0.0067963651381479,0.0026427931499529078,0.014016477708954074,-0.0207794337774657,0.0495217347588563,0.4230769230769231,0.038461538461538464,0.0014274549954715,0.0028907278232807097,0.012760050886517315,0.013819960890235673,0.019196028114472123,0.003223674210108829,-0.014087993365378026,61.58315177923021,77.92302106027597,54.03050108932462,64.21931735657226,NORMAL,False,False,False,0,16.153846153846153,49.79967599575443
2025-05-08,-0.0057588802970967,-0.0044908618429099,0.0316858991261865,-0.0250783128693895,0.0002830660461647,-0.008093518189336858,0.015723929602756648,-0.0459116345080944,0.0316858991261865,0.6538461538461539,0.19230769230769232,0.0057588802970967,0.004107254653398384,0.01225944713341228,0.013880822388687968,0.018260231623160254,-0.00248203924678414,-0.013097428719124782,75.81699346405229,82.42556281771968,54.39360929557008,71.37254901960785,ELEVATED,False,False,False,0,59.61538461538461,67.84539969834087
2025-05-09,-0.0109501096942064,-0.0141706842398038,0.0185278019225285,0.011769642522029,0.0149144205894311,-0.006617524280632114,0.016767272947778085,-0.0356461922495666,0.0375632261433653,0.6923076923076923,0.19230769230769232,0.0109501096942064,0.0061155043769289385,0.009658769358711097,0.01198579626713451,0.017051945570628377,-0.01391150462355717,-0.027580365894540826,78.14088598402323,38.70733478576616,97.38562091503267,72.08424110384894,ELEVATED,False,False,True,1,60.96153846153845,68.7474303111558
2025-05-12,0.0381830730902199,0.0333537312075231,0.0152409095083423,-0.0345985206339605,-0.0078285266480462,0.03502969862945498,0.028228820659370556,-0.0345985206339605,0.0791323200066091,0.11538461538461539,0.07692307692307693,0.0381830730902199,0.01966971373127692,0.012030654679017195,0.013574971836340642,0.019073509083852407,0.018950409965291737,0.008436922450131723,98.83805374001452,97.24037763253449,99.41902687000727,98.53304284676835,CRITICAL,True,True,True,3,6.730769230769232,70.99236076196861
2025-05-13,-0.0138958390765435,-0.0079808097187122,0.0277642838550991,0.0063043629901009,-0.0051822135903111,-0.010244915474201203,0.013777847117053738,-0.0358349756907944,0.0277642838550991,0.7692307692307693,0.19230769230769232,0.0138958390765435,0.02115377108017506,0.012530763373035013,0.013689288145593836,0.01908980086963517,0.008152307797687275,0.012335284224727738,88.38053740014524,90.48656499636893,84.74945533769062,87.92302106027597,HIGH,False,False,False,0,63.653846153846146,80.64226858834702
2025-05-14,0.0036027960647213,-0.0025400185341366,-0.0081670591804733,-0.0181773741927623,0.0011134433559039,0.0037112824720221655,0.00929229701630617,-0.0181773741927623,0.0201110346169803,0.3076923076923077,0.0,0.0036027960647213,0.021166530341814625,0.012061038377125586,0.013539474577195572,0.018774236608999323,0.010342256863165256,0.003486526484597796,69.1358024691358,95.93318809005083,80.24691358024691,80.50835148874364,ELEVATED,False,True,False,1,25.769230769230766,64.08661527288977
2025-05-15,0.0160214381414618,0.0101147376676804,-0.0242280689948541,0.01235306784261,0.0050234890515976,0.013616274657811345,0.011831354566027562,-0.0242280689948541,0.0417053562484592,0.038461538461538464,0.038461538461538464,0.0160214381414618,0.021350191480422075,0.011665481199638903,0.012495132978567075,0.018378969563520635,0.03247529446372943,0.018209166145384925,89.90559186637618,88.96151053013797,94.19026870007262,90.90777051561365,HIGH,False,False,False,0,2.6923076923076925,64.44313166862186
2025-05-16,-0.0016877607536591,-1.270196656077971e-05,0.0141188374174388,-0.0120160063832688,-0.0004995077657526,-0.0006206010444216915,0.00804699486163998,-0.0212854833247879,0.0141188374174388,0.5769230769230769,0.038461538461538464,0.0016877607536591,0.019792601368833908,0.01172290391266565,0.012221594357428707,0.018143731920845587,0.04214431777949046,0.03283217146109063,75.23602033405955,96.73202614379085,86.34713144517066,85.01815541031226,HIGH,False,True,False,1,51.53846153846153,74.97424724875704
2025-05-19,-0.0029717088137536,0.0011887074695708,0.0032004631600306,0.014739127072203,0.0006483363355684,0.0001581573175484423,0.0106257399050294,-0.0189320140576578,0.0303814245814064,0.5769230769230769,0.0,0.0029717088137536,0.01088820500024759,0.011294497789405533,0.011284740855320143,0.01772691375738094,0.0008325075387227709,0.0006833822235983167,17.86492374727669,53.59477124183007,5.083514887436456,24.749455337690634,NORMAL,False,False,False,0,35.192307692307686,27.88231104407575
2025-05-20,-0.0104848313546668,-0.0098040563166725,-0.0020736521975703,0.0159187797822613,-0.0014993715810057,-0.007574873719160265,0.011777224936908248,-0.0278338029330511,0.0214870518829388,0.8076923076923077,0.11538461538461539,0.0104848313546668,0.009839511386875235,0.011422317356106937,0.010731669059227154,0.017634761047753425,0.004294461708272745,-0.0011557884196197188,55.33769063180828,62.817719680464776,23.311546840958606,47.97385620915033,NORMAL,False,False,False,0,62.30769230769231,52.274007038712924
2025-05-21,0.0052483127088862,0.0036034902262873,-0.0158248346664753,0.0088406546865613,0.001921019434325,0.005628040848907885,0.008025163244607988,-0.0158248346664753,0.0287326089896684,0.15384615384615385,0.0,0.0052483127088862,0.00997920734849885,0.011457855845606385,0.010664075183499933,0.017483603490972173,0.005941112413974103,0.004996246026037321,28.467683369644153,58.82352941176471,27.596223674655047,37.31299927378359,NORMAL,False,False,False,0,5.384615384615385,27.73448410703313
2025-05-22,-0.0082112727740422,-0.0024294241400201,-0.006009402853966,-0.0051370379685032,0.0007505761106474,-0.01004964066252524,0.007738652966165556,-0.0281888508576625,0.0008385327692357,0.9230769230769231,0.07692307692307693,0.0082112727740422,0.006144234796521579,0.011578345412197972,0.01062237495530733,0.016949211753243324,-0.01805117678391821,-0.007484351530029354,65.72258533042846,86.12926652142339,49.23747276688453,66.89905591866376,NORMAL,False,False,False,0,65.0,66.32933914306463
2025-05-23,0.0098924887180058,0.0083170440497823,0.0053921243830648,0.0216566071654082,0.0043761017907355,0.00813332924638185,0.00836294249111836,-0.0204224277522155,0.0239380582423265,0.038461538461538464,0.038461538461538464,0.0098924887180058,0.008704502941588914,0.01171554326428406,0.010772597083257125,0.0169365818549685,-0.006660740110684182,0.0007831567525855565,71.67755991285402,77.12418300653596,78.5039941902687,75.35947712418302,ELEVATED,False,False,False,0,2.6923076923076925,53.55932629462041
2025-05-26,0.0059549794562796,0.003136380661844,0.0,0.0,-0.0090211983385781,0.007199571094415173,0.008264260196792633,-0.0090211983385781,0.0295546064015177,0.11538461538461539,0.0,0.0059549794562796,0.009179772587749494,0.011520934886976135,0.010527504281903627,0.016608073497743632,0.0022329191744174803,0.002730041002420691,57.29847494553377,76.6158315177923,81.11837327523602,70.239651416122,ELEVATED,False,False,False,0,4.038461538461538,50.379294452823856
2025-05-27,-0.0069977248703164,-0.0039444183896566,-0.0104014204834307,-0.0191758824257805,-0.0004823930132084,-0.007908894310552306,0.006384590060557361,-0.0203206785908948,0.0043554299861698,0.9230769230769231,0.038461538461538464,0.0069977248703164,0.008220860815648452,0.011436732628886642,0.010101755490351342,0.016346889173511826,0.005764843718906398,0.008663851392473054,72.62164124909222,80.97312999273784,72.0406681190995,74.95279593318809,ELEVATED,False,False,False,0,63.65384615384616,71.5631109993855
2025-05-28,-0.0029706520659956,0.0011598187958674,0.0156019177609147,-0.0016671212867737,0.0023755009919497,-0.0017182638397135767,0.006651693140943967,-0.0138167527882127,0.0156019177609147,0.6538461538461539,0.0,0.0029706520659956,0.008022674536037248,0.011471735120172315,0.010103562497399349,0.016225589546891787,-0.002458344241553667,0.006207858502303765,27.160493827160494,49.16485112563544,24.11038489469862,32.846768336964416,NORMAL,False,False,False,0,37.88461538461539,34.3581224512597
2025-05-29,0.0032784792287758,0.0023287218949059,-0.0145537115727392,0.0071350495819826,0.0002976304593402,0.0037816187653250195,0.008058928520853598,-0.0145537115727392,0.0281736559515668,0.15384615384615385,0.0,0.0032784792287758,0.0068024305785000525,0.01148109243888736,0.010028038531297806,0.015598109326476308,0.009098054739913986,0.011007202075681288,12.999273783587508,72.9121278140886,27.741466957153232,35.39578794480755,NORMAL,False,False,False,0,5.384615384615385,26.3924361767499
2025-05-30,-0.0033382349691143,0.0036662991272233,-0.0024613999764006,-0.0085014604571098,-0.0002881599499485,-0.00274499933628365,0.007885103140226788,-0.0168799758176584,0.0187496162081268,0.6538461538461539,0.0,0.0033382349691143,0.005287457581715611,0.011523288447280662,0.01005363574209121,0.015569740681555618,-0.004122260971536007,0.006344049112562367,15.541031227305737,64.34277414669572,19.026870007262165,31.22730573710966,NORMAL,False,False,False,0,37.88461538461539,33.22449863136138
2025-06-02,-0.0013777230725331,0.0027569515334409,0.0284586201049792,0.0248411924164302,0.0019095540804663,0.0026873683797030193,0.010233957809099447,-0.0109798939615285,0.0284586201049792,0.5,0.0,0.0013777230725331,0.0037270825591450285,0.01149749228659738,0.010014714326544362,0.01540665490413811,-0.011381507522817524,0.005963406706614993,42.41103848946986,69.57153231663035,71.89542483660131,59.40450254175744,NORMAL,False,False,False,0,32.49999999999999,51.33315177923021
2025-06-03,-0.0070438333802584,-0.0054280996724959,0.0142354347909785,-0.0060523781799449,-0.0018778143240389,-0.005599509480865081,0.0066979383312233765,-0.0182848564187306,0.0142354347909785,0.8461538461538461,0.0,0.0070438333802584,0.003741698308746608,0.011593513709590388,0.009684075444747049,0.015040190355258805,-0.011427412478657861,0.0044649671563454785,46.695715323166304,89.17937545388526,64.19753086419753,64.69135802469137,NORMAL,False,False,False,0,59.61538461538461,63.168566001899336
2025-06-04,0.0031659048079861,0.0013831369422199,-0.0088314362819522,0.0069548233441931,0.0040427066695587,0.000810925592907273,0.007129301010383321,-0.0179727971524431,0.0161925868048973,0.34615384615384615,0.0,0.0031659048079861,0.004409597216163401,0.011608161663587772,0.00961265307689268,0.014853941605636458,-0.005342905618399008,0.004689022547232913,21.85911401597676,57.51633986928104,37.908496732026144,37.37109658678286,NORMAL,False,False,False,0,12.115384615384613,29.794382995363385
2025-06-05,0.0053086967621067,0.0015087059997582,0.0082736749465124,-0.0067585738337409,0.0022797708105306,0.004751394052054226,0.010269540022265608,-0.0102476137732172,0.0309130940032658,0.34615384615384615,0.0,0.0053086967621067,0.0049675004367183825,0.011558641924580563,0.009525156729728024,0.014502158325584626,-0.003330134175102639,0.003867075664765407,3.9215686274509802,62.381989832970234,14.814814814814813,24.727668845315907,NORMAL,False,False,False,0,12.115384615384613,20.943983576336517
2025-06-06,0.0101875239545026,0.0146616640903276,0.0190942546877825,-0.0083564629504373,-0.0003107560769065,0.015648038478525885,0.019464736880735366,-0.0083564629504373,0.0670415306146376,0.11538461538461539,0.0,0.0101875239545026,0.006567547439100645,0.011369793206619346,0.00923629020179679,0.014526022189529638,0.010195734684894653,0.01486464017497835,68.99055918663763,74.29193899782135,30.791575889615103,59.121278140885984,NORMAL,False,False,False,0,4.038461538461538,42.59643316015865
2025-06-09,0.0040054487100871,0.0046166581630715,0.0109941013369752,0.0028290687159577,-0.0010736366369418,0.005845647369750647,0.008524608502940461,-0.017058241547746,0.0251826665479284,0.19230769230769232,0.0,0.0040054487100871,0.0063013849923952295,0.007605207325541496,0.005833621725562467,0.011369947455285894,0.015641294331942168,0.016746801646534415,14.088598402323893,48.946986201888166,39.72403776325345,32.23674655047204,NORMAL,False,False,False,0,6.730769230769231,24.584953354561197
2025-06-10,4.18584595869298e-05,-0.0037034038630361,-0.0047480097143025,-0.0033613021770798,-0.0003416028618155,0.0011599220069301623,0.010181490182602556,-0.0120646073038379,0.0225154932425966,0.5769230769230769,0.0,4.18584595869298e-05,0.0037044757972438318,0.0068265180883612,0.005546207821444732,0.010911076227679107,0.022888866252419593,0.018509951145835313,24.909222948438632,41.830065359477125,57.661583151779226,39.811183732752355,NORMAL,False,False,False,0,35.192307692307686,38.42552092061895
2025-06-11,0.0014798446727146,-0.0029905394545787,0.0487842106060318,0.0001204933891842,-0.0012033583002453,0.004813805048756824,0.012837206760721151,-0.0078490574901933,0.0487842106060318,0.38461538461538464,0.0,0.0014798446727146,0.003930864365499616,0.006801705664565447,0.005564488854844874,0.01106785716492955,0.021169656965166483,0.01406147106973421,50.03631082062454,23.093681917211327,74.65504720406682,49.33914306463326,NORMAL,False,False,False,0,28.46153846153846,43.07586168370482
2025-06-12,-0.0100710846627866,-0.0066808517350855,-0.0016140954935971,0.0179447362898315,-0.0021365168913635,-0.007558213513149216,0.010787451905489435,-0.0285850219419038,0.0179447362898315,0.8076923076923077,0.11538461538461539,0.0100710846627866,0.0073667780980888895,0.006243243573333338,0.005463433565171177,0.01082714574471674,0.005547225594144889,0.005769266604356504,65.79520697167756,47.421931735657225,72.1132897603486,62.17864923747277,NORMAL,False,False,False,0,62.30769230769231,62.21736215853862
2025-06-13,-0.0068144588479197,-0.0098996784385851,0.0726043852871098,0.0148777101603201,0.0025575981785816,3.0322608946842097e-05,0.016770787816473908,-0.01687456305985,0.0726043852871098,0.6153846153846154,0.0,0.0068144588479197,0.005922336852374293,0.006405091405595731,0.005953469813834118,0.01111215754121016,-0.011376658567134212,-0.01857682267484173,82.20769789397241,56.71750181554103,95.13435003631082,78.43863471314452,ELEVATED,False,False,True,1,51.53846153846155,70.36858276073963
2025-06-16,0.0092197937677085,0.0075196612705366,-0.0165799761333147,-0.0101422386696641,0.0065446273155052,0.004688454013111292,0.011808535920685858,-0.0356715776533053,0.0209932689464884,0.19230769230769232,0.038461538461538464,0.0092197937677085,0.007541717699390516,0.006737587483012363,0.00617455788979128,0.011295283327718219,-0.006242201138768055,-0.015740840899741038,66.01307189542483,38.05374001452433,80.31953522149601,61.91721132897604,NORMAL,False,False,False,0,8.076923076923077,45.76512485336014
2025-06-17,-0.0037319707924959,-0.0041245941353845,0.0427755307011123,-0.0028853506563634,-0.0016811361136431,-0.0025925663143738916,0.01259797816326786,-0.0208272404520578,0.0427755307011123,0.6923076923076923,0.07692307692307693,0.0037319707924959,0.007571540244883906,0.006340773320180003,0.005795209759248929,0.011142918041886392,-0.009992316415547209,-0.016156942274462405,44.44444444444444,31.00944081336238,52.723311546840954,42.89760348583877,NORMAL,False,False,False,0,56.92307692307692,47.10524551701022
2025-06-18,-0.0016637405234334,0.0020569561900163,0.0040085925499426,0.000944886044883,0.0030021664296442,-0.002421031859947731,0.0069233822357827185,-0.0181777392171261,0.0121477338080946,0.6538461538461539,0.0,0.0016637405234334,0.007338996496808414,0.006248082027113863,0.005765695119606513,0.0111052227554535,-0.013099891185767376,-0.0111761033302481,37.61801016702977,40.95860566448802,63.471314451706604,46.3761801016703,NORMAL,False,False,False,0,37.88461538461539,43.82871068655382
2025-06-19,-0.0007577278241026,-0.0045012790229048,0.0,0.0,0.0029051924550864,-0.001614194964910473,0.009931528152085142,-0.0330299930352594,0.0176580421925593,0.5384615384615384,0.07692307692307693,0.0007577278241026,0.006039486307639945,0.0059465565173023325,0.005842892673630606,0.01086806101146313,-0.003815029681957127,-0.009006394243195492,28.104575163398692,21.278140885984023,30.864197530864196,26.884531590413943,NORMAL,False,False,False,0,51.53846153846153,34.28071057482822
2025-06-20,0.0128724709598377,0.0121524530766363,-0.002794770910014,-0.0064015431173815,-0.0003440616076397,0.008312469492730488,0.008605059571564128,-0.0064015431173815,0.0289517937242251,0.19230769230769232,0.0,0.0128724709598377,0.007368270887560324,0.006227906229200551,0.006163906335336647,0.010871003495374315,0.015931354828881528,0.013065633054431203,53.3042846768337,8.569353667392884,60.05809731299927,41.90994916485113,NORMAL,False,False,False,0,6.730769230769231,31.356195184626557
2025-06-23,-0.0055948454872697,-0.0034398256199512,-0.0856799431842769,0.0028502280921831,-4.044511835354925e-05,-0.009422392530706291,0.01729299212648123,-0.0856799431842769,0.0116022137312328,0.8846153846153846,0.11538461538461539,0.0055948454872697,0.007314708395366995,0.006234596493177143,0.0062070510835764954,0.011205240736198134,0.0010181945613614296,0.0020458188002234756,86.56499636891793,81.40885984023238,95.20697167755992,87.61074800290486,HIGH,False,False,True,1,65.0,80.8275236020334
2025-06-24,0.0029012296868362,0.0071807265653296,-0.0604291236397299,-0.0178523994729621,-0.0040112782117212,-0.002806568544164392,0.014608061740416145,-0.0604291236397299,0.0147204784425178,0.5,0.07692307692307693,0.0029012296868362,0.007012964998647321,0.006043165178291456,0.006289992483747668,0.011266257392608652,0.007683021870199536,0.013421186915184347,79.95642701525054,37.47276688453159,86.71023965141612,69.23747276688452,NORMAL,False,False,False,0,20.192307692307693,54.52392324451147
2025-06-25,0.0080018205204253,0.0028204861049134,0.0085442814804366,0.0029240355694371,-0.0038059824828191,0.00678433811615635,0.0075705892726621316,-0.0082403578719442,0.0210546709722303,0.11538461538461539,0.0,0.0080018205204253,0.007233799123453531,0.006211534375192689,0.006303005663152821,0.011367621478360056,0.017439075172173357,0.014193375948772013,38.48946986201888,43.20987654320987,65.359477124183,47.96659404502542,NORMAL,False,False,False,0,4.038461538461538,34.78815429305625
2025-06-26,0.0120520108141297,0.0103415560688662,0.0049291389995338,0.0019235677184039,0.0011792484249599,0.005443403768526988,0.010019558256327527,-0.0149821669172125,0.0253232331835064,0.2692307692307692,0.0,0.0120520108141297,0.007614081824334754,0.006673300395881239,0.0066316977360373,0.011540165616723682,0.030482086858318436,0.029314947391474666,46.11474219317356,12.345679012345679,44.66230936819172,35.54829339143065,NORMAL,False,False,False,0,9.423076923076922,27.710728450924528
2025-06-27,0.003475704773181,0.0041463538709511,0.0042918269231331,-0.0179391176925528,-0.0039497943403135,-0.000736878113199135,0.009060975555693546,-0.0179391176925528,0.0160516698681048,0.6153846153846154,0.0,0.003475704773181,0.0066002449705874575,0.006589815157245365,0.006640833183402203,0.011587525592324961,0.020921950209950912,0.021173093308464397,41.46695715323167,17.86492374727669,76.76107480029049,44.97458242556282,NORMAL,False,False,False,0,21.53846153846154,37.943746159432436
2025-06-30,-0.0047098423546652,-0.0022830699354901,-0.0062575710274892,0.0063231058070747,-0.0024641834423331,-0.003960766393122239,0.008670920509262683,-0.0211412053148779,0.0185622130851088,0.6923076923076923,0.038461538461538464,0.0047098423546652,0.006276955186641611,0.006714862806485886,0.006686845964527299,0.01164108774934827,0.021830552825273353,0.022358418400587388,27.0878721859114,29.920116194626,44.44444444444444,33.1445170660857,NORMAL,False,False,False,0,55.57692307692308,39.87423886933691
2025-07-01,0.0009699396772837,0.0025596262393621,0.0052218758209714,0.0128399860618109,0.0030272845762671,-0.0010789700300489148,0.00797943051554102,-0.0215976051125353,0.0185259470991281,0.5384615384615384,0.038461538461538464,0.0009699396772837,0.0064451163623536895,0.006402746407823131,0.00650191464912962,0.011584220944486755,0.01986281055942407,0.017667680486412207,24.328249818445897,25.49019607843137,55.99128540305011,34.1757443718228,NORMAL,False,False,False,0,20.19230769230769,29.980713367968267
2025-07-02,-0.0034610085397696,-0.0080099967239124,0.0305576790413237,0.0033865942378654,-0.0008306404128991,-0.0018929974711051226,0.010592330864929118,-0.0223488621855559,0.0305576790413237,0.6153846153846154,0.038461538461538464,0.0034610085397696,0.006681435703240635,0.006510719594039832,0.006853200541787051,0.011701824317351851,0.008265100293130434,0.0066768476387815134,7.334785766158316,10.74800290486565,23.674655047204066,13.260711692084243,NORMAL,False,False,False,0,52.88461538461539,25.147882799843586
2025-07-03,-0.0018897125192245,-0.0036360159939198,-0.0066715636560739,-0.0048984176653972,0.000599000140129,-0.0009643093719054536,0.007076677162065493,-0.0139219864965087,0.0161316650965661,0.5384615384615384,0.0,0.0018897125192245,0.0033334686206226154,0.00649884546670329,0.006936911011756923,0.011573812651495447,-0.0056244557027671505,-0.0072500250086805496,9.368191721132897,3.1227305737109656,49.74582425562818,19.6078431372549,NORMAL,False,False,False,0,48.84615384615384,28.37933634992458
2025-07-04,0.0021924250859925,0.0042250569323791,-0.0074626865671642,0.0002701111530112,-0.0043760305844936,0.005053839857021976,0.0068259347880556915,-0.0083124957338988,0.0167246995224576,0.23076923076923078,0.0,0.0021924250859925,0.00291387586964071,0.006162225622379278,0.006204165250650571,0.010563247507308629,-0.006896097787736255,-0.007172215173527174,48.5838779956427,44.08133623819898,82.49818445896877,57.407407407407405,NORMAL,False,False,False,0,8.076923076923077,42.6082621082621
2025-07-07,1.1813410706551508e-05,-0.001450052006258,0.0215037639876056,-9.003715772692988e-05,0.0020769126558344,0.0003354191599703278,0.009534299225755057,-0.0151688680000157,0.0303937496480297,0.6538461538461539,0.0,1.1813410706551508e-05,0.002255536301167788,0.006121755887695589,0.0061359870517874,0.010523484996272904,-0.002184813616507908,-0.006343279309577565,31.372549019607842,16.70297748729121,64.27015250544662,36.84095860566448,NORMAL,False,False,False,0,37.88461538461539,37.15405563934975
2025-07-08,0.0024036171315751,0.0053925527788438,0.005888436980449,-0.0075625567316308,0.004628253486405,0.0011994967937099693,0.007200706883086857,-0.0203738760681809,0.0124924987353007,0.38461538461538464,0.038461538461538464,0.0024036171315751,0.0025506600291690055,0.006130632296030444,0.006175106579164425,0.010397526341001792,-0.0007556546781998241,-0.0035355096552803777,43.9360929557008,30.57371096586783,77.41466957153231,49.97095134350036,NORMAL,False,False,False,0,14.807692307692308,39.42197363275794
2025-07-09,-0.0018180190273288,-0.0007466427173373,0.0007316759991737,0.0013910183417751,-0.0021492203435838,-0.0023944370470608345,0.008928486137625494,-0.0239352295501904,0.0139599066846023,0.6153846153846154,0.038461538461538464,0.0018180190273288,0.0020795675359378315,0.006156933263232356,0.006127229267239216,0.01029709756376601,0.000891795139417173,0.003760606560056612,21.13289760348584,5.88235294117647,50.39941902687001,25.33769063180828,NORMAL,False,False,False,0,52.88461538461539,33.60176805765041
2025-07-10,-0.004743646446198,-0.0045015696060312,-0.0264696933503207,0.0017513602235985,1.2907429694619664e-05,-0.002338859281313111,0.007378411237647511,-0.0264696933503207,0.0144346201250584,0.6538461538461539,0.038461538461538464,0.004743646446198,0.0029844657326537024,0.005770459838030364,0.006007625806016038,0.009986886233659596,-0.001970092056022499,0.002888627411222089,35.36673928830791,26.143790849673206,55.41031227305737,38.612926652142335,NORMAL,False,False,False,0,54.230769230769226,43.2982794257304
2025-07-11,-0.008100901810276,-0.0035343209012219,0.028240908247505,0.0116356480353723,0.0003068367992302,-0.006132624588501001,0.01714078471973538,-0.034299160736003,0.0461717135865933,0.7307692307692307,0.15384615384615385,0.008100901810276,0.004099116616075905,0.0058678623326145415,0.005563710917138477,0.010271226506860881,-0.012220666534110802,-0.004860424189697121,68.1917211328976,43.500363108206244,55.55555555555556,56.99346405228758,NORMAL,False,False,False,0,60.96153846153847,58.18388637506284
2025-07-14,-0.0026858541571485,0.0001876909559319,-0.0214754369152143,-0.0013408820023838,0.0010088603873197,-0.0024607024211833234,0.010117219139191887,-0.0214754369152143,0.0229342573157844,0.6153846153846154,0.038461538461538464,0.0026858541571485,0.0038650270901234057,0.005573977635791268,0.0053567384746382885,0.010068722554263903,-0.014885335327372351,-0.0032282746513043747,29.702251270878723,31.51779230210603,48.946986201888166,36.02033405954975,NORMAL,False,False,False,0,37.88461538461539,36.57961845706944
2025-07-15,0.0045251032187942,0.0042507774259854,-0.0068678216006623,-0.0064746982461211,0.0017140542222886,0.004766639807393939,0.010633959126075971,-0.0329670905475572,0.0266849167683205,0.19230769230769232,0.038461538461538464,0.0045251032187942,0.004643136294005921,0.0055664840242955795,0.005283151002199273,0.010068162051661392,-0.012800439563130372,-0.004360259750342377,37.54538852578068,60.05809731299927,60.71169208424111,51.24909222948439,NORMAL,False,False,False,0,8.076923076923077,38.29744148371599
2025-07-16,0.0006449487413033,0.002847050049398,-0.0021046211171603,0.0068172114958866,0.000287361167194,0.002672299174049009,0.00897511626725428,-0.0153400761602197,0.0217029910334445,0.4230769230769231,0.0,0.0006449487413033,0.004867385078648736,0.005538776355320888,0.005293150962066514,0.010158131269188787,-0.010364570408094576,-0.0007795629163188655,23.89251997095134,10.384894698620188,53.812636165577345,28.816267247639797,NORMAL,False,False,False,0,14.807692307692308,24.61369476565555
2025-07-17,-0.0039902173517283,-0.0059498808732423,0.017475199007328,-0.0036987031599552,-0.0012547811749642,-0.0017590899899839576,0.007811578359587387,-0.0151750731305579,0.0209252977960678,0.6923076923076923,0.0,0.0039902173517283,0.0047747823936560895,0.005633422968860461,0.0053843975976477845,0.010092539165843394,-0.00961539646621501,-0.00223328918375576,35.80246913580247,26.2164124909223,68.77269426289034,42.817719680464776,NORMAL,False,False,False,0,54.230769230769226,46.24163454555611
2025-07-18,-0.0056965580472427,-0.0096042987665874,-0.0029612759094698,0.0038621304651325,0.0018780960891948,-0.0014387185373135269,0.013685343050834462,-0.0521641583524336,0.0243668558429301,0.6153846153846154,0.038461538461538464,0.0056965580472427,0.004065203373369415,0.005009092281805926,0.005235524127040954,0.010151348655707907,-0.007214723808223411,-0.008311192293204317,51.85185185185185,63.39869281045751,42.62890341321714,52.549019607843135,NORMAL,False,False,False,0,52.88461538461539,52.64969834087481
2025-07-21,0.0048981443028652,0.0118996855178294,-0.0020789931283329,0.0145839255424247,0.0011865277058475,0.0019889829940485265,0.013474844019968823,-0.0321138084221002,0.0280543780871478,0.4230769230769231,0.07692307692307693,0.0048981443028652,0.004827728434675081,0.004972012260252327,0.005792859906646168,0.01008546838321719,0.00033483521201849165,0.0033012820733375747,41.17647058823529,50.03631082062454,42.556281771968045,44.24836601307189,NORMAL,False,False,False,0,17.5,36.22385620915032
2025-07-22,-0.0011876443882732,-0.0034546180825333,-0.0147321117370292,0.0109644757044224,0.000542081068795,-0.0038488411522950112,0.00834836898656886,-0.0204378167601538,0.0109644757044224,0.6153846153846154,0.038461538461538464,0.0011876443882732,0.004138425872688407,0.004941187265904128,0.005663661663647304,0.009860641581577151,-0.0053540822852270464,-0.004396828166013056,34.85838779956427,4.429920116194626,70.44299201161947,36.40522875816994,NORMAL,False,False,False,0,52.88461538461539,41.34904474610357
2025-07-23,0.0063445445902445,0.0080070691865177,-0.0144993067172204,-0.0131134723644833,0.0017112196279094,0.003306431050878685,0.009559835991116115,-0.0166701836049367,0.0247994533466116,0.2692307692307692,0.0,0.0063445445902445,0.00533856363020661,0.004812953661363205,0.005900153323065437,0.009841656527057048,0.0003113435492854144,0.0007259185373722499,37.10965867828613,3.7037037037037033,72.69426289034132,37.76325344952796,NORMAL,False,False,False,0,9.423076923076922,29.261200491592646
2025-07-24,-0.006256994627491,-0.0025239871294818,0.0119540042804118,-0.006805956510299,0.0006474260286823,-0.004419514730223623,0.00860660097728388,-0.0154402999051428,0.0150703013792743,0.7692307692307693,0.0,0.006256994627491,0.005842419266924243,0.004077299481793248,0.0054595177181474466,0.009704561137063993,-0.0019652234701830196,0.004174819752281067,47.276688453159046,56.35439360929557,75.88961510530137,58.583877995642695,NORMAL,False,False,False,0,56.92307692307692,58.08563767387297
2025-07-25,-0.0089816740370306,-0.0094128178907815,-0.0131757554637466,-0.0109759715218036,0.0003657572773954,-0.01088222920359641,0.011748293354535979,-0.0471349329375543,0.0097985312250099,0.8846153846153846,0.15384615384615385,0.0089816740370306,0.006710104717000202,0.004309916833530273,0.0057380662732055224,0.010022443574756578,-0.00526266755455973,0.004368964651848772,75.6717501815541,24.473493100944083,61.29266521423384,55.99854756717502,NORMAL,False,False,False,0,66.34615384615384,59.102829450868654
2025-07-28,-0.0062849623293875,-0.0078543897417512,0.023787528165297,-0.0074684770077234,0.000877072808342,-0.007693053666292758,0.0161363570879748,-0.052824785014899,0.023787528165297,0.6538461538461539,0.11538461538461539,0.0062849623293875,0.006070646004445979,0.004383940609331662,0.005945992573359028,0.010279802792958573,-0.01633269860485831,-0.01523809758966832,60.348583877995644,67.53812636165577,53.74001452432825,60.52287581699346,NORMAL,False,False,False,0,56.92307692307692,59.442936148818504
2025-07-29,0.0056804742343701,0.0024445361642722,0.0374756413477734,0.004321357549029,0.0031385026345571,0.006067941109959646,0.009794950777772881,-0.0087555371418772,0.0374756413477734,0.2692307692307692,0.0,0.0056804742343701,0.007310908095341997,0.004650819526312893,0.005942354167003964,0.01041622766284778,-0.009568721694441007,-0.009408696877862832,46.55047204066812,1.7429193899782136,68.84531590413944,39.79665940450255,NORMAL,False,False,False,0,9.423076923076922,30.684584660074858
2025-07-30,0.0013678351245234,-0.0012682007265838,0.0114145488509995,-0.0083047043168535,0.0032911574475162,-0.0016143419499219653,0.009664399175836611,-0.0345201068182358,0.0136217474374513,0.5384615384615384,0.038461538461538464,0.0013678351245234,0.006155342698126798,0.004664597195748515,0.005714889703279005,0.010392939832309581,-0.01446673475009519,-0.018523714015038162,49.16485112563544,44.95279593318809,65.64996368917939,52.84676833696442,NORMAL,False,False,False,0,35.192307692307686,47.550430143567404
2025-07-31,-0.0034882717656889,-0.003361489752152,-0.0105713980538504,-0.0007889124393861,0.0074818946561852,-0.0035075064716401042,0.009813455641132587,-0.0168716450944935,0.0343809628798918,0.8846153846153846,0.0,0.0034882717656889,0.005896378748613679,0.004691048366364032,0.005707878325703629,0.010487765057175262,-0.011720885503547884,-0.0193477829179437,67.02977487291213,89.97821350762527,93.97240377632534,81.99709513435003,ELEVATED,False,False,False,0,60.96153846153845,75.68642813250655
2025-08-01,-0.0081959437427822,-0.0061532462871151,-0.0278660156749573,0.0165492532515696,-0.0025673814779043,-0.0116025728733569,0.014662740979330863,-0.0451162529851695,0.0165492532515696,0.8461538461538461,0.2692307692307692,0.0081959437427822,0.005681724474493269,0.004860909681004227,0.005706370386571129,0.010918353833118347,-0.010937326997020325,-0.01612090276281508,82.2803195352215,45.025417574437185,76.18010167029774,69.27378358750907,NORMAL,False,False,False,0,69.03846153846153,69.20318697279481
2025-08-04,0.0064074150430544,3.1464859160390546e-05,-0.0154463224007764,0.0079756105867638,-0.0027900805159943,0.0057511430687188225,0.009800851552567604,-0.0154463224007764,0.0237762510139694,0.23076923076923078,0.0,0.0064074150430544,0.00620297535428363,0.005184435775997494,0.005713102676593283,0.01116351926255284,0.0016956273358201823,-0.008300752751095541,27.378358750907772,24.691358024691358,48.438634713144516,32.89034132171387,NORMAL,False,False,False,0,8.076923076923077,25.44631584827663
2025-08-05,-0.0029608040671041,-0.0046584786629316,-0.017046269992633,0.0022226174185195,0.0074273642515496,-0.0021510306397410344,0.008172078796091305,-0.017046269992633,0.0139101722721579,0.5769230769230769,0.0,0.0029608040671041,0.005513508152437069,0.005112406697638415,0.00554549782089188,0.011165065568770404,-0.006911411292197633,-0.015327629753477012,48.07552650689906,9.077705156136528,83.44226579520696,46.98620188816267,NORMAL,False,False,False,0,50.19230769230769,47.948033629406176
2025-08-06,-0.0030569142281212,0.0009194040399023,-0.0124310181470922,-0.0005617855047789,-0.0019364861365769,-0.007173661020073035,0.009465318901242156,-0.0252033744474832,0.0056832941126434,0.7307692307692307,0.15384615384615385,0.0030569142281212,0.005314940164175946,0.005121076622811905,0.005572510671429515,0.011226852463087834,-0.01129957709488405,-0.013170820515856274,52.868554829339146,44.58968772694263,58.82352941176471,52.171387073347866,NORMAL,False,False,False,0,45.96153846153847,50.30843248980504
2025-08-07,0.0008932609229541,0.0019851600824349,-0.0073037671662863,0.0060059316059541,0.0004491199458134,0.0003776204370555154,0.005542734434129078,-0.0097265394674639,0.0098349792480421,0.34615384615384615,0.0,0.0008932609229541,0.0054217060617674905,0.00510494471857292,0.005582555899471494,0.011208961015846881,-0.006952389701605943,-0.007876794632848405,39.070442992011614,6.1002178649237475,78.14088598402323,40.90050835148874,NORMAL,False,False,False,0,12.115384615384613,32.2649712306575
2025-08-08,-0.0094669127354072,-0.0092982586731097,0.0,0.0114107720703933,-0.0037521713511867,-0.007139219651729508,0.009966999948679433,-0.0351796003785799,0.0114107720703933,0.7692307692307693,0.07692307692307693,0.0094669127354072,0.005835044570784425,0.00520595897655675,0.005848580254893758,0.010870149349454154,-0.008224952273746089,-0.01101635287727143,65.57734204793029,24.03776325344953,68.1917211328976,53.89978213507625,NORMAL,False,False,False,0,59.61538461538461,55.614462879168755
2025-08-11,0.0091018044718578,0.0091964820746788,0.001252317079208,-0.0250065416992686,0.0006301895525009,0.007665004669387873,0.010409512048522205,-0.0250065416992686,0.0316396142883794,0.038461538461538464,0.038461538461538464,0.0091018044718578,0.006807114212500303,0.005715815092906026,0.006317442172794539,0.011152652237976261,-0.0055697371348251146,-0.0019525859156763747,68.2643427741467,69.49891067538127,94.04502541757444,76.36891793754539,ELEVATED,False,False,False,0,2.6923076923076925,54.265934863974074
2025-08-12,-0.0039719417907191,-0.0084136997113172,-0.0123514841594037,-0.0012526304584333,0.0020139935709173,-0.002943382326059258,0.010277196644021198,-0.0282524697238499,0.0192902426014802,0.6538461538461539,0.07692307692307693,0.0039719417907191,0.006890798462690957,0.005599285836789454,0.00638742397454815,0.011009398009362605,-0.00657822903402927,-0.00571801574685793,22.076978939724036,10.675381263616558,18.22803195352215,17.501815541031227,NORMAL,False,False,False,0,55.57692307692308,28.92434780179878
2025-08-13,0.0053884535167121,0.0025025570947287,-0.0082317026775226,0.0029263486858075,-0.0007859631216112,0.004048706491081042,0.007349258003803269,-0.0082317026775226,0.0271244295429839,0.2692307692307692,0.0,0.0053884535167121,0.007370865034656416,0.005788188267823647,0.006374880633000498,0.01096590997979857,0.0018373087246137398,-0.0041453610911724725,13.217138707334787,20.334059549745824,44.734931009440814,24.807552650689907,NORMAL,False,False,False,0,9.423076923076922,20.19220993240601
2025-08-14,0.000485438164071,0.0029068164395997,0.0209097769622979,-0.0069967547984751,-0.0016621767687192,0.0012900687605691308,0.008469076361916555,-0.0119891886662348,0.0213532975119288,0.4230769230769231,0.0,0.000485438164071,0.007366143971721417,0.00575998030703403,0.0063752755300542155,0.011010290693581984,0.0014291013051537238,-0.003229343773424098,18.88162672476398,16.33986928104575,57.80682643427741,29.796659404502538,NORMAL,False,False,False,0,14.807692307692308,25.299969275459468
2025-08-18,0.0099730192766349,0.0071021634423653,-0.0084427911703712,-0.0010494123444593,0.0007181838533216,0.012583628816303347,0.0225923411620239,-0.0125167526732518,0.0875077165012345,0.3076923076923077,0.0,0.0099730192766349,0.005902252849149546,0.006133799652983239,0.006324982176197445,0.011769551101089385,0.021082875514770283,0.013271545275726382,75.96223674655047,84.82207697893972,53.59477124183007,71.90994916485113,ELEVATED,False,False,False,0,10.76923076923077,53.56773364616502
2025-08-19,0.0041685646806257,0.0023369559046753,-0.0168716449971165,-0.0054927061549129,-0.0024876905740109,0.0021287543986343153,0.011634719527338098,-0.0168716449971165,0.035872753019833,0.4230769230769231,0.0,0.0041685646806257,0.005253723737226876,0.0061041976585922844,0.005667991862471826,0.011561237258813934,0.016091063341496792,0.006384320829748935,8.061002178649238,30.791575889615103,26.143790849673206,20.305010893246187,NORMAL,False,False,False,0,14.807692307692308,18.65581531758002
2025-08-20,0.0027981813736617,-0.0029830483254947,0.0137931135749509,0.0090541440466571,-0.0024743175175754,0.00399816357394238,0.013152158876750841,-0.0160700068508991,0.0390277685205686,0.5384615384615384,0.0,0.0027981813736617,0.003530097599640626,0.006135312392039652,0.005657989144611865,0.01185013656145825,0.022997557178042083,0.01189601699274867,22.149600580973132,29.557007988380533,33.18809005083515,27.683369644153956,NORMAL,False,False,False,0,33.84615384615384,29.532204904753918
2025-08-21,0.0013252889742787,0.0010224551603723,0.0049043090931979,-0.001944128788017,-0.000699339176171,0.0022592067887880845,0.006848300267669962,-0.008165474283667,0.0250521181393812,0.38461538461538464,0.0,0.0013252889742787,0.0037531224166363632,0.005962226635370115,0.005280644642837483,0.011776197542158588,0.018863227420441886,0.0104020464871184,16.848220769789396,17.066085693536674,63.68917937545389,30.96586782861293,NORMAL,False,False,False,0,13.461538461538462,25.714569018490586
2025-08-22,-0.0085174820600987,-0.010869803575113,0.0022040206020075,0.0112379756952436,0.0031625554001744,-0.0056018891954494904,0.007771766081196776,-0.0182122908464461,0.0112379756952436,0.7307692307692307,0.0,0.0085174820600987,0.0067076210865579505,0.006101810281193679,0.005697892549601346,0.011826927075896557,0.00969493370430441,-0.00347753317907451,58.387799564270146,70.29774872912128,75.81699346405229,67.18954248366013,NORMAL,False,False,False,0,55.57692307692308,63.705756661639015
2025-08-25,0.0039264173509054,-0.0001830963988019,0.0179076846854884,-0.0001777659829851,0.0004203913030216,0.007203734224550892,0.009663548789726287,-0.0022278561375354,0.0299831804701755,0.2692307692307692,0.0,0.0039264173509054,0.005295940873877585,0.005818723565558468,0.005405876644525065,0.011705176696016574,0.003649996647561826,-0.010686260726174845,19.680464778503996,23.81989832970225,51.779230210602755,30.551924473493102,NORMAL,False,False,False,0,24.42307692307692,28.713270208368247
2025-08-26,-0.0102411798720348,-0.0124929324953326,-0.0239197990549441,0.0043867593259612,0.003189001104352,-0.009858601497225693,0.014195576768477484,-0.0340435081098762,0.0231798144035593,0.7692307692307693,0.2692307692307692,0.0102411798720348,0.006698818175214006,0.0061133870967235585,0.005790845022863338,0.011715357605144975,-0.010752306492220032,-0.02532346656758111,74.21931735657226,42.62890341321714,41.03122730573711,54.785766158315184,NORMAL,False,False,False,0,66.34615384615384,58.25388246466677
2025-08-28,-0.0085444301039235,-0.0115719459672157,0.0213438493932189,0.0127486129749434,0.0005765026908393,-0.0063775832826091505,0.010194219825332414,-0.028804978257902,0.0213438493932189,0.7307692307692307,0.07692307692307693,0.0085444301039235,0.006526043467163014,0.006253497470108753,0.006131363615677807,0.011761632596141878,-0.021941648925196677,-0.03371991054516699,55.41031227305737,19.825708061002178,57.879448075526504,45.475671750181554,NORMAL,False,False,False,0,58.269230769230774,49.31373945589631
2025-08-29,-0.0030223697933294,-0.0030602387427501,-0.0091330704617118,0.0122093075784115,-0.0007689526594969,-0.003864842243119254,0.010669150857730264,-0.0290717914233723,0.0220753429824958,0.6153846153846154,0.11538461538461539,0.0030223697933294,0.005822501913311488,0.006256715020195221,0.0061307002980134665,0.011827037015223437,-0.026188284870683143,-0.03766090688305013,39.21568627450981,3.0501089324618738,41.90268700072622,29.17211328976035,NORMAL,False,False,False,0,55.57692307692308,37.09355622590917
2025-09-01,0.0081140701746054,0.0064634533613727,0.0,0.0,0.006651354750911,0.00814671694976534,0.011846077341035415,-0.0195672577988165,0.0362244214222915,0.19230769230769232,0.0,0.0081140701746054,0.007893001286033355,0.006531078271288291,0.006423757926219084,0.012083618116320805,-0.009853150247641884,-0.020797130181751777,45.751633986928105,0.8714596949891068,66.52142338416849,38.51851851851852,NORMAL,False,False,False,0,6.730769230769231,28.982193732193732
2025-09-02,-0.0018457290617897,-0.0063228469021261,0.0246835517720731,0.021792311436207,-0.0019608586245332,0.0003587259438036544,0.01086343437242267,-0.0244012259770272,0.0246835517720731,0.5384615384615384,0.07692307692307693,0.0018457290617897,0.007210626650871709,0.006274796124611811,0.0064299704107817525,0.011667311839852257,-0.015546070055371009,-0.026810292482937648,49.01960784313725,22.657952069716774,61.074800290486564,44.727668845315904,NORMAL,False,False,False,0,51.53846153846153,46.77090665325959
2025-09-03,0.005510715147017,0.007576280375878,-0.024698813960013,0.0123401279183004,-3.5285386821515274e-05,0.003841873197891283,0.009304515855143764,-0.024698813960013,0.0170357276989512,0.3076923076923077,0.038461538461538464,0.005510715147017,0.0067406569860676445,0.0062300064657720405,0.006754327504793288,0.011633167270174384,0.00012139826138102272,-0.007032052866299376,16.122004357298476,0.36310820624546114,41.830065359477125,19.106753812636164,NORMAL,False,False,False,0,12.115384615384617,17.009343053460697
2025-09-04,0.0007788776228048,0.0001460846179617,-0.007659866642432,-0.0076254877869554,0.000848873251025,0.0006827002323195271,0.01722440206381116,-0.018392413872291,0.0594948939831436,0.5769230769230769,0.0,0.0007788776228048,0.004774117850927876,0.006192381460010466,0.006717380247202169,0.011952624034370026,0.009526196462327219,0.0047397991437081455,25.12708787218591,65.86782861292664,30.57371096586783,38.9832970225127,NORMAL,False,False,False,0,20.19230769230769,33.3460002234512
2025-09-05,0.0002708473067116,0.0007230926985335,-0.025362328638335,0.0132929221197715,0.0013614111829065,-0.001401356906226546,0.012277594088672098,-0.025362328638335,0.0229211579598027,0.46153846153846156,0.11538461538461539,0.0002708473067116,0.004104184305484366,0.0061450772493612475,0.006714337054192545,0.011914221397925766,0.012860863993874316,0.008552731298822058,26.870007262164126,29.702251270878723,41.46695715323167,32.098765432098766,NORMAL,False,False,False,0,20.192307692307693,28.526828110161443
2025-09-08,0.0012994782193525,0.0013369353566743,0.0063035299237326,0.0068914388411576,-7.482944941095138e-05,0.0011730400495321572,0.010906958417450313,-0.013800117041763,0.0401908363633258,0.46153846153846156,0.0,0.0012994782193525,0.0026883663733679912,0.006147616423216806,0.006699896055818974,0.012006910057828847,0.006014184932676692,0.0034155713568257973,1.815541031227306,2.6143790849673203,22.149600580973132,8.155410312273059,NORMAL,False,False,False,0,16.153846153846153,10.554941064744988
2025-09-09,0.0038529301782352,0.0005389333186081,0.0059428647053796,0.0014293040412012,-0.0023337288488249,0.007401281421119664,0.014454988048366639,-0.0084488904865255,0.0498290761807262,0.3076923076923077,0.0,0.0038529301782352,0.002244077804567117,0.005732598235873266,0.006429257221469288,0.01206830689924021,0.011757717969082426,0.010344599662697407,22.948438634713145,39.2883079157589,32.46187363834422,30.704429920116198,NORMAL,False,False,False,0,10.76923076923077,24.723870174850568
2025-09-10,0.0042020862308871,0.0059004323121836,0.0166054140682354,8.235633192543723e-05,0.0027028784801652,0.0066188756932730785,0.01227211204822069,-0.0248627350577038,0.0264901053603303,0.11538461538461539,0.038461538461538464,0.0042020862308871,0.0018180824366223268,0.005468674765407196,0.0062003344867876,0.012039551066701116,0.010440958847665716,0.008664147200698746,32.60711692084241,81.04575163398692,57.08061002178649,54.48075526506899,NORMAL,False,False,False,0,5.384615384615385,39.751913300932905
2025-09-11,0.0012974116602184,0.0024497866088455,-0.0204177677783351,-0.0018388942619718,-0.001869246331537,0.00023809352099933443,0.007432938584945782,-0.0204177677783351,0.0161667848050284,0.46153846153846156,0.038461538461538464,0.0012974116602184,0.0017382871850743294,0.005352495981673516,0.005976216083045401,0.011965681729727704,0.010964499103834902,0.010987469403102024,25.562817719680464,5.228758169934641,60.856935366739286,30.050835148874363,NORMAL,False,False,False,0,17.5,26.28558460421205
2025-09-12,0.0043390454100098,0.0025553363250743,0.0051306669922135,0.0034369931358144,0.0024326475230118,0.005411168712621085,0.00979806709375834,-0.0158277125508951,0.0340118737022099,0.3076923076923077,0.0,0.0043390454100098,0.001561738519436368,0.005312838363978504,0.005977541377160864,0.012026650628604946,0.01507618932136956,0.012838506279178263,17.28395061728395,15.250544662309368,47.421931735657225,25.715323166303556,NORMAL,False,False,False,0,10.76923076923077,21.231495447181718
2025-09-15,-0.0017838966811339,0.0014331651769012,0.009730429473828,0.0089877924332326,0.0001098586609118,-8.37925481424578e-05,0.008601668706331042,-0.016602093349253,0.0228112048047366,0.5769230769230769,0.0,0.0017838966811339,0.002638058095656641,0.005348710802087801,0.005944648044951918,0.012020554934204564,0.011950390784251752,0.012935841415771199,8.859840232389251,1.4524328249818446,50.25417574437182,19.0559186637618,NORMAL,False,False,False,0,35.192307692307686,23.896835372325565
2025-09-16,0.0067772563910986,0.0047323768849691,0.0192732609906822,0.0018195511543968,-0.0017422482097425,0.00705193936514959,0.007360540360778495,-0.0065355796645583,0.0220094796347742,0.15384615384615385,0.0,0.0067772563910986,0.0032895494733944175,0.005105445435663765,0.005809429640635174,0.011213136520333889,0.014898305727690797,0.01718124271488164,37.182280319535224,37.32752360203341,73.92883079157589,48.24981844589688,NORMAL,False,False,False,0,5.384615384615385,35.390257527512425
2025-09-17,0.0036114755294653,0.006268617473023,-0.0072844639764733,-0.0019246533393638,-0.0027109594950808,0.0033006780025530073,0.008344601819704447,-0.0112002569052687,0.0307858811939545,0.38461538461538464,0.0,0.0036114755294653,0.0032443781305492316,0.005087215427754559,0.0059751175358732644,0.011128280147679926,0.01430140415933523,0.017553556939452708,15.686274509803921,6.608569353667393,53.66739288307916,24.35729847494553,NORMAL,False,False,False,0,13.461538461538462,21.088570470923408
2025-09-18,0.0036853015416349,0.0042194000753892,-0.0074941972531322,-0.0103482256371789,0.0002969821715204,0.0022336392723320614,0.007383985394311511,-0.0110546998883584,0.0175286948201975,0.2692307692307692,0.0,0.0036853015416349,0.0031328529136270184,0.005110219631233405,0.006022823795804381,0.01094115133512798,0.016720305907700128,0.01934983292388992,31.082062454611474,19.317356572258536,78.72185911401598,41.844589687726945,NORMAL,False,False,False,0,9.423076923076922,32.11813585833193
2025-09-19,-0.0037976065391384,-0.004819844798488,-0.0140003050797702,0.0076296207702788,0.0033693693740604,-0.00223239085821095,0.009239546946998403,-0.0176730577843448,0.0275914115189095,0.6923076923076923,0.0,0.0037976065391384,0.004351289922438193,0.005207426956950811,0.006113824849870973,0.011017522631830857,0.008483347186827972,0.011851105049532018,29.193899782135073,53.3042846768337,57.225853304284676,44.83660130718954,NORMAL,False,False,False,0,54.230769230769226,47.65485168426344
2025-09-22,-0.0049236357186648,-0.003139292603342,-0.0006381766964356,0.0188478690376889,-0.0012210400853526,-0.006057741232050997,0.011675175482025912,-0.0301021162193201,0.0188478690376889,0.7692307692307693,0.11538461538461539,0.0049236357186648,0.005135390358191776,0.004934917787077408,0.005632425165468547,0.01111963046381962,0.005311314073622508,0.007231079851031552,50.90777051561365,28.9760348583878,61.22004357298475,47.421931735657225,NORMAL,False,False,False,0,60.96153846153847,51.48381375342159
2025-09-23,-0.001303434397354,0.0040698384274144,0.0122924723062962,0.0106664921017991,0.0023291948326098,0.0018349974002642804,0.010884548328156949,-0.0194386555161051,0.0230689496888243,0.5,0.0,0.001303434397354,0.004046568332210215,0.00489195619592987,0.005699559586862229,0.011051521918503643,-0.0027576106300224446,0.006566893704154753,22.512708787218592,14.161220043572984,49.89106753812636,28.220769789397238,NORMAL,False,False,False,0,32.49999999999999,29.504538852578065
2025-09-24,-0.0044736530076083,-0.0069942667729543,0.0249171742652496,-0.0128286512054176,0.0057030123980559,-0.005882239644245678,0.013897542491274619,-0.040214896146551,0.0249171742652496,0.7307692307692307,0.15384615384615385,0.0044736530076083,0.0035557576056309613,0.004373293085454694,0.005153928174212354,0.010766137471577992,-0.010791429590114587,-0.006699921900764183,76.97893972403776,32.02614379084967,79.01234567901234,64.10312273057372,NORMAL,False,False,False,0,60.96153846153847,63.16064744986314
2025-09-25,-0.0066269482123226,-0.0026360092023983,-0.0001537853079621,0.0012860868041868,-0.0003310068639466,-0.008102689256129269,0.009464969040986272,-0.027308025476605,0.0066441480971746,0.8076923076923077,0.11538461538461539,0.0066269482123226,0.0019389098822388334,0.004176503336644359,0.004368354773427141,0.010765342022544998,-0.020954939826992147,-0.013480789279463834,72.18591140159768,55.773420479302835,80.53740014524328,69.76761074800291,NORMAL,False,False,False,0,62.30769230769231,67.52963521590972
2025-09-26,-0.0094874379272315,-0.010674576718462,0.0113880859578405,0.0102759366019653,-6.196080244480484e-05,-0.009351609735963317,0.01331811160031057,-0.0378186768281884,0.0129459405101688,0.7692307692307693,0.23076923076923078,0.0094874379272315,0.0030030236938544826,0.0047045723086329766,0.0050292651191822324,0.011066425100532743,-0.0265467767371379,-0.019284568105322086,81.3362381989833,43.35511982570806,77.5599128540305,68.80900508351489,NORMAL,False,False,False,0,65.0,67.66630355846041
2025-09-29,-0.0008030448049409,0.0013173247233453,-0.0345404810651247,0.0120784713601187,-0.0010847679737854,2.584993462226512e-06,0.01226475436137307,-0.0345404810651247,0.0200756727256437,0.5,0.038461538461538464,0.0008030448049409,0.0036495575700533508,0.004351809859546248,0.0048467413185583315,0.010959189866495436,-0.0225157268090157,-0.014900130687033664,59.98547567175018,5.809731299927378,70.95134350036311,47.02251270878722,NORMAL,False,False,False,0,33.84615384615385,43.06960504999721
2025-09-30,-0.0009661407544825,0.0032105830318944,-0.0170213052493058,0.0052082354924209,0.0003123105595554,-0.0017303009019603113,0.007180428708821602,-0.0170213052493058,0.0114498235292825,0.5384615384615384,0.0,0.0009661407544825,0.0037266171611938497,0.004336283522031238,0.004610266085235405,0.0108129624742117,-0.02218559727547198,-0.01574315210390942,53.23166303558461,10.893246187363834,82.64342774146695,49.35366739288308,NORMAL,False,False,False,0,33.84615384615384,44.701413328864305
2025-10-01,0.0091503904924759,0.0130335235177108,-0.0094596787348389,0.0069516639326281,0.0015354345472429,0.010293372112055789,0.014099306289915632,-0.0112123530399751,0.0560864207885287,0.15384615384615385,0.0,0.0091503904924759,0.007141116602390769,0.004642094507281948,0.005154865967108135,0.01128395211375356,-0.008803946455305578,0.004108183172628177,63.76180101670298,25.417574437182278,56.71750181554103,50.145243282498186,NORMAL,False,False,False,0,5.384615384615385,36.71705491313334
2025-10-03,0.0023332467769816,0.0043597059088189,-0.0145677845413497,0.0034389266523917,-0.0013563452292785,0.0001994263837736653,0.006111978591910265,-0.0145677845413497,0.0185424468545101,0.5,0.0,0.0023332467769816,0.006722223720147519,0.004664286226300202,0.005196172355266286,0.01085919703923114,0.00013661207545623277,0.011151203429154544,30.21060275962237,26.724763979665937,64.05228758169935,39.31735657225853,NORMAL,False,False,False,0,17.5,32.772149600580974
2025-10-06,0.0073671787912872,0.0092752027145537,0.0133048216882829,0.0174448439291063,0.0001679460550048,0.009605054252804985,0.009310072645749404,-0.008780626052138,0.0298081414641364,0.15384615384615385,0.0,0.0073671787912872,0.004654860331668385,0.0049221206227619855,0.005482056458370753,0.010911287340657185,0.017154992162847105,0.03154110043082037,60.56644880174292,4.938271604938271,75.23602033405955,48.27886710239652,NORMAL,False,False,False,0,5.384615384615385,35.41059158706217
2025-10-07,0.0012222193924698,0.0023972971365973,0.0006484181620654,0.0071166512995441,-0.0001577722794878,-4.1146617507689316e-06,0.00874850654008274,-0.0214380068822259,0.0110741715049771,0.46153846153846156,0.07692307692307693,0.0012222193924698,0.004267949543545289,0.004921645350368756,0.0054822473199758566,0.010892471622642445,0.01921665535961181,0.03265367074603831,42.774146695715324,16.19462599854757,67.90123456790124,42.338416848220774,NORMAL,False,False,False,0,18.846153846153847,35.2907379476007
2025-10-08,-0.0024752925801897,-0.0039314386876293,0.0132836497797665,0.0167731100774219,0.0002423283054939,-0.003160276135284643,0.01251953530641627,-0.0236371944427277,0.0250257344128721,0.6923076923076923,0.038461538461538464,0.0024752925801897,0.004720534736280718,0.004910575942071998,0.005628756149560637,0.010716279599898713,0.017677015174254018,0.025302038825525175,42.70152505446623,28.467683369644153,68.40958605664488,46.14379084967321,NORMAL,False,False,False,0,55.57692307692308,48.97373051784817
2025-10-09,0.0054160175719368,0.00310257427267,-0.0166267134806158,-0.0239903046592135,0.0003898838257963,0.0028018587447877306,0.009477948041518792,-0.0239903046592135,0.0229150581845758,0.2692307692307692,0.038461538461538464,0.0054160175719368,0.003815589683049943,0.004967641753664227,0.005551837136154472,0.010611196681434905,0.013911089378529029,0.01525081912545434,54.756717501815544,29.484386347131448,86.05664488017429,56.56499636891793,NORMAL,False,False,False,0,10.769230769230766,42.826266689011774
2025-10-10,0.004112050167679,0.0074334218620364,-0.0424320739209092,0.0075006596430533,0.0009935369822033,0.0050675695883088895,0.012812718401423357,-0.0424320739209092,0.0297316892798884,0.19230769230769232,0.038461538461538464,0.004112050167679,0.003847171119311618,0.005033009470182005,0.005705870979306712,0.01083777108938507,0.015710439534229792,0.01835786595429889,54.82933914306464,29.121278140885988,72.40377632534495,52.389251997095144,NORMAL,False,False,False,0,8.076923076923077,39.09555332104352
2025-10-13,-0.0022938183927065,0.0002693882237601,0.0100169802598164,0.0333761408918455,-0.0012164564432355,-0.001072246834138016,0.01112161778534616,-0.0268061346579167,0.0333761408918455,0.5769230769230769,0.038461538461538464,0.0022938183927065,0.003604504324146896,0.00498983525993362,0.005712006525543715,0.010778387514305801,0.005969427614556766,0.00927100639274614,51.92447349310094,11.69208424110385,87.14596949891067,50.42120551924474,NORMAL,False,False,False,0,36.53846153846153,46.256382325009774
2025-10-15,0.0070808208725219,0.005371120184475,-0.0073253884086363,0.0092298802108243,0.0013240962105447,0.00709840861360558,0.01328413880327726,-0.0116323395426477,0.0399843670687458,0.2692307692307692,0.0,0.0070808208725219,0.004464662260930322,0.005190553973996937,0.005771830170246258,0.011069629725309029,0.011855807144853125,0.012265221749211186,25.417574437182278,6.027596223674655,32.82498184458969,21.822803195352215,NORMAL,False,False,False,0,9.423076923076922,18.102885313669624
2025-10-16,0.0103362282114798,0.0109622087517486,-0.0139008300485279,0.0247313307438337,-0.0109593620294065,0.00987561247552953,0.01056816306054891,-0.0139008300485279,0.0326372126346832,0.11538461538461539,0.0,0.0103362282114798,0.004662138477735305,0.00546436443241588,0.00609501217532736,0.01131638318119205,0.024851386717953616,0.02740104865254467,84.0232389251997,9.586056644880173,97.02251270878722,65.59186637618009,NORMAL,False,False,True,1,4.038461538461538,47.12584492486452
2025-10-17,0.0048679837376106,0.0050642261148898,0.0013923047742669,-0.0210972124779684,0.0020635365958874,0.001777768390486442,0.015167982698434775,-0.0508648286466746,0.0242641683243882,0.34615384615384615,0.11538461538461539,0.0048679837376106,0.004654298821944201,0.005504759680301211,0.006058065028431748,0.011619347874057327,0.024292759020302812,0.02941021821454015,67.3202614379085,76.83369644153957,73.71096586782862,72.09150326797385,ELEVATED,False,False,False,0,16.153846153846153,55.31020613373554
2025-10-20,0.0051848137299641,0.0055420045377823,-0.0003475922392325,0.0349650357799837,0.0001317943796113,0.008674538481398675,0.014548679713100369,-0.0322288117271957,0.0352907164453246,0.15384615384615385,0.038461538461538464,0.0051848137299641,0.004638165612612213,0.0055543792941750636,0.0060896178165919515,0.012013605911692623,0.025387083053966197,0.027477540304275516,64.19753086419753,34.713144517066084,94.55337690631809,64.45896877269426,NORMAL,False,False,False,0,6.730769230769232,47.14050891011675
2025-10-21,0.0009847568259027,-0.0004480194156106,0.0052155638851365,-0.0573517103525108,-0.0013897273056794,-0.0006824809370609655,0.012470415588530187,-0.0573517103525108,0.0136929283369424,0.46153846153846156,0.038461538461538464,0.0009847568259027,0.0034129185561931476,0.005438892109755757,0.005901416723836084,0.01213802698397871,0.028756620841701386,0.026740618585612275,77.92302106027597,88.30791575889614,98.9832970225127,87.35657225853305,HIGH,False,False,True,1,32.5,70.89960058097313
2025-10-23,0.0008814076368377,0.001221427054818,0.0686613843247478,0.0092472660125868,-0.0015896019371092,0.008178209313785708,0.016796975471099592,-0.0132416506831885,0.0686613843247478,0.2692307692307692,0.0,0.0008814076368377,0.00387637396618296,0.005244342173719786,0.005765793849408982,0.01236094307745882,0.022423775175930194,0.022502722344766468,77.85039941902687,13.943355119825709,93.82716049382715,63.47131445170661,NORMAL,False,False,False,0,9.423076923076922,47.256843193117696
2025-10-24,-0.0037174505259611,-0.0065162176357368,-0.0046933308177774,-0.0017210271860986,0.0004410320881278,-0.003252992346634497,0.008515481652567948,-0.0327491946269353,0.0105030072959815,0.6538461538461539,0.038461538461538464,0.0037174505259611,0.0036294856750757635,0.005339786204248262,0.006099729541651759,0.012362974867335988,0.008201959835031136,0.004824773150628792,12.273057371096586,6.390704429920116,34.85838779956427,17.28395061728395,NORMAL,False,False,False,0,54.230769230769226,28.367996201329532
2025-10-27,0.0066252915000297,0.0071863310364606,-0.0030894085643736,-0.0282876852084472,0.0005696470925877,0.003992707715565185,0.009981736213818208,-0.0282876852084472,0.022389029988648,0.3076923076923077,0.038461538461538464,0.0066252915000297,0.004077598216992986,0.005273039552641163,0.005808098760046883,0.012084188535999426,0.009965098037040931,0.00694637248827723,47.421931735657225,24.328249818445897,85.54829339143065,51.93173565722586,NORMAL,False,False,False,0,12.115384615384617,39.986830344673486
2025-10-28,-0.001149638146805,0.0017181941176218,-0.0189202384835934,-0.0089207506541997,0.0044757074903993,-0.004972103219714942,0.006379144642984603,-0.0189202384835934,0.0081278586286985,0.7307692307692307,0.0,0.001149638146805,0.0038129716599979374,0.004935010971363819,0.005674590762706906,0.011866479787021267,0.003600521868214246,0.003117221628057054,56.28177196804648,32.46187363834422,83.51488743645606,57.30573710965868,NORMAL,False,False,False,0,40.57692307692308,52.287092899838
2025-10-29,0.0045381040946781,0.0029399824596838,0.005486251171838,0.0044122838524138,3.856981400085502e-05,0.002753918596260512,0.01072120864104984,-0.0298588956271992,0.0231259676952682,0.34615384615384615,0.038461538461538464,0.0045381040946781,0.0041863750632518985,0.004109219035882382,0.004677517902739076,0.0113633210685269,0.007163154714522779,0.006517307960764773,17.138707334785767,16.122004357298476,32.534495279593315,21.45243282498184,NORMAL,False,False,False,0,13.461538461538462,19.055164515948825
2025-10-30,-0.00675717564781,-0.0060657175827798,0.0014880977723064,0.0044180279318155,0.0013612197899097,-0.006371980800926097,0.008075603908657554,-0.0389320340963292,0.0044180279318155,0.8076923076923077,0.038461538461538464,0.00675717564781,0.005595688636238529,0.004582677589248366,0.0051417194955831755,0.011473795473553027,-0.0005233699624417332,-0.0008083814473530682,54.90196078431373,63.97966594045026,68.62745098039215,61.74291938997822,NORMAL,False,False,False,0,59.61538461538461,61.10465895760014
2025-10-31,-0.0060186608373972,-0.0043898873731637,0.0067690250863108,-0.0047734729770749,0.0032701378990043,-0.004313900656336448,0.006998842724735788,-0.0261412457017331,0.0074786532548449,0.7692307692307693,0.038461538461538464,0.0060186608373972,0.006045006802982105,0.004918705912529843,0.005422380206869904,0.011563332587970598,-0.0028319579511564275,0.0013301651644315182,52.21496005809732,35.439360929557004,65.21423384168482,51.082062454611474,NORMAL,False,False,False,0,58.269230769230774,53.23821294899726
2025-11-03,0.0016036793506921,0.0056268290997627,0.0011479123540454,0.0045452508357657,0.0015896706184919,0.0022005780914265225,0.011457670843987598,-0.033053272703196,0.027702494645645,0.3076923076923077,0.038461538461538464,0.0016036793506921,0.004854234631116725,0.004654727656830998,0.004925953665602189,0.01132361408983522,-0.007806392030218601,-0.0002202692325891098,23.093681917211327,40.305010893246184,39.433551198257085,33.15904139433551,NORMAL,False,False,False,0,12.115384615384617,26.845944360650243
2025-11-04,-0.0064315867797603,-0.0047227468710272,-0.0080261731350207,-0.0131490380756961,-0.0005857698658358,-0.006611399708124839,0.008535065877397613,-0.0251798298371165,0.0133256515937842,0.8461538461538461,0.07692307692307693,0.0064315867797603,0.005297947644405384,0.00502062609311132,0.005163823464149852,0.011568466067646863,-0.01305313956257137,-0.006648746108955272,58.8961510530138,42.9920116194626,63.03558460421206,55.366739288307926,NORMAL,False,False,False,0,62.30769230769231,57.44902519412324
2025-11-06,-0.0034359080045569,-0.0047175288652011,-0.0186591981917226,0.0081566359070213,-0.0018765769097714,-0.0028175999262103767,0.011909989683781192,-0.0433892044545844,0.0156133450814912,0.6153846153846154,0.07692307692307693,0.0034359080045569,0.0035033152234366085,0.004944527096404487,0.005088130394374932,0.011562268034093917,-0.02088751256878274,-0.014233046873996402,50.39941902687001,10.09440813362382,43.57298474945534,36.259985475671755,NORMAL,False,False,False,0,54.23076923076924,41.65122060220099
2025-11-07,-0.0006820322478444,0.0056042912773599,0.0053844807871614,0.0048996207137059,0.0013109819398604,0.0007502751696423576,0.01082850675510314,-0.0232483811817063,0.0237065515452019,0.46153846153846156,0.038461538461538464,0.0006820322478444,0.0034512571260944887,0.004958917709986899,0.005171000292141108,0.011637211829157008,-0.01489879699993768,-0.0026589324878456555,24.618736383442265,29.411764705882355,46.25998547567175,32.549019607843135,NORMAL,False,False,False,0,32.5,32.53431372549019
2025-11-10,0.0032185728871263,0.0010496433662532,0.0063598505123889,0.0281041919008602,-0.0001691539728769,0.006020451802034073,0.009190915816323418,-0.0071270328115203,0.0281041919008602,0.2692307692307692,0.0,0.0032185728871263,0.0038731964797845218,0.004916178187339936,0.005009908690539883,0.01145964070026434,-0.005744087856115021,0.002790055349473297,52.360203340595504,7.334785766158316,85.69353667392883,48.85257806826435,NORMAL,False,False,False,0,9.423076923076922,37.02372772470812
2025-11-11,0.0047156471705849,0.0034623081843307,0.0151338737942356,-0.0012160125097286,0.0005538449411437,0.00021265753795153496,0.021122299251625967,-0.0735483242896916,0.0232540131645748,0.23076923076923078,0.07692307692307693,0.0047156471705849,0.0046060968797218115,0.0048871111461022635,0.00501543032879709,0.012013529696568513,-0.0026549494402740015,0.0006316403333044285,71.24183006535948,98.1118373275236,77.85039941902687,81.28540305010893,ELEVATED,False,True,False,1,10.76923076923077,60.13055136584548
2025-11-12,0.0070384090258497,0.0023478559890282,-0.0417758715401964,0.023765487069725,-0.0027123035942925,0.005712318718119527,0.013885299438920593,-0.0417758715401964,0.0278306323857304,0.2692307692307692,0.038461538461538464,0.0070384090258497,0.004208370205939848,0.005021378768204439,0.004842294638706587,0.012060662455611005,0.010866246955496983,0.007740281584533548,66.95715323166304,13.507625272331156,82.06245461147422,55.45388525780683,NORMAL,False,False,False,0,10.769230769230766,42.048488911234
2025-11-13,0.0001294494962036,0.0018412943557279,0.0034193356557179,-0.0041623062521347,0.001441251121881,-0.0006151674836815735,0.00732708658833374,-0.0145965879568817,0.0198690212666965,0.46153846153846156,0.0,0.0001294494962036,0.003202737859963478,0.0049581875839628115,0.004832730411041439,0.011969817441815965,0.014482772560620694,0.014381200671540029,24.40087145969499,1.3798111837327522,70.37037037037037,31.285403050108933,NORMAL,False,False,False,0,16.153846153846153,26.745935981230097
2025-11-14,0.0011940264714482,0.0023226624721266,0.0238541754751684,-0.023716784973033,0.002506933875453,0.0015076297462798247,0.011349060319662608,-0.0252951168415177,0.0238541754751684,0.34615384615384615,0.07692307692307693,0.0011940264714482,0.002759782133652291,0.004777816078222227,0.004756796365562181,0.01184993106537591,0.0163873007613049,0.011070929825954812,63.61655773420479,59.25925925925925,93.4640522875817,71.2636165577342,ELEVATED,False,False,False,0,14.807692307692305,54.32683928272163
2025-11-17,0.0039906690408659,0.0076070927705784,-0.0029955118109286,-0.0047216088577723,-0.0015098823980543,0.0009103495278054228,0.010898933658781395,-0.0472904100018712,0.0123693109823175,0.4230769230769231,0.038461538461538464,0.0039906690408659,0.0027784765231314984,0.004325397522559764,0.0044551876696123215,0.011597006812242766,0.017169531819257955,0.017694024405183528,52.28758169934641,74.65504720406682,64.34277414669572,62.614379084967325,NORMAL,False,False,False,0,16.153846153846153,48.67621920563097
2025-11-18,-0.0039748069020186,-0.0010760908097949,0.0138541451038001,-0.0017206203859069,-0.0005197988562531,-0.004800620250526573,0.00814698428302051,-0.0236174811322635,0.0138541451038001,0.8461538461538461,0.038461538461538464,0.0039748069020186,0.004143333739306193,0.004343796591340614,0.004395753655051089,0.011247311743336898,0.008371355812722747,0.013091259060618476,50.4720406681191,59.912854030501094,77.26942628903414,61.34350036310822,NORMAL,False,False,False,0,60.96153846153847,61.22891179263729
2025-11-19,0.0055036406751542,0.0053786895631098,-0.0214027496844585,0.0040380917801141,-0.0008924325285114,0.004495891599893739,0.01541363250150541,-0.0281442397362453,0.0422517183042081,0.34615384615384615,0.07692307692307693,0.0055036406751542,0.00367735552566738,0.004362836000557643,0.0043870674382985395,0.011127409207533679,0.006834555995776315,0.016154577830866934,39.651416122004356,4.8656499636891795,30.428467683369643,26.448801742919386,NORMAL,False,False,False,0,14.807692307692305,22.956468912351262
2025-11-20,0.0053545415882216,0.0022231884052235,-0.0050470936068585,-0.005198997333235,-0.0007859697464969,0.0020845731410409837,0.00885610642231063,-0.0103450909204148,0.022871936757107,0.6153846153846154,0.0,0.0053545415882216,0.003968114725388928,0.00450024077201036,0.004380726783137412,0.011055783772662772,0.012094678352091215,0.016541927991843064,31.735657225853302,40.37763253449528,63.61655773420479,43.89251997095134,NORMAL,False,False,False,0,21.53846153846154,37.1863024412044
2025-11-21,-0.0047342428227803,-0.0080879293775275,-0.0182617184224466,0.0049796502334216,0.002316740002797,-0.0053085139821405355,0.010350415688636764,-0.0238188104457779,0.0111385355989364,0.6153846153846154,0.15384615384615385,0.0047342428227803,0.005137103464534429,0.0046562973406087714,0.004843141298944732,0.01074298214953112,0.006101864126388135,0.005983648201698166,54.538852578068266,12.490922294843863,58.09731299927379,42.9920116194626,NORMAL,False,False,False,0,56.923076923076934,47.171331210546896
2025-11-24,-0.004167936312968,-0.0005494975458408,0.0134343568867998,0.0037284939666717,0.0106187802492958,-0.003547110668714135,0.008293259059955836,-0.0212826793167953,0.0134343568867998,0.6923076923076923,0.038461538461538464,0.004167936312968,0.005332211095963022,0.004678050177312379,0.004551063826309281,0.010668553062709045,-0.002073897171279482,-0.0021598003133732613,65.64996368917939,35.36673928830791,95.71532316630356,65.5846042120552,NORMAL,False,False,True,1,55.57692307692308,62.58229987151556
2025-11-25,-0.002877529180069,-0.0002558118690598,-0.0151257543735626,0.0115594941463883,-0.005424348351297,-0.002277769354425927,0.008806471878701799,-0.0163270378288488,0.0232603944528073,0.7692307692307693,0.0,0.002877529180069,0.005168565000178774,0.004483321807971846,0.004315483259424286,0.010540736328928667,-0.0009745252995901899,-0.0013404112743367058,64.85112563543936,72.76688453159042,81.3362381989833,72.17138707334786,ELEVATED,False,False,False,0,56.92307692307692,67.59689402826658
2025-11-26,0.0123817835303625,0.0120324104195266,0.0120793917812529,0.006281406738781,3.14083791050912e-05,0.012623875560863916,0.0068500003603704914,3.14083791050912e-05,0.0270417105919895,0.0,0.0,0.0123817835303625,0.007465727437127298,0.005275151466498508,0.005014243527874346,0.010917598646062777,0.005859303692185458,0.00526884173942288,78.93972403776324,18.591140159767612,82.2803195352215,61.83732752360203,NORMAL,False,False,False,0,0.0,43.286129266521414
2025-11-27,0.0003911422381892,0.0035151495346108,0.0,0.0,0.0001391510093968,0.0002130609797606268,0.008637087173508029,-0.0156598173078297,0.0228555030256463,0.4230769230769231,0.0,0.0003911422381892,0.007094525739218227,0.005190107220599561,0.005026813114712183,0.010824725459091165,0.0008934123497310598,0.006564729005988923,14.960058097313,27.741466957153232,48.22076978939724,28.77269426289034,NORMAL,False,False,False,0,14.807692307692308,24.58319367633093
2025-11-28,-0.0004806903583736,0.0002577692212171,-0.0017050688186979,0.0127483930867855,0.0022632423852162,0.0019380855082624963,0.0062658507895301556,-0.0059039035590729,0.0206725906924754,0.5384615384615384,0.0,0.0004806903583736,0.006592396514969087,0.004922375660270048,0.00473923084113291,0.010572862252573699,0.005171016205794077,0.01503371138578724,53.88525780682644,43.13725490196079,80.97312999273784,58.78721859114016,NORMAL,False,False,False,0,33.84615384615384,51.304899167644265
2025-12-01,-0.0010380212747401,-0.0011940490920552,0.0131511608505074,0.0049783090278847,-0.0001656247814969,-0.00028317833764646925,0.008466652227209315,-0.0158072907079006,0.0196188430721955,0.5769230769230769,0.0,0.0010380212747401,0.006103615957867605,0.004688419501164876,0.004582413787909512,0.010561283863613997,0.008330283711165398,0.01437911013587323,26.57952069716776,18.082788671023962,60.20334059549746,34.11764705882353,NORMAL,False,False,False,0,50.19230769230769,38.94004524886877
2025-12-02,-0.0054841133969418,-0.0068287793520092,-0.0114632553721187,-0.0124312290848075,0.0029401560870827,-0.003983490011998391,0.006903576751507528,-0.0138747678832261,0.0119832071320555,0.7307692307692307,0.0,0.0054841133969418,0.006674331319966339,0.0048945764343226745,0.004849702239440896,0.01040691403459489,0.005694401079060052,0.007709923172384725,66.52142338416849,61.72839506172839,79.59331880900508,69.00508351488743,NORMAL,False,False,False,0,55.57692307692308,64.97663538349812
2025-12-03,-0.0017746951904364,0.0012560223533624,0.0052865173348848,0.0030334177459079,0.0033979197181337,-0.0009160530151978691,0.010470280736613057,-0.0180546650378573,0.0180677304955563,0.5,0.0,0.0017746951904364,0.0022704800855218323,0.004650631869511733,0.0046581877470661896,0.01032930498539968,-0.008368565699001795,-0.0030204379093600187,38.05374001452433,6.681190994916484,71.0239651416122,38.53304284676834,NORMAL,False,False,False,0,32.49999999999999,36.72312999273783
2025-12-04,0.0018375278996383,-0.0010034125900931,0.0122136962966505,0.0029766867290701,0.0028170754088856,0.003871002500614842,0.005566676442476009,-0.0054719562243502,0.0154718190217639,0.3076923076923077,0.0,0.0018375278996383,0.002658825128518578,0.004548384993809517,0.004475728635482532,0.0101618822619458,-0.006934844999709866,-0.007509572020046762,64.34277414669572,9.803921568627452,93.10094408133624,56.60856935366739,NORMAL,False,False,False,0,25.769230769230766,47.356767778336405
2025-12-05,0.0058654330916598,0.0082393441994341,0.0068711861017412,0.0002611941942316,-0.0037051897193189,0.0046973967545647,0.014258994620577661,-0.0501989157842714,0.0246809805754539,0.23076923076923078,0.038461538461538464,0.0058654330916598,0.004242988599555372,0.004653315821372117,0.004638867707250924,0.010410506616108463,-0.0006297001097946842,0.00041002331811523796,56.35439360929557,86.41975308641975,59.54974582425563,66.33260711692084,NORMAL,False,False,False,0,9.423076923076923,49.25974805876766
2025-12-08,-0.0086265394598917,-0.009010934679774,-0.0199733809315429,-0.006100241550233,0.0011309518602786,-0.0102241192049049,0.0131687866093135,-0.0515270167953528,0.0056557511903165,0.8461538461538461,0.11538461538461539,0.0086265394598917,0.0057452534402426874,0.00513267781172708,0.005214515054282198,0.010714223706239078,-0.008221320067237525,-0.007419416110009958,72.76688453159042,33.40595497458242,48.656499636891795,53.72549019607844,NORMAL,False,False,False,0,63.65384615384616,56.70399698340875
2025-12-09,-0.0046570811090926,-0.0002734573776089,-0.0106997462073143,0.0046570498400888,0.0021347339925488,-0.004089197618364438,0.010527671073318144,-0.0183583907761623,0.0343780030860405,0.6923076923076923,0.0,0.0046570811090926,0.005617265702955278,0.00518037503590787,0.005193206935338773,0.01038417841037839,-0.007396564020849428,-0.0008679925712851144,35.14887436456064,73.71096586782862,47.85766158315178,50.53013798111837,NORMAL,False,False,False,0,54.230769230769226,51.64032735601362
2025-12-10,-0.0031598875909956,-0.0044232138388417,0.0036051344973846,-0.0024485445813865,-0.0023643251430838,-0.001921358733104238,0.0051015708528667925,-0.0140479439319052,0.0053491258320119,0.6538461538461539,0.0,0.0031598875909956,0.005669895463554839,0.004979548892903158,0.005315660094333016,0.00999320686418629,-0.008773955206649475,-0.006535181113174748,60.78431372549019,6.899055918663762,83.36964415395788,51.39433551198257,NORMAL,False,False,False,0,52.88461538461539,51.84141947377241
2025-12-11,0.0054565875164998,0.004230858874952,-0.0147109241159737,0.0212325087526779,-0.0013779541589269,0.004839813811182586,0.007935462374768096,-0.0147109241159737,0.0212325087526779,0.2692307692307692,0.0,0.0054565875164998,0.0064230483967258785,0.0051389438538338526,0.005371623728008158,0.010098093341091676,-0.005193228741537159,-0.0013298935090322317,52.795933188090046,2.3238925199709515,78.43137254901961,45.34495279593319,NORMAL,False,False,False,0,9.423076923076922,34.5683900340763
2025-12-12,0.0057299900196514,0.0030416839680791,-0.0027777752022684,0.0034068597961147,0.005122883612584,0.003524791125835618,0.00776504898837764,-0.0195176885470498,0.0194046332547936,0.23076923076923078,0.0,0.0057299900196514,0.006386911345306877,0.005289965492870245,0.005385317286054216,0.00992083849813675,-0.005327182728542934,-0.006478222550756585,48.87436456063907,10.965867828612927,75.52650689905592,45.497458242556284,NORMAL,False,False,False,0,8.076923076923077,34.27129769286632
2025-12-15,-0.0007543469807149,0.0012098269731692,-0.0107938535290366,0.0015348707021605,0.0035899652407034,-0.0007726543734288044,0.006734856707223853,-0.0194586501170767,0.0145536026769701,0.5384615384615384,0.0,0.0007543469807149,0.004834292798533871,0.00522058444603181,0.005141304522268352,0.009803420954581147,0.002571208930136182,0.0037686607294702412,43.064633260711695,4.284676833696442,75.16339869281046,41.06027596223675,NORMAL,False,False,False,0,33.84615384615384,38.89603932741188
2025-12-16,-0.0064240688375742,-0.0071844312337864,-0.027279113787143,-0.0005108772871849,0.0022069372846897,-0.00960113116312466,0.011144892870945389,-0.0507472160948242,0.0036030612687256,0.8846153846153846,0.11538461538461539,0.0064240688375742,0.005345227042338709,0.005346906830255594,0.0054101407707542225,0.0100891560855196,0.0007913891419144559,-0.003170255740382877,75.45388525780683,48.00290486564997,67.3202614379085,64.77850399419027,NORMAL,False,False,False,0,65.0,64.84495279593318
2025-12-17,-0.0016066770334456,-0.0018269211554823,0.0121222754368766,0.0099895458241374,0.0018947228640031,0.0007303212159130921,0.006793079570715126,-0.0127899831552096,0.015294151567641,0.4230769230769231,0.0,0.0016066770334456,0.005144725894050005,0.00518998585062296,0.005280492646606388,0.009635663659374962,0.0023507563184255176,-0.00057069555823408,40.01452432824982,2.251270878721859,74.80029048656499,39.121278140885984,NORMAL,False,False,False,0,44.80769230769231,40.82720239092788
2025-12-18,-0.0001161955225689,-0.0002358595629319,0.0037540740851871,-0.0018401380103507,-0.0058846455128129,-9.465096398726925e-06,0.008444690431123654,-0.0262145692102691,0.0195786150039234,0.5,0.038461538461538464,0.0001161955225689,0.004337452341551764,0.005009632059778295,0.005248859977095515,0.009602133471368544,-0.003204812527969114,-0.005016057162151477,57.153231663035584,11.546840958605664,76.47058823529412,49.26652142338417,NORMAL,False,False,False,0,48.846153846153854,49.14041115021507
2025-12-19,0.0058433620360547,0.0026538803012128,0.0090827837519853,0.0050466418582209,-0.0017463941382721,0.005263854088362011,0.007255390114683709,-0.0114361102306529,0.0225022702103929,0.19230769230769232,0.0,0.0058433620360547,0.004379135458993159,0.00511978328791154,0.004957378933925603,0.009520824372665906,-0.0030924476969844683,-0.005400745483357561,44.517066085693536,23.74727668845316,71.96804647785041,46.521423384168486,NORMAL,False,False,False,0,6.730769230769231,34.584227138148705
2025-12-22,0.0079333291061156,0.0039750120935357,0.0238263056434291,0.019076488553088,-0.0075983887753923,0.008462532818779268,0.010397819654593236,-0.0075983887753923,0.0310833169051727,0.15384615384615385,0.0,0.0079333291061156,0.0058010203210981034,0.005334627959193501,0.005024990279553462,0.009745394641981847,0.005574900393802373,-0.002653817731328445,78.86710239651417,18.445896877269426,93.02832244008714,64.98910675381264,NORMAL,False,False,False,0,5.384615384615385,47.10775934305345
2025-12-23,0.0001814888939914,-7.502392334413077e-05,0.0063782581845841,0.0085946330810264,0.0003784459084272,0.000678695551765946,0.006181930733985456,-0.0126064804098484,0.0115470283996415,0.46153846153846156,0.0,0.0001814888939914,0.004176418665301189,0.005278606964483932,0.005023894368145086,0.009655570325783317,0.012260230472393552,0.004488032640814765,46.40522875816993,2.904865649963689,79.95642701525054,43.42047930283224,NORMAL,False,False,False,0,31.153846153846153,39.740489358136415
2025-12-24,-0.0013389838361685,-0.0019553136106835,-0.0005139190381161,-0.0004906993680489,-0.0010713894651839,-0.003356762491898869,0.005200388192011712,-0.0137903535862202,0.0071148306185007,0.7307692307692307,0.0,0.0013389838361685,0.004112690808158276,0.004497122281428298,0.004233328135774229,0.00923310160512175,0.012531641720183728,0.0043588279092265925,66.30355846042121,31.445170660856935,93.68191721132898,64.05954974582426,NORMAL,False,False,False,0,55.57692307692308,61.514761745153905
2025-12-26,-0.003817552133005,-0.002910434570598,-0.0275920623437263,0.010824442919012,0.0066810552593044,-0.003935740053506823,0.007283213649694991,-0.0275920623437263,0.010824442919012,0.6923076923076923,0.038461538461538464,0.003817552133005,0.0049494525746371434,0.004570257202870355,0.004173421098901983,0.009192543018637606,0.00878346551353415,0.0016719611661557554,76.5432098765432,31.953522149600584,95.279593318809,68.78721859114016,NORMAL,False,False,True,1,55.57692307692308,64.82412993687504
2025-12-29,-0.0038476313101776,-0.0013387254809158,0.0236164982895379,-0.0450420603654945,-0.0030697622198,-0.004354201290403382,0.01087810193270106,-0.0450420603654945,0.0236164982895379,0.8461538461538461,0.038461538461538464,0.0038476313101776,0.004847249457096104,0.004637937558418891,0.00417136080339973,0.009434199489988715,-0.0009358548310289816,-0.0023167345767327596,84.67683369644155,70.44299201161947,98.47494553376906,84.54611474219317,ELEVATED,False,False,True,1,60.96153846153847,77.47074185799676
2025-12-30,-0.0001252789885528,0.0040537740505168,-0.0022383103308671,0.0104043834787512,0.0007870661262945,0.00014673940412346956,0.007808582079572745,-0.0140451146428397,0.0189860990168015,0.6153846153846154,0.0,0.0001252789885528,0.001949762390096102,0.0046367507600291,0.004300553552507283,0.009444385306349832,-0.008923552206302698,-0.0022384662080128237,59.47712418300654,26.797385620915033,84.45896877269426,57.167755991285404,NORMAL,False,False,False,0,36.53846153846154,50.97896765543824
2025-12-31,0.007353834224439,0.0069392071740921,-0.009145860000283,-0.0101828331172244,-0.0014527249540517,0.005156461629728027,0.009288666728479337,-0.0125046366207917,0.0242884652549992,0.3076923076923077,0.0,0.007353834224439,0.004599860370177358,0.004788469546939322,0.004322623873318462,0.009598392658782649,-0.0018164995249837501,0.004760588866707938,46.25998547567175,3.558460421205519,74.7276688453159,41.98983297022512,NORMAL,False,False,False,0,10.76923076923077,32.62365230992682
2026-01-01,0.0006487344669803,0.0021768242400783,0.0,0.0,0.0,-0.0022921910271449836,0.020522932244398637,-0.0971464010588817,0.0154588624254869,0.2692307692307692,0.038461538461538464,0.0006487344669803,0.00457942142110607,0.004766545399530102,0.004338574350884363,0.010073429802562872,0.00017026833886735204,0.008920532120581859,83.07915758896151,99.56427015250546,96.07843137254902,91.92447349310095,HIGH,False,True,True,2,10.769230769230766,67.57790067593989
2026-01-02,0.0069607651702385,0.0073586840695145,-0.0017415269472296,-0.0025892812695673,0.0021443526423658,0.006171010706064212,0.011347654018397229,-0.0379278528884415,0.026397996679351,0.15384615384615385,0.038461538461538464,0.0069607651702385,0.0048377180950812055,0.004985114220190589,0.004599970486073678,0.010277379648039747,0.01099173235131734,0.019311498992579557,48.22076978939724,66.88453159041394,60.348583877995644,57.458242556281775,NORMAL,False,False,False,0,6.730769230769232,42.240000558628005
2026-01-05,-0.002972058760474,-0.0017747018357396,0.017445917748152,0.0283932882377113,0.0005013787066363,0.0006524072374628156,0.014774236759876908,-0.0240614415444162,0.0283932882377113,0.5,0.11538461538461539,0.002972058760474,0.004572757409814972,0.004882100268722577,0.004273226991349524,0.010195251918703036,0.011880348025632426,0.018866507559448742,67.97385620915033,31.082062454611474,84.24110384894699,61.78649237472767,NORMAL,False,False,False,0,51.53846153846153,58.712083123847826
2026-01-06,-0.0027276473171363,0.0012357433310032,-0.0204046404824415,0.0102098974432172,0.0025108926561603,0.0013278625993624422,0.015052324282281667,-0.0446739766730593,0.0289463622165975,0.34615384615384615,0.11538461538461539,0.0027276473171363,0.0050512923886491265,0.004487268697546461,0.0036798479818728027,0.01009520533815564,0.009246732718952488,0.016006902634303044,62.381989832970234,49.96368917937545,65.94045025417574,59.724037763253456,NORMAL,False,False,False,0,31.153846153846153,51.152980280431265
2026-01-07,-0.0014496220164682,-0.0021215946917249,-0.0199544787035664,-0.0073402322947125,-0.0007414378262655,-0.002650641083573881,0.012195578859581094,-0.027931981301178,0.0195782479012534,0.6923076923076923,0.038461538461538464,0.0014496220164682,0.004098943575698787,0.004351217815142992,0.0037296076896942043,0.010225044775348423,0.0004267340790402585,0.006864506376928814,45.31590413943355,21.4960058097313,58.678286129266525,42.17864923747277,NORMAL,False,False,False,0,55.57692307692308,46.19813138930786
2026-01-08,-0.0100953641584499,-0.0050732995877366,0.0316127270942221,8.998958096251286e-05,-0.0033460111821961,-0.009510019852850233,0.013456396955772767,-0.0319585210299107,0.0316127270942221,0.8461538461538461,0.23076923076923078,0.0100953641584499,0.006074359948858153,0.004906585509364631,0.0037786723437084847,0.010798430909719754,-0.010314980898681436,-0.00041952990539095847,82.57080610021787,53.88525780682644,85.83877995642702,74.94553376906319,ELEVATED,False,False,False,0,67.6923076923077,72.76956594603654
2026-01-09,-0.0074796132854935,-0.0072872294195505,0.0235457176224422,0.0091241224336349,0.0004562470226994,-0.006383862152231175,0.014356789630457709,-0.049448733871811,0.0235457176224422,0.6153846153846154,0.11538461538461539,0.0074796132854935,0.003673463375269055,0.005033946242933223,0.004066018461885856,0.011102849507700845,-0.024507615529659632,-0.014952356516090282,67.46550472040667,71.0239651416122,67.53812636165577,68.55482933914305,NORMAL,False,False,False,0,55.57692307692308,64.66145746047705
2026-01-12,0.0041641539637333,0.0033577048385535,0.0064276230544768,0.0253880598086109,0.003677164133546,0.0020144066589428194,0.010733191383208475,-0.0304795136256476,0.0253880598086109,0.23076923076923078,0.038461538461538464,0.0041641539637333,0.005542437025753174,0.004944894231813854,0.004078878528044824,0.011105245783479913,-0.017525543234102714,-0.009887703166580053,66.3761801016703,58.16993464052288,87.29121278140886,70.18881626724765,ELEVATED,False,False,False,0,9.423076923076923,51.95909446399643
2026-01-13,-0.0022469428853927,0.0021581110545747,0.0277311180819983,-0.003279458335799,-0.0011447981058916,-0.0008809747904964693,0.01358342008746876,-0.0269318513969893,0.0342369637371744,0.6153846153846154,0.07692307692307693,0.0022469428853927,0.005563694354827612,0.004960436497116042,0.0040984266953301715,0.011282484936479039,-0.017051971672460864,-0.008975582688067973,43.57298474945534,41.03122730573711,48.72912127814089,44.35729847494554,NORMAL,False,False,False,0,39.23076923076923,42.81933970169264
2026-01-14,-0.0025921184600641,2.261972769379561e-05,0.0142272920715558,0.0080841122191388,0.001556644463674,-0.0022244295391481467,0.011482414548245742,-0.0231028661646924,0.0291601329172515,0.5769230769230769,0.038461538461538464,0.0025921184600641,0.005485374687227857,0.004793120678461166,0.003723329830380665,0.011067710177048369,-0.018176616609125618,-0.0068460959346796635,41.321713870733475,31.88090050835149,50.76252723311547,41.321713870733475,NORMAL,False,False,False,0,36.53846153846153,39.88673817105189
2026-01-16,0.001120176439965,0.0086438186796435,-0.0415995132539818,-0.0081922711332604,0.0009814690562575,0.0025044229038729384,0.018288914445848486,-0.0415995132539818,0.0562570607419474,0.4230769230769231,0.038461538461538464,0.001120176439965,0.0043706698311181385,0.004794769612287722,0.0041008656553586965,0.011589140765287264,-0.007052635956653841,0.006846580675696989,68.04647785039943,39.79665940450254,72.9121278140886,61.03122730573712,NORMAL,False,False,False,0,16.153846153846153,47.568012960169824
2026-01-19,-0.0042363247573811,-0.0033912367353905,0.0,0.0,0.0037670944883245,-0.00635774070299621,0.022252328964416226,-0.0803889132506066,0.0226655987013899,0.5769230769230769,0.19230769230769232,0.0042363247573811,0.003370268191062589,0.004877413608493551,0.004209766686162335,0.012276627171026868,-0.0038079521819640583,0.010798042799117225,83.58750907770516,94.62599854756718,84.9673202614379,87.31299927378359,HIGH,False,False,False,0,56.92307692307692,78.19602256857158
2026-01-20,-0.0137968771374411,-0.008133934717463,0.015141344997853,0.0373115244870114,0.0022325790156918,-0.014780089324347764,0.019064254623153153,-0.0573479135730938,0.0373115244870114,0.8461538461538461,0.3076923076923077,0.0137968771374411,0.005627882280659374,0.0054857870830805925,0.004633850854659502,0.013049195650101672,-0.021626389817857472,-0.0007788123102414612,92.66521423384168,82.93391430646334,97.82135076252723,91.29266521423384,HIGH,False,False,True,1,70.38461538461539,85.0202502653483
2026-01-21,-0.0029723570791637,-0.0101659216931146,0.0046403509875507,0.0151692800970406,0.0023529935077826,-0.0023435632029637616,0.00928796743142396,-0.0296807392539728,0.0151692800970406,0.6153846153846154,0.038461538461538464,0.0029723570791637,0.005569143470533355,0.005030441312006242,0.005098051419573582,0.012827867613746892,-0.02233771422681452,-0.013066728262261296,51.48874364560639,42.0479302832244,66.4488017429194,53.1445170660857,NORMAL,False,False,False,0,52.88461538461539,53.0665465616446
2026-01-22,0.0052628596094603,0.0067992982338194,-0.0207851920774362,0.0159360907141268,0.0045929560328326,0.006825215522798334,0.013432351776535637,-0.0207851920774362,0.052108573177426,0.2692307692307692,0.038461538461538464,0.0052628596094603,0.007129586663884856,0.005267224069846395,0.005347734529306677,0.01324981100588833,-0.014638240464593055,-0.006378750052941973,56.0639070442992,36.31082062454611,69.86201888162672,54.27741466957153,NORMAL,False,False,False,0,10.769230769230766,41.22495949946929
2026-01-23,-0.0095393811867061,-0.0122803843373896,0.028807261908526,0.0137305234083162,0.0002337070785156,-0.006937372784845599,0.016757353778352663,-0.0488768674403665,0.028807261908526,0.6538461538461539,0.15384615384615385,0.0095393811867061,0.007211032139993469,0.005548534820787807,0.005998109042319696,0.013621743490886153,-0.025130008292344574,-0.026991311564642295,67.68336964415396,50.98039215686274,49.60058097312999,57.247639796659406,NORMAL,False,False,False,0,58.269230769230774,57.554117088430814
2026-01-27,0.0050601528634628,0.0125245221594276,0.021614535801874,0.0208391348742225,0.0016907306214479,0.0037285800183273067,0.01829381912980569,-0.0423040306388653,0.0459459753414244,0.38461538461538464,0.038461538461538464,0.0050601528634628,0.008549611933267424,0.005756736689269341,0.006641804822794673,0.01408480440675781,-0.01602859468742035,-0.011452443898084752,59.404502541757445,86.05664488017429,47.56717501815541,63.84894698620189,NORMAL,False,False,False,0,14.807692307692308,49.136570582649014
2026-01-28,0.0066473464881742,0.0066438405195889,0.0131431271493211,0.0436426306766817,-0.00194950195154,0.009552262366958553,0.020714226933701195,-0.0241390563895759,0.0832021872427928,0.2692307692307692,0.038461538461538464,0.0066473464881742,0.0069524976435611716,0.006020601856315094,0.006783742371773634,0.014572640958889264,0.004369364906370965,0.003275888995379006,71.96804647785041,13.217138707334787,97.31299927378359,61.94625998547568,NORMAL,False,False,True,1,10.769230769230766,46.593151220602195
2026-01-29,0.0030048195489833,0.0060244631862282,0.0349628083607349,0.0031688177867144,0.0055334474007433,0.0034594990965475417,0.016122896046387745,-0.0252067071049482,0.0349628083607349,0.38461538461538464,0.038461538461538464,0.0030048195489833,0.006628303221727722,0.006088957889125472,0.006850770320963239,0.014851511731259105,0.010390555127695489,0.019686137075324517,28.540305010893245,66.73928830791576,36.89179375453885,42.50544662309368,NORMAL,False,False,False,0,14.807692307692308,34.19612032847327
2026-01-30,-0.0038652340774046,-0.0057941092733763,-0.0032100136097579,-0.1136620056971655,-0.0028129209848961,-0.00618498755418803,0.02393829952757095,-0.1136620056971655,0.0140054574726364,0.5769230769230769,0.11538461538461539,0.0038652340774046,0.006790049944507541,0.005788786342873659,0.006830387064820135,0.015480013662913126,0.0012159003999636653,0.006931536355841761,91.14015976761075,99.34640522875817,99.9273783587509,96.23819898329702,CRITICAL,False,True,True,2,54.230769230769226,83.63597005753869
2026-02-02,-0.0091723552285208,-0.0166321380184826,-0.0470786648968873,-0.019389444883695,-0.0010339951572884,-0.01141360253411667,0.022118670939457134,-0.0558075236526639,0.0367090743991553,0.8076923076923077,0.2692307692307692,0.0091723552285208,0.0066583123598558495,0.006004522035421191,0.00775400282591109,0.015895585891227713,0.0015869118447549013,0.0024951376547732718,89.6877269426289,67.46550472040667,70.22512708787218,77.18228031953521,ELEVATED,False,False,False,0,67.6923076923077,74.33528853136696
2026-02-03,0.0254759323302189,0.0242634773921424,0.0172191777491788,0.0608329248918333,-0.0157208620225105,0.02818764061098676,0.021974556439381024,-0.0157208620225105,0.0892891344035551,0.038461538461538464,0.0,0.0254759323302189,0.01326379754012947,0.008411258720286027,0.0094392228163482,0.01756471217723352,0.021932139392333738,0.014117814720258526,97.89397240377633,80.17429193899783,99.85475671750181,93.16630355846043,HIGH,True,False,True,2,1.3461538461538463,65.62025864476846
2026-02-04,0.0018831648283172,0.0032785375014972,0.0305331487601601,0.0034055318159975,0.0019646332204183,-0.001468059568848854,0.02653336215173479,-0.0725845496942413,0.0387159912117058,0.23076923076923078,0.15384615384615385,0.0018831648283172,0.01323470994253663,0.008425061254341988,0.009458212244623105,0.018243926124907852,0.017095619062651224,0.010727525518452019,83.73275236020335,99.0559186637618,76.03485838779956,86.02033405954975,HIGH,False,True,False,1,13.461538461538463,64.25269538014636
2026-02-05,-0.0051675674561607,-0.0028968353863175,-0.0284003452787118,-0.0119908952871689,-0.0032944900864081,-0.004552022321389188,0.0075531180827577964,-0.0284003452787118,0.0084285508516015,0.7307692307692307,0.038461538461538464,0.0051675674561607,0.013798427457806779,0.008470798702072083,0.009479594114364857,0.01798482592397998,0.008808421575450476,0.001764520779896861,62.309368191721134,88.88888888888889,62.527233115468405,70.34858387799564,ELEVATED,False,False,False,0,56.92307692307692,66.32093179152002
2026-02-06,0.0019849016468285,0.0009473674215647,0.0041080473656529,0.0184721057252368,0.0021059245243151,0.003129291568980585,0.014255137785390365,-0.0166806367148169,0.0502900437187849,0.4230769230769231,0.0,0.0019849016468285,0.013438012001568331,0.008495974890432247,0.009468327547556336,0.018112809996174022,0.014732987595892588,0.00855725077038283,39.2883079157589,88.8162672476398,24.473493100944083,49.70225127087872,NORMAL,False,False,False,0,14.807692307692308,39.2338835819228
2026-02-09,0.0067565810988132,0.009128339213771,0.0127458911568112,0.0201364725921686,0.0030249859327045,0.00931030057350425,0.019431637403665495,-0.0092081130541554,0.0746436046594962,0.3076923076923077,0.0,0.0067565810988132,0.011591960168033053,0.008363119805620692,0.009587728940830794,0.018323165259054842,0.031046235650641796,0.034977593655640904,77.4872912127814,80.68264342774147,66.73928830791576,75.22149600580973,ELEVATED,False,False,False,0,10.76923076923077,55.88581643483604
2026-02-10,0.0026229876069705,-0.0007079872109025,-0.0062150640473203,-0.0093250902941858,0.0025919796522524,0.0015546831153969462,0.009967405513051931,-0.0180399685633814,0.020817672520452,0.38461538461538464,0.0,0.0026229876069705,0.004291382381469695,0.008189954374337751,0.009404580380307167,0.01821963667274643,0.00806915555779586,0.009744919724203216,10.965867828612927,67.24763979665941,22.585330428467685,31.336238198983295,NORMAL,False,False,False,0,28.46153846153846,30.473828277749845
2026-02-11,0.0007209990483325,0.0019620681430156,0.0104752685824844,0.0135497613044461,-0.0025863707025499,0.002202162668906604,0.012268907824636566,-0.0250620018490097,0.0339131435019033,0.4230769230769231,0.038461538461538464,0.0007209990483325,0.00430474756103305,0.008145380941838155,0.009392815863988184,0.018247041556883673,0.006899814143971339,0.008419965389976358,15.32316630355846,50.90777051561365,12.854030501089325,25.257806826434276,NORMAL,False,False,False,0,16.153846153846153,22.52661862465784
2026-02-12,-0.0056504292362096,-9.221384609547913e-05,-0.027696072673675,-0.0291623746935605,0.0016316115408576,-0.012456909074961395,0.0223035157078852,-0.0583599550193485,0.0311161194008093,0.6923076923076923,0.34615384615384615,0.0056504292362096,0.004489892216843837,0.008237470479473276,0.00939320030618741,0.018746328140806758,0.0064110952193727755,0.011256418484193897,89.61510530137981,91.43064633260711,83.9506172839506,88.46042120551924,HIGH,False,False,False,0,66.34615384615384,81.82614099770962
2026-02-13,-0.0130234825765521,-0.0091060888874254,0.0007956594038691,0.0199646202628429,-0.0018912108138378,-0.010968722824059949,0.014995493064461646,-0.0433663874420247,0.0256731044171445,0.8461538461538461,0.23076923076923078,0.0130234825765521,0.007744179993137449,0.008737138289281498,0.009661519446288267,0.019046810953907825,-0.008663587421952612,0.0010994186744976986,73.92883079157589,78.43137254901961,52.505446623093675,68.85257806826434,NORMAL,False,False,False,0,67.6923076923077,68.50449695547734
2026-02-16,0.0083094328030934,0.0126681439288276,0.0,0.0,7.834601949152642e-05,0.005441148964498174,0.010466853633184432,-0.0122071800650821,0.0277776983006081,0.2692307692307692,0.0,0.0083094328030934,0.008187300585644335,0.008945951389267705,0.009878413373680337,0.01875679573701914,-0.007134520250515086,0.0046110596667876536,13.071895424836603,69.64415395787945,14.37908496732026,30.435729847494557,NORMAL,False,False,False,0,9.423076923076922,24.131933970169264
2026-02-17,0.0016606629206374,0.0036899385181154,-0.0089043975835357,-0.0276981476814516,0.0023384875921419,0.0026541021085829237,0.010501151612848286,-0.0276981476814516,0.0235885886374429,0.38461538461538464,0.038461538461538464,0.0016606629206374,0.008079568210413765,0.008895485406600456,0.009848955183442306,0.018285047438492012,-0.008087479611292747,0.009032394742440886,48.946986201888166,66.15831517792301,67.02977487291213,59.5352214960058,NORMAL,False,False,False,0,14.807692307692308,46.116962739511756
2026-02-18,0.0036520021971839,0.0061594922883905,0.0458848151184654,0.0212169202171281,-0.0017271881449274,0.00525470918217256,0.013039563613930752,-0.0173397028945297,0.0458848151184654,0.34615384615384615,0.0,0.0036520021971839,0.008390111428773394,0.008272979527462627,0.009659961279836114,0.01771099211438282,-0.005182275540018932,0.013259437932815477,47.56717501815541,69.06318082788671,45.969498910675384,53.536673928830794,NORMAL,False,False,False,0,12.115384615384613,41.11028713479694
2026-02-19,-0.0141366845223501,-0.0131801697086469,0.0190212888070384,-0.002125759080768,0.0018460996567177,-0.009959443387348903,0.01489291056342448,-0.0341661128954493,0.0379818124004012,0.8461538461538461,0.15384615384615385,0.0141366845223501,0.010221823212934581,0.008919479682973658,0.00987787223295954,0.018032461068076797,-0.013672526273933339,-3.2798743816453424e-06,64.63326071169209,79.59331880900508,15.468409586056644,54.37182280319535,NORMAL,False,False,False,0,65.0,57.560275962236744
2026-02-20,0.0045925506806878,0.0071197302776808,-0.0006021513675084,0.0167607676964054,0.0027270314842602,0.0043585635939431665,0.007797443903882434,-0.0126232399524848,0.0167607676964054,0.2692307692307692,0.0,0.0045925506806878,0.008699899535715103,0.008902375787280236,0.009886885457902998,0.017789061791972125,0.003931922538128241,0.01637159715785197,35.5119825708061,44.37182280319536,49.818445896877265,42.46187363834423,NORMAL,False,False,False,0,9.423076923076922,32.550234623764034
2026-02-23,0.0055433347998239,0.0015080428954423,-0.0012050283444823,0.0287392319566206,-0.0034544716938551,0.002602056376853603,0.010879919728053756,-0.0189919223918501,0.0287392319566206,0.38461538461538464,0.0,0.0055433347998239,0.008176439546129309,0.008633855056264418,0.009326604071224086,0.01742115355409148,0.0011778333706478072,0.005170682248315739,35.65722585330428,34.49527959331881,60.639070442992015,42.80319535221496,NORMAL,False,False,False,0,13.461538461538462,34.000698285012014
2026-02-24,-0.0112141566279703,-0.0035412041892294,-0.0102548684996544,-0.0093954288988712,0.0032350248496495,-0.012097975160770717,0.01584601473549463,-0.0610012356255647,0.0056281654750469,0.8076923076923077,0.23076923076923078,0.0112141566279703,0.009539653846772233,0.009023395228143634,0.009095464889153249,0.017354183143781284,-0.011690780140766965,-0.00207112856360514,79.15758896151053,79.15758896151053,11.256354393609296,58.78721859114016,NORMAL,False,False,False,0,66.34615384615384,61.054899167644265
2026-02-25,0.0022753354908011,-6.469112801810173e-05,-0.0031997423931283,0.0098142091572768,-0.0011217762135664,0.00512227341381142,0.011580922469105812,-0.021206587221322,0.0291218438697993,0.34615384615384615,0.038461538461538464,0.0022753354908011,0.009342291449893719,0.008919791585549714,0.009021987553771562,0.017102624156019083,-0.013046401806058094,-0.00824439669848398,11.76470588235294,49.89106753812636,4.502541757443718,21.023965141612198,NORMAL,False,False,False,0,28.46153846153846,23.255237137590075
2026-02-26,0.0005513894339252,0.0023646744904268,-0.0032100136097579,-0.0057429131270323,0.000362932880326,0.0017555839215949536,0.007661502888091072,-0.0099162739086541,0.0254025941374043,0.46153846153846156,0.0,0.0005513894339252,0.006753650033788553,0.008897661313383277,0.00895664685889563,0.016777459643282575,0.001657915936671861,0.0073781980889846555,3.994190268700073,36.74655047204067,21.20551924473493,18.98329702251271,NORMAL,False,False,False,0,16.153846153846153,18.134461761912743
2026-02-27,-0.0124683685002122,-0.0107652228660389,0.0277564420181801,0.0104317589104607,0.0006201593825552,-0.010421779322121473,0.014437578624095245,-0.0371565776054307,0.0277564420181801,0.8076923076923077,0.2692307692307692,0.0124683685002122,0.008223942868124865,0.009302764975263118,0.009221736249425032,0.016800881795861783,-0.015353164564696598,-0.0105113450598312,68.40958605664488,49.45533769063181,21.278140885984023,48.58387799564271,NORMAL,False,False,False,0,67.6923076923077,54.3164069046422
2026-03-02,-0.0124292274216383,-0.0113887816170761,0.0628171728549726,0.0122167866062039,0.0007933086764644,-0.0066552751819492625,0.018683961201154013,-0.0315676287620673,0.0628171728549726,0.6923076923076923,0.19230769230769232,0.0124292274216383,0.007409551021071054,0.00949389275797289,0.008763038851628076,0.016285228755234752,-0.03295223354917731,-0.02325339104779678,80.02904865649964,61.14742193173566,77.4872912127814,73.60203340595498,ELEVATED,False,False,False,0,60.96153846153845,69.80988492263002
2026-03-04,-0.0154911878954741,-0.0181217381086823,0.0481538697673233,-0.0329026349056357,0.010199878790265,-0.013326626947991612,0.018891674023471916,-0.0523475219390907,0.0481538697673233,0.8846153846153846,0.3076923076923077,0.0154911878954741,0.008264719263564093,0.007902572515451371,0.00794507453448294,0.015015742099890612,-0.037135235927300614,-0.03754548934871127,95.86056644880175,45.31590413943355,98.40232389251997,81.45969498910677,ELEVATED,True,False,True,2,71.73076923076923,78.5410172616055
2026-03-05,0.0116582745705766,0.0051161651511992,0.0850522121973023,-0.0107223132945584,0.0012433921728565,0.011014162102404496,0.019630475771247543,-0.0107223132945584,0.0850522121973023,0.38461538461538464,0.0,0.0116582745705766,0.011481829638111729,0.00846689835595415,0.008008165512831289,0.014924015836446085,-0.02812124435887342,-0.03255882826101164,85.76615831517792,52.505446623093675,96.73202614379085,79.07770515613652,ELEVATED,False,False,True,1,13.461538461538462,59.392855147757096
2026-03-06,-0.012737318930444,-0.021549118822767,0.1220836826175726,0.0159517296279236,-0.0036483583174335,-0.005122680268425562,0.029474242732766675,-0.0438697535228803,0.1220836826175726,0.7307692307692307,0.2692307692307692,0.012737318930444,0.011226768396570616,0.00878106871836249,0.009237357992708967,0.01564436946843488,-0.04102914043060646,-0.05563943835473961,96.44153957879448,38.56209150326798,99.34640522875817,79.94916485112563,ELEVATED,True,False,True,2,65.0,75.46441539578794
2026-03-09,-0.0172756923081839,-0.0305183460388607,0.0425742029947682,-0.0106099952624546,0.0016265895904747,-0.013298802881541718,0.021015375766302517,-0.0534568537319524,0.0425742029947682,0.7307692307692307,0.3076923076923077,0.0172756923081839,0.011861585714898445,0.009321211365499578,0.011199403861467606,0.016079231359843245,-0.04569742982743086,-0.07449650942110397,93.89978213507625,45.60639070442992,93.75453885257808,79.3681917211329,ELEVATED,False,False,False,0,66.34615384615384,75.46158035863918
2026-03-10,0.0097198407915488,0.0166191237208328,-0.1194470834209153,0.0271433163728762,-0.00778256937484,0.005958010916935793,0.029112122421022693,-0.1194470834209153,0.0397591207875378,0.2692307692307692,0.038461538461538464,0.0097198407915488,0.01427097428364034,0.009511161379086676,0.011754270755335703,0.016495499660020164,-0.02429449516221427,-0.04827648109041405,96.65940450254176,96.80464778503995,99.70951343500363,97.61801016702978,CRITICAL,True,True,True,3,10.769230769230766,71.56337634769007
2026-03-11,-0.0162705677430874,-0.0213350956366189,0.0455362874862017,-0.0119127847949278,0.0103528797773255,-0.013271856428183869,0.02002084239988584,-0.0491061323578073,0.0455362874862017,0.7692307692307693,0.2692307692307692,0.0162705677430874,0.01442007680544691,0.009839579013416677,0.012420213268714708,0.01688782550131725,-0.025066905930230088,-0.05139115228000901,93.97240377632534,23.311546840958606,96.00580973129993,73.3841684822077,ELEVATED,False,False,True,1,66.34615384615384,71.27276409139154
2026-03-12,-0.0095403969303329,-0.0113894723090655,0.0971920155522474,-0.009985698539191,0.00069112728,-0.008737433407105151,0.025189046219875375,-0.0432422738798042,0.0971920155522474,0.8076923076923077,0.2692307692307692,0.0095403969303329,0.011020395143832117,0.00984246017097747,0.01243475377132634,0.017045524579732116,-0.04549602405840747,-0.06696884794836033,95.13435003631082,58.605664488017425,98.62018881626724,85.22149600580973,HIGH,True,False,True,2,67.6923076923077,79.96273951175911
2026-03-13,-0.0206458681122294,-0.0243752181276936,0.0311291718692208,-0.0123733936244924,0.0017467678053717,-0.016671796235334144,0.014677908788034376,-0.0352008169890294,0.0311291718692208,0.8846153846153846,0.5,0.0206458681122294,0.012159905992756629,0.010476333821502608,0.013118590054526452,0.016659598377491792,-0.053142156929312456,-0.0696637596102676,95.93318809005083,80.53740014524328,93.24618736383442,90.50835148874364,HIGH,True,False,False,1,78.46153846153847,86.89430758058208
2026-03-16,0.0111312713531173,0.0121944396203752,-0.0527808644797384,-0.0115784265215239,0.0018800585876035,0.0036977861361017226,0.018950481249019043,-0.0527808644797384,0.035822775104185,0.34615384615384615,0.07692307692307693,0.0111312713531173,0.014741542824779552,0.010929312800160981,0.013705062972130755,0.016902286402322674,-0.025771961514382213,-0.028675616859524244,81.19099491648511,18.22803195352215,73.56572258533043,60.01452432824982,NORMAL,False,False,False,0,14.807692307692305,46.45247472208256
2026-03-17,0.0073625988356076,0.0085016112903029,0.028983947427515,0.0014016820184221,-0.0030346599743367,0.005237287365187254,0.01363007712397983,-0.0194249579033762,0.0329028187799962,0.34615384615384615,0.0,0.0073625988356076,0.014175066371005886,0.010874389044763783,0.013452671241447667,0.016916072919122706,-0.028046346065618066,-0.03643145930852465,59.33188090050835,39.94190268700073,30.64633260711692,44.90922294843864,NORMAL,False,False,False,0,12.115384615384613,35.07107144852243
2026-03-18,0.0083393043752089,0.0082012315265325,0.0011433386487715,-0.0222155764159668,0.0011767839719278,0.00939094001111591,0.013873772894958315,-0.0222155764159668,0.0371165692385726,0.19230769230769232,0.038461538461538464,0.0083393043752089,0.01380832594449359,0.011162655133688448,0.013645099886589318,0.017237267028277166,-0.0037310675511198488,-0.0073507437999847935,56.57225853304285,14.451706608569353,46.04212055192448,40.77705156136529,NORMAL,False,False,False,0,8.076923076923077,30.967013016032624
2026-03-19,-0.0326207792621695,-0.0338909203670372,-0.0018687739383937,-0.059142255016843,0.009257375280679,-0.030788996649237364,0.01890852823333673,-0.059142255016843,0.0154717211453418,0.9230769230769231,0.6923076923076923,0.0326207792621695,0.019989237565672904,0.0127150826092381,0.014821330918104803,0.018395290887560825,-0.02694682293880668,-0.029944116065945048,99.20116194625999,89.03413217138707,99.20116194625999,96.15105301379812,CRITICAL,True,False,True,2,86.53846153846155,93.26727557119715
2026-03-20,0.0048843089653387,-0.0004480593206862,0.022675268556435,-0.006586017710874,-0.0017619839866052,0.005394196892734723,0.012060614791128013,-0.0222375092596694,0.0287515526408455,0.4230769230769231,0.038461538461538464,0.0048843089653387,0.018272011288560014,0.012760753091792474,0.014811938671890469,0.018458991611979822,-0.0015809015551111472,-0.006153534258440341,56.71750181554103,82.2803195352215,10.965867828612927,50.66085693536673,NORMAL,False,False,False,0,31.153846153846153,44.80875370091056
2026-03-23,-0.0260377516007268,-0.0372339620503278,-0.1036411968372155,-0.0363862699634269,0.0087342443737679,-0.023714656886575276,0.023241444400074206,-0.1036411968372155,0.0186699374025109,0.8461538461538461,0.5769230769230769,0.0260377516007268,0.019998673651024573,0.013404615926126745,0.01597364146796663,0.019109784648670417,-0.03828262707685548,-0.05468595094125339,99.63689179375453,90.05083514887437,99.0559186637618,96.58678286129266,CRITICAL,True,False,True,2,79.8076923076923,91.55305569521255
2026-03-24,0.0177566831565274,0.0227050840579146,0.0478838233543625,-0.0010899600059736,-0.0069396837339912,0.014630886263723091,0.013527588107098266,-0.0069396837339912,0.0478838233543625,0.15384615384615385,0.0,0.0177566831565274,0.02234705285279829,0.014223951421509371,0.017319543065984908,0.01954042946980791,-0.02835951549954363,-0.0413723952638676,94.33551198257081,57.44371822803195,97.45824255628177,84.20479302832243,ELEVATED,False,False,True,1,5.384615384615385,60.55873973521031
2026-03-25,0.0171980596274072,0.0209569344309064,-0.0219815789154098,0.0342099894714247,0.0113251595244432,0.01645807316781452,0.014255206143616242,-0.0219815789154098,0.0397526052563643,0.07692307692307693,0.038461538461538464,0.0171980596274072,0.02401132396916486,0.01503496800367777,0.01844028050836081,0.019994811861437603,-0.019823177376087853,-0.029243894980812812,96.58678286129266,66.81190994916484,98.91067538126362,88.3514887436456,HIGH,True,False,True,2,4.038461538461538,63.05758058209038
2026-03-27,-0.0208890511293899,-0.0266905728986126,0.1031886595030435,-0.012703812732145,0.0001039639807283,-0.013332654147456,0.031175736321081945,-0.046390974358339,0.1031886595030435,0.8076923076923077,0.5384615384615384,0.0208890511293899,0.02085185392508404,0.015395209914585995,0.01892712857988691,0.020451428562879053,-0.007936248487636965,-0.02200891353763257,98.62018881626724,69.86201888162672,98.83805374001452,90.05809731299927,HIGH,True,False,True,2,77.11538461538461,86.17528350371487
2026-03-30,-0.0213938555937428,-0.0382451504218482,0.0325170401808143,0.0075690115761353,0.0050079542379521,-0.01856635101101379,0.01825629285116997,-0.050071126260648,0.0325170401808143,0.8461538461538461,0.6153846153846154,0.0213938555937428,0.022138372853368265,0.01572790186728472,0.019957493603790264,0.020780596112540854,-0.033879149857232504,-0.05899070176368537,98.32970225127087,86.56499636891793,94.84386347131445,93.75453885257807,HIGH,True,False,False,1,81.15384615384616,89.97433104295848
2026-04-01,0.0155834382937352,0.0233374176119167,-0.0268273190174896,0.0568272636572029,-0.0136893435206918,0.013030403622368266,0.01928881919853044,-0.0360985844941915,0.0568272636572029,0.15384615384615385,0.07692307692307693,0.0155834382937352,0.02082268116767302,0.016402792776963153,0.021265150898781962,0.02157797324923593,0.007406946632522837,0.00021187624847529563,96.07843137254902,65.94045025417574,99.63689179375453,88.10457516339869,HIGH,True,False,True,2,8.076923076923077,64.096279537456
2026-04-02,0.0014858954897207,0.0019456597119671,0.1140631028332164,-0.0275339082486166,-0.0090036263257176,0.007792187309547314,0.02554309369167392,-0.0275339082486166,0.1140631028332164,0.2692307692307692,0.07692307692307693,0.0014858954897207,0.018854870146259483,0.016369958311125928,0.02135810843064543,0.02186928743114553,-0.008698380695701502,-0.020090968724692737,97.45824255628177,90.41394335511983,99.56427015250546,95.9767610748003,CRITICAL,True,False,True,2,12.115384615384613,70.81834813697559
2026-04-06,0.0112336226676734,0.0205698792405246,0.0077999169754436,0.0011393754030957,0.0035448017932526,0.010094419267697524,0.016346597039805892,-0.0339133805692666,0.0506529633175338,0.07692307692307693,0.038461538461538464,0.0112336226676734,0.017508622340373734,0.016506202378209798,0.022058639614540004,0.02209350997063631,-0.014510971430084507,-0.02046246223618775,90.05083514887437,61.51053013798112,42.338416848220774,67.17501815541031,NORMAL,False,False,False,0,4.038461538461538,48.23405117032568
2026-04-07,0.0067658785769486,0.0020366901223869,0.0048037831913605,6.44848353685834e-05,-0.0016607725571244,0.008581043263068253,0.01162445792572639,-0.0178191007258796,0.0376602864342037,0.19230769230769232,0.0,0.0067658785769486,0.01446823132140487,0.01631181781587486,0.021992929073975643,0.022040959723933957,0.013324106752735876,0.008448623696767354,73.05737109658679,29.99273783587509,18.445896877269426,43.75453885257807,NORMAL,False,False,False,0,6.730769230769231,32.647407966035416
2026-04-08,0.0377837929561599,0.0566741457804755,-0.1641433712886998,0.0198406519950584,0.000469765011458,0.027151724072629245,0.048546802938368556,-0.1641433712886998,0.084386161803406,0.19230769230769232,0.038461538461538464,0.0377837929561599,0.0139922903319177,0.018533579536198427,0.025630271980954727,0.024234524335202685,0.07460119784737707,0.10797630859431129,100.0,99.85475671750181,100.0,99.95642701525054,CRITICAL,True,True,True,3,8.076923076923077,72.39257583375229
2026-04-09,-0.0092614394346771,-0.0158372976307902,0.0366486489806303,0.0089904611669648,-0.0063040551221341,-0.0042000228868488585,0.013361703872812318,-0.0225462069519194,0.0366486489806303,0.6923076923076923,0.07692307692307693,0.0092614394346771,0.017511565679537742,0.01824231135300426,0.024957424415638783,0.023844163464528497,0.04831253030847038,0.06556150421225504,96.15105301379812,67.75599128540306,97.09513435003632,87.91575889615106,HIGH,True,False,True,2,56.92307692307692,78.61795430422882
2026-04-10,0.0115877537645043,0.0199018052486201,-0.0132829571398292,-0.0063228353853806,0.0021132496428379,0.007590428875126416,0.018460456981844033,-0.0362238317901562,0.031686499510984,0.2692307692307692,0.11538461538461539,0.0115877537645043,0.016913688083210022,0.018301377405838145,0.025088360043858792,0.02375595185972092,0.058886722772437006,0.08465772690899365,96.29629629629629,44.226579520697165,61.51053013798112,70.239651416122,ELEVATED,True,False,False,1,13.461538461538462,53.20621752974694
2026-04-13,-0.0086463215939506,-0.0055032030932121,0.0259915309533234,-0.0040950041789837,0.0220503750680058,-0.006710690370745969,0.015951626343931328,-0.0461740542980636,0.0259915309533234,0.7307692307692307,0.15384615384615385,0.0086463215939506,0.019208721013273488,0.018028074855530183,0.024646256722229316,0.02358700941808669,0.038069961386914875,0.056947355681236767,96.51416122004358,77.41466957153231,99.78213507625271,91.76470588235294,HIGH,True,False,True,2,60.96153846153847,82.52375565610859
2026-04-15,0.0163006370624727,0.0125330060436703,-0.078623342466327,0.0121457698301199,-0.0142145397558191,0.011212043973102916,0.022535950103423595,-0.078623342466327,0.0358899816827322,0.15384615384615385,0.038461538461538464,0.0163006370624727,0.019569408124654106,0.018225422187271707,0.02463619854003441,0.023667012713921545,0.04790119085497335,0.0680188598155218,98.76543209876543,87.36383442265794,99.49164851125636,95.56281771968047,CRITICAL,True,False,True,2,6.730769230769232,68.91320317300709
2026-04-16,-0.0014258739785333,-0.0038284781298161,0.0372439641995949,-0.0030416870117186,0.0023764727559347,-0.00021770380645735763,0.01020547482909349,-0.0178417228048499,0.0372439641995949,0.5769230769230769,0.0,0.0014258739785333,0.01170380590484109,0.017494068738393848,0.023924375784527968,0.023127967996558862,0.008309267226207062,0.006866664824710211,82.78867102396515,1.5250544662309369,59.33188090050835,51.372549019607845,NORMAL,False,False,False,0,50.19230769230769,51.0184766214178
2026-04-17,0.0064802414063871,0.0085457578771814,-0.1144788645875565,0.0150875991110248,-0.0036290495527308,0.001289594227524346,0.026925731089369482,-0.1144788645875565,0.047543266980887,0.2692307692307692,0.07692307692307693,0.0064802414063871,0.010008858094954401,0.017401961788117714,0.023859533387988706,0.023281589423747417,0.024330126114252337,0.031812220796752166,96.80464778503995,88.09005083514887,99.12854030501089,94.88743645606391,HIGH,True,False,True,2,12.115384615384613,70.05582090386012
2026-04-20,0.0004639499277327,0.0002943894264544,0.0686941233279592,-0.0104990116466373,-0.0047781341613225,0.0009726247377799645,0.0158158252773611,-0.0122188250896375,0.0686941233279592,0.6923076923076923,0.0,0.0004639499277327,0.009354248893789824,0.01736098986913757,0.02381619586119154,0.02325595306064681,0.01306620230281097,0.011975829529043303,92.88307915758897,25.34495279593319,95.86056644880175,73.51488743645606,ELEVATED,False,False,True,1,24.230769230769226,58.729651974750006
2026-04-21,0.0086907985641135,0.0139460032052287,0.0281218237462581,-0.022510754611198,0.0056185273981066,0.009674928993219313,0.012979851301613233,-0.022510754611198,0.0354917392318243,0.19230769230769232,0.038461538461538464,0.0086907985641135,0.007058924098985817,0.01736815644161692,0.023931808866423356,0.02323158516889375,0.030783038241360527,0.031766870323507446,92.22948438634712,91.50326797385621,96.29629629629629,93.2316630355846,HIGH,False,False,True,1,8.076923076923077,67.68524104798614
2026-04-22,-0.0080767886182383,-0.004305277335042,0.009009029152271,0.0072578108217735,0.0053606879822671,-0.007408625182398291,0.0248137318589107,-0.1081736473083687,0.0251439644644662,0.5769230769230769,0.15384615384615385,0.0080767886182383,0.006661180474630693,0.015583716423365724,0.022459902046830262,0.022346134116626584,0.006058231435870365,0.0146087304509539,92.44734931009441,99.27378358750907,97.1677559912854,95.9114015976761,CRITICAL,False,True,True,2,55.57692307692308,83.8110580414502
2026-04-23,-0.008411190019346,-0.014344982401704,0.0310886340158231,-0.0057897310816165,0.0018980015854843,-0.006210081475552563,0.02454121050520213,-0.032384025906594,0.0936729761806944,0.8076923076923077,0.23076923076923078,0.008411190019346,0.007962032904193669,0.015782504854243193,0.02280302324846313,0.022907741466433738,-0.000979438096025298,0.0038975860206749147,94.26289034132171,84.0232389251997,84.89469862018882,88.38053740014524,HIGH,False,False,False,0,66.34615384615384,81.77022233394781
2026-04-24,-0.0113805065396787,-0.0038229286919456,-0.0151277722621318,0.003655545402704,0.0033304814081671,-0.013408264495460452,0.017480655138795192,-0.0693213287209587,0.0062600378995654,0.8076923076923077,0.15384615384615385,0.0113805065396787,0.008234121114243697,0.014697486534499761,0.020850393031966046,0.022405979726366234,-0.018707808425651562,-0.008414095915431297,90.34132171387074,92.81045751633987,69.57153231663035,84.85112563543936,ELEVATED,False,False,False,0,63.65384615384616,78.49194179096139
2026-04-27,0.0081492348241831,0.0031119907157723,0.0208686566616536,-0.0099315808575295,0.0014599249033242,0.011402139717770564,0.018032306143105366,-0.0305293971914428,0.0697976331341281,0.11538461538461539,0.038461538461538464,0.0081492348241831,0.009786639095653351,0.01434576617697278,0.02040774921182042,0.022677728319834396,-0.011169795627233636,-0.005621024444321443,84.82207697893972,73.7835875090777,45.24328249818446,69.63689179375454,NORMAL,False,False,False,0,5.384615384615385,50.36120887101279
2026-04-28,-0.0040261159249649,-0.0153551933775725,0.0369409303427668,-0.0179449681516422,8.701934460253469e-05,-0.0036737192371494717,0.01876753465834058,-0.0265819799942543,0.0538649675594615,0.6538461538461539,0.11538461538461539,0.0040261159249649,0.007670555956874167,0.013990605202210698,0.020394176435134602,0.022677751428415775,-0.02363632072206634,-0.03435676949233857,89.03413217138707,46.84095860566449,82.20769789397241,74.3282498184459,ELEVATED,False,False,False,0,56.92307692307692,69.10669794983521
2026-04-29,0.007582657634449,5.8663887652965485e-05,0.0695486533275053,-0.0100838080556463,0.0041057415628935,0.009436198710722637,0.018001969671155638,-0.0183079570296565,0.0695486533275053,0.2692307692307692,0.0,0.007582657634449,0.009045771948431501,0.013000634660627956,0.01927753228438364,0.021850545478336862,-0.008222512089207878,-0.030124538263122003,88.01742919389977,70.079883805374,92.95570079883805,84.11764705882354,ELEVATED,False,False,False,0,9.423076923076922,61.709276018099544
2026-04-30,-0.0074490120613553,-0.0097511711290204,-0.016934857832211,0.0152908556308863,0.002864403534758,-0.006283672333294458,0.012334755114149037,-0.0316133249207482,0.0166414115384949,0.7307692307692307,0.11538461538461539,0.0074490120613553,0.008873704187705566,0.011957004751525014,0.01697799757296053,0.021133151186137417,-0.007260151049536923,-0.025604270269070195,68.70007262164125,45.8242556281772,22.076978939724036,47.85039941902687,NORMAL,False,False,False,0,59.61538461538461,51.379894977934185
2026-05-04,0.0050734344146123,0.0002761121416861,0.0128485626538705,-0.0206297681936525,-0.0001433175019608,0.004292683612026875,0.016213333671569657,-0.0269862188389831,0.0352005575860077,0.3076923076923077,0.11538461538461539,0.0050734344146123,0.00714026136877842,0.011632482002756126,0.016405510068548894,0.020766259327747005,0.009262366426251,-0.021594854674873876,63.834422657952075,86.78286129266522,43.35511982570806,64.57516339869281,NORMAL,False,False,False,0,14.807692307692308,49.64492207139266
2026-05-05,-0.0035863394542201,-0.0060396916597574,-0.0389964442518656,0.008031818716119,0.0037554085391531,-0.004691184795554608,0.015668396582195286,-0.0475313100937636,0.0335747593172135,0.6538461538461539,0.07692307692307693,0.0035863394542201,0.006454426547304974,0.011725501923423462,0.016538307272921382,0.020649511120513164,-0.002486165495868664,-0.030521129315664863,65.359477124183,40.66811909949165,16.33986928104575,43.246187363834416,NORMAL,False,False,False,0,55.57692307692308,46.945408077761016
2026-05-06,0.0124058964335362,0.0262892306634645,-0.0703040485774689,0.0276790252123249,-0.0008020285379277,0.010976767890390414,0.025433082954732185,-0.0703040485774689,0.0529177871922836,0.34615384615384615,0.07692307692307693,0.0124058964335362,0.008156944929482659,0.011772229522606127,0.016904264333544087,0.02093363383110985,0.013971253637736769,0.010481868839674835,94.55337690631809,81.19099491648511,97.89397240377633,91.54684095860567,HIGH,False,False,True,1,14.807692307692305,68.52509636333166
2026-05-07,-0.000176681480297,0.0011851806160134,-0.0028397588058598,0.0038232133785665,-0.0060409627386595,-0.0014634071218877732,0.008640232767388848,-0.0193777149944595,0.0211766879521024,0.6923076923076923,0.0,0.000176681480297,0.0077487261263023246,0.011756167438972405,0.01690853685152526,0.02075276889298501,0.006162716293464987,0.011620126793991048,64.27015250544662,27.886710239651418,63.18082788671025,53.02832244008715,NORMAL,False,False,False,0,39.230769230769226,48.88905647729177
2026-05-08,-0.0061866306122441,-0.0131468663451289,0.0064339270758295,0.0043831862020387,-0.0037523607995186,-0.006975648354603662,0.01556587692599483,-0.0665751479440777,0.0141911074137206,0.6923076923076923,0.038461538461538464,0.0061866306122441,0.007407331408162134,0.008488137850197384,0.011689529208459361,0.018157579923303187,0.007442409894369062,0.008151146548904364,52.069716775599126,92.30210602759622,32.02614379084967,58.12636165577342,NORMAL,False,False,False,0,55.57692307692308,57.36153008211832
2026-05-11,-0.0149031494025498,-0.0157411620649625,0.0277719720889844,-0.0003600769143322,0.0018280823857736,-0.010418919395172395,0.017211640619304774,-0.0448346607928378,0.0277719720889844,0.7307692307692307,0.3076923076923077,0.0149031494025498,0.00995229229107689,0.008909585281518364,0.01168281730814014,0.01847475479419031,-0.012581259076585583,-0.007992229425001995,75.30864197530865,41.17647058823529,10.384894698620188,45.59186637618011,NORMAL,False,False,False,0,66.34615384615384,51.818152617172224
2026-05-12,-0.0183196835418901,-0.0162509344091756,0.0419088469780883,-0.0087100464015659,0.0102313955473567,-0.016407743454068473,0.022209838560771293,-0.0456445831537144,0.0480427046263345,0.8461538461538461,0.46153846153846156,0.0183196835418901,0.012269610480351113,0.009381450545660133,0.011181141613482775,0.018835171973812324,-0.027181600927248195,-0.018183413187224495,95.06172839506173,76.97893972403776,95.93318809005083,89.89832970225127,HIGH,True,False,True,2,75.76923076923077,85.65960002234512
2026-05-13,0.0014135784059419,-0.0018495082213291,-0.0113525509751893,0.004297096211008,0.0025327233746523,-0.0029154797870079227,0.00808822514850093,-0.0202140751577071,0.0124708872583667,0.6538461538461539,0.038461538461538464,0.0014135784059419,0.008754848901281436,0.009239519630594899,0.011152292990575597,0.01845837015734694,-0.037744092970581455,-0.04510280369005959,59.76761074800291,55.265068990559186,62.23674655047204,59.15758896151053,NORMAL,False,False,False,0,39.23076923076923,53.17954304228813
2026-05-14,0.0118312363693726,0.0125860317459389,0.0014848696383242,-0.004172275122156,0.0006566514096864,0.005694002277447574,0.012859027411978917,-0.0250199876520726,0.030269458726241,0.2692307692307692,0.038461538461538464,0.0118312363693726,0.012258136627249878,0.008848151270838999,0.011155912971353286,0.017865530839118952,-0.026187361228141137,-0.034229050272320705,55.55555555555556,45.67901234567901,35.5119825708061,46.57952069716776,NORMAL,False,False,False,0,10.769230769230766,35.836433718786665
2026-05-15,-0.0019459851637491,-0.0077333416275703,0.0420085013039424,-0.0261431543608959,0.0001473327040335,0.0026447636898547884,0.018385595361773567,-0.0282897523184417,0.0525461451971587,0.5,0.07692307692307693,0.0019459851637491,0.012322190338541495,0.008849946658102183,0.011225263247263959,0.0181623930377113,-0.022032059778696045,-0.028931174905103885,79.59331880900508,67.02977487291213,83.66013071895425,77.04429920116195,ELEVATED,False,False,False,0,50.19230769230769,68.98870174850566
2026-05-18,0.0002727692071817,-0.0032275261184667,0.0307342586742569,-0.0007243085361443,0.0027207098221999,0.001558994379361781,0.012565523883860792,-0.0247092893390176,0.0307342586742569,0.46153846153846156,0.038461538461538464,0.0002727692071817,0.010866704822811775,0.00867657775695263,0.010942617441596848,0.017643549385932197,-0.006965965663458529,-0.016585233687321455,29.339143064633262,63.76180101670298,5.88235294117647,32.62890341321714,NORMAL,False,False,False,0,32.5,32.590232389251995
2026-05-19,-0.0013509212410769,-0.0023880972504995,-0.0081907508655212,-0.0101483130834706,0.0031249654682929,0.003924357715077435,0.014120558669300958,-0.012330793480193,0.0476149256439086,0.46153846153846156,0.0,0.0013509212410769,0.005629612717716062,0.008665222219630286,0.010920516189729371,0.017765845828595857,0.010199050485659278,-0.00272710742151161,18.445896877269426,70.51561365286855,15.32316630355846,33.12999273783588,NORMAL,False,False,False,0,46.15384615384615,37.03714876263896
2026-05-20,0.0017359640951817,0.0028656285622883,-0.0882434332658742,0.0055477888918964,0.0030705335920893,-0.0011204827036207575,0.019576186873298915,-0.0882434332658742,0.027973085446836,0.38461538461538464,0.038461538461538464,0.0017359640951817,0.005622426928276196,0.008368369162576,0.010287626524571322,0.01766650348952084,0.010524264487328905,0.001983883694389288,80.61002178649237,78.14088598402323,95.49745824255628,84.33551198257081,ELEVATED,False,False,True,1,14.807692307692308,63.47716608010725
2026-05-21,-0.0001817820385476,-0.0022926762351276,-0.0194382619640217,0.0018758414508805,-0.0003883994348458,-0.0020424302949316854,0.007940456828273308,-0.0194382619640217,0.0132914383879909,0.5769230769230769,0.0,0.0001817820385476,0.0014405478058269775,0.008245352357649371,0.010287934387926015,0.01706760678988504,-0.0014732368296838105,-0.012739038743636466,33.69644153957879,48.29339143064633,42.774146695715324,40.79883805374001,NORMAL,False,False,False,0,50.19230769230769,43.61687894531032
2026-05-22,0.0027310244743588,0.0115261987037595,0.0025947068392238,-0.0041411087484714,-0.0036714688254342,0.0006219256981876734,0.011746595725270299,-0.0246920490873279,0.0256123282284779,0.5384615384615384,0.07692307692307693,0.0027310244743588,0.0016083735775117968,0.008127442857865865,0.010448469207791033,0.016624757682707585,0.003205988167995777,0.006423342800103482,19.172113289760347,77.77777777777779,18.30065359477124,36.492374727668846,NORMAL,False,False,False,0,21.538461538461533,32.00620077090665
2026-05-25,0.0131706427765758,0.0229079423074005,0.0,0.0,-0.0047247654930843,0.01146407102486385,0.012125080414990047,-0.0174137510102371,0.027658075627162,0.19230769230769232,0.0,0.0131706427765758,0.005786237734297434,0.008315549208552514,0.011820574055872916,0.016444760078922423,0.01614168370802882,0.032811857920690635,62.67247639796659,71.75018155410312,46.11474219317356,60.42846768336964,NORMAL,False,False,False,0,6.730769230769231,44.31915814758951
2026-05-26,-0.0049101812953756,-0.0036306159147178,-0.0280538211933684,-0.0045565356461513,-0.004875680547636,-0.004253894212273696,0.010501893740382615,-0.0280538211933684,0.0330877061020602,0.8076923076923077,0.038461538461538464,0.0049101812953756,0.006644585484739354,0.008179372335742856,0.011803818703363172,0.01594050317831411,0.012520078700567705,0.031525497957908044,44.66230936819172,78.93972403776324,29.339143064633262,50.34858387799564,NORMAL,False,False,False,0,59.61538461538461,53.12862409921233
2026-05-27,-0.0002738525756761,-0.0043389780131315,-0.055490458178095,-0.0117544892657651,0.0068470301302165,-0.003290508240445642,0.018202975888698868,-0.055490458178095,0.0398081170411357,0.5384615384615384,0.11538461538461539,0.0002738525756761,0.006762791831532481,0.008133299611862765,0.01134614341814282,0.015749761627912504,0.010488625496640092,0.024114998312052993,74.94553376906318,16.775599128540307,68.11909949164851,55.44662309368192,NORMAL,False,False,False,0,52.88461538461539,54.67802078096196
2026-05-29,-0.0150331756295779,-0.0112052723052576,-0.0148849762097619,0.025407532321529,0.0014931832247984,-0.011120353954849253,0.013328309051789722,-0.0315635624221192,0.025407532321529,0.8076923076923077,0.23076923076923078,0.0150331756295779,0.010336595062474986,0.008562003749232045,0.011597142719011487,0.015624362964165077,-0.004521267328785883,0.01496650045912129,80.3921568627451,67.82861292665214,78.21350762527233,75.96949891067537,ELEVATED,False,False,False,0,66.34615384615384,73.0824953913189
2026-06-01,-0.0070134255130532,-0.0109901632921588,0.0549450894942993,-0.0187040466368819,-0.0108820793646632,-0.006545627222368974,0.019513219397103643,-0.0321337153952069,0.0549450894942993,0.8076923076923077,0.23076923076923078,0.0070134255130532,0.010407912102460878,0.008546035818822366,0.011649552268153045,0.01593447942754084,-0.01419524019616758,-0.007626441935602579,89.97821350762527,22.440087145969496,98.1118373275236,72.15686274509804,ELEVATED,False,False,True,1,66.34615384615384,70.41365007541478
2026-06-02,0.0043173630631951,0.0013337572384146,0.0173610938643975,0.0031059844782608,0.0057724586425584,0.008692567674603241,0.019614532043945455,-0.0194372564538241,0.0650735839371476,0.2692307692307692,0.0,0.0043173630631951,0.0072973522603677985,0.008518160994537168,0.011658333551130962,0.01613310273137493,-0.02280939156696482,-0.02855662530181524,57.73420479302832,3.9215686274509802,39.070442992011614,35.99128540305011,NORMAL,False,False,False,0,9.423076923076922,28.02082285905815
2026-06-03,-0.0033193946094914,0.0087741574218509,0.0241040364264519,-0.0116726963542442,-0.0030182576602433,-0.007014917998222404,0.023161920906851177,-0.0838612222155451,0.0241040364264519,0.6153846153846154,0.19230769230769232,0.0033193946094914,0.00731416145212831,0.008514598610113675,0.011791589131979524,0.016526473107851925,-0.021247219208001544,-0.01646218014430434,85.83877995642702,98.83805374001452,79.81118373275235,87.93028322440087,HIGH,False,True,False,1,43.269230769230774,74.53196748784983
2026-06-04,0.0004678868329701,0.0022497039455353,-0.0310351575892733,0.0088127679702834,0.0094632426292089,-0.0017276084731864922,0.009287292771815758,-0.0310351575892733,0.011913313332017,0.5,0.038461538461538464,0.0004678868329701,0.007422061866840089,0.007900473414890495,0.010036844221963536,0.015517271555028812,-0.020521040833347604,-0.009953722199030568,63.90704429920117,22.294843863471314,85.62091503267973,57.93754538852578,NORMAL,False,False,False,0,18.846153846153847,46.21012792581419
2026-06-05,-0.0021289028843615,0.0034690828688588,-0.0268701631061869,-0.0309888093935725,-0.0038912376582503,-0.0027461594917730925,0.013180492697142093,-0.0309888093935725,0.0202463131834447,0.6153846153846154,0.11538461538461539,0.0021289028843615,0.0042370874287542765,0.007890326187444119,0.010081516960155251,0.015696771945086032,-0.007688665849178822,0.004739206790522532,60.130718954248366,34.42265795206972,80.10167029774873,58.409586056644876,NORMAL,False,False,False,0,40.57692307692308,53.05978716272834
2026-06-08,-0.0104293386271027,-0.0079363258939835,0.0083941034741046,-0.0002767276026551,-0.0087691170335438,-0.013060448855580543,0.01779004948761119,-0.0837324050937413,0.0083941034741046,0.8846153846153846,0.3076923076923077,0.0104293386271027,0.005444539643975022,0.008064450773608763,0.009824785804962285,0.01586116698206145,-0.011102256109749131,0.007841612905433948,88.30791575889614,94.55337690631809,96.58678286129266,92.66521423384168,HIGH,False,False,True,1,71.73076923076923,86.38488073291995
2026-06-09,0.0051506988442242,0.0209151233497491,-0.0339540635256958,-0.0175049941311428,0.0077724761890527,0.004188306550251323,0.014376710014954896,-0.0339540635256958,0.0246749973657585,0.4230769230769231,0.07692307692307693,0.0051506988442242,0.005701331110674286,0.007636356383652042,0.010353364399605238,0.015641424176887794,-0.010281714810683074,0.027550241983281154,71.0239651416122,87.43645606390704,86.63761801016703,80.6318082788671,ELEVATED,False,False,False,0,17.5,61.692265795206964
2026-06-10,-0.0011681556778996,-0.0017066776354528,0.020748320797886,-0.0356337569688967,-0.0034278268708235,-0.004278490104472339,0.01482531851802284,-0.0356337569688967,0.020748320797886,0.6153846153846154,0.15384615384615385,0.0011681556778996,0.005662799982045379,0.006488277121116409,0.009579010886094894,0.014865217085883117,-0.008145503375552976,0.016874329520531806,68.48220769789397,70.80610021786492,94.33551198257081,76.9353667392883,ELEVATED,False,False,False,0,56.923076923076934,70.9316797944249
2026-06-11,-0.0022980713363744,0.0013874555613317,-0.0257691850081166,-0.0043571748292109,0.0029803029266588,-0.004511890845610596,0.011038292470987383,-0.0268052666841321,0.018325185401073,0.6153846153846154,0.07692307692307693,0.0022980713363744,0.0055414568574352,0.006488766590703297,0.009547329431297784,0.014917636187432082,-0.010887648409736994,0.01599949938177958,14.233841684822076,51.4161220043573,11.546840958605664,24.582425562817715,NORMAL,False,False,False,0,39.23076923076923,28.976928663203168
2026-06-12,0.0199166201397973,0.0296873371710004,-0.032265441347561,0.0304867490607692,0.0012086485375768,0.01729056776621398,0.019907993244686704,-0.032265441347561,0.0548504410428141,0.15384615384615385,0.07692307692307693,0.0199166201397973,0.011331997458311826,0.007475545216058394,0.011202665211790145,0.0156813072566837,0.010964371539024187,0.042545143587861434,94.04502541757444,76.03485838779956,96.36891793754539,89.33914306463325,HIGH,False,False,True,1,8.076923076923077,64.96047706832019
2026-06-15,0.0097786468291451,0.0067588021909728,-0.0486568966430034,0.0268090154211151,-0.0067857401221912,0.01032959532115854,0.01986859234651927,-0.0486568966430034,0.0466741229152471,0.23076923076923078,0.038461538461538464,0.0097786468291451,0.009062719077676824,0.0077779670946699145,0.010973394756731137,0.0158603678103813,0.03160923715023989,0.05798803784883577,87.9448075526507,33.91430646332607,96.80464778503995,74.39360929557009,ELEVATED,False,False,True,1,9.423076923076923,54.90244958382214
2026-06-16,0.0056699322871809,0.001719400667614,-0.0582042965726586,0.0006700328890365,-0.003875489249133,0.005773744862293478,0.017152714394164964,-0.0582042965726586,0.0354685213911756,0.3076923076923077,0.038461538461538464,0.0056699322871809,0.009049567079161361,0.007863854764823203,0.010876022275422788,0.01592102294167374,0.03214213835262392,0.038095252923751266,66.15831517792301,62.23674655047204,62.5998547567175,63.91430646332607,NORMAL,False,False,False,0,12.115384615384617,48.37462990894363
2026-06-17,0.004024687267071,0.0050247237707483,0.0097304120193908,0.0064651690483188,0.0015505737485246,-0.0020553299980720194,0.01815469319053175,-0.0829522106963152,0.0123294647489942,0.46153846153846156,0.038461538461538464,0.004024687267071,0.008227401054365414,0.007880420136063014,0.010792394530824749,0.01608377022508219,0.037508158721136775,0.04509503514081592,71.38707334785767,98.91067538126362,85.11256354393609,83.76180101670298,ELEVATED,False,True,False,1,17.5,63.88326071169208
2026-06-18,0.0034169978003351,0.0065772278544786,-0.0024743122690578,-0.0309251893155469,-0.0003130115936503,0.0009562514990533652,0.012078293020270464,-0.0309251893155469,0.0275038507591354,0.38461538461538464,0.07692307692307693,0.0034169978003351,0.006815972715081778,0.007897513005144529,0.010806914149793349,0.015943501455696774,0.0434512472194557,0.050511325535665064,69.57153231663035,21.060275962236748,93.17356572258532,62.09876543209876,NORMAL,False,False,False,0,16.153846153846153,48.31528964862297
2026-06-19,-0.0064093177186775,-0.0047969728951926,0.0,0.0,-0.0054713349085595,-0.00920402341716655,0.015784428868895705,-0.0674944351094789,0.0073980090930145,0.6923076923076923,0.15384615384615385,0.0064093177186775,0.005966554320915406,0.008071332270257008,0.010897927152157268,0.016290813878673874,0.016517837026686966,0.015329618458108207,63.39869281045751,83.29702251270878,50.108932461873636,65.38126361655773,NORMAL,False,False,False,0,59.61538461538461,63.65149991620579
2026-06-22,0.003739658049598,0.0043312527357275,-0.0232375824380497,-0.0099903397970882,-0.0001017361541582,0.002198873577232546,0.008107546954908344,-0.0232375824380497,0.014621491664279,0.34615384615384615,0.038461538461538464,0.003739658049598,0.004829068584937579,0.008087279742613343,0.010750209323739865,0.016156651750460608,0.010438544469560496,0.012881402602614056,13.362381989832969,23.89251997095134,23.456790123456788,19.549745824255623,NORMAL,False,False,False,0,13.461538461538462,17.723283615440472
2026-06-23,-0.0115671050675063,-0.0129773669768306,-0.0215183188575037,-0.0124345396146035,0.0039255710563057,-0.011189471675962858,0.011435015547153832,-0.0338839635429812,0.0082125986410304,0.8076923076923077,0.19230769230769232,0.0115671050675063,0.007202459226068614,0.007992260064200401,0.010331673341798972,0.01600064390913612,-0.006880226209032281,-0.00197912881517448,69.86201888162672,35.14887436456064,12.273057371096586,42.17138707334785,NORMAL,False,False,False,0,65.0,49.019970951343495
2026-06-24,0.0082920565515207,0.0169034308260651,-0.0392023327752061,-0.0338022365714968,0.0051013498625629,0.005487630921661995,0.017658663851632176,-0.0392023327752061,0.029665398451022,0.2692307692307692,0.07692307692307693,0.0082920565515207,0.008185635703060926,0.008144205877056812,0.010781189054968587,0.01627352402062223,-0.0026592056781615803,0.00981679747748121,79.37545388525781,32.752360203340594,94.40813362381991,69.89832970225127,NORMAL,False,False,False,0,12.115384615384613,52.56344617619128
2026-06-25,0.00142994377224,0.0004591411407255,0.0224623530468337,0.0100744181339649,-0.0078059987249033,0.0036583140158354685,0.015060072823159795,-0.028749974568685,0.0384075667307612,0.38461538461538464,0.038461538461538464,0.00142994377224,0.00799356987043849,0.008147274647687597,0.010667717699695203,0.016289704546212824,-0.004634227077126574,0.0036790203044960723,42.19317356572259,36.09295570079884,30.93681917211329,36.98620188816267,NORMAL,False,False,False,0,14.807692307692308,30.33264901402156
2026-06-29,-0.0045622713668107,-0.0077298387029088,-0.0162680505941741,-0.0020344749216908,-0.0008513126476801,-0.005407380824649518,0.01053349904244445,-0.0280309057392319,0.0186598030231832,0.6153846153846154,0.11538461538461539,0.0045622713668107,0.007713249624994404,0.007410376679626213,0.010450251248983744,0.015904526176919467,-0.002783880900943725,0.0007211757236404992,7.770515613652869,12.127814088598402,0.7988380537400145,6.986201888162673,NORMAL,False,False,False,0,55.57692307692308,21.563418244790796
2026-06-30,-0.0033616954637991,-0.0031952466206647,-0.0176678445229682,0.0001491319663733,0.0045591067200636,-0.003242235961179731,0.01955189842445671,-0.0350148822875698,0.0524158090166091,0.6538461538461539,0.15384615384615385,0.0033616954637991,0.007376130849213672,0.007249266643062584,0.010031198351499628,0.015625957899894745,-0.009839081055873056,-0.006778269568433859,38.99782135076253,36.89179375453885,3.485838779956427,27.712418300653596,NORMAL,False,False,False,0,58.269230769230774,36.879462041226745
2026-07-01,0.0058703208311072,0.0085180336246422,-0.0132373837258318,0.0112854278223339,0.0013450973006299,0.006220487402593516,0.019226799951712267,-0.0350813034368361,0.0498232674748477,0.3076923076923077,0.07692307692307693,0.0058703208311072,0.0056039760998952744,0.007294305250936894,0.010075725156010717,0.015312272849616624,0.007628829755583988,0.014852135112684905,24.03776325344953,2.033405954974582,2.3965141612200433,10.9440813362382,NORMAL,False,False,False,0,13.461538461538463,11.699318473828278
2026-07-02,0.0070753425577017,-2.4164570552875908e-05,0.0016039750279177,0.0109136853111815,0.0052624801745699,0.010913722799383789,0.01610735119135269,-0.0053190789271641,0.0564295517202182,0.2692307692307692,0.0,0.0070753425577017,0.005252534197551721,0.007331146892709551,0.010044731855661898,0.015213769737374611,0.006412916082781939,-0.0020413139699150262,36.165577342047925,62.67247639796659,38.198983297022515,44.727668845315904,NORMAL,False,False,False,0,24.42307692307692,38.63629126864421
2026-07-03,0.0039357865004874,-0.0016051316825907,0.0,0.0,0.0011485969406623,0.007369962286266439,0.014167215558226616,-0.0150448048412484,0.0564882745746659,0.23076923076923078,0.0,0.0039357865004874,0.005387011467706159,0.007342832596143973,0.010106410744466237,0.015470722484469809,0.008931227526396635,-0.004100427540525753,5.88235294117647,59.33188090050835,6.318082788671024,22.0479302832244,NORMAL,False,False,False,0,23.076923076923077,22.356628121334
2026-07-06,0.0065716694127753,0.0060926672247296,-0.0020381334207676,0.0103095047852201,-0.0032692464967454,0.00378836156051017,0.012545251181732948,-0.0171482523425766,0.035952797243425,0.5,0.0,0.0065716694127753,0.004294366287320126,0.007354365609661259,0.010125879746116515,0.015578717938984639,0.02021609268152602,0.009772636752427788,5.374001452432825,38.2716049382716,6.1002178649237475,15.461147421931734,NORMAL,False,False,False,0,17.5,16.072803195352215
2026-07-07,-0.0012955357222089,-0.0015577019162313,0.0275711058425689,-0.0023586177801776,0.0040823737575517,0.0018877849853820656,0.013612272115292359,-0.0329720309214675,0.0299770578138525,0.5,0.038461538461538464,0.0012955357222089,0.0034163249261808786,0.00678702813537401,0.009845946472895814,0.015054421015129741,0.022331132218765593,0.01143148501573088,16.485112563543936,45.53376906318083,23.02106027596224,27.160493827160494,NORMAL,False,False,False,0,48.846153846153854,33.6661918328585
2026-07-08,-0.0211752451582731,-0.0250529233466709,0.043725072329777,-0.0179480148238297,-0.0001056584572811,-0.01706593969078266,0.017321830399901445,-0.0403769917800452,0.043725072329777,0.9230769230769231,0.5769230769230769,0.0211752451582731,0.011768906836133781,0.008599673497938148,0.010930931535828643,0.01607478169384992,-0.005157027563675531,-0.022236453217222674,94.98910675381264,90.12345679012346,95.42483660130719,93.66013071895425,HIGH,False,False,True,1,82.5,90.31209150326796
2026-07-09,0.0033812004144717,0.0089852710698929,-0.0195864374015517,0.0146651101094694,0.0028077472114473,0.0008720133040514998,0.018655048272687616,-0.0589325482945294,0.0403785718971652,0.38461538461538464,0.038461538461538464,0.0033812004144717,0.011241092233895253,0.008588489398488998,0.011029909787808354,0.01616302526775394,-0.008806299068069068,-0.01342714259770128,48.00290486564997,82.20769789397241,20.26143790849673,49.94190268700073,NORMAL,False,False,False,0,14.807692307692308,39.4016395732082
2026-07-10,0.010186605964942,0.0138587821058693,-0.0092952018857559,-0.0064155327006931,-0.0049196174900704,0.011155238699413865,0.013861454248793578,-0.013634523322929,0.0507906605302042,0.23076923076923078,0.0,0.010186605964942,0.012322425895863283,0.008740953142649941,0.011343012982883788,0.01628627658171466,-0.0026348158296566337,0.0018536627199534639,51.12563543936093,16.55773420479303,18.809005083514887,31.060275962236748,NORMAL,False,False,False,0,8.076923076923077,24.165270096642647
2026-07-13,0.0001693570555851,0.0014738471374013,0.0942444389077947,-0.0260958785380045,-0.0006835168308618,0.008039127464439012,0.025189102313866653,-0.0260958785380045,0.0942444389077947,0.46153846153846156,0.038461538461538464,0.0001693570555851,0.01172649078714268,0.007692243268749383,0.009381655085381116,0.01617090041522258,-0.008978570216237158,-0.002745696735372727,90.7044299201162,80.02904865649964,98.32970225127087,89.78939724037764,HIGH,False,False,True,1,17.5,68.10257806826434
2026-07-14,-0.0065651653690471,-0.0115109539929406,0.0153570125110744,0.0160370522032149,0.0102166259899003,-0.00778178272320005,0.014596184941990878,-0.0446282367064095,0.0160370522032149,0.7307692307692307,0.23076923076923078,0.0065651653690471,0.0119111539863931,0.007607143605355522,0.00969492513575327,0.01607322998416668,-0.014207660596660121,-0.012687105952536304,80.82788671023965,77.05156136528686,93.5366739288308,83.50762527233115,ELEVATED,False,False,False,0,63.653846153846146,77.55149153678565
2026-07-15,0.0010996658451518,0.0051433857891474,0.0032770626195037,-0.0042107057804654,0.0013126194879466,-0.001174064441037677,0.008738755893244814,-0.0204036363127623,0.0146036286147079,0.46153846153846156,0.038461538461538464,0.0010996658451518,0.0060385162842864215,0.007509835953081307,0.00975184417343816,0.015809627154553894,0.008225810276906165,0.017892200428662797,2.904865649963689,20.769789397240377,13.725490196078432,11.510530137981117,NORMAL,False,False,False,0,17.5,13.307371096586781
2026-07-16,-0.0002388022509708,-0.0030403063436316,-0.0081658484715955,-0.014441123230403,0.0007601282319791,0.0009020382921214303,0.009023877407440938,-0.0146712087640329,0.0176925650401913,0.5384615384615384,0.0,0.0002388022509708,0.005996576528265686,0.007456258711101816,0.00971923261388114,0.015519210467348284,0.004588329208830677,0.00576046589709911,9.513435003631082,11.982570806100219,29.774872912127815,16.33260711692084,NORMAL,False,False,False,0,48.84615384615384,26.08667113569074
2026-07-17,0.010865014643113,0.0163096863616827,0.0448385187126489,0.0067994412012286,0.0015917599442898,0.012592065751644009,0.012963865298734124,-0.0107808501951839,0.0448385187126489,0.11538461538461539,0.0,0.010865014643113,0.006260251267675783,0.007813362282224096,0.010290482185607307,0.015780352160774166,0.0052629782652529045,0.008191793267046998,46.477850399419026,64.63326071169209,38.12636165577342,49.419026870007265,NORMAL,False,False,False,0,4.038461538461538,35.80485727054354
2026-07-20,-0.0039368618852535,-0.009849361992188,0.0089708511616908,-0.0005980766997166,-0.003801270200168,-0.0022153660622104723,0.017176079616935052,-0.0545728264960482,0.0150339466032707,0.46153846153846156,0.11538461538461539,0.0039368618852535,0.006663624206501728,0.007719414945721243,0.010488231495904783,0.015843182011816212,0.0011358473421172466,-0.00320737262283588,41.103848946986204,86.71023965141612,7.262164124909224,44.63326071169209,NORMAL,False,False,False,0,50.19230769230769,46.30097480587676
2026-07-21,-0.0020958714957608,-0.0018922847096384,0.02018503228903,0.0151609725177277,0.002127059221769,0.0006992752781255084,0.011976273274499774,-0.02076898647886,0.0215226188448516,0.4230769230769231,0.038461538461538464,0.0020958714957608,0.005760295431670766,0.007700609163544354,0.010453869950312415,0.015901121375678954,0.005639786758048437,0.0064920961426542245,6.899055918663762,17.93754538852578,12.05519244734931,11.757443718228032,NORMAL,False,False,False,0,46.15384615384615,22.076364448913466
2026-07-22,-0.0079151479856997,-0.0122511709898451,0.022612155059912,0.0186189980273729,-0.001541145647396,-0.008526823348783723,0.01337544437198916,-0.0384418942483208,0.022612155059912,0.8461538461538461,0.07692307692307693,0.0079151479856997,0.0070434366473446615,0.007445887734801284,0.010407708412238667,0.0158717361321513,-0.003415910459538596,-0.01092580080765515,47.78503994190268,66.23093681917211,44.008714596949886,52.18591140159767,NORMAL,False,False,False,0,62.30769230769231,55.22244567342605
2026-07-23,-0.0052779242850445,-0.0093616441658943,0.0617298226110891,-0.0241866953747333,0.0022441329678479,-0.0021460321767030038,0.016729589879308074,-0.0241866953747333,0.0617298226110891,0.5769230769230769,0.038461538461538464,0.0052779242850445,0.007322321851050766,0.007304522016636305,0.009802259519746191,0.015619277687498498,-0.008439018833535705,-0.017197139743583834,74.80029048656499,14.306463326071169,93.31880900508351,62.20769789397241,NORMAL,False,False,False,0,51.53846153846153,59.00692698731914
2026-07-24,-0.0042795183956449,0.0017935397229289,-0.0312398829216101,0.0051895417123533,0.0033120437119922,-0.002928148553115742,0.01154354239981884,-0.0312398829216101,0.0211296295170284,0.5384615384615384,0.11538461538461539,0.0042795183956449,0.0021337664591319903,0.0073451392126864115,0.009819472065911454,0.015451874594268254,-0.023294343552158425,-0.031234701943292698,47.85766158315178,57.58896151053013,29.484386347131448,45.265068990559186,NORMAL,False,False,False,0,37.88461538461539,43.05093290877604
2026-07-27,0.0096139891957669,0.0069443449204935,-0.0750195625506149,0.001696307940332,-0.0031958168663054,0.007754702455597943,0.022715793500564165,-0.0750195625506149,0.0367950099524418,0.19230769230769232,0.07692307692307693,0.0096139891957669,0.006815854481798774,0.007619257984167055,0.00985755834900529,0.01595003518340727,-0.01000683958371995,-0.014803706639916925,84.53159041394336,64.92374727668845,94.48075526506899,81.63398692810458,ELEVATED,False,False,False,0,9.423076923076923,59.97071392659628
2026-07-28,-0.0004417249460887,-0.005808616656413,-0.0405519725138618,-0.0093753714988035,-0.008213936197453,-0.000723033988343494,0.02191773050729348,-0.0698519910157691,0.0446070299649741,0.5384615384615384,0.07692307692307693,0.0004417249460887,0.006849546619163571,0.007576658878285078,0.009912181247144866,0.01587573060627464,-0.008365806418583865,-0.018669377306942736,82.49818445896877,52.94117647058824,84.53159041394336,74.24110384894698,ELEVATED,False,False,False,0,51.53846153846153,67.43031115580135
2026-07-29,0.0110421408771743,0.0079339635666468,0.065606823215883,-0.0003964268356894,-0.0018313905113259,0.012258420892634422,0.017026497310921117,-0.0151014621793611,0.065606823215883,0.19230769230769232,0.0,0.0110421408771743,0.007713776265183314,0.007860532220687118,0.0098845961823259,0.01572961576561536,0.010582871021513895,0.0013845980374935785,61.43790849673203,32.534495279593315,45.8242556281772,48.08278867102396,NORMAL,False,False,False,0,6.730769230769231,35.67718283894754
2026-07-30,0.0027608503860552,-0.0010208464353339,-0.0103007667062829,0.0162094200995985,0.0013587848922849,0.0022280240392682235,0.01110684781692622,-0.0229765377307907,0.019212831772805,0.46153846153846156,0.07692307692307693,0.0027608503860552,0.006530375938967199,0.007729734600292179,0.009883676180902475,0.015580809161904175,0.018749823565294532,0.00981587503534076,9.077705156136528,17.57443718228032,14.0159767610748,13.108206245461147,NORMAL,False,False,False,0,33.84615384615385,19.329590525668955
2026-07-31,0.0027326071386892,0.0020534854980531,0.0129202282374683,-0.012438720710539,-0.0004575472137956,0.005150106190455974,0.023630598189840514,-0.0272226128146417,0.0832462754360465,0.4230769230769231,0.07692307692307693,0.0027326071386892,0.004936177178282917,0.0077047560887288135,0.009900290229682984,0.016117644397949275,0.025924127783091055,0.010077902449134424,63.32607116920842,44.008714596949886,37.98111837327524,49.9273783587509,NORMAL,False,False,False,0,17.5,40.19916485112563
2026-08-03,0.0160231129994761,0.017167557924725,-0.0511397416404199,-0.0038033504020532,-0.0029534513863385,0.013034245194473612,0.020388974193106264,-0.0511397416404199,0.0456965882030213,0.2692307692307692,0.038461538461538464,0.0160231129994761,0.0068493324329432425,0.008373117701357754,0.01057724483220406,0.016607806801623565,0.0324367898683422,0.020332929551372114,82.13507625272331,65.4320987654321,66.01307189542483,72.2875816993464,ELEVATED,False,False,False,0,10.769230769230766,53.83207642031171
2026-08-04,-0.0064341025013161,-0.0058499913657099,-0.0568832449979697,0.0152961181839887,-0.0007400502072963,-0.008458812311296816,0.014697609164951773,-0.0568832449979697,0.0152961181839887,0.7307692307692307,0.15384615384615385,0.0064341025013161,0.008640849190544971,0.00851624247339365,0.010654120405392398,0.016785120531700653,0.02624730477157322,0.020290466923900574,74.65504720406682,25.780682643427745,60.49382716049383,55.7443718228032,NORMAL,False,False,False,0,60.96153846153847,57.30952181442378
2026-08-05,0.0003961015419633,-0.0028882419156243,-0.0072587494619298,0.0367241065415071,-0.002458763905125,0.00029650919664253855,0.012648009133684952,-0.0191056910569106,0.0367241065415071,0.5384615384615384,0.0,0.0003961015419633,0.008146578040758483,0.00682864594104236,0.008949076506045565,0.015988154509048086,0.01544115858584294,0.009335589438097536,40.37763253449528,65.72258533042846,93.39143064633261,63.88525780682643,NORMAL,False,False,False,0,33.84615384615384,54.87352661862465
2026-08-06,0.0004609043862535,0.0056061569698244,0.027519272284384,-0.0008949561595685,-0.0002092328822952,-0.0007329654102287695,0.013051125050777221,-0.0165768752590136,0.03515625,0.6538461538461539,0.0,0.0004609043862535,0.008234668670273065,0.006818740069713443,0.008819545203017877,0.01576967624918512,0.013112128857743599,0.01603129511352197,9.586056644880173,70.87872185911401,15.904139433551197,29.86928104575163,NORMAL,False,False,False,0,22.884615384615383,27.773881347410757
2026-08-07,-0.0026526063230638,-0.0054629570701441,0.0115150650680047,0.0232673727752239,0.0024674265036064,0.0007553996328445497,0.018995489877879967,-0.0583508437971372,0.0335861572574274,0.34615384615384615,0.11538461538461539,0.0026526063230638,0.008564403461037264,0.0065477925373476145,0.008352852713766177,0.015789099279796152,0.007671171781301611,0.008410004446172126,61.22004357298475,90.77705156136528,55.84604212055192,68.47494553376906,NORMAL,False,False,False,0,46.15384615384615,61.778615719792185
2026-08-10,0.0005352072662276,-0.0010303663827815,0.0505243915684749,0.0048608769151541,-0.0010659807419057,0.0032747126945741616,0.014582012586778126,-0.0238789211974461,0.0505243915684749,0.38461538461538464,0.038461538461538464,0.0005352072662276,0.0030515864237071837,0.00654654800600251,0.008344803594308616,0.015448205831599403,-0.007689419842039524,-0.009631240370251648,30.864197530864196,39.50617283950617,38.925199709513436,35.87509077705156,NORMAL,False,False,False,0,29.807692307692307,34.054871236243784
2026-08-11,-0.004559976852135,-0.0041725073350171,0.013028122861403,0.0048604237383194,0.0019577858045143,-0.0022542850220105886,0.012870175747555326,-0.0334376215116107,0.0398687860072117,0.6538461538461539,0.038461538461538464,0.004559976852135,0.002329707275454731,0.0064425924951046,0.007981696006254197,0.015151274491567664,-0.005817662050322081,-0.007960136649135974,14.306463326071169,42.19317356572259,7.770515613652869,20.711692084241104,NORMAL,False,False,False,0,54.230769230769226,30.76741522819954
2026-08-12,-0.0014608711753293,0.0076523978936833,0.0008413425167281,0.0059091723348734,-0.000176105956604,-0.002834287726820507,0.010861685638620396,-0.0392525665112766,0.0179203581780822,0.5384615384615384,0.038461538461538464,0.0014608711753293,0.002160695216736468,0.006463506553118615,0.008085564532796742,0.015238479413719318,-0.0076631005468746904,0.002526887289028723,15.177923021060277,78.06826434277416,19.607843137254903,35.37400145243283,NORMAL,False,False,False,0,35.192307692307686,35.31949332439528
2026-08-13,-0.0016410088683697,-0.0043292368642002,-0.0242583970757803,-0.0102746276147976,-0.0003732312112162,-0.0002822827984711733,0.009300972950456248,-0.0242583970757803,0.0192420003017947,0.5,0.038461538461538464,0.0016410088683697,0.0018585236960014602,0.006482451816864126,0.008117335632382188,0.015259878385586208,-0.009747945714604689,-0.007378083345229491,22.730573710965867,47.930283224400874,36.74655047204067,34.49527959331881,NORMAL,False,False,False,0,48.846153846153854,38.80054186916932
2026-08-14,-0.0012235527703666,-0.0025010464516073,0.0141538649338941,0.0038499872379513,0.0005967847561108,-0.004517387222391872,0.010481657087061594,-0.0431922363841279,0.0141538649338941,0.6923076923076923,0.038461538461538464,0.0012235527703666,0.0018343115714467362,0.006031348511219786,0.007172289513537778,0.01506683428620998,-0.008329058749827811,-0.0044218763180173815,28.903413217138706,81.98983297022512,42.0479302832244,48.77269426289033,NORMAL,False,False,False,0,55.57692307692308,50.81396290710015
2026-08-17,-0.003215530221415,0.0001165261852342,0.0254854179033183,0.0085380109527759,0.0005146977558183,-0.003163167222929154,0.014242912517989535,-0.025735294117647,0.0321608040201004,0.5769230769230769,0.15384615384615385,0.003215530221415,0.0014292139747908356,0.006008161802488044,0.006854267308313982,0.01488522810507111,-0.012046566487427302,-0.003278877459488072,34.13217138707335,75.81699346405229,26.2164124909223,44.26289034132172,NORMAL,False,False,False,0,40.57692307692308,43.15710016200212
2026-08-18,-0.0054657407309864,-0.004094110392945,0.0052071294840976,-0.0117252494403521,0.0025541805192959,-0.006519360239428734,0.010602383279606284,-0.0275559764293755,0.0127922680251384,0.6923076923076923,0.19230769230769232,0.0054657407309864,0.0017820791121831742,0.006119742316790699,0.006897633781185142,0.01494487665620457,-0.01294551822058465,-0.003200410166024792,58.82352941176471,79.4480755265069,44.517066085693536,60.71895424836601,NORMAL,False,False,False,0,60.96153846153845,60.791729512317744
2026-08-19,-0.0031711829954277,-0.0003955202387255,0.010477976972774,0.0282638347099748,0.0012780223134885,0.0006628832596646401,0.009653716610244745,-0.0128850379485495,0.0282638347099748,0.5769230769230769,0.0,0.0031711829954277,0.0016689996904271475,0.005886339980178916,0.0063173664193295846,0.014679427517030162,-0.014636158976200742,-0.011161649091443238,43.282498184458966,59.11401597676107,85.039941902687,60.559186637618,NORMAL,False,False,False,0,50.19230769230769,57.4491229540249
2026-08-20,0.0063770624646639,0.0044750097178971,0.0233018753038913,0.0059918703900061,-0.0033438579194413,0.005940580596203777,0.0063090730903516,-0.0048309361248316,0.0233018753038913,0.15384615384615385,0.0,0.0063770624646639,0.004567800186397094,0.005893748431822503,0.005972878716722084,0.014438539449967322,-0.006722454951393453,-0.002417818305637587,43.13725490196079,69.1358024691358,73.63834422657952,60.08714596949891,NORMAL,False,False,False,0,5.384615384615385,43.67638679403385
2026-08-21,0.0008315663455258,0.004627300181059,-0.0087669845885017,0.0238691622856532,0.0028922607697206,-0.001077405180556819,0.008100218887017407,-0.017669635744804,0.0238691622856532,0.5,0.0,0.0008315663455258,0.004672145219733856,0.005772854344681056,0.0060307815991897905,0.014360526787755432,-0.004678650578675225,0.004711123093641856,38.70733478576616,42.48366013071895,79.08496732026144,51.95352214960058,NORMAL,False,False,False,0,17.5,41.61746550472041
2026-08-24,-0.0013586186190829,-0.0040857346954522,-0.0235469271749471,0.0036114501586403,-0.0007507336461708,-0.0008991587908216075,0.00948464932907685,-0.0235469271749471,0.016074361903116,0.46153846153846156,0.038461538461538464,0.0013586186190829,0.004516127177559101,0.005424554526989013,0.005957769051462043,0.013721092681322324,-0.0028244646259186768,0.0004895567676945767,10.09440813362382,20.697167755991288,29.048656499636895,18.961510530137982,NORMAL,False,False,False,0,47.5,27.523057371096584
2026-08-25,0.0047689730304962,-0.0002042556474004,-0.0311728203656814,-0.0005817331375774,0.000238208556853,0.000622593431929077,0.008623386642641962,-0.0311728203656814,0.0123893805309733,0.4230769230769231,0.038461538461538464,0.0047689730304962,0.004028331929336278,0.005502689519893962,0.0057795318918396395,0.013140307143586825,0.007437430406242784,0.00439731460995052,18.22803195352215,12.926652142338416,40.159767610748005,23.217138707334787,NORMAL,False,False,False,0,31.153846153846153,25.598150941288196
2026-08-26,-0.0052107303064621,0.0046866823308238,-0.0015784027738536,-0.0086026393358591,-0.0227427024557533,-0.006470270042100918,0.008853161758265183,-0.0227427024557533,0.0161943319838056,0.8076923076923077,0.07692307692307693,0.0052107303064621,0.004670365269194977,0.005085028048527335,0.005608087572369802,0.01275093615586166,0.005376177493837231,0.009503884975039067,73.7835875090777,49.673202614379086,98.76543209876543,74.04502541757444,ELEVATED,False,False,True,1,45.96153846153847,65.61997933076364
2026-08-27,-0.0048290481612293,-0.0047383698920544,0.015809259020949,0.002500978537586,0.0201419526225417,-0.0017054538771869,0.010491253396883777,-0.0222772441351652,0.0201419526225417,0.6153846153846154,0.07692307692307693,0.0048290481612293,0.004154179719513156,0.005145082341635287,0.005722205362201465,0.01274573448600171,-0.005818788176427336,0.00024437884495864814,53.37690631808278,26.870007262164126,98.54756717501816,58.976034858387806,NORMAL,False,False,True,1,54.23076923076924,57.552455170102235
2026-08-31,-0.0004337422265893,0.0089549722612534,0.0266970356700915,-0.0387444063798041,-0.0005238946486476,0.0038204515274794077,0.027108611904672775,-0.0501858736059479,0.067114460522381,0.5,0.23076923076923078,0.0004337422265893,0.0040395183351209125,0.005090262687477166,0.006031254762535636,0.013165319662426768,-0.0070756889895677855,0.004553170444508314,92.30210602759622,89.10675381263616,98.18445896877269,93.10820624546115,HIGH,False,False,True,1,40.57692307692308,77.34882129489972
2026-09-01,-0.0010215614763854,-0.0106048805649132,0.0455923033502703,-0.0089820342785308,-0.0046162569899568,-0.0018562034293788732,0.0229800585396634,-0.044068797519746,0.0455923033502703,0.6153846153846154,0.23076923076923078,0.0010215614763854,0.00404345556337088,0.0032539763646266266,0.005170287738752611,0.013060911035718296,-0.006740561447865723,-0.0020225247532652535,86.34713144517066,88.38053740014524,95.3522149600581,89.65867828612926,HIGH,False,False,True,1,59.61538461538461,80.64569018490586
